solid OpenSCAD_Model
  facet normal 0 0 -1
    outer loop
      vertex 0.09999999999999964 0.09999999999999964 0
      vertex 0.09999999999999964 7.9 0
      vertex 1.5 1.5 0
    endloop
  endfacet
  facet normal 1 0 0
    outer loop
      vertex 1.5 1.5 0
      vertex 1.5 6.5 0.40000000000000036
      vertex 1.5 1.5 0.40000000000000036
    endloop
  endfacet
  facet normal 0 0 1
    outer loop
      vertex 1.5 1.5 1.2000000000000002
      vertex 1.6 1.6 1.2000000000000002
      vertex 1.5 6.5 1.2000000000000002
    endloop
  endfacet
  facet normal 0 0 -1
    outer loop
      vertex 1.5 1.5 0.40000000000000036
      vertex 1.6 6.4 0.40000000000000036
      vertex 1.6 1.6 0.40000000000000036
    endloop
  endfacet
  facet normal 1 0 0
    outer loop
      vertex 1.6 1.6 0.40000000000000036
      vertex 1.6 6.4 0.40000000000000036
      vertex 1.6 1.6 1.2000000000000002
    endloop
  endfacet
  facet normal 1 0 0
    outer loop
      vertex 1.5 1.5 1.2000000000000002
      vertex 1.5 6.5 7.8
      vertex 1.5 1.5 7.8
    endloop
  endfacet
  facet normal 0 0 -1
    outer loop
      vertex 0.09999999999999964 0.09999999999999964 0
      vertex 1.5 1.5 0
      vertex 6.5 1.5 0
    endloop
  endfacet
  facet normal 0 1 0
    outer loop
      vertex 1.5 1.5 0
      vertex 1.5 1.5 0.40000000000000036
      vertex 6.5 1.5 0
    endloop
  endfacet
  facet normal 0 0 1
    outer loop
      vertex 1.5 1.5 1.2000000000000002
      vertex 6.5 1.5 1.2000000000000002
      vertex 1.6 1.6 1.2000000000000002
    endloop
  endfacet
  facet normal 0 0 -1
    outer loop
      vertex 1.5 1.5 0.40000000000000036
      vertex 1.6 1.6 0.40000000000000036
      vertex 6.4 1.6 0.40000000000000036
    endloop
  endfacet
  facet normal 0 1 0
    outer loop
      vertex 1.6 1.6 0.40000000000000036
      vertex 1.6 1.6 1.2000000000000002
      vertex 6.4 1.6 1.2000000000000002
    endloop
  endfacet
  facet normal 0 1 0
    outer loop
      vertex 1.5 1.5 1.2000000000000002
      vertex 1.5 1.5 7.8
      vertex 6.5 1.5 1.2000000000000002
    endloop
  endfacet
  facet normal 0 0 1
    outer loop
      vertex 0.09999999999999964 0.09999999999999964 9.600000000000001
      vertex 1.7951968391291118 2.8215081579350056 9.600000000000001
      vertex 1.6903011687217826 3.0432914190872755 9.600000000000001
    endloop
  endfacet
  facet normal 0 0 1
    outer loop
      vertex 0.09999999999999964 0.09999999999999964 9.600000000000001
      vertex 1.9213259692436364 2.611074417450994 9.600000000000001
      vertex 1.7951968391291118 2.8215081579350056 9.600000000000001
    endloop
  endfacet
  facet normal 0 0 1
    outer loop
      vertex 0.09999999999999964 0.09999999999999964 9.600000000000001
      vertex 2.067473866593157 2.414016789590886 9.600000000000001
      vertex 1.9213259692436364 2.611074417450994 9.600000000000001
    endloop
  endfacet
  facet normal 0 0 1
    outer loop
      vertex 0.09999999999999964 0.09999999999999964 9.600000000000001
      vertex 2.2322330470336307 2.2322330470336307 9.600000000000001
      vertex 2.067473866593157 2.414016789590886 9.600000000000001
    endloop
  endfacet
  facet normal 0 0 1
    outer loop
      vertex 0.09999999999999964 0.09999999999999964 9.600000000000001
      vertex 2.414016789590886 2.067473866593157 9.600000000000001
      vertex 2.2322330470336307 2.2322330470336307 9.600000000000001
    endloop
  endfacet
  facet normal 0 0 1
    outer loop
      vertex 0.09999999999999964 0.09999999999999964 9.600000000000001
      vertex 2.611074417450994 1.9213259692436364 9.600000000000001
      vertex 2.414016789590886 2.067473866593157 9.600000000000001
    endloop
  endfacet
  facet normal 0 0 1
    outer loop
      vertex 0.09999999999999964 0.09999999999999964 9.600000000000001
      vertex 2.8215081579350056 1.7951968391291118 9.600000000000001
      vertex 2.611074417450994 1.9213259692436364 9.600000000000001
    endloop
  endfacet
  facet normal 0 0 1
    outer loop
      vertex 0.09999999999999964 0.09999999999999964 9.600000000000001
      vertex 3.0432914190872755 1.6903011687217826 9.600000000000001
      vertex 2.8215081579350056 1.7951968391291118 9.600000000000001
    endloop
  endfacet
  facet normal -1 0 0
    outer loop
      vertex 0.09999999999999964 0.09999999999999964 0
      vertex 0.09999999999999964 0.09999999999999964 9.600000000000001
      vertex 0.09999999999999964 7.9 9.600000000000001
    endloop
  endfacet
  facet normal 0 0 -1
    outer loop
      vertex 1.5 1.5 7.8
      vertex 1.5 6.5 7.8
      vertex 1.9 1.9 7.8
    endloop
  endfacet
  facet normal 1 0 0
    outer loop
      vertex 1.9 1.9 7.8
      vertex 1.9 6.1 7.8
      vertex 1.9 1.9 8
    endloop
  endfacet
  facet normal 0 0 1
    outer loop
      vertex 0.09999999999999964 0.09999999999999964 9.600000000000001
      vertex 1.6076491606694776 3.274288306863844 9.600000000000001
      vertex 0.09999999999999964 7.9 9.600000000000001
    endloop
  endfacet
  facet normal 0 0 1
    outer loop
      vertex 0.09999999999999964 0.09999999999999964 9.600000000000001
      vertex 1.6903011687217826 3.0432914190872755 9.600000000000001
      vertex 1.6076491606694776 3.274288306863844 9.600000000000001
    endloop
  endfacet
  facet normal 0 -1 0
    outer loop
      vertex 0.09999999999999964 0.09999999999999964 0
      vertex 7.9 0.09999999999999964 9.600000000000001
      vertex 0.09999999999999964 0.09999999999999964 9.600000000000001
    endloop
  endfacet
  facet normal 0 0 -1
    outer loop
      vertex 1.5 1.5 7.8
      vertex 1.9 1.9 7.8
      vertex 6.1 1.9 7.8
    endloop
  endfacet
  facet normal 0 1 0
    outer loop
      vertex 1.9 1.9 7.8
      vertex 1.9 1.9 8
      vertex 6.1 1.9 8
    endloop
  endfacet
  facet normal 0 0 1
    outer loop
      vertex 0.09999999999999964 0.09999999999999964 9.600000000000001
      vertex 3.7549571491760982 1.5120381833195071 9.600000000000001
      vertex 3.512274194959679 1.5480367989919235 9.600000000000001
    endloop
  endfacet
  facet normal 0 0 1
    outer loop
      vertex 0.09999999999999964 0.09999999999999964 9.600000000000001
      vertex 4 1.4999999999999996 9.600000000000001
      vertex 3.7549571491760982 1.5120381833195071 9.600000000000001
    endloop
  endfacet
  facet normal 0 0 1
    outer loop
      vertex 0.09999999999999964 0.09999999999999964 9.600000000000001
      vertex 4.245042850823902 1.5120381833195071 9.600000000000001
      vertex 4 1.4999999999999996 9.600000000000001
    endloop
  endfacet
  facet normal 0 0 1
    outer loop
      vertex 0.09999999999999964 0.09999999999999964 9.600000000000001
      vertex 4.487725805040321 1.5480367989919235 9.600000000000001
      vertex 4.245042850823902 1.5120381833195071 9.600000000000001
    endloop
  endfacet
  facet normal 0 0 1
    outer loop
      vertex 0.09999999999999964 0.09999999999999964 9.600000000000001
      vertex 3.274288306863844 1.6076491606694776 9.600000000000001
      vertex 3.0432914190872755 1.6903011687217826 9.600000000000001
    endloop
  endfacet
  facet normal 0 0 1
    outer loop
      vertex 0.09999999999999964 0.09999999999999964 9.600000000000001
      vertex 3.512274194959679 1.5480367989919235 9.600000000000001
      vertex 3.274288306863844 1.6076491606694776 9.600000000000001
    endloop
  endfacet
  facet normal 0 0 -1
    outer loop
      vertex 1.9 1.9 8
      vertex 1.9 6.1 8
      vertex 6.1 1.9 8
    endloop
  endfacet
  facet normal 0 0 -1
    outer loop
      vertex 1.5 1.5 0
      vertex 0.09999999999999964 7.9 0
      vertex 1.5 6.5 0
    endloop
  endfacet
  facet normal 1 0 0
    outer loop
      vertex 1.5 1.5 0
      vertex 1.5 6.5 0
      vertex 1.5 6.5 0.40000000000000036
    endloop
  endfacet
  facet normal 0 0 -1
    outer loop
      vertex 1.5 1.5 0.40000000000000036
      vertex 1.5 6.5 0.40000000000000036
      vertex 1.6 6.4 0.40000000000000036
    endloop
  endfacet
  facet normal 1 0 0
    outer loop
      vertex 1.6 1.6 1.2000000000000002
      vertex 1.6 6.4 0.40000000000000036
      vertex 1.6 6.4 1.2000000000000002
    endloop
  endfacet
  facet normal 0 0 1
    outer loop
      vertex 1.6 1.6 1.2000000000000002
      vertex 1.6 6.4 1.2000000000000002
      vertex 1.5 6.5 1.2000000000000002
    endloop
  endfacet
  facet normal -1 0 0
    outer loop
      vertex 0.09999999999999964 0.09999999999999964 0
      vertex 0.09999999999999964 7.9 9.600000000000001
      vertex 0.09999999999999964 7.9 0
    endloop
  endfacet
  facet normal 1 0 0
    outer loop
      vertex 1.5 1.5 1.2000000000000002
      vertex 1.5 6.5 1.2000000000000002
      vertex 1.5 6.5 7.8
    endloop
  endfacet
  facet normal 0 -1 0
    outer loop
      vertex 1.6 6.4 0.40000000000000036
      vertex 6.4 6.4 0.40000000000000036
      vertex 1.6 6.4 1.2000000000000002
    endloop
  endfacet
  facet normal 0 0 1
    outer loop
      vertex 1.5 6.5 1.2000000000000002
      vertex 1.6 6.4 1.2000000000000002
      vertex 6.4 6.4 1.2000000000000002
    endloop
  endfacet
  facet normal 0 -1 0
    outer loop
      vertex 1.5 6.5 0
      vertex 6.5 6.5 0.40000000000000036
      vertex 1.5 6.5 0.40000000000000036
    endloop
  endfacet
  facet normal 0 0 -1
    outer loop
      vertex 1.5 6.5 0.40000000000000036
      vertex 6.5 6.5 0.40000000000000036
      vertex 1.6 6.4 0.40000000000000036
    endloop
  endfacet
  facet normal 0 0 -1
    outer loop
      vertex 0.09999999999999964 7.9 0
      vertex 7.9 7.9 0
      vertex 1.5 6.5 0
    endloop
  endfacet
  facet normal 0 1 0
    outer loop
      vertex 0.09999999999999964 7.9 0
      vertex 0.09999999999999964 7.9 9.600000000000001
      vertex 7.9 7.9 0
    endloop
  endfacet
  facet normal 0 -1 0
    outer loop
      vertex 1.5 6.5 1.2000000000000002
      vertex 6.5 6.5 7.8
      vertex 1.5 6.5 7.8
    endloop
  endfacet
  facet normal 0 0 -1
    outer loop
      vertex 1.9 1.9 7.8
      vertex 1.5 6.5 7.8
      vertex 1.9 6.1 7.8
    endloop
  endfacet
  facet normal 1 0 0
    outer loop
      vertex 1.9 1.9 8
      vertex 1.9 6.1 7.8
      vertex 1.9 6.1 8
    endloop
  endfacet
  facet normal 0 0 1
    outer loop
      vertex 0.09999999999999964 7.9 9.600000000000001
      vertex 1.5480367989919235 3.512274194959679 9.600000000000001
      vertex 1.5120381833195071 3.7549571491760982 9.600000000000001
    endloop
  endfacet
  facet normal 0 0 1
    outer loop
      vertex 0.09999999999999964 7.9 9.600000000000001
      vertex 1.5120381833195071 3.7549571491760982 9.600000000000001
      vertex 1.4999999999999996 4 9.600000000000001
    endloop
  endfacet
  facet normal 0 0 1
    outer loop
      vertex 0.09999999999999964 7.9 9.600000000000001
      vertex 1.4999999999999996 4 9.600000000000001
      vertex 1.5120381833195071 4.245042850823902 9.600000000000001
    endloop
  endfacet
  facet normal 0 0 1
    outer loop
      vertex 0.09999999999999964 7.9 9.600000000000001
      vertex 1.5120381833195071 4.245042850823902 9.600000000000001
      vertex 1.5480367989919235 4.487725805040321 9.600000000000001
    endloop
  endfacet
  facet normal 0 0 1
    outer loop
      vertex 0.09999999999999964 7.9 9.600000000000001
      vertex 1.6076491606694776 3.274288306863844 9.600000000000001
      vertex 1.5480367989919235 3.512274194959679 9.600000000000001
    endloop
  endfacet
  facet normal 0 0 1
    outer loop
      vertex 0.09999999999999964 7.9 9.600000000000001
      vertex 1.5480367989919235 4.487725805040321 9.600000000000001
      vertex 1.6076491606694776 4.725711693136156 9.600000000000001
    endloop
  endfacet
  facet normal 0 0 1
    outer loop
      vertex 0.09999999999999964 7.9 9.600000000000001
      vertex 1.6076491606694776 4.725711693136156 9.600000000000001
      vertex 1.6903011687217826 4.956708580912725 9.600000000000001
    endloop
  endfacet
  facet normal 0 0 1
    outer loop
      vertex 0.09999999999999964 7.9 9.600000000000001
      vertex 1.6903011687217826 4.956708580912725 9.600000000000001
      vertex 1.7951968391291118 5.178491842064995 9.600000000000001
    endloop
  endfacet
  facet normal 0 0 1
    outer loop
      vertex 0.09999999999999964 7.9 9.600000000000001
      vertex 1.7951968391291118 5.178491842064995 9.600000000000001
      vertex 1.9213259692436364 5.388925582549006 9.600000000000001
    endloop
  endfacet
  facet normal 0 0 1
    outer loop
      vertex 0.09999999999999964 7.9 9.600000000000001
      vertex 1.9213259692436364 5.388925582549006 9.600000000000001
      vertex 2.067473866593157 5.585983210409114 9.600000000000001
    endloop
  endfacet
  facet normal 0 0 1
    outer loop
      vertex 0.09999999999999964 7.9 9.600000000000001
      vertex 2.067473866593157 5.585983210409114 9.600000000000001
      vertex 2.2322330470336307 5.767766952966369 9.600000000000001
    endloop
  endfacet
  facet normal 0 0 1
    outer loop
      vertex 0.09999999999999964 7.9 9.600000000000001
      vertex 2.2322330470336307 5.767766952966369 9.600000000000001
      vertex 2.414016789590886 5.932526133406843 9.600000000000001
    endloop
  endfacet
  facet normal 0 0 1
    outer loop
      vertex 0.09999999999999964 7.9 9.600000000000001
      vertex 2.414016789590886 5.932526133406843 9.600000000000001
      vertex 2.611074417450994 6.078674030756364 9.600000000000001
    endloop
  endfacet
  facet normal 0 0 1
    outer loop
      vertex 0.09999999999999964 7.9 9.600000000000001
      vertex 2.611074417450994 6.078674030756364 9.600000000000001
      vertex 2.8215081579350056 6.204803160870888 9.600000000000001
    endloop
  endfacet
  facet normal 0 0 1
    outer loop
      vertex 0.09999999999999964 7.9 9.600000000000001
      vertex 2.8215081579350056 6.204803160870888 9.600000000000001
      vertex 3.0432914190872755 6.309698831278217 9.600000000000001
    endloop
  endfacet
  facet normal 0 -1 0
    outer loop
      vertex 1.9 6.1 7.8
      vertex 6.1 6.1 7.8
      vertex 1.9 6.1 8
    endloop
  endfacet
  facet normal 0 0 -1
    outer loop
      vertex 1.5 6.5 7.8
      vertex 6.5 6.5 7.8
      vertex 1.9 6.1 7.8
    endloop
  endfacet
  facet normal 0 0 1
    outer loop
      vertex 0.09999999999999964 7.9 9.600000000000001
      vertex 3.0432914190872755 6.309698831278217 9.600000000000001
      vertex 3.274288306863844 6.392350839330522 9.600000000000001
    endloop
  endfacet
  facet normal 0 0 1
    outer loop
      vertex 0.09999999999999964 7.9 9.600000000000001
      vertex 3.274288306863844 6.392350839330522 9.600000000000001
      vertex 3.512274194959679 6.451963201008077 9.600000000000001
    endloop
  endfacet
  facet normal 0 0 1
    outer loop
      vertex 0.09999999999999964 7.9 9.600000000000001
      vertex 3.512274194959679 6.451963201008077 9.600000000000001
      vertex 7.9 7.9 9.600000000000001
    endloop
  endfacet
  facet normal 0 0 -1
    outer loop
      vertex 0.09999999999999964 0.09999999999999964 0
      vertex 6.5 1.5 0
      vertex 7.9 0.09999999999999964 0
    endloop
  endfacet
  facet normal 0 1 0
    outer loop
      vertex 1.5 1.5 0.40000000000000036
      vertex 6.5 1.5 0.40000000000000036
      vertex 6.5 1.5 0
    endloop
  endfacet
  facet normal 0 0 -1
    outer loop
      vertex 1.5 1.5 0.40000000000000036
      vertex 6.4 1.6 0.40000000000000036
      vertex 6.5 1.5 0.40000000000000036
    endloop
  endfacet
  facet normal 0 1 0
    outer loop
      vertex 1.6 1.6 0.40000000000000036
      vertex 6.4 1.6 1.2000000000000002
      vertex 6.4 1.6 0.40000000000000036
    endloop
  endfacet
  facet normal 0 0 1
    outer loop
      vertex 1.6 1.6 1.2000000000000002
      vertex 6.5 1.5 1.2000000000000002
      vertex 6.4 1.6 1.2000000000000002
    endloop
  endfacet
  facet normal 0 1 0
    outer loop
      vertex 1.5 1.5 7.8
      vertex 6.5 1.5 7.8
      vertex 6.5 1.5 1.2000000000000002
    endloop
  endfacet
  facet normal 0 -1 0
    outer loop
      vertex 0.09999999999999964 0.09999999999999964 0
      vertex 7.9 0.09999999999999964 0
      vertex 7.9 0.09999999999999964 9.600000000000001
    endloop
  endfacet
  facet normal -1 0 0
    outer loop
      vertex 6.4 1.6 0.40000000000000036
      vertex 6.4 1.6 1.2000000000000002
      vertex 6.4 6.4 1.2000000000000002
    endloop
  endfacet
  facet normal 0 0 1
    outer loop
      vertex 6.4 1.6 1.2000000000000002
      vertex 6.5 1.5 1.2000000000000002
      vertex 6.4 6.4 1.2000000000000002
    endloop
  endfacet
  facet normal -1 0 0
    outer loop
      vertex 6.5 1.5 0
      vertex 6.5 1.5 0.40000000000000036
      vertex 6.5 6.5 0
    endloop
  endfacet
  facet normal 0 0 -1
    outer loop
      vertex 6.4 1.6 0.40000000000000036
      vertex 6.5 6.5 0.40000000000000036
      vertex 6.5 1.5 0.40000000000000036
    endloop
  endfacet
  facet normal 0 0 -1
    outer loop
      vertex 6.5 1.5 0
      vertex 6.5 6.5 0
      vertex 7.9 0.09999999999999964 0
    endloop
  endfacet
  facet normal -1 0 0
    outer loop
      vertex 6.5 1.5 1.2000000000000002
      vertex 6.5 1.5 7.8
      vertex 6.5 6.5 1.2000000000000002
    endloop
  endfacet
  facet normal 1 0 0
    outer loop
      vertex 7.9 0.09999999999999964 0
      vertex 7.9 7.9 0
      vertex 7.9 0.09999999999999964 9.600000000000001
    endloop
  endfacet
  facet normal 0 0 -1
    outer loop
      vertex 1.5 1.5 7.8
      vertex 6.1 1.9 7.8
      vertex 6.5 1.5 7.8
    endloop
  endfacet
  facet normal 0 1 0
    outer loop
      vertex 1.9 1.9 7.8
      vertex 6.1 1.9 8
      vertex 6.1 1.9 7.8
    endloop
  endfacet
  facet normal 0 0 1
    outer loop
      vertex 0.09999999999999964 0.09999999999999964 9.600000000000001
      vertex 7.9 0.09999999999999964 9.600000000000001
      vertex 4.487725805040321 1.5480367989919235 9.600000000000001
    endloop
  endfacet
  facet normal 0 0 1
    outer loop
      vertex 7.9 0.09999999999999964 9.600000000000001
      vertex 4.725711693136156 1.6076491606694776 9.600000000000001
      vertex 4.487725805040321 1.5480367989919235 9.600000000000001
    endloop
  endfacet
  facet normal 0 0 1
    outer loop
      vertex 7.9 0.09999999999999964 9.600000000000001
      vertex 4.956708580912725 1.6903011687217826 9.600000000000001
      vertex 4.725711693136156 1.6076491606694776 9.600000000000001
    endloop
  endfacet
  facet normal 0 0 1
    outer loop
      vertex 7.9 0.09999999999999964 9.600000000000001
      vertex 5.178491842064995 1.7951968391291118 9.600000000000001
      vertex 4.956708580912725 1.6903011687217826 9.600000000000001
    endloop
  endfacet
  facet normal 0 0 1
    outer loop
      vertex 7.9 0.09999999999999964 9.600000000000001
      vertex 5.388925582549006 1.9213259692436364 9.600000000000001
      vertex 5.178491842064995 1.7951968391291118 9.600000000000001
    endloop
  endfacet
  facet normal 0 0 1
    outer loop
      vertex 7.9 0.09999999999999964 9.600000000000001
      vertex 5.585983210409114 2.067473866593157 9.600000000000001
      vertex 5.388925582549006 1.9213259692436364 9.600000000000001
    endloop
  endfacet
  facet normal 0 0 1
    outer loop
      vertex 7.9 0.09999999999999964 9.600000000000001
      vertex 5.767766952966369 2.2322330470336307 9.600000000000001
      vertex 5.585983210409114 2.067473866593157 9.600000000000001
    endloop
  endfacet
  facet normal 0 0 1
    outer loop
      vertex 7.9 0.09999999999999964 9.600000000000001
      vertex 5.932526133406843 2.414016789590886 9.600000000000001
      vertex 5.767766952966369 2.2322330470336307 9.600000000000001
    endloop
  endfacet
  facet normal 0 0 1
    outer loop
      vertex 7.9 0.09999999999999964 9.600000000000001
      vertex 6.078674030756364 2.611074417450994 9.600000000000001
      vertex 5.932526133406843 2.414016789590886 9.600000000000001
    endloop
  endfacet
  facet normal 0 0 1
    outer loop
      vertex 7.9 0.09999999999999964 9.600000000000001
      vertex 6.204803160870888 2.8215081579350056 9.600000000000001
      vertex 6.078674030756364 2.611074417450994 9.600000000000001
    endloop
  endfacet
  facet normal 0 0 1
    outer loop
      vertex 7.9 0.09999999999999964 9.600000000000001
      vertex 6.309698831278217 3.0432914190872755 9.600000000000001
      vertex 6.204803160870888 2.8215081579350056 9.600000000000001
    endloop
  endfacet
  facet normal -1 0 0
    outer loop
      vertex 6.1 1.9 7.8
      vertex 6.1 1.9 8
      vertex 6.1 6.1 8
    endloop
  endfacet
  facet normal 0 0 -1
    outer loop
      vertex 6.1 1.9 7.8
      vertex 6.1 6.1 7.8
      vertex 6.5 1.5 7.8
    endloop
  endfacet
  facet normal 0 0 1
    outer loop
      vertex 7.9 0.09999999999999964 9.600000000000001
      vertex 6.392350839330522 3.274288306863844 9.600000000000001
      vertex 6.309698831278217 3.0432914190872755 9.600000000000001
    endloop
  endfacet
  facet normal 0 0 1
    outer loop
      vertex 7.9 0.09999999999999964 9.600000000000001
      vertex 6.451963201008077 3.512274194959679 9.600000000000001
      vertex 6.392350839330522 3.274288306863844 9.600000000000001
    endloop
  endfacet
  facet normal 0 0 1
    outer loop
      vertex 7.9 0.09999999999999964 9.600000000000001
      vertex 6.392350839330522 4.725711693136156 9.600000000000001
      vertex 6.451963201008077 4.487725805040321 9.600000000000001
    endloop
  endfacet
  facet normal 0 0 1
    outer loop
      vertex 7.9 0.09999999999999964 9.600000000000001
      vertex 6.487961816680492 3.7549571491760982 9.600000000000001
      vertex 6.451963201008077 3.512274194959679 9.600000000000001
    endloop
  endfacet
  facet normal 0 0 1
    outer loop
      vertex 7.9 0.09999999999999964 9.600000000000001
      vertex 6.5 4 9.600000000000001
      vertex 6.487961816680492 3.7549571491760982 9.600000000000001
    endloop
  endfacet
  facet normal 0 0 1
    outer loop
      vertex 7.9 0.09999999999999964 9.600000000000001
      vertex 6.487961816680492 4.245042850823902 9.600000000000001
      vertex 6.5 4 9.600000000000001
    endloop
  endfacet
  facet normal 0 0 1
    outer loop
      vertex 7.9 0.09999999999999964 9.600000000000001
      vertex 6.451963201008077 4.487725805040321 9.600000000000001
      vertex 6.487961816680492 4.245042850823902 9.600000000000001
    endloop
  endfacet
  facet normal 0 0 -1
    outer loop
      vertex 1.6 6.4 0.40000000000000036
      vertex 6.5 6.5 0.40000000000000036
      vertex 6.4 6.4 0.40000000000000036
    endloop
  endfacet
  facet normal 0 -1 0
    outer loop
      vertex 1.6 6.4 1.2000000000000002
      vertex 6.4 6.4 0.40000000000000036
      vertex 6.4 6.4 1.2000000000000002
    endloop
  endfacet
  facet normal 0 -1 0
    outer loop
      vertex 1.5 6.5 0
      vertex 6.5 6.5 0
      vertex 6.5 6.5 0.40000000000000036
    endloop
  endfacet
  facet normal 0 0 1
    outer loop
      vertex 1.5 6.5 1.2000000000000002
      vertex 6.4 6.4 1.2000000000000002
      vertex 6.5 6.5 1.2000000000000002
    endloop
  endfacet
  facet normal 0 0 -1
    outer loop
      vertex 1.5 6.5 0
      vertex 7.9 7.9 0
      vertex 6.5 6.5 0
    endloop
  endfacet
  facet normal 0 -1 0
    outer loop
      vertex 1.5 6.5 1.2000000000000002
      vertex 6.5 6.5 1.2000000000000002
      vertex 6.5 6.5 7.8
    endloop
  endfacet
  facet normal 0 0 -1
    outer loop
      vertex 6.4 1.6 0.40000000000000036
      vertex 6.4 6.4 0.40000000000000036
      vertex 6.5 6.5 0.40000000000000036
    endloop
  endfacet
  facet normal -1 0 0
    outer loop
      vertex 6.4 1.6 0.40000000000000036
      vertex 6.4 6.4 1.2000000000000002
      vertex 6.4 6.4 0.40000000000000036
    endloop
  endfacet
  facet normal -1 0 0
    outer loop
      vertex 6.5 1.5 0.40000000000000036
      vertex 6.5 6.5 0.40000000000000036
      vertex 6.5 6.5 0
    endloop
  endfacet
  facet normal 0 0 1
    outer loop
      vertex 6.5 1.5 1.2000000000000002
      vertex 6.5 6.5 1.2000000000000002
      vertex 6.4 6.4 1.2000000000000002
    endloop
  endfacet
  facet normal 0 0 -1
    outer loop
      vertex 7.9 0.09999999999999964 0
      vertex 6.5 6.5 0
      vertex 7.9 7.9 0
    endloop
  endfacet
  facet normal -1 0 0
    outer loop
      vertex 6.5 1.5 7.8
      vertex 6.5 6.5 7.8
      vertex 6.5 6.5 1.2000000000000002
    endloop
  endfacet
  facet normal 0 0 -1
    outer loop
      vertex 1.9 6.1 8
      vertex 6.1 6.1 8
      vertex 6.1 1.9 8
    endloop
  endfacet
  facet normal 0 -1 0
    outer loop
      vertex 1.9 6.1 8
      vertex 6.1 6.1 7.8
      vertex 6.1 6.1 8
    endloop
  endfacet
  facet normal 0 0 -1
    outer loop
      vertex 1.9 6.1 7.8
      vertex 6.5 6.5 7.8
      vertex 6.1 6.1 7.8
    endloop
  endfacet
  facet normal 0 1 0
    outer loop
      vertex 0.09999999999999964 7.9 9.600000000000001
      vertex 7.9 7.9 9.600000000000001
      vertex 7.9 7.9 0
    endloop
  endfacet
  facet normal 0 0 1
    outer loop
      vertex 7.9 7.9 9.600000000000001
      vertex 4.487725805040321 6.451963201008077 9.600000000000001
      vertex 4.725711693136156 6.392350839330522 9.600000000000001
    endloop
  endfacet
  facet normal 0 0 1
    outer loop
      vertex 7.9 7.9 9.600000000000001
      vertex 4.725711693136156 6.392350839330522 9.600000000000001
      vertex 4.956708580912725 6.309698831278217 9.600000000000001
    endloop
  endfacet
  facet normal 0 0 1
    outer loop
      vertex 7.9 7.9 9.600000000000001
      vertex 3.512274194959679 6.451963201008077 9.600000000000001
      vertex 3.7549571491760982 6.487961816680492 9.600000000000001
    endloop
  endfacet
  facet normal 0 0 1
    outer loop
      vertex 7.9 7.9 9.600000000000001
      vertex 3.7549571491760982 6.487961816680492 9.600000000000001
      vertex 4 6.5 9.600000000000001
    endloop
  endfacet
  facet normal 0 0 1
    outer loop
      vertex 7.9 7.9 9.600000000000001
      vertex 4 6.5 9.600000000000001
      vertex 4.245042850823902 6.487961816680492 9.600000000000001
    endloop
  endfacet
  facet normal 0 0 1
    outer loop
      vertex 7.9 7.9 9.600000000000001
      vertex 4.245042850823902 6.487961816680492 9.600000000000001
      vertex 4.487725805040321 6.451963201008077 9.600000000000001
    endloop
  endfacet
  facet normal -1 0 0
    outer loop
      vertex 6.1 1.9 7.8
      vertex 6.1 6.1 8
      vertex 6.1 6.1 7.8
    endloop
  endfacet
  facet normal 0 0 -1
    outer loop
      vertex 6.5 1.5 7.8
      vertex 6.1 6.1 7.8
      vertex 6.5 6.5 7.8
    endloop
  endfacet
  facet normal 1 0 0
    outer loop
      vertex 7.9 0.09999999999999964 9.600000000000001
      vertex 7.9 7.9 0
      vertex 7.9 7.9 9.600000000000001
    endloop
  endfacet
  facet normal 0 0 1
    outer loop
      vertex 7.9 7.9 9.600000000000001
      vertex 6.309698831278217 4.956708580912725 9.600000000000001
      vertex 6.392350839330522 4.725711693136156 9.600000000000001
    endloop
  endfacet
  facet normal 0 0 1
    outer loop
      vertex 7.9 0.09999999999999964 9.600000000000001
      vertex 7.9 7.9 9.600000000000001
      vertex 6.392350839330522 4.725711693136156 9.600000000000001
    endloop
  endfacet
  facet normal 0 0 1
    outer loop
      vertex 7.9 7.9 9.600000000000001
      vertex 4.956708580912725 6.309698831278217 9.600000000000001
      vertex 5.178491842064995 6.204803160870888 9.600000000000001
    endloop
  endfacet
  facet normal 0 0 1
    outer loop
      vertex 7.9 7.9 9.600000000000001
      vertex 5.178491842064995 6.204803160870888 9.600000000000001
      vertex 5.388925582549006 6.078674030756364 9.600000000000001
    endloop
  endfacet
  facet normal 0 0 1
    outer loop
      vertex 7.9 7.9 9.600000000000001
      vertex 5.388925582549006 6.078674030756364 9.600000000000001
      vertex 5.585983210409114 5.932526133406843 9.600000000000001
    endloop
  endfacet
  facet normal 0 0 1
    outer loop
      vertex 7.9 7.9 9.600000000000001
      vertex 5.585983210409114 5.932526133406843 9.600000000000001
      vertex 5.767766952966369 5.767766952966369 9.600000000000001
    endloop
  endfacet
  facet normal 0 0 1
    outer loop
      vertex 7.9 7.9 9.600000000000001
      vertex 5.767766952966369 5.767766952966369 9.600000000000001
      vertex 5.932526133406843 5.585983210409114 9.600000000000001
    endloop
  endfacet
  facet normal 0 0 1
    outer loop
      vertex 7.9 7.9 9.600000000000001
      vertex 5.932526133406843 5.585983210409114 9.600000000000001
      vertex 6.078674030756364 5.388925582549006 9.600000000000001
    endloop
  endfacet
  facet normal 0 0 1
    outer loop
      vertex 7.9 7.9 9.600000000000001
      vertex 6.078674030756364 5.388925582549006 9.600000000000001
      vertex 6.204803160870888 5.178491842064995 9.600000000000001
    endloop
  endfacet
  facet normal 0 0 1
    outer loop
      vertex 7.9 7.9 9.600000000000001
      vertex 6.204803160870888 5.178491842064995 9.600000000000001
      vertex 6.309698831278217 4.956708580912725 9.600000000000001
    endloop
  endfacet
  facet normal -0.8032075314806448 -0.5956993044924332 0
    outer loop
      vertex 2.067473866593157 2.414016789590886 10.305000000000001
      vertex 1.9213259692436364 2.611074417450994 9.600000000000001
      vertex 2.067473866593157 2.414016789590886 9.600000000000001
    endloop
  endfacet
  facet normal -0.803207531480645 -0.5956993044924334 0
    outer loop
      vertex 2.067473866593157 2.414016789590886 10.305000000000001
      vertex 2.067473866593157 2.414016789590886 11.105
      vertex 1.9213259692436364 2.611074417450994 10.305000000000001
    endloop
  endfacet
  facet normal 0 0 1
    outer loop
      vertex 2.067473866593157 2.414016789590886 11.105
      vertex 2.0676637444352197 2.414172618308715 11.105
      vertex 1.9215302066572937 2.611210884527864 11.105
    endloop
  endfacet
  facet normal -0.8022423580208843 -0.5949834830687524 0.049008712209840384
    outer loop
      vertex 2.0676637444352197 2.414172618308715 11.105
      vertex 2.0678460922549764 2.414322267296943 11.109801714032958
      vertex 1.9215302066572937 2.611210884527864 11.105
    endloop
  endfacet
  facet normal -0.7945346157877413 -0.5892670318310201 0.14655752970109015
    outer loop
      vertex 2.0678460922549764 2.414322267296943 11.109801714032958
      vertex 2.068959184503831 2.415235758497814 11.119509032201615
      vertex 1.9217263445883366 2.6113419397034723 11.109801714032958
    endloop
  endfacet
  facet normal -0.7791917895490752 -0.5778880163697573 0.24270474992372304
    outer loop
      vertex 2.068959184503831 2.415235758497814 11.119509032201615
      vertex 2.0708024236528866 2.4167484657738685 11.129028467725448
      vertex 1.9229236147889992 2.6121419300753725 11.119509032201615
    endloop
  endfacet
  facet normal -0.7563586305140356 -0.5609537914983017 0.33653003707041135
    outer loop
      vertex 2.0708024236528866 2.4167484657738685 11.129028467725448
      vertex 2.0733580583015208 2.4188458209271095 11.138268343236511
      vertex 1.9249062494790983 2.613466684222095 11.129028467725448
    endloop
  endfacet
  facet normal -0.7262508464417013 -0.5386243369940158 0.4271340909368733
    outer loop
      vertex 2.0733580583015208 2.4188458209271095 11.138268343236511
      vertex 2.0766014762910148 2.42150762528088 11.147139673682602
      vertex 1.9276551548027494 2.615303444037021 11.138268343236511
    endloop
  endfacet
  facet normal -0.6891533831361383 -0.511110983068137 0.5136469385668893
    outer loop
      vertex 2.0766014762910148 2.42150762528088 11.147139673682602
      vertex 2.080501441733098 2.424708244204162 11.155557023301961
      vertex 1.9311438572989816 2.6176345205190588 11.147139673682602
    endloop
  endfacet
  facet normal -0.6454181099342466 -0.4786746938065993 0.5952360883532374
    outer loop
      vertex 2.080501441733098 2.424708244204162 11.155557023301961
      vertex 2.0850203958286246 2.4284168539870894 11.163439328416366
      vertex 1.9353387588556363 2.62043746412739 11.155557023301961
    endloop
  endfacet
  facet normal -0.5954608948657629 -0.44162389796082957 0.6711144875768571
    outer loop
      vertex 2.0850203958286246 2.4284168539870894 11.163439328416366
      vertex 2.0901148185793432 2.432597738690119 11.170710678118656
      vertex 1.940199460277558 2.623685280982822 11.163439328416366
    endloop
  endfacet
  facet normal -0.5397580579796217 -0.4003118585553202 0.7405482123035965
    outer loop
      vertex 2.0901148185793432 2.432597738690119 11.170710678118656
      vertex 2.0957356479092697 2.437210634108057 11.177301045336275
      vertex 1.9456791503529232 2.6273466928335996 11.170710678118656
    endloop
  endfacet
  facet normal -0.47884219760239877 -0.3551335774299225 0.8028638066179906
    outer loop
      vertex 2.0957356479092697 2.437210634108057 11.177301045336275
      vertex 2.1018287521592987 2.442211115536364 11.183146961230257
      vertex 1.9517250566708024 2.6313864382820675 11.177301045336275
    endloop
  endfacet
  facet normal -0.9039892931234437 -0.4275550934302813 0
    outer loop
      vertex 1.7951968391291118 2.8215081579350056 10.305000000000001
      vertex 1.6903011687217826 3.0432914190872755 9.600000000000001
      vertex 1.7951968391291118 2.8215081579350056 9.600000000000001
    endloop
  endfacet
  facet normal -0.9039892931234437 -0.4275550934302813 0
    outer loop
      vertex 1.7951968391291118 2.8215081579350056 10.305000000000001
      vertex 1.6903011687217826 3.0432914190872755 10.305000000000001
      vertex 1.6903011687217826 3.0432914190872755 9.600000000000001
    endloop
  endfacet
  facet normal -0.857728610000272 -0.5141027441932221 0
    outer loop
      vertex 1.9213259692436364 2.611074417450994 10.305000000000001
      vertex 1.7951968391291118 2.8215081579350056 9.600000000000001
      vertex 1.9213259692436364 2.611074417450994 9.600000000000001
    endloop
  endfacet
  facet normal -0.857728610000272 -0.5141027441932221 0
    outer loop
      vertex 1.9213259692436364 2.611074417450994 10.305000000000001
      vertex 1.7951968391291118 2.8215081579350056 10.305000000000001
      vertex 1.7951968391291118 2.8215081579350056 9.600000000000001
    endloop
  endfacet
  facet normal -0.8032075314806448 -0.5956993044924332 0
    outer loop
      vertex 2.067473866593157 2.414016789590886 10.305000000000001
      vertex 1.9213259692436364 2.611074417450994 10.305000000000001
      vertex 1.9213259692436364 2.611074417450994 9.600000000000001
    endloop
  endfacet
  facet normal -0.9039892931234437 -0.4275550934302813 0
    outer loop
      vertex 1.7951968391291118 2.8215081579350056 10.305000000000001
      vertex 1.7951968391291118 2.8215081579350056 11.105
      vertex 1.6903011687217826 3.0432914190872755 10.305000000000001
    endloop
  endfacet
  facet normal -0.9039892931234437 -0.4275550934302813 0
    outer loop
      vertex 1.6903011687217826 3.0432914190872755 10.305000000000001
      vertex 1.7951968391291118 2.8215081579350056 11.105
      vertex 1.6903011687217826 3.0432914190872755 11.105
    endloop
  endfacet
  facet normal 0 0 1
    outer loop
      vertex 1.7951968391291118 2.8215081579350056 11.105
      vertex 1.7954134691964225 2.821623949118365 11.105
      vertex 1.6905281051767767 3.0433854192447307 11.105
    endloop
  endfacet
  facet normal -0.9029030153690246 -0.42704132231560643 0.049008712209781376
    outer loop
      vertex 1.7954134691964225 2.821623949118365 11.105
      vertex 1.795621508323256 2.821735148348371 11.109801714032958
      vertex 1.6905281051767767 3.0433854192447307 11.105
    endloop
  endfacet
  facet normal -0.8942281509288535 -0.4229384169997744 0.14655752970109878
    outer loop
      vertex 1.795621508323256 2.821735148348371 11.109801714032958
      vertex 1.7968914261092004 2.8224139335467 11.119509032201615
      vertex 1.6907460419688833 3.0434756916197614 11.109801714032958
    endloop
  endfacet
  facet normal -0.8769601970036248 -0.4147712830414281 0.24270474992371144
    outer loop
      vertex 1.7968914261092004 2.8224139335467 11.119509032201615
      vertex 1.7989943624844584 2.8235379764574717 11.129028467725448
      vertex 1.6920763773376226 3.0440267345719976 11.119509032201615
    endloop
  endfacet
  facet normal -0.8512620673336755 -0.4026169729012534 0.33653003707043516
    outer loop
      vertex 1.7989943624844584 2.8235379764574717 11.129028467725448
      vertex 1.8019100650221556 2.825096451932991 11.138268343236511
      vertex 1.6942793629711645 3.044939241099124 11.129028467725448
    endloop
  endfacet
  facet normal -0.8173765354202878 -0.3865903098938808 0.4271340909368862
    outer loop
      vertex 1.8019100650221556 2.825096451932991 11.138268343236511
      vertex 1.8056104539129678 2.8270743510024783 11.147139673682602
      vertex 1.6973337829135842 3.0462044232644567 11.138268343236511
    endloop
  endfacet
  facet normal -0.775624300392776 -0.36684297341113087 0.5136469385668497
    outer loop
      vertex 1.8056104539129678 2.8270743510024783 11.147139673682602
      vertex 1.8100598923890376 2.829452625416666 11.155557023301961
      vertex 1.7012102214311198 3.0478100966721255 11.147139673682602
    endloop
  endfacet
  facet normal 0 0 1
    outer loop
      vertex 1.7951968391291118 2.8215081579350056 11.105
      vertex 1.6905281051767767 3.0433854192447307 11.105
      vertex 1.6903011687217826 3.0432914190872755 11.105
    endloop
  endfacet
  facet normal -0.9029030153690264 -0.4270413223156084 0.04900871220973162
    outer loop
      vertex 1.795621508323256 2.821735148348371 11.109801714032958
      vertex 1.6907460419688833 3.0434756916197614 11.109801714032958
      vertex 1.6905281051767767 3.0433854192447307 11.105
    endloop
  endfacet
  facet normal -0.8942281509288567 -0.4229384169997771 0.14655752970107272
    outer loop
      vertex 1.7968914261092004 2.8224139335467 11.119509032201615
      vertex 1.6920763773376226 3.0440267345719976 11.119509032201615
      vertex 1.6907460419688833 3.0434756916197614 11.109801714032958
    endloop
  endfacet
  facet normal -0.8769601970036199 -0.4147712830414248 0.24270474992373425
    outer loop
      vertex 1.7989943624844584 2.8235379764574717 11.129028467725448
      vertex 1.6942793629711645 3.044939241099124 11.129028467725448
      vertex 1.6920763773376226 3.0440267345719976 11.119509032201615
    endloop
  endfacet
  facet normal -0.8512620673336821 -0.40261697290125764 0.33653003707041257
    outer loop
      vertex 1.8019100650221556 2.825096451932991 11.138268343236511
      vertex 1.6973337829135842 3.0462044232644567 11.138268343236511
      vertex 1.6942793629711645 3.044939241099124 11.129028467725448
    endloop
  endfacet
  facet normal -0.8173765354202778 -0.38659030989387494 0.42713409093691096
    outer loop
      vertex 1.8056104539129678 2.8270743510024783 11.147139673682602
      vertex 1.7012102214311198 3.0478100966721255 11.147139673682602
      vertex 1.6973337829135842 3.0462044232644567 11.138268343236511
    endloop
  endfacet
  facet normal -0.7756243003927762 -0.3668429734111309 0.5136469385668495
    outer loop
      vertex 1.8100598923890376 2.829452625416666 11.155557023301961
      vertex 1.7058713463017696 3.0497407978094637 11.155557023301961
      vertex 1.7012102214311198 3.0478100966721255 11.147139673682602
    endloop
  endfacet
  facet normal -0.7264013820849006 -0.34356226688493136 0.5952360883532125
    outer loop
      vertex 1.7058713463017696 3.0497407978094637 11.155557023301961
      vertex 1.8152155299255317 2.8322083710928476 11.163439328416366
      vertex 1.711272268345001 3.0519779329690895 11.163439328416366
    endloop
  endfacet
  facet normal -0.726401382084883 -0.34356226688492153 0.5952360883532398
    outer loop
      vertex 1.8100598923890376 2.829452625416666 11.155557023301961
      vertex 1.8152155299255317 2.8322083710928476 11.163439328416366
      vertex 1.7058713463017696 3.0497407978094637 11.155557023301961
    endloop
  endfacet
  facet normal -0.6701758292032819 -0.3169695608669109 0.6711144875768451
    outer loop
      vertex 1.711272268345001 3.0519779329690895 11.163439328416366
      vertex 1.8152155299255317 2.8322083710928476 11.163439328416366
      vertex 1.8210277149146141 2.835315048693718 11.170710678118656
    endloop
  endfacet
  facet normal -0.6074837276378772 -0.2873184050998716 0.7405482123035984
    outer loop
      vertex 1.7173609737290927 3.054499957316475 11.170710678118656
      vertex 1.8210277149146141 2.835315048693718 11.170710678118656
      vertex 1.8274404728375768 2.8387427392156983 11.177301045336275
    endloop
  endfacet
  facet normal -0.5389245030239028 -0.25489230679504116 0.802863806617998
    outer loop
      vertex 1.7240788248927705 3.0572825823784737 11.177301045336275
      vertex 1.8274404728375768 2.8387427392156983 11.177301045336275
      vertex 1.834392045330052 2.8424584321252953 11.183146961230257
    endloop
  endfacet
  facet normal -0.4651555225830477 -0.22000217749310083 0.8574551776674896
    outer loop
      vertex 1.7313611252569778 3.060299009954603 11.183146961230257
      vertex 1.834392045330052 2.8424584321252953 11.183146961230257
      vertex 1.8418154849488202 2.8464263432685852 11.188192126434837
    endloop
  endfacet
  facet normal -0.6701758292032584 -0.316969560866898 0.6711144875768745
    outer loop
      vertex 1.711272268345001 3.0519779329690895 11.163439328416366
      vertex 1.8210277149146141 2.835315048693718 11.170710678118656
      vertex 1.7173609737290927 3.054499957316475 11.170710678118656
    endloop
  endfacet
  facet normal -0.6074837276378855 -0.28731840509987616 0.7405482123035898
    outer loop
      vertex 1.7173609737290927 3.054499957316475 11.170710678118656
      vertex 1.8274404728375768 2.8387427392156983 11.177301045336275
      vertex 1.7240788248927705 3.0572825823784737 11.177301045336275
    endloop
  endfacet
  facet normal -0.5389245030239003 -0.2548923067950398 0.8028638066180002
    outer loop
      vertex 1.7240788248927705 3.0572825823784737 11.177301045336275
      vertex 1.834392045330052 2.8424584321252953 11.183146961230257
      vertex 1.7313611252569778 3.060299009954603 11.183146961230257
    endloop
  endfacet
  facet normal -0.4651555225830429 -0.22000217749309825 0.8574551776674929
    outer loop
      vertex 1.7313611252569778 3.060299009954603 11.183146961230257
      vertex 1.8418154849488202 2.8464263432685852 11.188192126434837
      vertex 1.7391377422882965 3.0635201901983566 11.188192126434837
    endloop
  endfacet
  facet normal -0.3868860156300327 -0.1829834576779444 0.9037899452451007
    outer loop
      vertex 1.7391377422882965 3.0635201901983566 11.188192126434837
      vertex 1.8496392999122886 2.850608259492178 11.19238795325113
      vertex 1.747333782913584 3.0669151013831115 11.19238795325113
    endloop
  endfacet
  facet normal -0.3048703491889871 -0.14419293638007818 0.9414151407766266
    outer loop
      vertex 1.747333782913584 3.0669151013831115 11.19238795325113
      vertex 1.8577881426054268 2.8549639066567716 11.195694033573222
      vertex 1.7558703147812071 3.0704510486583114 11.195694033573222
    endloop
  endfacet
  facet normal -0.21990071389140248 -0.1040052918639883 0.9699621514751687
    outer loop
      vertex 1.7558703147812071 3.0704510486583114 11.195694033573222
      vertex 1.8661835352184886 2.8594513374991317 11.198078528040323
      vertex 1.764665126422738 3.07409397891875 11.198078528040323
    endloop
  endfacet
  facet normal -0.13279929444972896 -0.06280938853794153 0.9891508116081916
    outer loop
      vertex 1.764665126422738 3.07409397891875 11.198078528040323
      vertex 1.8747446255312217 2.8640273356071684 11.199518472667222
      vertex 1.7736335189943344 3.0778088087545914 11.199518472667222
    endloop
  endfacet
  facet normal -0.857728610000272 -0.5141027441932221 0
    outer loop
      vertex 1.9213259692436364 2.611074417450994 10.305000000000001
      vertex 1.9213259692436364 2.611074417450994 11.105
      vertex 1.7951968391291118 2.8215081579350056 10.305000000000001
    endloop
  endfacet
  facet normal -0.857728610000272 -0.5141027441932221 0
    outer loop
      vertex 1.9213259692436364 2.611074417450994 11.105
      vertex 1.7951968391291118 2.8215081579350056 11.105
      vertex 1.7951968391291118 2.8215081579350056 10.305000000000001
    endloop
  endfacet
  facet normal -0.803207531480645 -0.5956993044924334 0
    outer loop
      vertex 1.9213259692436364 2.611074417450994 10.305000000000001
      vertex 2.067473866593157 2.414016789590886 11.105
      vertex 1.9213259692436364 2.611074417450994 11.105
    endloop
  endfacet
  facet normal 0 0 1
    outer loop
      vertex 1.9213259692436364 2.611074417450994 11.105
      vertex 1.7954134691964225 2.821623949118365 11.105
      vertex 1.7951968391291118 2.8215081579350056 11.105
    endloop
  endfacet
  facet normal -0.8566979213455949 -0.5134849731878006 0.049008712209775665
    outer loop
      vertex 1.9217263445883366 2.6113419397034723 11.109801714032958
      vertex 1.795621508323256 2.821735148348371 11.109801714032958
      vertex 1.7954134691964225 2.821623949118365 11.105
    endloop
  endfacet
  facet normal -0.8484669837948865 -0.5085515390773285 0.1465575297010981
    outer loop
      vertex 1.9229236147889992 2.6121419300753725 11.119509032201615
      vertex 1.7968914261092004 2.8224139335467 11.119509032201615
      vertex 1.795621508323256 2.821735148348371 11.109801714032958
    endloop
  endfacet
  facet normal -0.832082698902904 -0.4987311766382032 0.24270474992371394
    outer loop
      vertex 1.9249062494790983 2.613466684222095 11.129028467725448
      vertex 1.7989943624844584 2.8235379764574717 11.129028467725448
      vertex 1.7968914261092004 2.8224139335467 11.119509032201615
    endloop
  endfacet
  facet normal -0.8076996434739481 -0.484116535641397 0.3365300370704362
    outer loop
      vertex 1.9276551548027494 2.615303444037021 11.138268343236511
      vertex 1.8019100650221556 2.825096451932991 11.138268343236511
      vertex 1.7989943624844584 2.8235379764574717 11.129028467725448
    endloop
  endfacet
  facet normal -0.7755481673355912 -0.4648456824602419 0.42713409093688354
    outer loop
      vertex 1.9311438572989816 2.6176345205190588 11.147139673682602
      vertex 1.8056104539129678 2.8270743510024783 11.147139673682602
      vertex 1.8019100650221556 2.825096451932991 11.138268343236511
    endloop
  endfacet
  facet normal -0.7359325581829451 -0.44110100012038733 0.5136469385668527
    outer loop
      vertex 1.9353387588556363 2.62043746412739 11.155557023301961
      vertex 1.8100598923890376 2.829452625416666 11.155557023301961
      vertex 1.8056104539129678 2.8270743510024783 11.147139673682602
    endloop
  endfacet
  facet normal -0.6892285699592499 -0.41310770686815146 0.5952360883532388
    outer loop
      vertex 1.940199460277558 2.623685280982822 11.163439328416366
      vertex 1.8152155299255317 2.8322083710928476 11.163439328416366
      vertex 1.8100598923890376 2.829452625416666 11.155557023301961
    endloop
  endfacet
  facet normal -0.635880299480291 -0.3811319840912405 0.671114487576844
    outer loop
      vertex 1.9456791503529232 2.6273466928335996 11.170710678118656
      vertex 1.8210277149146141 2.835315048693718 11.170710678118656
      vertex 1.8152155299255317 2.8322083710928476 11.163439328416366
    endloop
  endfacet
  facet normal -0.5763963990151681 -0.3454787062270134 0.7405482123035988
    outer loop
      vertex 1.9517250566708024 2.6313864382820675 11.177301045336275
      vertex 1.8274404728375768 2.8387427392156983 11.177301045336275
      vertex 1.8210277149146141 2.835315048693718 11.170710678118656
    endloop
  endfacet
  facet normal 0 0 1
    outer loop
      vertex 1.9213259692436364 2.611074417450994 11.105
      vertex 1.9215302066572937 2.611210884527864 11.105
      vertex 1.7954134691964225 2.821623949118365 11.105
    endloop
  endfacet
  facet normal -0.8566979213455955 -0.5134849731878015 0.049008712209754834
    outer loop
      vertex 1.9215302066572937 2.611210884527864 11.105
      vertex 1.9217263445883366 2.6113419397034723 11.109801714032958
      vertex 1.7954134691964225 2.821623949118365 11.105
    endloop
  endfacet
  facet normal -0.8484669837948889 -0.5085515390773312 0.1465575297010742
    outer loop
      vertex 1.9217263445883366 2.6113419397034723 11.109801714032958
      vertex 1.9229236147889992 2.6121419300753725 11.119509032201615
      vertex 1.795621508323256 2.821735148348371 11.109801714032958
    endloop
  endfacet
  facet normal -0.8320826989028948 -0.4987311766381955 0.24270474992376165
    outer loop
      vertex 1.9229236147889992 2.6121419300753725 11.119509032201615
      vertex 1.9249062494790983 2.613466684222095 11.129028467725448
      vertex 1.7968914261092004 2.8224139335467 11.119509032201615
    endloop
  endfacet
  facet normal -0.8076996434739613 -0.48411653564140716 0.33653003707039
    outer loop
      vertex 1.9249062494790983 2.613466684222095 11.129028467725448
      vertex 1.9276551548027494 2.615303444037021 11.138268343236511
      vertex 1.7989943624844584 2.8235379764574717 11.129028467725448
    endloop
  endfacet
  facet normal -0.7755481673355856 -0.4648456824602378 0.42713409093689775
    outer loop
      vertex 1.9276551548027494 2.615303444037021 11.138268343236511
      vertex 1.9311438572989816 2.6176345205190588 11.147139673682602
      vertex 1.8019100650221556 2.825096451932991 11.138268343236511
    endloop
  endfacet
  facet normal -0.7359325581829458 -0.4411010001203877 0.5136469385668514
    outer loop
      vertex 1.9311438572989816 2.6176345205190588 11.147139673682602
      vertex 1.9353387588556363 2.62043746412739 11.155557023301961
      vertex 1.8056104539129678 2.8270743510024783 11.147139673682602
    endloop
  endfacet
  facet normal -0.6892285699592576 -0.41310770686815684 0.5952360883532264
    outer loop
      vertex 1.9353387588556363 2.62043746412739 11.155557023301961
      vertex 1.940199460277558 2.623685280982822 11.163439328416366
      vertex 1.8100598923890376 2.829452625416666 11.155557023301961
    endloop
  endfacet
  facet normal -0.6358802994802761 -0.38113198409123034 0.6711144875768638
    outer loop
      vertex 1.940199460277558 2.623685280982822 11.163439328416366
      vertex 1.9456791503529232 2.6273466928335996 11.170710678118656
      vertex 1.8152155299255317 2.8322083710928476 11.163439328416366
    endloop
  endfacet
  facet normal -0.5763963990151809 -0.3454787062270221 0.7405482123035849
    outer loop
      vertex 1.9456791503529232 2.6273466928335996 11.170710678118656
      vertex 1.9517250566708024 2.6313864382820675 11.177301045336275
      vertex 1.8210277149146141 2.835315048693718 11.170710678118656
    endloop
  endfacet
  facet normal -0.5113456192347223 -0.3064887693085918 0.8028638066180112
    outer loop
      vertex 1.9517250566708024 2.6313864382820675 11.177301045336275
      vertex 1.958278953848327 2.635765612371209 11.183146961230257
      vertex 1.8274404728375768 2.8387427392156983 11.177301045336275
    endloop
  endfacet
  facet normal -0.4413516872977216 -0.2645360210078521 0.8574551776674902
    outer loop
      vertex 1.958278953848327 2.635765612371209 11.183146961230257
      vertex 1.9652777242729513 2.6404420412606444 11.188192126434837
      vertex 1.834392045330052 2.8424584321252953 11.183146961230257
    endloop
  endfacet
  facet normal -0.3670875384688576 -0.22002380320030954 0.9037899452451031
    outer loop
      vertex 1.9652777242729513 2.6404420412606444 11.188192126434837
      vertex 1.9726539659595703 2.645370688383773 11.19238795325113
      vertex 1.8418154849488202 2.8464263432685852 11.188192126434837
    endloop
  endfacet
  facet normal -0.5113456192347378 -0.30648876930860214 0.8028638066179973
    outer loop
      vertex 1.958278953848327 2.635765612371209 11.183146961230257
      vertex 1.834392045330052 2.8424584321252953 11.183146961230257
      vertex 1.8274404728375768 2.8387427392156983 11.177301045336275
    endloop
  endfacet
  facet normal -0.44135168729772256 -0.26453602100785273 0.8574551776674896
    outer loop
      vertex 1.9652777242729513 2.6404420412606444 11.188192126434837
      vertex 1.8418154849488202 2.8464263432685852 11.188192126434837
      vertex 1.834392045330052 2.8424584321252953 11.183146961230257
    endloop
  endfacet
  facet normal -0.36708753846884934 -0.22002380320030407 0.9037899452451078
    outer loop
      vertex 1.9726539659595703 2.645370688383773 11.19238795325113
      vertex 1.8496392999122886 2.850608259492178 11.19238795325113
      vertex 1.8418154849488202 2.8464263432685852 11.188192126434837
    endloop
  endfacet
  facet normal 0 0 1
    outer loop
      vertex 2.067473866593157 2.414016789590886 11.105
      vertex 1.9215302066572937 2.611210884527864 11.105
      vertex 1.9213259692436364 2.611074417450994 11.105
    endloop
  endfacet
  facet normal -0.8022423580208868 -0.5949834830687565 0.04900871220974925
    outer loop
      vertex 2.0678460922549764 2.414322267296943 11.109801714032958
      vertex 1.9217263445883366 2.6113419397034723 11.109801714032958
      vertex 1.9215302066572937 2.611210884527864 11.105
    endloop
  endfacet
  facet normal -0.7945346157877426 -0.5892670318310219 0.14655752970107544
    outer loop
      vertex 2.068959184503831 2.415235758497814 11.119509032201615
      vertex 1.9229236147889992 2.6121419300753725 11.119509032201615
      vertex 1.9217263445883366 2.6113419397034723 11.109801714032958
    endloop
  endfacet
  facet normal -0.7791917895490678 -0.5778880163697496 0.24270474992376478
    outer loop
      vertex 2.0708024236528866 2.4167484657738685 11.129028467725448
      vertex 1.9249062494790983 2.613466684222095 11.129028467725448
      vertex 1.9229236147889992 2.6121419300753725 11.119509032201615
    endloop
  endfacet
  facet normal -0.7563586305140416 -0.5609537914983074 0.3365300370703886
    outer loop
      vertex 2.0733580583015208 2.4188458209271095 11.138268343236511
      vertex 1.9276551548027494 2.615303444037021 11.138268343236511
      vertex 1.9249062494790983 2.613466684222095 11.129028467725448
    endloop
  endfacet
  facet normal -0.7262508464416935 -0.5386243369940087 0.42713409093689586
    outer loop
      vertex 2.0766014762910148 2.42150762528088 11.147139673682602
      vertex 1.9311438572989816 2.6176345205190588 11.147139673682602
      vertex 1.9276551548027494 2.615303444037021 11.138268343236511
    endloop
  endfacet
  facet normal -0.6891533831361545 -0.5111109830681511 0.5136469385668534
    outer loop
      vertex 2.080501441733098 2.424708244204162 11.155557023301961
      vertex 1.9353387588556363 2.62043746412739 11.155557023301961
      vertex 1.9311438572989816 2.6176345205190588 11.147139673682602
    endloop
  endfacet
  facet normal -0.6454181099342534 -0.47867469380660516 0.5952360883532253
    outer loop
      vertex 2.0850203958286246 2.4284168539870894 11.163439328416366
      vertex 1.940199460277558 2.623685280982822 11.163439328416366
      vertex 1.9353387588556363 2.62043746412739 11.155557023301961
    endloop
  endfacet
  facet normal -0.5954608948657574 -0.44162389796082485 0.6711144875768652
    outer loop
      vertex 2.0901148185793432 2.432597738690119 11.170710678118656
      vertex 1.9456791503529232 2.6273466928335996 11.170710678118656
      vertex 1.940199460277558 2.623685280982822 11.163439328416366
    endloop
  endfacet
  facet normal -0.5397580579796327 -0.40031185855532936 0.7405482123035836
    outer loop
      vertex 2.0957356479092697 2.437210634108057 11.177301045336275
      vertex 1.9517250566708024 2.6313864382820675 11.177301045336275
      vertex 1.9456791503529232 2.6273466928335996 11.170710678118656
    endloop
  endfacet
  facet normal -0.4788421976023776 -0.3551335774299051 0.8028638066180112
    outer loop
      vertex 1.9517250566708024 2.6313864382820675 11.177301045336275
      vertex 2.1018287521592987 2.442211115536364 11.183146961230257
      vertex 1.958278953848327 2.635765612371209 11.183146961230257
    endloop
  endfacet
  facet normal -0.413297393996346 -0.3065222380301986 0.8574551776674902
    outer loop
      vertex 1.958278953848327 2.635765612371209 11.183146961230257
      vertex 2.108335451404673 2.4475510256053434 11.188192126434837
      vertex 1.9652777242729513 2.6404420412606444 11.188192126434837
    endloop
  endfacet
  facet normal -0.34375380764177216 -0.25494519922061204 0.9037899452451029
    outer loop
      vertex 1.9652777242729513 2.6404420412606444 11.188192126434837
      vertex 2.115193082574736 2.45317893806194 11.19238795325113
      vertex 1.9726539659595703 2.645370688383773 11.19238795325113
    endloop
  endfacet
  facet normal -0.2708817045251168 -0.20089956413615334 0.941415140776624
    outer loop
      vertex 2.122335602932558 2.4590406530326665 11.195694033573222
      vertex 1.9803366416684773 2.650504088174526 11.195694033573222
      vertex 1.9726539659595703 2.645370688383773 11.19238795325113
    endloop
  endfacet
  facet normal -0.19538495745371828 -0.14490736042888838 0.9699621514751701
    outer loop
      vertex 1.9803366416684773 2.650504088174526 11.195694033573222
      vertex 2.129694226102594 2.465079718998015 11.198078528040323
      vertex 1.9882517630328183 2.655792803186718 11.198078528040323
    endloop
  endfacet
  facet normal -0.11799408940872437 -0.08751038086685187 0.9891508116081917
    outer loop
      vertex 1.9882517630328183 2.655792803186718 11.198078528040323
      vertex 2.1371980845210836 2.4712379764514507 11.199518472667222
      vertex 1.9963231031070086 2.6611859002036735 11.199518472667222
    endloop
  endfacet
  facet normal -0.039458941090687795 -0.029264745215224586 0.9987925543652644
    outer loop
      vertex 1.9963231031070086 2.6611859002036735 11.199518472667222
      vertex 2.144774911929431 2.4774561180072503 11.200000000000001
      vertex 2.004472930473891 2.6666314407529548 11.200000000000001
    endloop
  endfacet
  facet normal -0.28926893584840857 -0.17338112777825218 0.9414151407766239
    outer loop
      vertex 1.9726539659595703 2.645370688383773 11.19238795325113
      vertex 1.9803366416684773 2.650504088174526 11.195694033573222
      vertex 1.8496392999122886 2.850608259492178 11.19238795325113
    endloop
  endfacet
  facet normal -0.2086475305613832 -0.12505851708818685 0.9699621514751697
    outer loop
      vertex 1.9803366416684773 2.650504088174526 11.195694033573222
      vertex 1.9882517630328183 2.655792803186718 11.198078528040323
      vertex 1.8577881426054268 2.8549639066567716 11.195694033573222
    endloop
  endfacet
  facet normal -0.1260034328988752 -0.07552355124432401 0.9891508116081918
    outer loop
      vertex 1.9882517630328183 2.655792803186718 11.198078528040323
      vertex 1.9963231031070086 2.6611859002036735 11.199518472667222
      vertex 1.8661835352184886 2.8594513374991317 11.198078528040323
    endloop
  endfacet
  facet normal -0.04213738214258001 -0.025256174902003083 0.9987925543652645
    outer loop
      vertex 1.9963231031070086 2.6611859002036735 11.199518472667222
      vertex 2.004472930473891 2.6666314407529548 11.200000000000001
      vertex 1.8747446255312217 2.8640273356071684 11.199518472667222
    endloop
  endfacet
  facet normal -0.28926893584839863 -0.1733811277782456 0.9414151407766282
    outer loop
      vertex 1.9803366416684773 2.650504088174526 11.195694033573222
      vertex 1.8577881426054268 2.8549639066567716 11.195694033573222
      vertex 1.8496392999122886 2.850608259492178 11.19238795325113
    endloop
  endfacet
  facet normal -0.20864753056139615 -0.12505851708819538 0.969962151475166
    outer loop
      vertex 1.9882517630328183 2.655792803186718 11.198078528040323
      vertex 1.8661835352184886 2.8594513374991317 11.198078528040323
      vertex 1.8577881426054268 2.8549639066567716 11.195694033573222
    endloop
  endfacet
  facet normal -0.12600343289887375 -0.07552355124432307 0.9891508116081921
    outer loop
      vertex 1.9963231031070086 2.6611859002036735 11.199518472667222
      vertex 1.8747446255312217 2.8640273356071684 11.199518472667222
      vertex 1.8661835352184886 2.8594513374991317 11.198078528040323
    endloop
  endfacet
  facet normal -0.042137382142581066 -0.025256174902003773 0.9987925543652643
    outer loop
      vertex 2.004472930473891 2.6666314407529548 11.200000000000001
      vertex 1.8833889655639475 2.868647831617605 11.200000000000001
      vertex 1.8747446255312217 2.8640273356071684 11.199518472667222
    endloop
  endfacet
  facet normal -0.3868860156300213 -0.1829834576779384 0.9037899452451068
    outer loop
      vertex 1.7391377422882965 3.0635201901983566 11.188192126434837
      vertex 1.8418154849488202 2.8464263432685852 11.188192126434837
      vertex 1.8496392999122886 2.850608259492178 11.19238795325113
    endloop
  endfacet
  facet normal -0.3048703491889829 -0.144192936380076 0.9414151407766284
    outer loop
      vertex 1.747333782913584 3.0669151013831115 11.19238795325113
      vertex 1.8496392999122886 2.850608259492178 11.19238795325113
      vertex 1.8577881426054268 2.8549639066567716 11.195694033573222
    endloop
  endfacet
  facet normal -0.21990071389141158 -0.10400529186399309 0.9699621514751662
    outer loop
      vertex 1.7558703147812071 3.0704510486583114 11.195694033573222
      vertex 1.8577881426054268 2.8549639066567716 11.195694033573222
      vertex 1.8661835352184886 2.8594513374991317 11.198078528040323
    endloop
  endfacet
  facet normal -0.13279929444972619 -0.06280938853794008 0.989150811608192
    outer loop
      vertex 1.764665126422738 3.07409397891875 11.198078528040323
      vertex 1.8661835352184886 2.8594513374991317 11.198078528040323
      vertex 1.8747446255312217 2.8640273356071684 11.199518472667222
    endloop
  endfacet
  facet normal -0.044410017169803875 -0.02100437381804598 0.9987925543652644
    outer loop
      vertex 1.7736335189943344 3.0778088087545914 11.199518472667222
      vertex 1.8747446255312217 2.8640273356071684 11.199518472667222
      vertex 1.8833889655639475 2.868647831617605 11.200000000000001
    endloop
  endfacet
  facet normal -0.04441001716980307 -0.021004373818045558 0.9987925543652645
    outer loop
      vertex 1.7736335189943344 3.0778088087545914 11.199518472667222
      vertex 1.8833889655639475 2.868647831617605 11.200000000000001
      vertex 1.7826891219729113 3.0815597623237845 11.200000000000001
    endloop
  endfacet
  facet normal -0.9891765099647808 -0.14673047445536286 0
    outer loop
      vertex 1.5480367989919235 3.512274194959679 10.305000000000001
      vertex 1.5120381833195071 3.7549571491760982 9.600000000000001
      vertex 1.5480367989919235 3.512274194959679 9.600000000000001
    endloop
  endfacet
  facet normal -0.9891765099647808 -0.14673047445536286 0
    outer loop
      vertex 1.5480367989919235 3.512274194959679 10.305000000000001
      vertex 1.5120381833195071 3.7549571491760982 10.305000000000001
      vertex 1.5120381833195071 3.7549571491760982 9.600000000000001
    endloop
  endfacet
  facet normal -0.9987954562051724 -0.04906767432741708 0
    outer loop
      vertex 1.5120381833195071 3.7549571491760982 10.305000000000001
      vertex 1.4999999999999996 4 9.600000000000001
      vertex 1.5120381833195071 3.7549571491760982 9.600000000000001
    endloop
  endfacet
  facet normal -0.9987954562051724 -0.04906767432741708 0
    outer loop
      vertex 1.5120381833195071 3.7549571491760982 10.305000000000001
      vertex 1.4999999999999996 4 10.305000000000001
      vertex 1.4999999999999996 4 9.600000000000001
    endloop
  endfacet
  facet normal -0.9891765099647809 -0.14673047445536289 0
    outer loop
      vertex 1.5480367989919235 3.512274194959679 10.305000000000001
      vertex 1.5480367989919235 3.512274194959679 11.105
      vertex 1.5120381833195071 3.7549571491760982 10.305000000000001
    endloop
  endfacet
  facet normal -0.9891765099647809 -0.14673047445536289 0
    outer loop
      vertex 1.5120381833195071 3.7549571491760982 10.305000000000001
      vertex 1.5480367989919235 3.512274194959679 11.105
      vertex 1.5120381833195071 3.7549571491760982 11.105
    endloop
  endfacet
  facet normal 0 0 1
    outer loop
      vertex 1.5480367989919235 3.512274194959679 11.105
      vertex 1.5482777134475558 3.512322115824385 11.105
      vertex 1.5122826347723075 3.7549812255427373 11.105
    endloop
  endfacet
  facet normal -0.9879878670835633 -0.1465541559397472 0.049008712209765395
    outer loop
      vertex 1.5482777134475558 3.512322115824385 11.105
      vertex 1.5485090739120264 3.512368136282091 11.109801714032958
      vertex 1.5122826347723075 3.7549812255427373 11.105
    endloop
  endfacet
  facet normal -0.9784955288483443 -0.1451461005735784 0.14655752970108207
    outer loop
      vertex 1.5485090739120264 3.512368136282091 11.109801714032958
      vertex 1.5499213504066822 3.5126490555430374 11.119509032201615
      vertex 1.5125173919665653 3.755004347108248 11.109801714032958
    endloop
  endfacet
  facet normal -0.9596003333765238 -0.14234326309353437 0.24270474992374788
    outer loop
      vertex 1.5499213504066822 3.5126490555430374 11.119509032201615
      vertex 1.552260027481219 3.5131142473364703 11.129028467725448
      vertex 1.5139504028665067 3.7551454863628093 11.119509032201615
    endloop
  endfacet
  facet normal -0.9314805465462003 -0.13817208674469136 0.3365300370704068
    outer loop
      vertex 1.552260027481219 3.5131142473364703 11.129028467725448
      vertex 1.555502582396958 3.5137592316111186 11.138268343236511
      vertex 1.516323415341001 3.7553792076916066 11.129028467725448
    endloop
  endfacet
  facet normal -0.8944018195619727 -0.1326719771608206 0.4271340909368758
    outer loop
      vertex 1.555502582396958 3.5137592316111186 11.138268343236511
      vertex 1.5596177875774995 3.514577796815833 11.147139673682602
      vertex 1.519613575982699 3.7557032602304776 11.138268343236511
    endloop
  endfacet
  facet normal -0.848715072559633 -0.12589498842681407 0.5136469385668617
    outer loop
      vertex 1.5596177875774995 3.514577796815833 11.147139673682602
      vertex 1.5645660113473547 3.515562059720219 11.155557023301961
      vertex 1.5237891987460355 3.756114523176329 11.147139673682602
    endloop
  endfacet
  facet normal -0.7948536442081621 -0.11790540026207187 0.5952360883532223
    outer loop
      vertex 1.5645660113473547 3.515562059720219 11.155557023301961
      vertex 1.5702995996066464 3.516702541334455 11.163439328416366
      vertex 1.5288100701011724 3.756609035842172 11.155557023301961
    endloop
  endfacet
  facet normal -0.733329689673119 -0.10877918370885227 0.6711144875768684
    outer loop
      vertex 1.5702995996066464 3.516702541334455 11.163439328416366
      vertex 1.5767633347661394 3.517988258197145 11.170710678118656
      vertex 1.5346278363122723 3.757182035800707 11.163439328416366
    endloop
  endfacet
  facet normal 0 0 1
    outer loop
      vertex 1.5480367989919235 3.512274194959679 11.105
      vertex 1.5122826347723075 3.7549812255427373 11.105
      vertex 1.5120381833195071 3.7549571491760982 11.105
    endloop
  endfacet
  facet normal -0.9879878670835643 -0.14655415593974777 0.04900871220974338
    outer loop
      vertex 1.5485090739120264 3.512368136282091 11.109801714032958
      vertex 1.5125173919665653 3.755004347108248 11.109801714032958
      vertex 1.5122826347723075 3.7549812255427373 11.105
    endloop
  endfacet
  facet normal -0.9784955288483396 -0.14514610057357627 0.14655752970111627
    outer loop
      vertex 1.5499213504066822 3.5126490555430374 11.119509032201615
      vertex 1.5139504028665067 3.7551454863628093 11.119509032201615
      vertex 1.5125173919665653 3.755004347108248 11.109801714032958
    endloop
  endfacet
  facet normal -0.959600333376529 -0.14234326309353604 0.2427047499237265
    outer loop
      vertex 1.552260027481219 3.5131142473364703 11.129028467725448
      vertex 1.516323415341001 3.7553792076916066 11.129028467725448
      vertex 1.5139504028665067 3.7551454863628093 11.119509032201615
    endloop
  endfacet
  facet normal -0.9314805465461955 -0.1381720867446901 0.3365300370704207
    outer loop
      vertex 1.555502582396958 3.5137592316111186 11.138268343236511
      vertex 1.519613575982699 3.7557032602304776 11.138268343236511
      vertex 1.516323415341001 3.7553792076916066 11.129028467725448
    endloop
  endfacet
  facet normal -0.8944018195619753 -0.13267197716082121 0.4271340909368701
    outer loop
      vertex 1.5596177875774995 3.514577796815833 11.147139673682602
      vertex 1.5237891987460355 3.756114523176329 11.147139673682602
      vertex 1.519613575982699 3.7557032602304776 11.138268343236511
    endloop
  endfacet
  facet normal -0.8487150725596225 -0.1258949884268117 0.5136469385668795
    outer loop
      vertex 1.5645660113473547 3.515562059720219 11.155557023301961
      vertex 1.5288100701011724 3.756609035842172 11.155557023301961
      vertex 1.5237891987460355 3.756114523176329 11.147139673682602
    endloop
  endfacet
  facet normal -0.7948536442081684 -0.11790540026207326 0.5952360883532137
    outer loop
      vertex 1.5702995996066464 3.516702541334455 11.163439328416366
      vertex 1.5346278363122723 3.757182035800707 11.163439328416366
      vertex 1.5288100701011724 3.756609035842172 11.155557023301961
    endloop
  endfacet
  facet normal -0.7333296896731233 -0.10877918370885319 0.6711144875768638
    outer loop
      vertex 1.5767633347661394 3.517988258197145 11.170710678118656
      vertex 1.541186469110408 3.7578280047490997 11.170710678118656
      vertex 1.5346278363122723 3.757182035800707 11.163439328416366
    endloop
  endfacet
  facet normal -0.6647298127713405 -0.09860335322361849 0.7405482123035859
    outer loop
      vertex 1.5838949675228098 3.5194068281520567 11.177301045336275
      vertex 1.5484228052764193 3.7585407216532545 11.177301045336275
      vertex 1.541186469110408 3.7578280047490997 11.170710678118656
    endloop
  endfacet
  facet normal -0.9987954562051724 -0.04906767432741707 0
    outer loop
      vertex 1.5120381833195071 3.7549571491760982 10.305000000000001
      vertex 1.5120381833195071 3.7549571491760982 11.105
      vertex 1.4999999999999996 4 10.305000000000001
    endloop
  endfacet
  facet normal -0.9987954562051724 -0.04906767432741707 0
    outer loop
      vertex 1.5120381833195071 3.7549571491760982 11.105
      vertex 1.4999999999999996 4 11.105
      vertex 1.4999999999999996 4 10.305000000000001
    endloop
  endfacet
  facet normal 0 0 1
    outer loop
      vertex 1.5120381833195071 3.7549571491760982 11.105
      vertex 1.5122826347723075 3.7549812255427373 11.105
      vertex 1.5002456342488468 4 11.105
    endloop
  endfacet
  facet normal -0.9975952547276304 -0.04900871220973673 0.04900871220974338
    outer loop
      vertex 1.5122826347723075 3.7549812255427373 11.105
      vertex 1.5125173919665653 3.755004347108248 11.109801714032958
      vertex 1.5002456342488468 4 11.105
    endloop
  endfacet
  facet normal -0.9880106111351104 -0.04853784886387339 0.14655752970111588
    outer loop
      vertex 1.5125173919665653 3.755004347108248 11.109801714032958
      vertex 1.5139504028665067 3.7551454863628093 11.119509032201615
      vertex 1.5004815273327798 4 11.109801714032958
    endloop
  endfacet
  facet normal -0.9689316750794775 -0.04760056083850766 0.24270474992372396
    outer loop
      vertex 1.5139504028665067 3.7551454863628093 11.119509032201615
      vertex 1.516323415341001 3.7553792076916066 11.129028467725448
      vertex 1.5019214719596765 4 11.119509032201615
    endloop
  endfacet
  facet normal -0.9405384459311257 -0.046205690935666274 0.33653003707042345
    outer loop
      vertex 1.516323415341001 3.7553792076916066 11.129028467725448
      vertex 1.519613575982699 3.7557032602304776 11.138268343236511
      vertex 1.5043059664267786 4 11.129028467725448
    endloop
  endfacet
  facet normal -0.9030991581390735 -0.044366416668830844 0.42713409093686755
    outer loop
      vertex 1.519613575982699 3.7557032602304776 11.138268343236511
      vertex 1.5237891987460355 3.756114523176329 11.147139673682602
      vertex 1.507612046748871 4 11.138268343236511
    endloop
  endfacet
  facet normal -0.8569681442552395 -0.04210014528004549 0.513646938566882
    outer loop
      vertex 1.5237891987460355 3.756114523176329 11.147139673682602
      vertex 1.5288100701011724 3.756609035842172 11.155557023301961
      vertex 1.5118078735651643 4 11.147139673682602
    endloop
  endfacet
  facet normal -0.8025829568188062 -0.03942837234717246 0.5952360883532138
    outer loop
      vertex 1.5288100701011724 3.756609035842172 11.155557023301961
      vertex 1.5346278363122723 3.757182035800707 11.163439328416366
      vertex 1.516853038769745 4 11.155557023301961
    endloop
  endfacet
  facet normal -0.7404607312924797 -0.03637650310639487 0.6711144875768641
    outer loop
      vertex 1.5346278363122723 3.757182035800707 11.163439328416366
      vertex 1.541186469110408 3.7578280047490997 11.170710678118656
      vertex 1.522698954663726 4 11.163439328416366
    endloop
  endfacet
  facet normal -0.6711937757435921 -0.03297363578715659 0.7405482123035856
    outer loop
      vertex 1.541186469110408 3.7578280047490997 11.170710678118656
      vertex 1.5484228052764193 3.7585407216532545 11.177301045336275
      vertex 1.529289321881345 4 11.170710678118656
    endloop
  endfacet
  facet normal -0.5954443807603742 -0.029252306639687555 0.8028638066180043
    outer loop
      vertex 1.5484228052764193 3.7585407216532545 11.177301045336275
      vertex 1.5562671549372449 3.7593133226597737 11.183146961230257
      vertex 1.536560671583635 4 11.177301045336275
    endloop
  endfacet
  facet normal -0.5139388551599247 -0.02524819692813343 0.8574551776674885
    outer loop
      vertex 1.5562671549372449 3.7593133226597737 11.183146961230257
      vertex 1.5646439727174921 3.7601383671986173 11.188192126434837
      vertex 1.5444429766980394 4 11.183146961230257
    endloop
  endfacet
  facet normal 0 0 1
    outer loop
      vertex 1.5120381833195071 3.7549571491760982 11.105
      vertex 1.5002456342488468 4 11.105
      vertex 1.4999999999999996 4 11.105
    endloop
  endfacet
  facet normal -0.997595254727631 -0.049008712209737036 0.04900871220972902
    outer loop
      vertex 1.5125173919665653 3.755004347108248 11.109801714032958
      vertex 1.5004815273327798 4 11.109801714032958
      vertex 1.5002456342488468 4 11.105
    endloop
  endfacet
  facet normal -0.9880106111351126 -0.04853784886387412 0.14655752970110095
    outer loop
      vertex 1.5139504028665067 3.7551454863628093 11.119509032201615
      vertex 1.5019214719596765 4 11.119509032201615
      vertex 1.5004815273327798 4 11.109801714032958
    endloop
  endfacet
  facet normal -0.9689316750794759 -0.047600560838507326 0.24270474992373023
    outer loop
      vertex 1.516323415341001 3.7553792076916066 11.129028467725448
      vertex 1.5043059664267786 4 11.129028467725448
      vertex 1.5019214719596765 4 11.119509032201615
    endloop
  endfacet
  facet normal -0.9405384459311306 -0.046205690935667086 0.33653003707041007
    outer loop
      vertex 1.519613575982699 3.7557032602304776 11.138268343236511
      vertex 1.507612046748871 4 11.138268343236511
      vertex 1.5043059664267786 4 11.129028467725448
    endloop
  endfacet
  facet normal -0.9030991581390622 -0.044366416668829206 0.4271340909368917
    outer loop
      vertex 1.5237891987460355 3.756114523176329 11.147139673682602
      vertex 1.5118078735651643 4 11.147139673682602
      vertex 1.507612046748871 4 11.138268343236511
    endloop
  endfacet
  facet normal -0.8569681442552515 -0.042100145280047026 0.5136469385668615
    outer loop
      vertex 1.5288100701011724 3.756609035842172 11.155557023301961
      vertex 1.516853038769745 4 11.155557023301961
      vertex 1.5118078735651643 4 11.147139673682602
    endloop
  endfacet
  facet normal -0.8025829568187939 -0.03942837234717102 0.5952360883532305
    outer loop
      vertex 1.5346278363122723 3.757182035800707 11.163439328416366
      vertex 1.522698954663726 4 11.163439328416366
      vertex 1.516853038769745 4 11.155557023301961
    endloop
  endfacet
  facet normal -0.7404607312924838 -0.03637650310639532 0.6711144875768594
    outer loop
      vertex 1.541186469110408 3.7578280047490997 11.170710678118656
      vertex 1.529289321881345 4 11.170710678118656
      vertex 1.522698954663726 4 11.163439328416366
    endloop
  endfacet
  facet normal -0.671193775743582 -0.03297363578715553 0.7405482123035949
    outer loop
      vertex 1.5484228052764193 3.7585407216532545 11.177301045336275
      vertex 1.536560671583635 4 11.177301045336275
      vertex 1.529289321881345 4 11.170710678118656
    endloop
  endfacet
  facet normal -0.5954443807603861 -0.029252306639688738 0.8028638066179955
    outer loop
      vertex 1.5562671549372449 3.7593133226597737 11.183146961230257
      vertex 1.5444429766980394 4 11.183146961230257
      vertex 1.536560671583635 4 11.177301045336275
    endloop
  endfacet
  facet normal -0.5139388551599191 -0.02524819692813289 0.8574551776674919
    outer loop
      vertex 1.5646439727174921 3.7601383671986173 11.188192126434837
      vertex 1.5528603263173997 4 11.188192126434837
      vertex 1.5444429766980394 4 11.183146961230257
    endloop
  endfacet
  facet normal -0.9415440651830211 -0.33688985339221916 0
    outer loop
      vertex 1.6903011687217826 3.0432914190872755 10.305000000000001
      vertex 1.6076491606694776 3.274288306863844 9.600000000000001
      vertex 1.6903011687217826 3.0432914190872755 9.600000000000001
    endloop
  endfacet
  facet normal -0.9415440651830211 -0.33688985339221916 0
    outer loop
      vertex 1.6903011687217826 3.0432914190872755 10.305000000000001
      vertex 1.6076491606694776 3.274288306863844 10.305000000000001
      vertex 1.6076491606694776 3.274288306863844 9.600000000000001
    endloop
  endfacet
  facet normal -0.9700312531945439 -0.24298017990326456 0
    outer loop
      vertex 1.6076491606694776 3.274288306863844 10.305000000000001
      vertex 1.5480367989919235 3.512274194959679 9.600000000000001
      vertex 1.6076491606694776 3.274288306863844 9.600000000000001
    endloop
  endfacet
  facet normal -0.9700312531945439 -0.24298017990326456 0
    outer loop
      vertex 1.6076491606694776 3.274288306863844 10.305000000000001
      vertex 1.5480367989919235 3.512274194959679 10.305000000000001
      vertex 1.5480367989919235 3.512274194959679 9.600000000000001
    endloop
  endfacet
  facet normal -0.941544065183021 -0.3368898533922191 0
    outer loop
      vertex 1.6903011687217826 3.0432914190872755 10.305000000000001
      vertex 1.6903011687217826 3.0432914190872755 11.105
      vertex 1.6076491606694776 3.274288306863844 10.305000000000001
    endloop
  endfacet
  facet normal -0.941544065183021 -0.3368898533922191 0
    outer loop
      vertex 1.6076491606694776 3.274288306863844 10.305000000000001
      vertex 1.6903011687217826 3.0432914190872755 11.105
      vertex 1.6076491606694776 3.274288306863844 11.105
    endloop
  endfacet
  facet normal 0 0 1
    outer loop
      vertex 1.6903011687217826 3.0432914190872755 11.105
      vertex 1.6905281051767767 3.0433854192447307 11.105
      vertex 1.607884217990037 3.2743596107224935 11.105
    endloop
  endfacet
  facet normal -0.9404126597774574 -0.3364850300649822 0.049008712209731055
    outer loop
      vertex 1.6905281051767767 3.0433854192447307 11.105
      vertex 1.6907460419688833 3.0434756916197614 11.109801714032958
      vertex 1.607884217990037 3.2743596107224935 11.105
    endloop
  endfacet
  facet normal -0.9313774121345477 -0.33325216676485575 0.14655752970107558
    outer loop
      vertex 1.6907460419688833 3.0434756916197614 11.109801714032958
      vertex 1.6920763773376226 3.0440267345719976 11.119509032201615
      vertex 1.6081099535969727 3.2744280868702296 11.109801714032958
    endloop
  endfacet
  facet normal -0.9133920890119875 -0.32681691525191414 0.2427047499237305
    outer loop
      vertex 1.6920763773376226 3.0440267345719976 11.119509032201615
      vertex 1.6942793629711645 3.044939241099124 11.129028467725448
      vertex 1.6094878946916706 3.2748460807315123 11.119509032201615
    endloop
  endfacet
  facet normal -0.8866263721378047 -0.31723998861924607 0.3365300370704159
    outer loop
      vertex 1.6942793629711645 3.044939241099124 11.129028467725448
      vertex 1.6973337829135842 3.0462044232644567 11.138268343236511
      vertex 1.611769713627571 3.2755382629383103 11.129028467725448
    endloop
  endfacet
  facet normal -0.8513331206454136 -0.30461186131147605 0.4271340909369093
    outer loop
      vertex 1.6973337829135842 3.0462044232644567 11.138268343236511
      vertex 1.7012102214311198 3.0478100966721255 11.147139673682602
      vertex 1.614933435240952 3.276497967397586 11.138268343236511
    endloop
  endfacet
  facet normal -0.8078463565904522 -0.289052048331158 0.5136469385668465
    outer loop
      vertex 1.7012102214311198 3.0478100966721255 11.147139673682602
      vertex 1.7058713463017696 3.0497407978094637 11.155557023301961
      vertex 1.6189485911632095 3.2777159516307695 11.147139673682602
    endloop
  endfacet
  facet normal -0.7565785518096688 -0.2707081344613556 0.5952360883532156
    outer loop
      vertex 1.7058713463017696 3.0497407978094637 11.155557023301961
      vertex 1.711272268345001 3.0519779329690895 11.163439328416366
      vertex 1.6237765132479058 3.2791804857838764 11.155557023301961
    endloop
  endfacet
  facet normal 0 0 1
    outer loop
      vertex 1.6903011687217826 3.0432914190872755 11.105
      vertex 1.607884217990037 3.2743596107224935 11.105
      vertex 1.6076491606694776 3.274288306863844 11.105
    endloop
  endfacet
  facet normal -0.9404126597774576 -0.3364850300649825 0.04900871220972278
    outer loop
      vertex 1.6907460419688833 3.0434756916197614 11.109801714032958
      vertex 1.6081099535969727 3.2744280868702296 11.109801714032958
      vertex 1.607884217990037 3.2743596107224935 11.105
    endloop
  endfacet
  facet normal -0.9313774121345504 -0.3332521667648575 0.14655752970105548
    outer loop
      vertex 1.6920763773376226 3.0440267345719976 11.119509032201615
      vertex 1.6094878946916706 3.2748460807315123 11.119509032201615
      vertex 1.6081099535969727 3.2744280868702296 11.109801714032958
    endloop
  endfacet
  facet normal -0.9133920890119835 -0.3268169152519119 0.24270474992374896
    outer loop
      vertex 1.6942793629711645 3.044939241099124 11.129028467725448
      vertex 1.611769713627571 3.2755382629383103 11.129028467725448
      vertex 1.6094878946916706 3.2748460807315123 11.119509032201615
    endloop
  endfacet
  facet normal -0.8866263721378042 -0.31723998861924574 0.33653003707041806
    outer loop
      vertex 1.6973337829135842 3.0462044232644567 11.138268343236511
      vertex 1.614933435240952 3.276497967397586 11.138268343236511
      vertex 1.611769713627571 3.2755382629383103 11.129028467725448
    endloop
  endfacet
  facet normal -0.8513331206454314 -0.3046118613114844 0.4271340909368675
    outer loop
      vertex 1.7012102214311198 3.0478100966721255 11.147139673682602
      vertex 1.6189485911632095 3.2777159516307695 11.147139673682602
      vertex 1.614933435240952 3.276497967397586 11.138268343236511
    endloop
  endfacet
  facet normal -0.8078463565904298 -0.28905204833114795 0.5136469385668874
    outer loop
      vertex 1.7058713463017696 3.0497407978094637 11.155557023301961
      vertex 1.6237765132479058 3.2791804857838764 11.155557023301961
      vertex 1.6189485911632095 3.2777159516307695 11.147139673682602
    endloop
  endfacet
  facet normal -0.7565785518096637 -0.27070813446135333 0.595236088353223
    outer loop
      vertex 1.711272268345001 3.0519779329690895 11.163439328416366
      vertex 1.6293707059661542 3.2808774655924173 11.163439328416366
      vertex 1.6237765132479058 3.2791804857838764 11.155557023301961
    endloop
  endfacet
  facet normal -0.6980171993356622 -0.24975454749824008 0.6711144875768573
    outer loop
      vertex 1.7173609737290927 3.054499957316475 11.170710678118656
      vertex 1.635677294183981 3.2827905482131725 11.170710678118656
      vertex 1.6293707059661542 3.2808774655924173 11.163439328416366
    endloop
  endfacet
  facet normal -0.6327206558790501 -0.22639107066740155 0.7405482123035961
    outer loop
      vertex 1.7240788248927705 3.0572825823784737 11.177301045336275
      vertex 1.6426355420093168 3.284901309614706 11.177301045336275
      vertex 1.635677294183981 3.2827905482131725 11.170710678118656
    endloop
  endfacet
  facet normal -0.5613132492428424 -0.20084109202873357 0.8028638066180019
    outer loop
      vertex 1.7313611252569778 3.060299009954603 11.183146961230257
      vertex 1.6501784377118387 3.2871894220108624 11.183146961230257
      vertex 1.6426355420093168 3.284901309614706 11.177301045336275
    endloop
  endfacet
  facet normal -0.48447965590603675 -0.17334959274367223 0.8574551776674809
    outer loop
      vertex 1.6501784377118387 3.2871894220108624 11.183146961230257
      vertex 1.7391377422882965 3.0635201901983566 11.188192126434837
      vertex 1.6582333390825643 3.289632849628456 11.188192126434837
    endloop
  endfacet
  facet normal -0.6980171993356499 -0.24975454749823486 0.671114487576872
    outer loop
      vertex 1.711272268345001 3.0519779329690895 11.163439328416366
      vertex 1.7173609737290927 3.054499957316475 11.170710678118656
      vertex 1.6293707059661542 3.2808774655924173 11.163439328416366
    endloop
  endfacet
  facet normal -0.6327206558790551 -0.2263910706674037 0.7405482123035914
    outer loop
      vertex 1.7173609737290927 3.054499957316475 11.170710678118656
      vertex 1.7240788248927705 3.0572825823784737 11.177301045336275
      vertex 1.635677294183981 3.2827905482131725 11.170710678118656
    endloop
  endfacet
  facet normal -0.5613132492428452 -0.20084109202873476 0.8028638066179997
    outer loop
      vertex 1.7240788248927705 3.0572825823784737 11.177301045336275
      vertex 1.7313611252569778 3.060299009954603 11.183146961230257
      vertex 1.6426355420093168 3.284901309614706 11.177301045336275
    endloop
  endfacet
  facet normal -0.48447965590601777 -0.17334959274366438 0.8574551776674932
    outer loop
      vertex 1.7313611252569778 3.060299009954603 11.183146961230257
      vertex 1.7391377422882965 3.0635201901983566 11.188192126434837
      vertex 1.6501784377118387 3.2871894220108624 11.183146961230257
    endloop
  endfacet
  facet normal -0.4029585689672766 -0.14418088142920504 0.9037899452451007
    outer loop
      vertex 1.7391377422882965 3.0635201901983566 11.188192126434837
      vertex 1.747333782913584 3.0669151013831115 11.19238795325113
      vertex 1.6582333390825643 3.289632849628456 11.188192126434837
    endloop
  endfacet
  facet normal -0.31753569440779794 -0.11361608818068979 0.9414151407766264
    outer loop
      vertex 1.747333782913584 3.0669151013831115 11.19238795325113
      vertex 1.7558703147812071 3.0704510486583114 11.195694033573222
      vertex 1.6667226730180382 3.2922080609238176 11.19238795325113
    endloop
  endfacet
  facet normal -0.22903613313668533 -0.08195043882406089 0.9699621514751688
    outer loop
      vertex 1.7558703147812071 3.0704510486583114 11.195694033573222
      vertex 1.764665126422738 3.07409397891875 11.198078528040323
      vertex 1.6755646825917183 3.2948902552044177 11.195694033573222
    endloop
  endfacet
  facet normal -0.13831622619955142 -0.049490337084833406 0.9891508116081916
    outer loop
      vertex 1.764665126422738 3.07409397891875 11.198078528040323
      vertex 1.7736335189943344 3.0778088087545914 11.199518472667222
      vertex 1.6846742144178766 3.2976536014730984 11.198078528040323
    endloop
  endfacet
  facet normal -0.40295856896725574 -0.14418088142919655 0.9037899452451114
    outer loop
      vertex 1.747333782913584 3.0669151013831115 11.19238795325113
      vertex 1.6667226730180382 3.2922080609238176 11.19238795325113
      vertex 1.6582333390825643 3.289632849628456 11.188192126434837
    endloop
  endfacet
  facet normal -0.31753569440780577 -0.11361608818069298 0.9414151407766234
    outer loop
      vertex 1.7558703147812071 3.0704510486583114 11.195694033573222
      vertex 1.6755646825917183 3.2948902552044177 11.195694033573222
      vertex 1.6667226730180382 3.2922080609238176 11.19238795325113
    endloop
  endfacet
  facet normal -0.22903613313669036 -0.08195043882406292 0.9699621514751674
    outer loop
      vertex 1.764665126422738 3.07409397891875 11.198078528040323
      vertex 1.6846742144178766 3.2976536014730984 11.198078528040323
      vertex 1.6755646825917183 3.2948902552044177 11.195694033573222
    endloop
  endfacet
  facet normal -0.13831622619954617 -0.049490337084831276 0.9891508116081924
    outer loop
      vertex 1.7736335189943344 3.0778088087545914 11.199518472667222
      vertex 1.6939635387252503 3.300471487194693 11.199518472667222
      vertex 1.6846742144178766 3.2976536014730984 11.198078528040323
    endloop
  endfacet
  facet normal -0.04625495945469602 -0.016550289132061496 0.9987925543652645
    outer loop
      vertex 1.7826891219729113 3.0815597623237845 11.200000000000001
      vertex 1.7033431942426986 3.30331677458929 11.200000000000001
      vertex 1.6939635387252503 3.300471487194693 11.199518472667222
    endloop
  endfacet
  facet normal -0.046254959454696126 -0.016550289132061538 0.9987925543652644
    outer loop
      vertex 1.7736335189943344 3.0778088087545914 11.199518472667222
      vertex 1.7826891219729113 3.0815597623237845 11.200000000000001
      vertex 1.6939635387252503 3.300471487194693 11.199518472667222
    endloop
  endfacet
  facet normal -0.9700312531945439 -0.2429801799032646 0
    outer loop
      vertex 1.6076491606694776 3.274288306863844 10.305000000000001
      vertex 1.6076491606694776 3.274288306863844 11.105
      vertex 1.5480367989919235 3.512274194959679 10.305000000000001
    endloop
  endfacet
  facet normal -0.9700312531945439 -0.2429801799032646 0
    outer loop
      vertex 1.5480367989919235 3.512274194959679 10.305000000000001
      vertex 1.6076491606694776 3.274288306863844 11.105
      vertex 1.5480367989919235 3.512274194959679 11.105
    endloop
  endfacet
  facet normal 0 0 1
    outer loop
      vertex 1.6076491606694776 3.274288306863844 11.105
      vertex 1.607884217990037 3.2743596107224935 11.105
      vertex 1.5482777134475558 3.512322115824385 11.105
    endloop
  endfacet
  facet normal -0.968865616190378 -0.24268820303340535 0.04900871220972333
    outer loop
      vertex 1.607884217990037 3.2743596107224935 11.105
      vertex 1.6081099535969727 3.2744280868702296 11.109801714032958
      vertex 1.5482777134475558 3.512322115824385 11.105
    endloop
  endfacet
  facet normal -0.9595569997187012 -0.24035651598982746 0.14655752970105715
    outer loop
      vertex 1.6081099535969727 3.2744280868702296 11.109801714032958
      vertex 1.6094878946916706 3.2748460807315123 11.119509032201615
      vertex 1.5485090739120264 3.512368136282091 11.109801714032958
    endloop
  endfacet
  facet normal -0.9410275158922586 -0.23571512191222693 0.2427047499237477
    outer loop
      vertex 1.6094878946916706 3.2748460807315123 11.119509032201615
      vertex 1.611769713627571 3.2755382629383103 11.129028467725448
      vertex 1.5499213504066822 3.5126490555430374 11.119509032201615
    endloop
  endfacet
  facet normal -0.913451980298962 -0.2288078098258148 0.3365300370704203
    outer loop
      vertex 1.611769713627571 3.2755382629383103 11.129028467725448
      vertex 1.614933435240952 3.276497967397586 11.138268343236511
      vertex 1.552260027481219 3.5131142473364703 11.129028467725448
    endloop
  endfacet
  facet normal -0.8770909025327295 -0.2196998339868721 0.42713409093686583
    outer loop
      vertex 1.614933435240952 3.276497967397586 11.138268343236511
      vertex 1.6189485911632095 3.2777159516307695 11.147139673682602
      vertex 1.555502582396958 3.5137592316111186 11.138268343236511
    endloop
  endfacet
  facet normal -0.8322884107603965 -0.20847739401382406 0.5136469385668899
    outer loop
      vertex 1.6189485911632095 3.2777159516307695 11.147139673682602
      vertex 1.6237765132479058 3.2791804857838764 11.155557023301961
      vertex 1.5596177875774995 3.514577796815833 11.147139673682602
    endloop
  endfacet
  facet normal -0.7794694564925972 -0.19524693471880078 0.5952360883532243
    outer loop
      vertex 1.6237765132479058 3.2791804857838764 11.155557023301961
      vertex 1.6293707059661542 3.2808774655924173 11.163439328416366
      vertex 1.5645660113473547 3.515562059720219 11.155557023301961
    endloop
  endfacet
  facet normal -0.7191362822634353 -0.1801342613074456 0.6711144875768558
    outer loop
      vertex 1.6293707059661542 3.2808774655924173 11.163439328416366
      vertex 1.635677294183981 3.2827905482131725 11.170710678118656
      vertex 1.5702995996066464 3.516702541334455 11.163439328416366
    endloop
  endfacet
  facet normal -0.6518641383238102 -0.16328346646645617 0.7405482123035975
    outer loop
      vertex 1.635677294183981 3.2827905482131725 11.170710678118656
      vertex 1.6426355420093168 3.284901309614706 11.177301045336275
      vertex 1.5767633347661394 3.517988258197145 11.170710678118656
    endloop
  endfacet
  facet normal -0.5782962420265445 -0.1448556677552851 0.8028638066180009
    outer loop
      vertex 1.6426355420093168 3.284901309614706 11.177301045336275
      vertex 1.6501784377118387 3.2871894220108624 11.183146961230257
      vertex 1.5838949675228098 3.5194068281520567 11.177301045336275
    endloop
  endfacet
  facet normal -0.4991379852991174 -0.125027556653589 0.8574551776674811
    outer loop
      vertex 1.6501784377118387 3.2871894220108624 11.183146961230257
      vertex 1.6582333390825643 3.289632849628456 11.188192126434837
      vertex 1.5916258163546648 3.520944589595055 11.183146961230257
    endloop
  endfacet
  facet normal -0.4151504110057839 -0.1039897644750098 0.9037899452451111
    outer loop
      vertex 1.6582333390825643 3.289632849628456 11.188192126434837
      vertex 1.6667226730180382 3.2922080609238176 11.19238795325113
      vertex 1.599881428961341 3.5225867330428184 11.188192126434837
    endloop
  endfacet
  facet normal -0.3271429973068006 -0.08194505494325309 0.9414151407766235
    outer loop
      vertex 1.6667226730180382 3.2922080609238176 11.19238795325113
      vertex 1.6755646825917183 3.2948902552044177 11.195694033573222
      vertex 1.6085822992804601 3.524317443756258 11.19238795325113
    endloop
  endfacet
  facet normal -0.23596580921598134 -0.05910635825959272 0.9699621514751676
    outer loop
      vertex 1.6755646825917183 3.2948902552044177 11.195694033573222
      vertex 1.6846742144178766 3.2976536014730984 11.198078528040323
      vertex 1.6176446331744687 3.5261200540451 11.195694033573222
    endloop
  endfacet
  facet normal -0.14250109707972577 -0.03569466663142663 0.9891508116081924
    outer loop
      vertex 1.6846742144178766 3.2976536014730984 11.198078528040323
      vertex 1.6939635387252503 3.300471487194693 11.199518472667222
      vertex 1.6269811554139921 3.5279772037868566 11.198078528040323
    endloop
  endfacet
  facet normal -0.04765444119450722 -0.011936816114427443 0.9987925543652645
    outer loop
      vertex 1.6939635387252503 3.300471487194693 11.199518472667222
      vertex 1.7033431942426986 3.30331677458929 11.200000000000001
      vertex 1.6365019501860014 3.5298710076142927 11.199518472667222
    endloop
  endfacet
  facet normal 0 0 1
    outer loop
      vertex 1.6076491606694776 3.274288306863844 11.105
      vertex 1.5482777134475558 3.512322115824385 11.105
      vertex 1.5480367989919235 3.512274194959679 11.105
    endloop
  endfacet
  facet normal -0.9688656161903764 -0.24268820303340408 0.04900871220976691
    outer loop
      vertex 1.6081099535969727 3.2744280868702296 11.109801714032958
      vertex 1.5485090739120264 3.512368136282091 11.109801714032958
      vertex 1.5482777134475558 3.512322115824385 11.105
    endloop
  endfacet
  facet normal -0.9595569997186979 -0.2403565159898257 0.14655752970108119
    outer loop
      vertex 1.6094878946916706 3.2748460807315123 11.119509032201615
      vertex 1.5499213504066822 3.5126490555430374 11.119509032201615
      vertex 1.5485090739120264 3.512368136282091 11.109801714032958
    endloop
  endfacet
  facet normal -0.9410275158922584 -0.23571512191222677 0.24270474992374932
    outer loop
      vertex 1.611769713627571 3.2755382629383103 11.129028467725448
      vertex 1.552260027481219 3.5131142473364703 11.129028467725448
      vertex 1.5499213504066822 3.5126490555430374 11.119509032201615
    endloop
  endfacet
  facet normal -0.9134519802989659 -0.22880780982581633 0.3365300370704086
    outer loop
      vertex 1.614933435240952 3.276497967397586 11.138268343236511
      vertex 1.555502582396958 3.5137592316111186 11.138268343236511
      vertex 1.552260027481219 3.5131142473364703 11.129028467725448
    endloop
  endfacet
  facet normal -0.8770909025327257 -0.21969983398687074 0.42713409093687427
    outer loop
      vertex 1.6189485911632095 3.2777159516307695 11.147139673682602
      vertex 1.5596177875774995 3.514577796815833 11.147139673682602
      vertex 1.555502582396958 3.5137592316111186 11.138268343236511
    endloop
  endfacet
  facet normal -0.8322884107604127 -0.2084773940138295 0.5136469385668613
    outer loop
      vertex 1.6237765132479058 3.2791804857838764 11.155557023301961
      vertex 1.5645660113473547 3.515562059720219 11.155557023301961
      vertex 1.5596177875774995 3.514577796815833 11.147139673682602
    endloop
  endfacet
  facet normal -0.7794694564925984 -0.1952469347188011 0.595236088353223
    outer loop
      vertex 1.6293707059661542 3.2808774655924173 11.163439328416366
      vertex 1.5702995996066464 3.516702541334455 11.163439328416366
      vertex 1.5645660113473547 3.515562059720219 11.155557023301961
    endloop
  endfacet
  facet normal -0.7191362822634246 -0.18013426130744217 0.6711144875768682
    outer loop
      vertex 1.635677294183981 3.2827905482131725 11.170710678118656
      vertex 1.5767633347661394 3.517988258197145 11.170710678118656
      vertex 1.5702995996066464 3.516702541334455 11.163439328416366
    endloop
  endfacet
  facet normal -0.6518641383238148 -0.1632834664664576 0.7405482123035932
    outer loop
      vertex 1.6426355420093168 3.284901309614706 11.177301045336275
      vertex 1.5838949675228098 3.5194068281520567 11.177301045336275
      vertex 1.5767633347661394 3.517988258197145 11.170710678118656
    endloop
  endfacet
  facet normal -0.578296242026547 -0.14485566775528588 0.802863806617999
    outer loop
      vertex 1.6501784377118387 3.2871894220108624 11.183146961230257
      vertex 1.5916258163546648 3.520944589595055 11.183146961230257
      vertex 1.5838949675228098 3.5194068281520567 11.177301045336275
    endloop
  endfacet
  facet normal -0.49913798529910386 -0.12502755665358492 0.8574551776674896
    outer loop
      vertex 1.6582333390825643 3.289632849628456 11.188192126434837
      vertex 1.599881428961341 3.5225867330428184 11.188192126434837
      vertex 1.5916258163546648 3.520944589595055 11.183146961230257
    endloop
  endfacet
  facet normal -0.41515041100579053 -0.10398976447501178 0.9037899452451077
    outer loop
      vertex 1.6667226730180382 3.2922080609238176 11.19238795325113
      vertex 1.6085822992804601 3.524317443756258 11.19238795325113
      vertex 1.599881428961341 3.5225867330428184 11.188192126434837
    endloop
  endfacet
  facet normal -0.3271429973067975 -0.08194505494325217 0.9414151407766247
    outer loop
      vertex 1.6755646825917183 3.2948902552044177 11.195694033573222
      vertex 1.6176446331744687 3.5261200540451 11.195694033573222
      vertex 1.6085822992804601 3.524317443756258 11.19238795325113
    endloop
  endfacet
  facet normal -0.2359658092159811 -0.05910635825959264 0.9699621514751676
    outer loop
      vertex 1.6846742144178766 3.2976536014730984 11.198078528040323
      vertex 1.6269811554139921 3.5279772037868566 11.198078528040323
      vertex 1.6176446331744687 3.5261200540451 11.195694033573222
    endloop
  endfacet
  facet normal -0.142501097079726 -0.035694666631426696 0.9891508116081925
    outer loop
      vertex 1.6939635387252503 3.300471487194693 11.199518472667222
      vertex 1.6365019501860014 3.5298710076142927 11.199518472667222
      vertex 1.6269811554139921 3.5279772037868566 11.198078528040323
    endloop
  endfacet
  facet normal -0.047654441194507825 -0.01193681611442762 0.9987925543652643
    outer loop
      vertex 1.7033431942426986 3.30331677458929 11.200000000000001
      vertex 1.6461153270322466 3.5317832271612923 11.200000000000001
      vertex 1.6365019501860014 3.5298710076142927 11.199518472667222
    endloop
  endfacet
  facet normal -0.6647298127713338 -0.09860335322361712 0.7405482123035921
    outer loop
      vertex 1.5767633347661394 3.517988258197145 11.170710678118656
      vertex 1.5838949675228098 3.5194068281520567 11.177301045336275
      vertex 1.541186469110408 3.7578280047490997 11.170710678118656
    endloop
  endfacet
  facet normal -0.5897099258706486 -0.08747520421518912 0.8028638066179998
    outer loop
      vertex 1.5838949675228098 3.5194068281520567 11.177301045336275
      vertex 1.5916258163546648 3.520944589595055 11.183146961230257
      vertex 1.5484228052764193 3.7585407216532545 11.177301045336275
    endloop
  endfacet
  facet normal -0.5089893430371761 -0.0755014368459146 0.8574551776674896
    outer loop
      vertex 1.5916258163546648 3.520944589595055 11.183146961230257
      vertex 1.599881428961341 3.5225867330428184 11.188192126434837
      vertex 1.5562671549372449 3.7593133226597737 11.183146961230257
    endloop
  endfacet
  facet normal -0.4233441276420334 -0.06279716924234166 0.9037899452451075
    outer loop
      vertex 1.599881428961341 3.5225867330428184 11.188192126434837
      vertex 1.6085822992804601 3.524317443756258 11.19238795325113
      vertex 1.5646439727174921 3.7601383671986173 11.188192126434837
    endloop
  endfacet
  facet normal -0.3335997343071748 -0.04948484603098564 0.9414151407766247
    outer loop
      vertex 1.6085822992804601 3.524317443756258 11.19238795325113
      vertex 1.6176446331744687 3.5261200540451 11.195694033573222
      vertex 1.5734725852827038 3.761007909639862 11.19238795325113
    endloop
  endfacet
  facet normal -0.24062300556048993 -0.03569305115426052 0.9699621514751676
    outer loop
      vertex 1.6176446331744687 3.5261200540451 11.195694033573222
      vertex 1.6269811554139921 3.5279772037868566 11.198078528040323
      vertex 1.5826679682676663 3.7619135758144573 11.195694033573222
    endloop
  endfacet
  facet normal -0.14531360449600456 -0.021555237025671782 0.9891508116081924
    outer loop
      vertex 1.6269811554139921 3.5279772037868566 11.198078528040323
      vertex 1.6365019501860014 3.5298710076142927 11.199518472667222
      vertex 1.592141565107526 3.762846643662055 11.198078528040323
    endloop
  endfacet
  facet normal -0.04859498461504862 -0.0072083850322840985 0.9987925543652643
    outer loop
      vertex 1.6365019501860014 3.5298710076142927 11.199518472667222
      vertex 1.6461153270322466 3.5317832271612923 11.200000000000001
      vertex 1.6018021398859204 3.763798127229216 11.199518472667222
    endloop
  endfacet
  facet normal -0.5897099258706419 -0.08747520421518777 0.802863806618005
    outer loop
      vertex 1.5916258163546648 3.520944589595055 11.183146961230257
      vertex 1.5562671549372449 3.7593133226597737 11.183146961230257
      vertex 1.5484228052764193 3.7585407216532545 11.177301045336275
    endloop
  endfacet
  facet normal -0.5089893430371791 -0.07550143684591518 0.8574551776674877
    outer loop
      vertex 1.599881428961341 3.5225867330428184 11.188192126434837
      vertex 1.5646439727174921 3.7601383671986173 11.188192126434837
      vertex 1.5562671549372449 3.7593133226597737 11.183146961230257
    endloop
  endfacet
  facet normal -0.4233441276420389 -0.06279716924234273 0.9037899452451049
    outer loop
      vertex 1.6085822992804601 3.524317443756258 11.19238795325113
      vertex 1.5734725852827038 3.761007909639862 11.19238795325113
      vertex 1.5646439727174921 3.7601383671986173 11.188192126434837
    endloop
  endfacet
  facet normal -0.3335997343071622 -0.049484846030983194 0.9414151407766291
    outer loop
      vertex 1.6176446331744687 3.5261200540451 11.195694033573222
      vertex 1.5826679682676663 3.7619135758144573 11.195694033573222
      vertex 1.5734725852827038 3.761007909639862 11.19238795325113
    endloop
  endfacet
  facet normal -0.24062300556049437 -0.035693051154261364 0.9699621514751664
    outer loop
      vertex 1.6269811554139921 3.5279772037868566 11.198078528040323
      vertex 1.592141565107526 3.762846643662055 11.198078528040323
      vertex 1.5826679682676663 3.7619135758144573 11.195694033573222
    endloop
  endfacet
  facet normal -0.14531360449600655 -0.02155523702567216 0.9891508116081922
    outer loop
      vertex 1.6365019501860014 3.5298710076142927 11.199518472667222
      vertex 1.6018021398859204 3.763798127229216 11.199518472667222
      vertex 1.592141565107526 3.762846643662055 11.198078528040323
    endloop
  endfacet
  facet normal -0.04859498461504851 -0.007208385032284078 0.9987925543652643
    outer loop
      vertex 1.6461153270322466 3.5317832271612923 11.200000000000001
      vertex 1.611556655986727 3.7647588632090545 11.200000000000001
      vertex 1.6018021398859204 3.763798127229216 11.199518472667222
    endloop
  endfacet
  facet normal 0 0 1
    outer loop
      vertex 1.7826891219729113 3.0815597623237845 11.200000000000001
      vertex 1.7033431942426986 4.69668322541071 11.200000000000001
      vertex 1.7033431942426986 3.30331677458929 11.200000000000001
    endloop
  endfacet
  facet normal -0.4274608089056485 -0.020999802941442377 0.9037899452451045
    outer loop
      vertex 1.5646439727174921 3.7601383671986173 11.188192126434837
      vertex 1.5734725852827038 3.761007909639862 11.19238795325113
      vertex 1.5528603263173997 4 11.188192126434837
    endloop
  endfacet
  facet normal -0.336843723501996 -0.016548071000270108 0.9414151407766294
    outer loop
      vertex 1.5734725852827038 3.761007909639862 11.19238795325113
      vertex 1.5826679682676663 3.7619135758144573 11.195694033573222
      vertex 1.5617316567634907 4 11.19238795325113
    endloop
  endfacet
  facet normal -0.24296287082354004 -0.011936000454506596 0.9699621514751664
    outer loop
      vertex 1.5826679682676663 3.7619135758144573 11.195694033573222
      vertex 1.592141565107526 3.762846643662055 11.198078528040323
      vertex 1.5709715322745534 4 11.195694033573222
    endloop
  endfacet
  facet normal -0.14672666246449254 -0.007208218704068339 0.9891508116081921
    outer loop
      vertex 1.592141565107526 3.762846643662055 11.198078528040323
      vertex 1.6018021398859204 3.763798127229216 11.199518472667222
      vertex 1.580490967798387 4 11.198078528040323
    endloop
  endfacet
  facet normal -0.04906753176902553 -0.0024105332617754475 0.9987925543652643
    outer loop
      vertex 1.6018021398859204 3.763798127229216 11.199518472667222
      vertex 1.611556655986727 3.7647588632090545 11.200000000000001
      vertex 1.5901982859670434 4 11.199518472667222
    endloop
  endfacet
  facet normal 0 0 1
    outer loop
      vertex 1.6461153270322466 3.5317832271612923 11.200000000000001
      vertex 1.611556655986727 4.235241136790945 11.200000000000001
      vertex 1.611556655986727 3.7647588632090545 11.200000000000001
    endloop
  endfacet
  facet normal 0 0 1
    outer loop
      vertex 1.7033431942426986 3.30331677458929 11.200000000000001
      vertex 1.6461153270322466 4.468216772838708 11.200000000000001
      vertex 1.6461153270322466 3.5317832271612923 11.200000000000001
    endloop
  endfacet
  facet normal -0.42746080890564525 -0.020999802941442058 0.9037899452451061
    outer loop
      vertex 1.5734725852827038 3.761007909639862 11.19238795325113
      vertex 1.5617316567634907 4 11.19238795325113
      vertex 1.5528603263173997 4 11.188192126434837
    endloop
  endfacet
  facet normal -0.3368437235020074 -0.016548071000271176 0.9414151407766252
    outer loop
      vertex 1.5826679682676663 3.7619135758144573 11.195694033573222
      vertex 1.5709715322745534 4 11.195694033573222
      vertex 1.5617316567634907 4 11.19238795325113
    endloop
  endfacet
  facet normal -0.2429628708235341 -0.011936000454506048 0.9699621514751681
    outer loop
      vertex 1.592141565107526 3.762846643662055 11.198078528040323
      vertex 1.580490967798387 4 11.198078528040323
      vertex 1.5709715322745534 4 11.195694033573222
    endloop
  endfacet
  facet normal -0.1467266624644931 -0.0072082187040683875 0.9891508116081921
    outer loop
      vertex 1.6018021398859204 3.763798127229216 11.199518472667222
      vertex 1.5901982859670434 4 11.199518472667222
      vertex 1.580490967798387 4 11.198078528040323
    endloop
  endfacet
  facet normal -0.04906753176902532 -0.0024105332617754285 0.9987925543652643
    outer loop
      vertex 1.611556655986727 3.7647588632090545 11.200000000000001
      vertex 1.5999999999999996 4 11.200000000000001
      vertex 1.5901982859670434 4 11.199518472667222
    endloop
  endfacet
  facet normal 0 0 1
    outer loop
      vertex 1.7826891219729113 3.0815597623237845 11.200000000000001
      vertex 1.8833889655639475 2.868647831617605 11.200000000000001
      vertex 1.7826891219729113 4.918440237676216 11.200000000000001
    endloop
  endfacet
  facet normal 0 0 1
    outer loop
      vertex 2.004472930473891 2.6666314407529548 11.200000000000001
      vertex 1.8833889655639475 5.131352168382395 11.200000000000001
      vertex 1.8833889655639475 2.868647831617605 11.200000000000001
    endloop
  endfacet
  facet normal -0.5956993044924332 -0.8032075314806448 0
    outer loop
      vertex 2.414016789590886 2.067473866593157 10.305000000000001
      vertex 2.414016789590886 2.067473866593157 9.600000000000001
      vertex 2.611074417450994 1.9213259692436364 10.305000000000001
    endloop
  endfacet
  facet normal -0.5956993044924334 -0.803207531480645 0
    outer loop
      vertex 2.414016789590886 2.067473866593157 10.305000000000001
      vertex 2.611074417450994 1.9213259692436364 11.105
      vertex 2.414016789590886 2.067473866593157 11.105
    endloop
  endfacet
  facet normal 0 0 1
    outer loop
      vertex 2.414016789590886 2.067473866593157 11.105
      vertex 2.611074417450994 1.9213259692436364 11.105
      vertex 2.414172618308715 2.0676637444352197 11.105
    endloop
  endfacet
  facet normal -0.5949834830687537 -0.8022423580208832 0.04900871220984038
    outer loop
      vertex 2.414172618308715 2.0676637444352197 11.105
      vertex 2.6113419397034723 1.9217263445883366 11.109801714032958
      vertex 2.414322267296943 2.0678460922549764 11.109801714032958
    endloop
  endfacet
  facet normal -0.5892670318310205 -0.794534615787741 0.14655752970109012
    outer loop
      vertex 2.414322267296943 2.0678460922549764 11.109801714032958
      vertex 2.6121419300753725 1.9229236147889992 11.119509032201615
      vertex 2.415235758497814 2.068959184503831 11.119509032201615
    endloop
  endfacet
  facet normal -0.5778880163697558 -0.7791917895490762 0.24270474992372304
    outer loop
      vertex 2.415235758497814 2.068959184503831 11.119509032201615
      vertex 2.613466684222095 1.9249062494790983 11.129028467725448
      vertex 2.4167484657738685 2.0708024236528866 11.129028467725448
    endloop
  endfacet
  facet normal -0.5609537914983026 -0.7563586305140351 0.3365300370704114
    outer loop
      vertex 2.4167484657738685 2.0708024236528866 11.129028467725448
      vertex 2.615303444037021 1.9276551548027494 11.138268343236511
      vertex 2.4188458209271095 2.0733580583015208 11.138268343236511
    endloop
  endfacet
  facet normal -0.5386243369940149 -0.726250846441702 0.42713409093687327
    outer loop
      vertex 2.4188458209271095 2.0733580583015208 11.138268343236511
      vertex 2.6176345205190588 1.9311438572989816 11.147139673682602
      vertex 2.42150762528088 2.0766014762910148 11.147139673682602
    endloop
  endfacet
  facet normal -0.5111109830681383 -0.6891533831361373 0.5136469385668893
    outer loop
      vertex 2.42150762528088 2.0766014762910148 11.147139673682602
      vertex 2.62043746412739 1.9353387588556363 11.155557023301961
      vertex 2.424708244204162 2.080501441733098 11.155557023301961
    endloop
  endfacet
  facet normal -0.4786746938065998 -0.6454181099342462 0.5952360883532374
    outer loop
      vertex 2.424708244204162 2.080501441733098 11.155557023301961
      vertex 2.623685280982822 1.940199460277558 11.163439328416366
      vertex 2.4284168539870894 2.0850203958286246 11.163439328416366
    endloop
  endfacet
  facet normal -0.4416238979608292 -0.5954608948657633 0.6711144875768571
    outer loop
      vertex 2.4284168539870894 2.0850203958286246 11.163439328416366
      vertex 2.6273466928335996 1.9456791503529232 11.170710678118656
      vertex 2.432597738690119 2.0901148185793432 11.170710678118656
    endloop
  endfacet
  facet normal -0.40031185855532075 -0.5397580579796212 0.7405482123035965
    outer loop
      vertex 2.432597738690119 2.0901148185793432 11.170710678118656
      vertex 2.6313864382820675 1.9517250566708024 11.177301045336275
      vertex 2.437210634108057 2.0957356479092697 11.177301045336275
    endloop
  endfacet
  facet normal -0.5956993044924332 -0.8032075314806448 0
    outer loop
      vertex 2.611074417450994 1.9213259692436364 10.305000000000001
      vertex 2.414016789590886 2.067473866593157 9.600000000000001
      vertex 2.611074417450994 1.9213259692436364 9.600000000000001
    endloop
  endfacet
  facet normal -0.5141027441932221 -0.857728610000272 0
    outer loop
      vertex 2.8215081579350056 1.7951968391291118 10.305000000000001
      vertex 2.611074417450994 1.9213259692436364 9.600000000000001
      vertex 2.8215081579350056 1.7951968391291118 9.600000000000001
    endloop
  endfacet
  facet normal -0.5141027441932221 -0.857728610000272 0
    outer loop
      vertex 2.611074417450994 1.9213259692436364 10.305000000000001
      vertex 2.611074417450994 1.9213259692436364 9.600000000000001
      vertex 2.8215081579350056 1.7951968391291118 10.305000000000001
    endloop
  endfacet
  facet normal -0.4275550934302813 -0.9039892931234437 0
    outer loop
      vertex 2.8215081579350056 1.7951968391291118 10.305000000000001
      vertex 2.8215081579350056 1.7951968391291118 9.600000000000001
      vertex 3.0432914190872755 1.6903011687217826 10.305000000000001
    endloop
  endfacet
  facet normal -0.4275550934302813 -0.9039892931234437 0
    outer loop
      vertex 3.0432914190872755 1.6903011687217826 10.305000000000001
      vertex 2.8215081579350056 1.7951968391291118 9.600000000000001
      vertex 3.0432914190872755 1.6903011687217826 9.600000000000001
    endloop
  endfacet
  facet normal -0.5956993044924334 -0.803207531480645 0
    outer loop
      vertex 2.414016789590886 2.067473866593157 10.305000000000001
      vertex 2.611074417450994 1.9213259692436364 10.305000000000001
      vertex 2.611074417450994 1.9213259692436364 11.105
    endloop
  endfacet
  facet normal -0.5141027441932221 -0.857728610000272 0
    outer loop
      vertex 2.611074417450994 1.9213259692436364 10.305000000000001
      vertex 2.8215081579350056 1.7951968391291118 10.305000000000001
      vertex 2.8215081579350056 1.7951968391291118 11.105
    endloop
  endfacet
  facet normal -0.5141027441932221 -0.857728610000272 0
    outer loop
      vertex 2.611074417450994 1.9213259692436364 10.305000000000001
      vertex 2.8215081579350056 1.7951968391291118 11.105
      vertex 2.611074417450994 1.9213259692436364 11.105
    endloop
  endfacet
  facet normal 0 0 1
    outer loop
      vertex 2.414172618308715 2.0676637444352197 11.105
      vertex 2.611074417450994 1.9213259692436364 11.105
      vertex 2.611210884527864 1.9215302066572937 11.105
    endloop
  endfacet
  facet normal -0.594983483068755 -0.8022423580208878 0.049008712209749235
    outer loop
      vertex 2.414172618308715 2.0676637444352197 11.105
      vertex 2.611210884527864 1.9215302066572937 11.105
      vertex 2.6113419397034723 1.9217263445883366 11.109801714032958
    endloop
  endfacet
  facet normal -0.5892670318310214 -0.7945346157877431 0.14655752970107566
    outer loop
      vertex 2.414322267296943 2.0678460922549764 11.109801714032958
      vertex 2.6113419397034723 1.9217263445883366 11.109801714032958
      vertex 2.6121419300753725 1.9229236147889992 11.119509032201615
    endloop
  endfacet
  facet normal -0.5778880163697512 -0.7791917895490671 0.2427047499237636
    outer loop
      vertex 2.415235758497814 2.068959184503831 11.119509032201615
      vertex 2.6121419300753725 1.9229236147889992 11.119509032201615
      vertex 2.613466684222095 1.9249062494790983 11.129028467725448
    endloop
  endfacet
  facet normal -0.5609537914983068 -0.7563586305140426 0.3365300370703872
    outer loop
      vertex 2.4167484657738685 2.0708024236528866 11.129028467725448
      vertex 2.613466684222095 1.9249062494790983 11.129028467725448
      vertex 2.615303444037021 1.9276551548027494 11.138268343236511
    endloop
  endfacet
  facet normal -0.5386243369940091 -0.7262508464416924 0.42713409093689697
    outer loop
      vertex 2.4188458209271095 2.0733580583015208 11.138268343236511
      vertex 2.615303444037021 1.9276551548027494 11.138268343236511
      vertex 2.6176345205190588 1.9311438572989816 11.147139673682602
    endloop
  endfacet
  facet normal -0.5111109830681496 -0.6891533831361554 0.5136469385668535
    outer loop
      vertex 2.42150762528088 2.0766014762910148 11.147139673682602
      vertex 2.6176345205190588 1.9311438572989816 11.147139673682602
      vertex 2.62043746412739 1.9353387588556363 11.155557023301961
    endloop
  endfacet
  facet normal -0.4786746938066051 -0.6454181099342543 0.5952360883532245
    outer loop
      vertex 2.424708244204162 2.080501441733098 11.155557023301961
      vertex 2.62043746412739 1.9353387588556363 11.155557023301961
      vertex 2.623685280982822 1.940199460277558 11.163439328416366
    endloop
  endfacet
  facet normal -0.4416238979608253 -0.5954608948657573 0.6711144875768651
    outer loop
      vertex 2.4284168539870894 2.0850203958286246 11.163439328416366
      vertex 2.623685280982822 1.940199460277558 11.163439328416366
      vertex 2.6273466928335996 1.9456791503529232 11.170710678118656
    endloop
  endfacet
  facet normal -0.4003118585553288 -0.5397580579796334 0.7405482123035834
    outer loop
      vertex 2.432597738690119 2.0901148185793432 11.170710678118656
      vertex 2.6273466928335996 1.9456791503529232 11.170710678118656
      vertex 2.6313864382820675 1.9517250566708024 11.177301045336275
    endloop
  endfacet
  facet normal -0.35513357742990637 -0.47884219760237706 0.8028638066180109
    outer loop
      vertex 2.437210634108057 2.0957356479092697 11.177301045336275
      vertex 2.6313864382820675 1.9517250566708024 11.177301045336275
      vertex 2.635765612371209 1.958278953848327 11.183146961230257
    endloop
  endfacet
  facet normal -0.30652223803019824 -0.41329739399634563 0.8574551776674906
    outer loop
      vertex 2.442211115536364 2.1018287521592987 11.183146961230257
      vertex 2.635765612371209 1.958278953848327 11.183146961230257
      vertex 2.6404420412606444 1.9652777242729513 11.188192126434837
    endloop
  endfacet
  facet normal -0.2549451992206121 -0.3437538076417716 0.9037899452451029
    outer loop
      vertex 2.4475510256053434 2.108335451404673 11.188192126434837
      vertex 2.6404420412606444 1.9652777242729513 11.188192126434837
      vertex 2.645370688383773 1.9726539659595703 11.19238795325113
    endloop
  endfacet
  facet normal -0.20089956413615287 -0.27088170452511723 0.9414151407766239
    outer loop
      vertex 2.45317893806194 2.115193082574736 11.19238795325113
      vertex 2.645370688383773 1.9726539659595703 11.19238795325113
      vertex 2.650504088174526 1.9803366416684773 11.195694033573222
    endloop
  endfacet
  facet normal -0.14490736042888872 -0.19538495745371814 0.9699621514751702
    outer loop
      vertex 2.4590406530326665 2.122335602932558 11.195694033573222
      vertex 2.650504088174526 1.9803366416684773 11.195694033573222
      vertex 2.655792803186718 1.9882517630328183 11.198078528040323
    endloop
  endfacet
  facet normal -0.08751038086685174 -0.11799408940872444 0.9891508116081917
    outer loop
      vertex 2.655792803186718 1.9882517630328183 11.198078528040323
      vertex 2.6611859002036735 1.9963231031070086 11.199518472667222
      vertex 2.465079718998015 2.129694226102594 11.198078528040323
    endloop
  endfacet
  facet normal -0.02926474521522465 -0.039458941090687746 0.9987925543652643
    outer loop
      vertex 2.6611859002036735 1.9963231031070086 11.199518472667222
      vertex 2.6666314407529548 2.004472930473891 11.200000000000001
      vertex 2.4712379764514507 2.1371980845210836 11.199518472667222
    endloop
  endfacet
  facet normal 0 0 1
    outer loop
      vertex 2.611074417450994 1.9213259692436364 11.105
      vertex 2.8215081579350056 1.7951968391291118 11.105
      vertex 2.611210884527864 1.9215302066572937 11.105
    endloop
  endfacet
  facet normal -0.5134849731878013 -0.8566979213455959 0.049008712209754834
    outer loop
      vertex 2.611210884527864 1.9215302066572937 11.105
      vertex 2.821735148348371 1.795621508323256 11.109801714032958
      vertex 2.6113419397034723 1.9217263445883366 11.109801714032958
    endloop
  endfacet
  facet normal -0.5085515390773303 -0.8484669837948896 0.1465575297010742
    outer loop
      vertex 2.6113419397034723 1.9217263445883366 11.109801714032958
      vertex 2.8224139335467 1.7968914261092004 11.119509032201615
      vertex 2.6121419300753725 1.9229236147889992 11.119509032201615
    endloop
  endfacet
  facet normal -0.4987311766381971 -0.8320826989028938 0.24270474992376165
    outer loop
      vertex 2.6121419300753725 1.9229236147889992 11.119509032201615
      vertex 2.8235379764574717 1.7989943624844584 11.129028467725448
      vertex 2.613466684222095 1.9249062494790983 11.129028467725448
    endloop
  endfacet
  facet normal -0.4841165356414055 -0.8076996434739623 0.3365300370703899
    outer loop
      vertex 2.613466684222095 1.9249062494790983 11.129028467725448
      vertex 2.825096451932991 1.8019100650221556 11.138268343236511
      vertex 2.615303444037021 1.9276551548027494 11.138268343236511
    endloop
  endfacet
  facet normal -0.46484568246023844 -0.7755481673355854 0.4271340909368979
    outer loop
      vertex 2.615303444037021 1.9276551548027494 11.138268343236511
      vertex 2.8270743510024783 1.8056104539129678 11.147139673682602
      vertex 2.6176345205190588 1.9311438572989816 11.147139673682602
    endloop
  endfacet
  facet normal -0.4411010001203877 -0.7359325581829458 0.5136469385668515
    outer loop
      vertex 2.6176345205190588 1.9311438572989816 11.147139673682602
      vertex 2.829452625416666 1.8100598923890376 11.155557023301961
      vertex 2.62043746412739 1.9353387588556363 11.155557023301961
    endloop
  endfacet
  facet normal -0.4131077068681562 -0.6892285699592579 0.5952360883532263
    outer loop
      vertex 2.62043746412739 1.9353387588556363 11.155557023301961
      vertex 2.8322083710928476 1.8152155299255317 11.163439328416366
      vertex 2.623685280982822 1.940199460277558 11.163439328416366
    endloop
  endfacet
  facet normal -0.3811319840912313 -0.6358802994802755 0.6711144875768638
    outer loop
      vertex 2.623685280982822 1.940199460277558 11.163439328416366
      vertex 2.835315048693718 1.8210277149146141 11.170710678118656
      vertex 2.6273466928335996 1.9456791503529232 11.170710678118656
    endloop
  endfacet
  facet normal -0.34547870622702137 -0.5763963990151814 0.7405482123035848
    outer loop
      vertex 2.6273466928335996 1.9456791503529232 11.170710678118656
      vertex 2.8387427392156983 1.8274404728375768 11.177301045336275
      vertex 2.6313864382820675 1.9517250566708024 11.177301045336275
    endloop
  endfacet
  facet normal -0.3064887693085926 -0.5113456192347218 0.8028638066180112
    outer loop
      vertex 2.6313864382820675 1.9517250566708024 11.177301045336275
      vertex 2.8424584321252953 1.834392045330052 11.183146961230257
      vertex 2.635765612371209 1.958278953848327 11.183146961230257
    endloop
  endfacet
  facet normal -0.2645360210078522 -0.4413516872977216 0.8574551776674902
    outer loop
      vertex 2.635765612371209 1.958278953848327 11.183146961230257
      vertex 2.8464263432685852 1.8418154849488202 11.188192126434837
      vertex 2.6404420412606444 1.9652777242729513 11.188192126434837
    endloop
  endfacet
  facet normal 0 0 1
    outer loop
      vertex 2.611210884527864 1.9215302066572937 11.105
      vertex 2.8215081579350056 1.7951968391291118 11.105
      vertex 2.821623949118365 1.7954134691964225 11.105
    endloop
  endfacet
  facet normal -0.513484973187801 -0.8566979213455945 0.04900871220977865
    outer loop
      vertex 2.611210884527864 1.9215302066572937 11.105
      vertex 2.821623949118365 1.7954134691964225 11.105
      vertex 2.821735148348371 1.795621508323256 11.109801714032958
    endloop
  endfacet
  facet normal -0.5085515390773294 -0.848466983794886 0.14655752970109825
    outer loop
      vertex 2.6113419397034723 1.9217263445883366 11.109801714032958
      vertex 2.821735148348371 1.795621508323256 11.109801714032958
      vertex 2.8224139335467 1.7968914261092004 11.119509032201615
    endloop
  endfacet
  facet normal -0.49873117663820166 -0.8320826989029051 0.24270474992371352
    outer loop
      vertex 2.6121419300753725 1.9229236147889992 11.119509032201615
      vertex 2.8224139335467 1.7968914261092004 11.119509032201615
      vertex 2.8235379764574717 1.7989943624844584 11.129028467725448
    endloop
  endfacet
  facet normal -0.48411653564139906 -0.8076996434739476 0.3365300370704342
    outer loop
      vertex 2.613466684222095 1.9249062494790983 11.129028467725448
      vertex 2.8235379764574717 1.7989943624844584 11.129028467725448
      vertex 2.825096451932991 1.8019100650221556 11.138268343236511
    endloop
  endfacet
  facet normal -0.4648456824602414 -0.7755481673355916 0.4271340909368831
    outer loop
      vertex 2.615303444037021 1.9276551548027494 11.138268343236511
      vertex 2.825096451932991 1.8019100650221556 11.138268343236511
      vertex 2.8270743510024783 1.8056104539129678 11.147139673682602
    endloop
  endfacet
  facet normal -0.44110100012038755 -0.7359325581829456 0.513646938566852
    outer loop
      vertex 2.6176345205190588 1.9311438572989816 11.147139673682602
      vertex 2.8270743510024783 1.8056104539129678 11.147139673682602
      vertex 2.829452625416666 1.8100598923890376 11.155557023301961
    endloop
  endfacet
  facet normal -0.41310770686815235 -0.6892285699592501 0.595236088353238
    outer loop
      vertex 2.62043746412739 1.9353387588556363 11.155557023301961
      vertex 2.829452625416666 1.8100598923890376 11.155557023301961
      vertex 2.8322083710928476 1.8152155299255317 11.163439328416366
    endloop
  endfacet
  facet normal -0.38113198409123966 -0.6358802994802916 0.6711144875768438
    outer loop
      vertex 2.623685280982822 1.940199460277558 11.163439328416366
      vertex 2.8322083710928476 1.8152155299255317 11.163439328416366
      vertex 2.835315048693718 1.8210277149146141 11.170710678118656
    endloop
  endfacet
  facet normal -0.34547870622701415 -0.5763963990151677 0.7405482123035989
    outer loop
      vertex 2.6273466928335996 1.9456791503529232 11.170710678118656
      vertex 2.835315048693718 1.8210277149146141 11.170710678118656
      vertex 2.8387427392156983 1.8274404728375768 11.177301045336275
    endloop
  endfacet
  facet normal -0.30648876930860164 -0.5113456192347386 0.802863806617997
    outer loop
      vertex 2.6313864382820675 1.9517250566708024 11.177301045336275
      vertex 2.8387427392156983 1.8274404728375768 11.177301045336275
      vertex 2.8424584321252953 1.834392045330052 11.183146961230257
    endloop
  endfacet
  facet normal -0.26453602100785273 -0.4413516872977226 0.8574551776674895
    outer loop
      vertex 2.635765612371209 1.958278953848327 11.183146961230257
      vertex 2.8424584321252953 1.834392045330052 11.183146961230257
      vertex 2.8464263432685852 1.8418154849488202 11.188192126434837
    endloop
  endfacet
  facet normal -0.22002380320030449 -0.3670875384688492 0.9037899452451077
    outer loop
      vertex 2.6404420412606444 1.9652777242729513 11.188192126434837
      vertex 2.8464263432685852 1.8418154849488202 11.188192126434837
      vertex 2.850608259492178 1.8496392999122886 11.19238795325113
    endloop
  endfacet
  facet normal -0.22002380320030915 -0.36708753846885783 0.903789945245103
    outer loop
      vertex 2.6404420412606444 1.9652777242729513 11.188192126434837
      vertex 2.850608259492178 1.8496392999122886 11.19238795325113
      vertex 2.645370688383773 1.9726539659595703 11.19238795325113
    endloop
  endfacet
  facet normal -0.1733811277782518 -0.2892689358484089 0.941415140776624
    outer loop
      vertex 2.645370688383773 1.9726539659595703 11.19238795325113
      vertex 2.8549639066567716 1.8577881426054268 11.195694033573222
      vertex 2.650504088174526 1.9803366416684773 11.195694033573222
    endloop
  endfacet
  facet normal -0.1250585170881874 -0.20864753056138285 0.9699621514751697
    outer loop
      vertex 2.650504088174526 1.9803366416684773 11.195694033573222
      vertex 2.8594513374991317 1.8661835352184886 11.198078528040323
      vertex 2.655792803186718 1.9882517630328183 11.198078528040323
    endloop
  endfacet
  facet normal -0.07552355124432394 -0.12600343289887522 0.9891508116081918
    outer loop
      vertex 2.655792803186718 1.9882517630328183 11.198078528040323
      vertex 2.8640273356071684 1.8747446255312217 11.199518472667222
      vertex 2.6611859002036735 1.9963231031070086 11.199518472667222
    endloop
  endfacet
  facet normal -0.02525617490200312 -0.04213738214257997 0.9987925543652644
    outer loop
      vertex 2.6611859002036735 1.9963231031070086 11.199518472667222
      vertex 2.868647831617605 1.8833889655639475 11.200000000000001
      vertex 2.6666314407529548 2.004472930473891 11.200000000000001
    endloop
  endfacet
  facet normal -0.4275550934302813 -0.9039892931234437 0
    outer loop
      vertex 2.8215081579350056 1.7951968391291118 10.305000000000001
      vertex 3.0432914190872755 1.6903011687217826 11.105
      vertex 2.8215081579350056 1.7951968391291118 11.105
    endloop
  endfacet
  facet normal -0.4275550934302813 -0.9039892931234437 0
    outer loop
      vertex 2.8215081579350056 1.7951968391291118 10.305000000000001
      vertex 3.0432914190872755 1.6903011687217826 10.305000000000001
      vertex 3.0432914190872755 1.6903011687217826 11.105
    endloop
  endfacet
  facet normal 0 0 1
    outer loop
      vertex 2.8215081579350056 1.7951968391291118 11.105
      vertex 3.0432914190872755 1.6903011687217826 11.105
      vertex 2.821623949118365 1.7954134691964225 11.105
    endloop
  endfacet
  facet normal -0.4270413223156073 -0.9029030153690243 0.04900871220978138
    outer loop
      vertex 2.821623949118365 1.7954134691964225 11.105
      vertex 3.0434756916197614 1.6907460419688833 11.109801714032958
      vertex 2.821735148348371 1.795621508323256 11.109801714032958
    endloop
  endfacet
  facet normal -0.42293841699977525 -0.8942281509288532 0.14655752970109878
    outer loop
      vertex 2.821735148348371 1.795621508323256 11.109801714032958
      vertex 3.0440267345719976 1.6920763773376226 11.119509032201615
      vertex 2.8224139335467 1.7968914261092004 11.119509032201615
    endloop
  endfacet
  facet normal -0.4147712830414272 -0.8769601970036252 0.24270474992371135
    outer loop
      vertex 2.8224139335467 1.7968914261092004 11.119509032201615
      vertex 3.044939241099124 1.6942793629711645 11.129028467725448
      vertex 2.8235379764574717 1.7989943624844584 11.129028467725448
    endloop
  endfacet
  facet normal -0.40261697290125426 -0.8512620673336749 0.3365300370704352
    outer loop
      vertex 2.8235379764574717 1.7989943624844584 11.129028467725448
      vertex 3.0462044232644567 1.6973337829135842 11.138268343236511
      vertex 2.825096451932991 1.8019100650221556 11.138268343236511
    endloop
  endfacet
  facet normal -0.3865903098938799 -0.8173765354202883 0.42713409093688615
    outer loop
      vertex 2.825096451932991 1.8019100650221556 11.138268343236511
      vertex 3.0478100966721255 1.7012102214311198 11.147139673682602
      vertex 2.8270743510024783 1.8056104539129678 11.147139673682602
    endloop
  endfacet
  facet normal -0.36684297341113087 -0.775624300392776 0.5136469385668497
    outer loop
      vertex 2.8270743510024783 1.8056104539129678 11.147139673682602
      vertex 3.0497407978094637 1.7058713463017696 11.155557023301961
      vertex 2.829452625416666 1.8100598923890376 11.155557023301961
    endloop
  endfacet
  facet normal -0.3435622668849227 -0.7264013820848823 0.5952360883532398
    outer loop
      vertex 2.829452625416666 1.8100598923890376 11.155557023301961
      vertex 3.0519779329690895 1.711272268345001 11.163439328416366
      vertex 2.8322083710928476 1.8152155299255317 11.163439328416366
    endloop
  endfacet
  facet normal -0.31696956086690936 -0.6701758292032823 0.6711144875768452
    outer loop
      vertex 3.054499957316475 1.7173609737290927 11.170710678118656
      vertex 2.835315048693718 1.8210277149146141 11.170710678118656
      vertex 2.8322083710928476 1.8152155299255317 11.163439328416366
    endloop
  endfacet
  facet normal -0.28731840509987194 -0.6074837276378765 0.7405482123035987
    outer loop
      vertex 3.0572825823784737 1.7240788248927705 11.177301045336275
      vertex 2.8387427392156983 1.8274404728375768 11.177301045336275
      vertex 2.835315048693718 1.8210277149146141 11.170710678118656
    endloop
  endfacet
  facet normal -0.25489230679504116 -0.538924503023903 0.8028638066179977
    outer loop
      vertex 3.060299009954603 1.7313611252569778 11.183146961230257
      vertex 2.8424584321252953 1.834392045330052 11.183146961230257
      vertex 2.8387427392156983 1.8274404728375768 11.177301045336275
    endloop
  endfacet
  facet normal -0.2200021774931006 -0.4651555225830479 0.8574551776674896
    outer loop
      vertex 2.8424584321252953 1.834392045330052 11.183146961230257
      vertex 3.0635201901983566 1.7391377422882965 11.188192126434837
      vertex 2.8464263432685852 1.8418154849488202 11.188192126434837
    endloop
  endfacet
  facet normal 0 0 1
    outer loop
      vertex 2.821623949118365 1.7954134691964225 11.105
      vertex 3.0432914190872755 1.6903011687217826 11.105
      vertex 3.0433854192447307 1.6905281051767767 11.105
    endloop
  endfacet
  facet normal -0.42704132231560754 -0.902903015369027 0.04900871220973169
    outer loop
      vertex 2.821623949118365 1.7954134691964225 11.105
      vertex 3.0433854192447307 1.6905281051767767 11.105
      vertex 3.0434756916197614 1.6907460419688833 11.109801714032958
    endloop
  endfacet
  facet normal -0.42293841699977597 -0.8942281509288568 0.1465575297010742
    outer loop
      vertex 2.821735148348371 1.795621508323256 11.109801714032958
      vertex 3.0434756916197614 1.6907460419688833 11.109801714032958
      vertex 3.0440267345719976 1.6920763773376226 11.119509032201615
    endloop
  endfacet
  facet normal -0.41477128304142574 -0.8769601970036199 0.24270474992373248
    outer loop
      vertex 2.8224139335467 1.7968914261092004 11.119509032201615
      vertex 3.0440267345719976 1.6920763773376226 11.119509032201615
      vertex 3.044939241099124 1.6942793629711645 11.129028467725448
    endloop
  endfacet
  facet normal -0.4026169729012567 -0.8512620673336824 0.3365300370704137
    outer loop
      vertex 2.8235379764574717 1.7989943624844584 11.129028467725448
      vertex 3.044939241099124 1.6942793629711645 11.129028467725448
      vertex 3.0462044232644567 1.6973337829135842 11.138268343236511
    endloop
  endfacet
  facet normal -0.3865903098938761 -0.8173765354202777 0.42713409093691007
    outer loop
      vertex 2.825096451932991 1.8019100650221556 11.138268343236511
      vertex 3.0462044232644567 1.6973337829135842 11.138268343236511
      vertex 3.0478100966721255 1.7012102214311198 11.147139673682602
    endloop
  endfacet
  facet normal -0.3668429734111308 -0.7756243003927759 0.5136469385668501
    outer loop
      vertex 2.8270743510024783 1.8056104539129678 11.147139673682602
      vertex 3.0478100966721255 1.7012102214311198 11.147139673682602
      vertex 3.0497407978094637 1.7058713463017696 11.155557023301961
    endloop
  endfacet
  facet normal -0.3435622668849301 -0.726401382084901 0.5952360883532127
    outer loop
      vertex 2.829452625416666 1.8100598923890376 11.155557023301961
      vertex 3.0497407978094637 1.7058713463017696 11.155557023301961
      vertex 3.0519779329690895 1.711272268345001 11.163439328416366
    endloop
  endfacet
  facet normal -0.3169695608668994 -0.6701758292032576 0.6711144875768745
    outer loop
      vertex 3.0519779329690895 1.711272268345001 11.163439328416366
      vertex 3.054499957316475 1.7173609737290927 11.170710678118656
      vertex 2.8322083710928476 1.8152155299255317 11.163439328416366
    endloop
  endfacet
  facet normal -0.28731840509987566 -0.6074837276378856 0.7405482123035898
    outer loop
      vertex 3.054499957316475 1.7173609737290927 11.170710678118656
      vertex 3.0572825823784737 1.7240788248927705 11.177301045336275
      vertex 2.835315048693718 1.8210277149146141 11.170710678118656
    endloop
  endfacet
  facet normal -0.2548923067950399 -0.5389245030239002 0.802863806618
    outer loop
      vertex 3.0572825823784737 1.7240788248927705 11.177301045336275
      vertex 3.060299009954603 1.7313611252569778 11.183146961230257
      vertex 2.8387427392156983 1.8274404728375768 11.177301045336275
    endloop
  endfacet
  facet normal -0.2200021774930985 -0.46515552258304277 0.8574551776674929
    outer loop
      vertex 3.060299009954603 1.7313611252569778 11.183146961230257
      vertex 3.0635201901983566 1.7391377422882965 11.188192126434837
      vertex 2.8424584321252953 1.834392045330052 11.183146961230257
    endloop
  endfacet
  facet normal -0.18298345767794397 -0.38688601563003316 0.9037899452451005
    outer loop
      vertex 2.8464263432685852 1.8418154849488202 11.188192126434837
      vertex 3.0635201901983566 1.7391377422882965 11.188192126434837
      vertex 3.0669151013831115 1.747333782913584 11.19238795325113
    endloop
  endfacet
  facet normal -0.144192936380078 -0.3048703491889872 0.9414151407766266
    outer loop
      vertex 2.850608259492178 1.8496392999122886 11.19238795325113
      vertex 3.0669151013831115 1.747333782913584 11.19238795325113
      vertex 3.0704510486583114 1.7558703147812071 11.195694033573222
    endloop
  endfacet
  facet normal -0.10400529186398859 -0.2199007138914021 0.9699621514751688
    outer loop
      vertex 2.8549639066567716 1.8577881426054268 11.195694033573222
      vertex 3.0704510486583114 1.7558703147812071 11.195694033573222
      vertex 3.07409397891875 1.764665126422738 11.198078528040323
    endloop
  endfacet
  facet normal -0.06280938853794146 -0.13279929444972915 0.9891508116081916
    outer loop
      vertex 2.8594513374991317 1.8661835352184886 11.198078528040323
      vertex 3.07409397891875 1.764665126422738 11.198078528040323
      vertex 3.0778088087545914 1.7736335189943344 11.199518472667222
    endloop
  endfacet
  facet normal -0.1733811277782461 -0.2892689358483984 0.9414151407766282
    outer loop
      vertex 2.645370688383773 1.9726539659595703 11.19238795325113
      vertex 2.850608259492178 1.8496392999122886 11.19238795325113
      vertex 2.8549639066567716 1.8577881426054268 11.195694033573222
    endloop
  endfacet
  facet normal -0.12505851708819482 -0.2086475305613965 0.969962151475166
    outer loop
      vertex 2.650504088174526 1.9803366416684773 11.195694033573222
      vertex 2.8549639066567716 1.8577881426054268 11.195694033573222
      vertex 2.8594513374991317 1.8661835352184886 11.198078528040323
    endloop
  endfacet
  facet normal -0.07552355124432307 -0.1260034328988736 0.9891508116081922
    outer loop
      vertex 2.655792803186718 1.9882517630328183 11.198078528040323
      vertex 2.8594513374991317 1.8661835352184886 11.198078528040323
      vertex 2.8640273356071684 1.8747446255312217 11.199518472667222
    endloop
  endfacet
  facet normal -0.02525617490200372 -0.04213738214258107 0.9987925543652644
    outer loop
      vertex 2.6611859002036735 1.9963231031070086 11.199518472667222
      vertex 2.8640273356071684 1.8747446255312217 11.199518472667222
      vertex 2.868647831617605 1.8833889655639475 11.200000000000001
    endloop
  endfacet
  facet normal -0.18298345767793897 -0.3868860156300212 0.9037899452451067
    outer loop
      vertex 2.8464263432685852 1.8418154849488202 11.188192126434837
      vertex 3.0669151013831115 1.747333782913584 11.19238795325113
      vertex 2.850608259492178 1.8496392999122886 11.19238795325113
    endloop
  endfacet
  facet normal -0.14419293638007613 -0.3048703491889827 0.9414151407766284
    outer loop
      vertex 2.850608259492178 1.8496392999122886 11.19238795325113
      vertex 3.0704510486583114 1.7558703147812071 11.195694033573222
      vertex 2.8549639066567716 1.8577881426054268 11.195694033573222
    endloop
  endfacet
  facet normal -0.10400529186399263 -0.21990071389141166 0.9699621514751662
    outer loop
      vertex 2.8549639066567716 1.8577881426054268 11.195694033573222
      vertex 3.07409397891875 1.764665126422738 11.198078528040323
      vertex 2.8594513374991317 1.8661835352184886 11.198078528040323
    endloop
  endfacet
  facet normal -0.06280938853794013 -0.132799294449726 0.9891508116081921
    outer loop
      vertex 2.8594513374991317 1.8661835352184886 11.198078528040323
      vertex 3.0778088087545914 1.7736335189943344 11.199518472667222
      vertex 2.8640273356071684 1.8747446255312217 11.199518472667222
    endloop
  endfacet
  facet normal -0.02100437381804596 -0.044410017169803924 0.9987925543652643
    outer loop
      vertex 2.8640273356071684 1.8747446255312217 11.199518472667222
      vertex 3.0815597623237845 1.7826891219729113 11.200000000000001
      vertex 2.868647831617605 1.8833889655639475 11.200000000000001
    endloop
  endfacet
  facet normal -0.02100437381804557 -0.044410017169803 0.9987925543652643
    outer loop
      vertex 2.8640273356071684 1.8747446255312217 11.199518472667222
      vertex 3.0778088087545914 1.7736335189943344 11.199518472667222
      vertex 3.0815597623237845 1.7826891219729113 11.200000000000001
    endloop
  endfacet
  facet normal -0.33688985339221916 -0.9415440651830211 0
    outer loop
      vertex 3.0432914190872755 1.6903011687217826 10.305000000000001
      vertex 3.0432914190872755 1.6903011687217826 9.600000000000001
      vertex 3.274288306863844 1.6076491606694776 10.305000000000001
    endloop
  endfacet
  facet normal -0.33688985339221916 -0.9415440651830211 0
    outer loop
      vertex 3.274288306863844 1.6076491606694776 10.305000000000001
      vertex 3.0432914190872755 1.6903011687217826 9.600000000000001
      vertex 3.274288306863844 1.6076491606694776 9.600000000000001
    endloop
  endfacet
  facet normal -0.24298017990326456 -0.9700312531945439 0
    outer loop
      vertex 3.274288306863844 1.6076491606694776 10.305000000000001
      vertex 3.274288306863844 1.6076491606694776 9.600000000000001
      vertex 3.512274194959679 1.5480367989919235 10.305000000000001
    endloop
  endfacet
  facet normal -0.24298017990326456 -0.9700312531945439 0
    outer loop
      vertex 3.512274194959679 1.5480367989919235 10.305000000000001
      vertex 3.274288306863844 1.6076491606694776 9.600000000000001
      vertex 3.512274194959679 1.5480367989919235 9.600000000000001
    endloop
  endfacet
  facet normal -0.3368898533922191 -0.941544065183021 0
    outer loop
      vertex 3.0432914190872755 1.6903011687217826 10.305000000000001
      vertex 3.274288306863844 1.6076491606694776 11.105
      vertex 3.0432914190872755 1.6903011687217826 11.105
    endloop
  endfacet
  facet normal -0.3368898533922191 -0.941544065183021 0
    outer loop
      vertex 3.0432914190872755 1.6903011687217826 10.305000000000001
      vertex 3.274288306863844 1.6076491606694776 10.305000000000001
      vertex 3.274288306863844 1.6076491606694776 11.105
    endloop
  endfacet
  facet normal 0 0 1
    outer loop
      vertex 3.0432914190872755 1.6903011687217826 11.105
      vertex 3.274288306863844 1.6076491606694776 11.105
      vertex 3.0433854192447307 1.6905281051767767 11.105
    endloop
  endfacet
  facet normal -0.33648503006498237 -0.9404126597774572 0.04900871220973104
    outer loop
      vertex 3.0433854192447307 1.6905281051767767 11.105
      vertex 3.2744280868702296 1.6081099535969727 11.109801714032958
      vertex 3.0434756916197614 1.6907460419688833 11.109801714032958
    endloop
  endfacet
  facet normal -0.3332521667648565 -0.9313774121345475 0.1465575297010756
    outer loop
      vertex 3.0434756916197614 1.6907460419688833 11.109801714032958
      vertex 3.2748460807315123 1.6094878946916706 11.119509032201615
      vertex 3.0440267345719976 1.6920763773376226 11.119509032201615
    endloop
  endfacet
  facet normal -0.3268169152519135 -0.9133920890119879 0.24270474992373056
    outer loop
      vertex 3.0440267345719976 1.6920763773376226 11.119509032201615
      vertex 3.2755382629383103 1.611769713627571 11.129028467725448
      vertex 3.044939241099124 1.6942793629711645 11.129028467725448
    endloop
  endfacet
  facet normal -0.31723998861924596 -0.8866263721378048 0.3365300370704159
    outer loop
      vertex 3.044939241099124 1.6942793629711645 11.129028467725448
      vertex 3.276497967397586 1.614933435240952 11.138268343236511
      vertex 3.0462044232644567 1.6973337829135842 11.138268343236511
    endloop
  endfacet
  facet normal -0.3046118613114777 -0.8513331206454128 0.4271340909369092
    outer loop
      vertex 3.0462044232644567 1.6973337829135842 11.138268343236511
      vertex 3.2777159516307695 1.6189485911632095 11.147139673682602
      vertex 3.0478100966721255 1.7012102214311198 11.147139673682602
    endloop
  endfacet
  facet normal -0.28905204833115616 -0.8078463565904529 0.5136469385668464
    outer loop
      vertex 3.0478100966721255 1.7012102214311198 11.147139673682602
      vertex 3.2791804857838764 1.6237765132479058 11.155557023301961
      vertex 3.0497407978094637 1.7058713463017696 11.155557023301961
    endloop
  endfacet
  facet normal -0.27070813446135517 -0.7565785518096689 0.5952360883532155
    outer loop
      vertex 3.0497407978094637 1.7058713463017696 11.155557023301961
      vertex 3.2808774655924173 1.6293707059661542 11.163439328416366
      vertex 3.0519779329690895 1.711272268345001 11.163439328416366
    endloop
  endfacet
  facet normal -0.24975454749823559 -0.6980171993356497 0.671114487576872
    outer loop
      vertex 3.0519779329690895 1.711272268345001 11.163439328416366
      vertex 3.2827905482131725 1.635677294183981 11.170710678118656
      vertex 3.054499957316475 1.7173609737290927 11.170710678118656
    endloop
  endfacet
  facet normal -0.22639107066740338 -0.6327206558790552 0.7405482123035914
    outer loop
      vertex 3.054499957316475 1.7173609737290927 11.170710678118656
      vertex 3.284901309614706 1.6426355420093168 11.177301045336275
      vertex 3.0572825823784737 1.7240788248927705 11.177301045336275
    endloop
  endfacet
  facet normal -0.20084109202873462 -0.5613132492428453 0.8028638066179997
    outer loop
      vertex 3.0572825823784737 1.7240788248927705 11.177301045336275
      vertex 3.2871894220108624 1.6501784377118387 11.183146961230257
      vertex 3.060299009954603 1.7313611252569778 11.183146961230257
    endloop
  endfacet
  facet normal -0.17334959274366527 -0.4844796559060173 0.8574551776674932
    outer loop
      vertex 3.060299009954603 1.7313611252569778 11.183146961230257
      vertex 3.289632849628456 1.6582333390825643 11.188192126434837
      vertex 3.0635201901983566 1.7391377422882965 11.188192126434837
    endloop
  endfacet
  facet normal -0.1441808814292041 -0.4029585689672769 0.9037899452451008
    outer loop
      vertex 3.0635201901983566 1.7391377422882965 11.188192126434837
      vertex 3.2922080609238176 1.6667226730180382 11.19238795325113
      vertex 3.0669151013831115 1.747333782913584 11.19238795325113
    endloop
  endfacet
  facet normal -0.11361608818069012 -0.3175356944077977 0.9414151407766264
    outer loop
      vertex 3.0669151013831115 1.747333782913584 11.19238795325113
      vertex 3.2948902552044177 1.6755646825917183 11.195694033573222
      vertex 3.0704510486583114 1.7558703147812071 11.195694033573222
    endloop
  endfacet
  facet normal 0 0 1
    outer loop
      vertex 3.0433854192447307 1.6905281051767767 11.105
      vertex 3.274288306863844 1.6076491606694776 11.105
      vertex 3.2743596107224935 1.607884217990037 11.105
    endloop
  endfacet
  facet normal -0.33648503006498237 -0.9404126597774579 0.049008712209722825
    outer loop
      vertex 3.0433854192447307 1.6905281051767767 11.105
      vertex 3.2743596107224935 1.607884217990037 11.105
      vertex 3.2744280868702296 1.6081099535969727 11.109801714032958
    endloop
  endfacet
  facet normal -0.3332521667648567 -0.9313774121345504 0.14655752970105576
    outer loop
      vertex 3.0434756916197614 1.6907460419688833 11.109801714032958
      vertex 3.2744280868702296 1.6081099535969727 11.109801714032958
      vertex 3.2748460807315123 1.6094878946916706 11.119509032201615
    endloop
  endfacet
  facet normal -0.3268169152519125 -0.913392089011983 0.24270474992374966
    outer loop
      vertex 3.0440267345719976 1.6920763773376226 11.119509032201615
      vertex 3.2748460807315123 1.6094878946916706 11.119509032201615
      vertex 3.2755382629383103 1.611769713627571 11.129028467725448
    endloop
  endfacet
  facet normal -0.31723998861924574 -0.8866263721378039 0.33653003707041845
    outer loop
      vertex 3.044939241099124 1.6942793629711645 11.129028467725448
      vertex 3.2755382629383103 1.611769713627571 11.129028467725448
      vertex 3.276497967397586 1.614933435240952 11.138268343236511
    endloop
  endfacet
  facet normal -0.30461186131148266 -0.8513331206454321 0.4271340909368674
    outer loop
      vertex 3.0462044232644567 1.6973337829135842 11.138268343236511
      vertex 3.276497967397586 1.614933435240952 11.138268343236511
      vertex 3.2777159516307695 1.6189485911632095 11.147139673682602
    endloop
  endfacet
  facet normal -0.28905204833114967 -0.807846356590429 0.5136469385668876
    outer loop
      vertex 3.0478100966721255 1.7012102214311198 11.147139673682602
      vertex 3.2777159516307695 1.6189485911632095 11.147139673682602
      vertex 3.2791804857838764 1.6237765132479058 11.155557023301961
    endloop
  endfacet
  facet normal -0.27070813446135356 -0.7565785518096632 0.5952360883532236
    outer loop
      vertex 3.0497407978094637 1.7058713463017696 11.155557023301961
      vertex 3.2791804857838764 1.6237765132479058 11.155557023301961
      vertex 3.2808774655924173 1.6293707059661542 11.163439328416366
    endloop
  endfacet
  facet normal -0.24975454749823955 -0.698017199335663 0.6711144875768565
    outer loop
      vertex 3.0519779329690895 1.711272268345001 11.163439328416366
      vertex 3.2808774655924173 1.6293707059661542 11.163439328416366
      vertex 3.2827905482131725 1.635677294183981 11.170710678118656
    endloop
  endfacet
  facet normal -0.2263910706674017 -0.6327206558790496 0.7405482123035966
    outer loop
      vertex 3.054499957316475 1.7173609737290927 11.170710678118656
      vertex 3.2827905482131725 1.635677294183981 11.170710678118656
      vertex 3.284901309614706 1.6426355420093168 11.177301045336275
    endloop
  endfacet
  facet normal -0.20084109202873365 -0.5613132492428421 0.802863806618002
    outer loop
      vertex 3.0572825823784737 1.7240788248927705 11.177301045336275
      vertex 3.284901309614706 1.6426355420093168 11.177301045336275
      vertex 3.2871894220108624 1.6501784377118387 11.183146961230257
    endloop
  endfacet
  facet normal -0.17334959274367126 -0.484479655906037 0.857455177667481
    outer loop
      vertex 3.060299009954603 1.7313611252569778 11.183146961230257
      vertex 3.2871894220108624 1.6501784377118387 11.183146961230257
      vertex 3.289632849628456 1.6582333390825643 11.188192126434837
    endloop
  endfacet
  facet normal -0.0819504388240611 -0.22903613313668528 0.9699621514751688
    outer loop
      vertex 3.0704510486583114 1.7558703147812071 11.195694033573222
      vertex 3.2976536014730984 1.6846742144178766 11.198078528040323
      vertex 3.07409397891875 1.764665126422738 11.198078528040323
    endloop
  endfacet
  facet normal -0.04949033708483317 -0.13831622619955147 0.9891508116081915
    outer loop
      vertex 3.07409397891875 1.764665126422738 11.198078528040323
      vertex 3.300471487194693 1.6939635387252503 11.199518472667222
      vertex 3.0778088087545914 1.7736335189943344 11.199518472667222
    endloop
  endfacet
  facet normal -0.01655028913206153 -0.046254959454696126 0.9987925543652643
    outer loop
      vertex 3.0778088087545914 1.7736335189943344 11.199518472667222
      vertex 3.30331677458929 1.7033431942426986 11.200000000000001
      vertex 3.0815597623237845 1.7826891219729113 11.200000000000001
    endloop
  endfacet
  facet normal -0.14418088142919744 -0.4029585689672553 0.9037899452451115
    outer loop
      vertex 3.0635201901983566 1.7391377422882965 11.188192126434837
      vertex 3.289632849628456 1.6582333390825643 11.188192126434837
      vertex 3.2922080609238176 1.6667226730180382 11.19238795325113
    endloop
  endfacet
  facet normal -0.11361608818069269 -0.31753569440780605 0.9414151407766235
    outer loop
      vertex 3.0669151013831115 1.747333782913584 11.19238795325113
      vertex 3.2922080609238176 1.6667226730180382 11.19238795325113
      vertex 3.2948902552044177 1.6755646825917183 11.195694033573222
    endloop
  endfacet
  facet normal -0.08195043882406272 -0.2290361331366905 0.9699621514751675
    outer loop
      vertex 3.0704510486583114 1.7558703147812071 11.195694033573222
      vertex 3.2948902552044177 1.6755646825917183 11.195694033573222
      vertex 3.2976536014730984 1.6846742144178766 11.198078528040323
    endloop
  endfacet
  facet normal -0.0494903370848315 -0.1383162261995461 0.9891508116081924
    outer loop
      vertex 3.07409397891875 1.764665126422738 11.198078528040323
      vertex 3.2976536014730984 1.6846742144178766 11.198078528040323
      vertex 3.300471487194693 1.6939635387252503 11.199518472667222
    endloop
  endfacet
  facet normal -0.016550289132061472 -0.046254959454695946 0.9987925543652643
    outer loop
      vertex 3.0778088087545914 1.7736335189943344 11.199518472667222
      vertex 3.300471487194693 1.6939635387252503 11.199518472667222
      vertex 3.30331677458929 1.7033431942426986 11.200000000000001
    endloop
  endfacet
  facet normal -0.2429801799032646 -0.9700312531945439 0
    outer loop
      vertex 3.274288306863844 1.6076491606694776 10.305000000000001
      vertex 3.512274194959679 1.5480367989919235 11.105
      vertex 3.274288306863844 1.6076491606694776 11.105
    endloop
  endfacet
  facet normal -0.2429801799032646 -0.9700312531945439 0
    outer loop
      vertex 3.274288306863844 1.6076491606694776 10.305000000000001
      vertex 3.512274194959679 1.5480367989919235 10.305000000000001
      vertex 3.512274194959679 1.5480367989919235 11.105
    endloop
  endfacet
  facet normal 0 0 1
    outer loop
      vertex 3.274288306863844 1.6076491606694776 11.105
      vertex 3.512274194959679 1.5480367989919235 11.105
      vertex 3.2743596107224935 1.607884217990037 11.105
    endloop
  endfacet
  facet normal -0.24268820303340458 -0.9688656161903784 0.04900871220972333
    outer loop
      vertex 3.2743596107224935 1.607884217990037 11.105
      vertex 3.512368136282091 1.5485090739120264 11.109801714032958
      vertex 3.2744280868702296 1.6081099535969727 11.109801714032958
    endloop
  endfacet
  facet normal -0.2403565159898265 -0.9595569997187015 0.14655752970105712
    outer loop
      vertex 3.2744280868702296 1.6081099535969727 11.109801714032958
      vertex 3.5126490555430374 1.5499213504066822 11.119509032201615
      vertex 3.2748460807315123 1.6094878946916706 11.119509032201615
    endloop
  endfacet
  facet normal -0.23571512191222685 -0.9410275158922587 0.2427047499237477
    outer loop
      vertex 3.2748460807315123 1.6094878946916706 11.119509032201615
      vertex 3.5131142473364703 1.552260027481219 11.129028467725448
      vertex 3.2755382629383103 1.611769713627571 11.129028467725448
    endloop
  endfacet
  facet normal -0.2288078098258153 -0.9134519802989618 0.33653003707042034
    outer loop
      vertex 3.2755382629383103 1.611769713627571 11.129028467725448
      vertex 3.5137592316111186 1.555502582396958 11.138268343236511
      vertex 3.276497967397586 1.614933435240952 11.138268343236511
    endloop
  endfacet
  facet normal -0.2196998339868717 -0.8770909025327296 0.42713409093686583
    outer loop
      vertex 3.276497967397586 1.614933435240952 11.138268343236511
      vertex 3.514577796815833 1.5596177875774995 11.147139673682602
      vertex 3.2777159516307695 1.6189485911632095 11.147139673682602
    endloop
  endfacet
  facet normal -0.20847739401382534 -0.8322884107603961 0.5136469385668899
    outer loop
      vertex 3.2777159516307695 1.6189485911632095 11.147139673682602
      vertex 3.515562059720219 1.5645660113473547 11.155557023301961
      vertex 3.2791804857838764 1.6237765132479058 11.155557023301961
    endloop
  endfacet
  facet normal -0.19524693471880086 -0.7794694564925972 0.5952360883532243
    outer loop
      vertex 3.2791804857838764 1.6237765132479058 11.155557023301961
      vertex 3.516702541334455 1.5702995996066464 11.163439328416366
      vertex 3.2808774655924173 1.6293707059661542 11.163439328416366
    endloop
  endfacet
  facet normal -0.18013426130744492 -0.7191362822634355 0.6711144875768557
    outer loop
      vertex 3.2808774655924173 1.6293707059661542 11.163439328416366
      vertex 3.517988258197145 1.5767633347661394 11.170710678118656
      vertex 3.2827905482131725 1.635677294183981 11.170710678118656
    endloop
  endfacet
  facet normal -0.16328346646645647 -0.6518641383238102 0.7405482123035976
    outer loop
      vertex 3.2827905482131725 1.635677294183981 11.170710678118656
      vertex 3.5194068281520567 1.5838949675228098 11.177301045336275
      vertex 3.284901309614706 1.6426355420093168 11.177301045336275
    endloop
  endfacet
  facet normal -0.14485566775528524 -0.5782962420265445 0.8028638066180009
    outer loop
      vertex 3.284901309614706 1.6426355420093168 11.177301045336275
      vertex 3.520944589595055 1.5916258163546648 11.183146961230257
      vertex 3.2871894220108624 1.6501784377118387 11.183146961230257
    endloop
  endfacet
  facet normal -0.12502755665358833 -0.49913798529911757 0.8574551776674811
    outer loop
      vertex 3.2871894220108624 1.6501784377118387 11.183146961230257
      vertex 3.5225867330428184 1.599881428961341 11.188192126434837
      vertex 3.289632849628456 1.6582333390825643 11.188192126434837
    endloop
  endfacet
  facet normal -0.10398976447501009 -0.41515041100578376 0.903789945245111
    outer loop
      vertex 3.289632849628456 1.6582333390825643 11.188192126434837
      vertex 3.524317443756258 1.6085822992804601 11.19238795325113
      vertex 3.2922080609238176 1.6667226730180382 11.19238795325113
    endloop
  endfacet
  facet normal -0.08194505494325297 -0.3271429973068007 0.9414151407766236
    outer loop
      vertex 3.2922080609238176 1.6667226730180382 11.19238795325113
      vertex 3.5261200540451 1.6176446331744687 11.195694033573222
      vertex 3.2948902552044177 1.6755646825917183 11.195694033573222
    endloop
  endfacet
  facet normal -0.059106358259592685 -0.2359658092159813 0.9699621514751674
    outer loop
      vertex 3.2948902552044177 1.6755646825917183 11.195694033573222
      vertex 3.5279772037868566 1.6269811554139921 11.198078528040323
      vertex 3.2976536014730984 1.6846742144178766 11.198078528040323
    endloop
  endfacet
  facet normal -0.03569466663142663 -0.14250109707972577 0.9891508116081925
    outer loop
      vertex 3.2976536014730984 1.6846742144178766 11.198078528040323
      vertex 3.5298710076142927 1.6365019501860014 11.199518472667222
      vertex 3.300471487194693 1.6939635387252503 11.199518472667222
    endloop
  endfacet
  facet normal -0.011936816114427467 -0.04765444119450721 0.9987925543652644
    outer loop
      vertex 3.300471487194693 1.6939635387252503 11.199518472667222
      vertex 3.5317832271612923 1.6461153270322466 11.200000000000001
      vertex 3.30331677458929 1.7033431942426986 11.200000000000001
    endloop
  endfacet
  facet normal 0 0 1
    outer loop
      vertex 3.2743596107224935 1.607884217990037 11.105
      vertex 3.512274194959679 1.5480367989919235 11.105
      vertex 3.512322115824385 1.5482777134475558 11.105
    endloop
  endfacet
  facet normal -0.24268820303340488 -0.968865616190376 0.049008712209766936
    outer loop
      vertex 3.2743596107224935 1.607884217990037 11.105
      vertex 3.512322115824385 1.5482777134475558 11.105
      vertex 3.512368136282091 1.5485090739120264 11.109801714032958
    endloop
  endfacet
  facet normal -0.24035651598982657 -0.9595569997186978 0.14655752970108146
    outer loop
      vertex 3.2744280868702296 1.6081099535969727 11.109801714032958
      vertex 3.512368136282091 1.5485090739120264 11.109801714032958
      vertex 3.5126490555430374 1.5499213504066822 11.119509032201615
    endloop
  endfacet
  facet normal -0.23571512191222682 -0.9410275158922582 0.2427047499237495
    outer loop
      vertex 3.2748460807315123 1.6094878946916706 11.119509032201615
      vertex 3.5126490555430374 1.5499213504066822 11.119509032201615
      vertex 3.5131142473364703 1.552260027481219 11.129028467725448
    endloop
  endfacet
  facet normal -0.2288078098258159 -0.9134519802989662 0.336530037070408
    outer loop
      vertex 3.2755382629383103 1.611769713627571 11.129028467725448
      vertex 3.5131142473364703 1.552260027481219 11.129028467725448
      vertex 3.5137592316111186 1.555502582396958 11.138268343236511
    endloop
  endfacet
  facet normal -0.21969983398687115 -0.8770909025327257 0.4271340909368742
    outer loop
      vertex 3.276497967397586 1.614933435240952 11.138268343236511
      vertex 3.5137592316111186 1.555502582396958 11.138268343236511
      vertex 3.514577796815833 1.5596177875774995 11.147139673682602
    endloop
  endfacet
  facet normal -0.20847739401382828 -0.8322884107604134 0.5136469385668607
    outer loop
      vertex 3.2777159516307695 1.6189485911632095 11.147139673682602
      vertex 3.514577796815833 1.5596177875774995 11.147139673682602
      vertex 3.515562059720219 1.5645660113473547 11.155557023301961
    endloop
  endfacet
  facet normal -0.19524693471880106 -0.7794694564925984 0.5952360883532225
    outer loop
      vertex 3.2791804857838764 1.6237765132479058 11.155557023301961
      vertex 3.515562059720219 1.5645660113473547 11.155557023301961
      vertex 3.516702541334455 1.5702995996066464 11.163439328416366
    endloop
  endfacet
  facet normal -0.18013426130744278 -0.719136282263424 0.6711144875768685
    outer loop
      vertex 3.2808774655924173 1.6293707059661542 11.163439328416366
      vertex 3.516702541334455 1.5702995996066464 11.163439328416366
      vertex 3.517988258197145 1.5767633347661394 11.170710678118656
    endloop
  endfacet
  facet normal -0.1632834664664574 -0.651864138323815 0.740548212303593
    outer loop
      vertex 3.2827905482131725 1.635677294183981 11.170710678118656
      vertex 3.517988258197145 1.5767633347661394 11.170710678118656
      vertex 3.5194068281520567 1.5838949675228098 11.177301045336275
    endloop
  endfacet
  facet normal -0.14485566775528574 -0.5782962420265471 0.802863806617999
    outer loop
      vertex 3.284901309614706 1.6426355420093168 11.177301045336275
      vertex 3.5194068281520567 1.5838949675228098 11.177301045336275
      vertex 3.520944589595055 1.5916258163546648 11.183146961230257
    endloop
  endfacet
  facet normal -0.12502755665358553 -0.4991379852991035 0.8574551776674897
    outer loop
      vertex 3.2871894220108624 1.6501784377118387 11.183146961230257
      vertex 3.520944589595055 1.5916258163546648 11.183146961230257
      vertex 3.5225867330428184 1.599881428961341 11.188192126434837
    endloop
  endfacet
  facet normal -0.10398976447501153 -0.41515041100579086 0.9037899452451076
    outer loop
      vertex 3.289632849628456 1.6582333390825643 11.188192126434837
      vertex 3.5225867330428184 1.599881428961341 11.188192126434837
      vertex 3.524317443756258 1.6085822992804601 11.19238795325113
    endloop
  endfacet
  facet normal -0.0819450549432523 -0.3271429973067974 0.9414151407766246
    outer loop
      vertex 3.2922080609238176 1.6667226730180382 11.19238795325113
      vertex 3.524317443756258 1.6085822992804601 11.19238795325113
      vertex 3.5261200540451 1.6176446331744687 11.195694033573222
    endloop
  endfacet
  facet normal -0.059106358259592665 -0.23596580921598115 0.9699621514751676
    outer loop
      vertex 3.2948902552044177 1.6755646825917183 11.195694033573222
      vertex 3.5261200540451 1.6176446331744687 11.195694033573222
      vertex 3.5279772037868566 1.6269811554139921 11.198078528040323
    endloop
  endfacet
  facet normal -0.03569466663142672 -0.14250109707972616 0.9891508116081924
    outer loop
      vertex 3.2976536014730984 1.6846742144178766 11.198078528040323
      vertex 3.5279772037868566 1.6269811554139921 11.198078528040323
      vertex 3.5298710076142927 1.6365019501860014 11.199518472667222
    endloop
  endfacet
  facet normal -0.011936816114427585 -0.0476544411945078 0.9987925543652644
    outer loop
      vertex 3.300471487194693 1.6939635387252503 11.199518472667222
      vertex 3.5298710076142927 1.6365019501860014 11.199518472667222
      vertex 3.5317832271612923 1.6461153270322466 11.200000000000001
    endloop
  endfacet
  facet normal -0.14673047445536286 -0.9891765099647808 0
    outer loop
      vertex 3.512274194959679 1.5480367989919235 10.305000000000001
      vertex 3.512274194959679 1.5480367989919235 9.600000000000001
      vertex 3.7549571491760982 1.5120381833195071 10.305000000000001
    endloop
  endfacet
  facet normal -0.14673047445536286 -0.9891765099647808 0
    outer loop
      vertex 3.7549571491760982 1.5120381833195071 10.305000000000001
      vertex 3.512274194959679 1.5480367989919235 9.600000000000001
      vertex 3.7549571491760982 1.5120381833195071 9.600000000000001
    endloop
  endfacet
  facet normal -0.04906767432741708 -0.9987954562051724 0
    outer loop
      vertex 3.7549571491760982 1.5120381833195071 10.305000000000001
      vertex 3.7549571491760982 1.5120381833195071 9.600000000000001
      vertex 4 1.4999999999999996 10.305000000000001
    endloop
  endfacet
  facet normal -0.04906767432741708 -0.9987954562051724 0
    outer loop
      vertex 4 1.4999999999999996 10.305000000000001
      vertex 3.7549571491760982 1.5120381833195071 9.600000000000001
      vertex 4 1.4999999999999996 9.600000000000001
    endloop
  endfacet
  facet normal -0.14673047445536289 -0.9891765099647809 0
    outer loop
      vertex 3.512274194959679 1.5480367989919235 10.305000000000001
      vertex 3.7549571491760982 1.5120381833195071 11.105
      vertex 3.512274194959679 1.5480367989919235 11.105
    endloop
  endfacet
  facet normal -0.14673047445536289 -0.9891765099647809 0
    outer loop
      vertex 3.512274194959679 1.5480367989919235 10.305000000000001
      vertex 3.7549571491760982 1.5120381833195071 10.305000000000001
      vertex 3.7549571491760982 1.5120381833195071 11.105
    endloop
  endfacet
  facet normal 0 0 1
    outer loop
      vertex 3.512274194959679 1.5480367989919235 11.105
      vertex 3.7549571491760982 1.5120381833195071 11.105
      vertex 3.512322115824385 1.5482777134475558 11.105
    endloop
  endfacet
  facet normal -0.1465541559397476 -0.9879878670835632 0.049008712209765395
    outer loop
      vertex 3.512322115824385 1.5482777134475558 11.105
      vertex 3.755004347108248 1.5125173919665653 11.109801714032958
      vertex 3.512368136282091 1.5485090739120264 11.109801714032958
    endloop
  endfacet
  facet normal -0.14514610057357705 -0.9784955288483447 0.14655752970108207
    outer loop
      vertex 3.512368136282091 1.5485090739120264 11.109801714032958
      vertex 3.7551454863628093 1.5139504028665067 11.119509032201615
      vertex 3.5126490555430374 1.5499213504066822 11.119509032201615
    endloop
  endfacet
  facet normal -0.14234326309353526 -0.9596003333765238 0.24270474992374788
    outer loop
      vertex 3.5126490555430374 1.5499213504066822 11.119509032201615
      vertex 3.7553792076916066 1.516323415341001 11.129028467725448
      vertex 3.5131142473364703 1.552260027481219 11.129028467725448
    endloop
  endfacet
  facet normal -0.1381720867446908 -0.9314805465462004 0.3365300370704068
    outer loop
      vertex 3.5131142473364703 1.552260027481219 11.129028467725448
      vertex 3.7557032602304776 1.519613575982699 11.138268343236511
      vertex 3.5137592316111186 1.555502582396958 11.138268343236511
    endloop
  endfacet
  facet normal -0.1326719771608208 -0.8944018195619725 0.4271340909368757
    outer loop
      vertex 3.5137592316111186 1.555502582396958 11.138268343236511
      vertex 3.756114523176329 1.5237891987460355 11.147139673682602
      vertex 3.514577796815833 1.5596177875774995 11.147139673682602
    endloop
  endfacet
  facet normal -0.12589498842681324 -0.8487150725596331 0.5136469385668617
    outer loop
      vertex 3.514577796815833 1.5596177875774995 11.147139673682602
      vertex 3.756609035842172 1.5288100701011724 11.155557023301961
      vertex 3.515562059720219 1.5645660113473547 11.155557023301961
    endloop
  endfacet
  facet normal -0.11790540026207232 -0.7948536442081621 0.5952360883532224
    outer loop
      vertex 3.515562059720219 1.5645660113473547 11.155557023301961
      vertex 3.757182035800707 1.5346278363122723 11.163439328416366
      vertex 3.516702541334455 1.5702995996066464 11.163439328416366
    endloop
  endfacet
  facet normal 0 0 1
    outer loop
      vertex 3.512322115824385 1.5482777134475558 11.105
      vertex 3.7549571491760982 1.5120381833195071 11.105
      vertex 3.7549812255427373 1.5122826347723075 11.105
    endloop
  endfacet
  facet normal -0.14655415593974733 -0.9879878670835642 0.04900871220974486
    outer loop
      vertex 3.512322115824385 1.5482777134475558 11.105
      vertex 3.7549812255427373 1.5122826347723075 11.105
      vertex 3.755004347108248 1.5125173919665653 11.109801714032958
    endloop
  endfacet
  facet normal -0.14514610057357763 -0.9784955288483392 0.14655752970111657
    outer loop
      vertex 3.512368136282091 1.5485090739120264 11.109801714032958
      vertex 3.755004347108248 1.5125173919665653 11.109801714032958
      vertex 3.7551454863628093 1.5139504028665067 11.119509032201615
    endloop
  endfacet
  facet normal -0.1423432630935352 -0.9596003333765294 0.24270474992372615
    outer loop
      vertex 3.5126490555430374 1.5499213504066822 11.119509032201615
      vertex 3.7551454863628093 1.5139504028665067 11.119509032201615
      vertex 3.7553792076916066 1.516323415341001 11.129028467725448
    endloop
  endfacet
  facet normal -0.13817208674469061 -0.9314805465461953 0.336530037070421
    outer loop
      vertex 3.5131142473364703 1.552260027481219 11.129028467725448
      vertex 3.7553792076916066 1.516323415341001 11.129028467725448
      vertex 3.7557032602304776 1.519613575982699 11.138268343236511
    endloop
  endfacet
  facet normal -0.13267197716082096 -0.8944018195619752 0.4271340909368704
    outer loop
      vertex 3.5137592316111186 1.555502582396958 11.138268343236511
      vertex 3.7557032602304776 1.519613575982699 11.138268343236511
      vertex 3.756114523176329 1.5237891987460355 11.147139673682602
    endloop
  endfacet
  facet normal -0.12589498842681252 -0.8487150725596223 0.5136469385668795
    outer loop
      vertex 3.514577796815833 1.5596177875774995 11.147139673682602
      vertex 3.756114523176329 1.5237891987460355 11.147139673682602
      vertex 3.756609035842172 1.5288100701011724 11.155557023301961
    endloop
  endfacet
  facet normal -0.11790540026207282 -0.7948536442081684 0.5952360883532137
    outer loop
      vertex 3.515562059720219 1.5645660113473547 11.155557023301961
      vertex 3.756609035842172 1.5288100701011724 11.155557023301961
      vertex 3.757182035800707 1.5346278363122723 11.163439328416366
    endloop
  endfacet
  facet normal -0.10877918370885296 -0.7333296896731236 0.6711144875768634
    outer loop
      vertex 3.516702541334455 1.5702995996066464 11.163439328416366
      vertex 3.757182035800707 1.5346278363122723 11.163439328416366
      vertex 3.7578280047490997 1.541186469110408 11.170710678118656
    endloop
  endfacet
  facet normal -0.09860335322361813 -0.6647298127713406 0.7405482123035858
    outer loop
      vertex 3.517988258197145 1.5767633347661394 11.170710678118656
      vertex 3.7578280047490997 1.541186469110408 11.170710678118656
      vertex 3.7585407216532545 1.5484228052764193 11.177301045336275
    endloop
  endfacet
  facet normal -0.04906767432741707 -0.9987954562051724 0
    outer loop
      vertex 3.7549571491760982 1.5120381833195071 10.305000000000001
      vertex 4 1.4999999999999996 11.105
      vertex 3.7549571491760982 1.5120381833195071 11.105
    endloop
  endfacet
  facet normal -0.04906767432741707 -0.9987954562051724 0
    outer loop
      vertex 3.7549571491760982 1.5120381833195071 10.305000000000001
      vertex 4 1.4999999999999996 10.305000000000001
      vertex 4 1.4999999999999996 11.105
    endloop
  endfacet
  facet normal 0 0 1
    outer loop
      vertex 3.7549571491760982 1.5120381833195071 11.105
      vertex 4 1.4999999999999996 11.105
      vertex 3.7549812255427373 1.5122826347723075 11.105
    endloop
  endfacet
  facet normal -0.04900871220973701 -0.9975952547276302 0.04900871220974338
    outer loop
      vertex 3.7549812255427373 1.5122826347723075 11.105
      vertex 4 1.5004815273327798 11.109801714032958
      vertex 3.755004347108248 1.5125173919665653 11.109801714032958
    endloop
  endfacet
  facet normal -0.048537848863874 -0.9880106111351105 0.1465575297011159
    outer loop
      vertex 3.755004347108248 1.5125173919665653 11.109801714032958
      vertex 4 1.5019214719596765 11.119509032201615
      vertex 3.7551454863628093 1.5139504028665067 11.119509032201615
    endloop
  endfacet
  facet normal -0.0476005608385074 -0.9689316750794775 0.24270474992372396
    outer loop
      vertex 3.7551454863628093 1.5139504028665067 11.119509032201615
      vertex 4 1.5043059664267786 11.129028467725448
      vertex 3.7553792076916066 1.516323415341001 11.129028467725448
    endloop
  endfacet
  facet normal -0.04620569093566685 -0.9405384459311258 0.3365300370704235
    outer loop
      vertex 3.7553792076916066 1.516323415341001 11.129028467725448
      vertex 4 1.507612046748871 11.138268343236511
      vertex 3.7557032602304776 1.519613575982699 11.138268343236511
    endloop
  endfacet
  facet normal -0.044366416668829775 -0.9030991581390736 0.4271340909368675
    outer loop
      vertex 3.7557032602304776 1.519613575982699 11.138268343236511
      vertex 4 1.5118078735651643 11.147139673682602
      vertex 3.756114523176329 1.5237891987460355 11.147139673682602
    endloop
  endfacet
  facet normal -0.04210014528004643 -0.8569681442552394 0.5136469385668819
    outer loop
      vertex 3.756114523176329 1.5237891987460355 11.147139673682602
      vertex 4 1.516853038769745 11.155557023301961
      vertex 3.756609035842172 1.5288100701011724 11.155557023301961
    endloop
  endfacet
  facet normal -0.039428372347171635 -0.8025829568188063 0.5952360883532138
    outer loop
      vertex 3.756609035842172 1.5288100701011724 11.155557023301961
      vertex 4 1.522698954663726 11.163439328416366
      vertex 3.757182035800707 1.5346278363122723 11.163439328416366
    endloop
  endfacet
  facet normal -0.036376503106395126 -0.7404607312924797 0.6711144875768641
    outer loop
      vertex 3.757182035800707 1.5346278363122723 11.163439328416366
      vertex 4 1.529289321881345 11.170710678118656
      vertex 3.7578280047490997 1.541186469110408 11.170710678118656
    endloop
  endfacet
  facet normal -0.03297363578715603 -0.6711937757435922 0.7405482123035857
    outer loop
      vertex 3.7578280047490997 1.541186469110408 11.170710678118656
      vertex 4 1.536560671583635 11.177301045336275
      vertex 3.7585407216532545 1.5484228052764193 11.177301045336275
    endloop
  endfacet
  facet normal -0.029252306639688155 -0.5954443807603742 0.8028638066180043
    outer loop
      vertex 3.7585407216532545 1.5484228052764193 11.177301045336275
      vertex 4 1.5444429766980394 11.183146961230257
      vertex 3.7593133226597737 1.5562671549372449 11.183146961230257
    endloop
  endfacet
  facet normal -0.02524819692813316 -0.5139388551599247 0.8574551776674886
    outer loop
      vertex 3.7593133226597737 1.5562671549372449 11.183146961230257
      vertex 4 1.5528603263173997 11.188192126434837
      vertex 3.7601383671986173 1.5646439727174921 11.188192126434837
    endloop
  endfacet
  facet normal 0 0 1
    outer loop
      vertex 3.7549812255427373 1.5122826347723075 11.105
      vertex 4 1.4999999999999996 11.105
      vertex 4 1.5002456342488468 11.105
    endloop
  endfacet
  facet normal -0.049008712209736766 -0.9975952547276311 0.04900871220972906
    outer loop
      vertex 3.7549812255427373 1.5122826347723075 11.105
      vertex 4 1.5002456342488468 11.105
      vertex 4 1.5004815273327798 11.109801714032958
    endloop
  endfacet
  facet normal -0.04853784886387351 -0.9880106111351127 0.14655752970110092
    outer loop
      vertex 3.755004347108248 1.5125173919665653 11.109801714032958
      vertex 4 1.5004815273327798 11.109801714032958
      vertex 4 1.5019214719596765 11.119509032201615
    endloop
  endfacet
  facet normal -0.04760056083850759 -0.9689316750794761 0.24270474992373003
    outer loop
      vertex 3.7551454863628093 1.5139504028665067 11.119509032201615
      vertex 4 1.5019214719596765 11.119509032201615
      vertex 4 1.5043059664267786 11.129028467725448
    endloop
  endfacet
  facet normal -0.0462056909356665 -0.9405384459311305 0.33653003707041
    outer loop
      vertex 3.7553792076916066 1.516323415341001 11.129028467725448
      vertex 4 1.5043059664267786 11.129028467725448
      vertex 4 1.507612046748871 11.138268343236511
    endloop
  endfacet
  facet normal -0.044366416668830295 -0.9030991581390623 0.42713409093689186
    outer loop
      vertex 3.7557032602304776 1.519613575982699 11.138268343236511
      vertex 4 1.507612046748871 11.138268343236511
      vertex 4 1.5118078735651643 11.147139673682602
    endloop
  endfacet
  facet normal -0.042100145280046075 -0.8569681442552515 0.5136469385668617
    outer loop
      vertex 3.756114523176329 1.5237891987460355 11.147139673682602
      vertex 4 1.5118078735651643 11.147139673682602
      vertex 4 1.516853038769745 11.155557023301961
    endloop
  endfacet
  facet normal -0.03942837234717186 -0.802582956818794 0.5952360883532303
    outer loop
      vertex 3.756609035842172 1.5288100701011724 11.155557023301961
      vertex 4 1.516853038769745 11.155557023301961
      vertex 4 1.522698954663726 11.163439328416366
    endloop
  endfacet
  facet normal -0.03637650310639507 -0.7404607312924839 0.6711144875768594
    outer loop
      vertex 3.757182035800707 1.5346278363122723 11.163439328416366
      vertex 4 1.522698954663726 11.163439328416366
      vertex 4 1.529289321881345 11.170710678118656
    endloop
  endfacet
  facet normal -0.03297363578715609 -0.6711937757435819 0.740548212303595
    outer loop
      vertex 3.7578280047490997 1.541186469110408 11.170710678118656
      vertex 4 1.529289321881345 11.170710678118656
      vertex 4 1.536560671583635 11.177301045336275
    endloop
  endfacet
  facet normal -0.029252306639688138 -0.5954443807603861 0.8028638066179955
    outer loop
      vertex 3.7585407216532545 1.5484228052764193 11.177301045336275
      vertex 4 1.536560671583635 11.177301045336275
      vertex 4 1.5444429766980394 11.183146961230257
    endloop
  endfacet
  facet normal -0.025248196928133154 -0.513938855159919 0.8574551776674919
    outer loop
      vertex 3.7593133226597737 1.5562671549372449 11.183146961230257
      vertex 4 1.5444429766980394 11.183146961230257
      vertex 4 1.5528603263173997 11.188192126434837
    endloop
  endfacet
  facet normal -0.02099980294144221 -0.42746080890564514 0.9037899452451063
    outer loop
      vertex 3.7601383671986173 1.5646439727174921 11.188192126434837
      vertex 4 1.5528603263173997 11.188192126434837
      vertex 4 1.5617316567634907 11.19238795325113
    endloop
  endfacet
  facet normal -0.10877918370885256 -0.733329689673119 0.6711144875768684
    outer loop
      vertex 3.516702541334455 1.5702995996066464 11.163439328416366
      vertex 3.7578280047490997 1.541186469110408 11.170710678118656
      vertex 3.517988258197145 1.5767633347661394 11.170710678118656
    endloop
  endfacet
  facet normal -0.09860335322361746 -0.6647298127713337 0.7405482123035921
    outer loop
      vertex 3.517988258197145 1.5767633347661394 11.170710678118656
      vertex 3.7585407216532545 1.5484228052764193 11.177301045336275
      vertex 3.5194068281520567 1.5838949675228098 11.177301045336275
    endloop
  endfacet
  facet normal -0.08747520421518876 -0.5897099258706487 0.8028638066179997
    outer loop
      vertex 3.5194068281520567 1.5838949675228098 11.177301045336275
      vertex 3.7593133226597737 1.5562671549372449 11.183146961230257
      vertex 3.520944589595055 1.5916258163546648 11.183146961230257
    endloop
  endfacet
  facet normal -0.07550143684591472 -0.508989343037176 0.8574551776674896
    outer loop
      vertex 3.520944589595055 1.5916258163546648 11.183146961230257
      vertex 3.7601383671986173 1.5646439727174921 11.188192126434837
      vertex 3.5225867330428184 1.599881428961341 11.188192126434837
    endloop
  endfacet
  facet normal -0.0627971692423419 -0.42334412764203333 0.9037899452451077
    outer loop
      vertex 3.5225867330428184 1.599881428961341 11.188192126434837
      vertex 3.761007909639862 1.5734725852827038 11.19238795325113
      vertex 3.524317443756258 1.6085822992804601 11.19238795325113
    endloop
  endfacet
  facet normal -0.04948484603098508 -0.33359973430717493 0.9414151407766247
    outer loop
      vertex 3.524317443756258 1.6085822992804601 11.19238795325113
      vertex 3.7619135758144573 1.5826679682676663 11.195694033573222
      vertex 3.5261200540451 1.6176446331744687 11.195694033573222
    endloop
  endfacet
  facet normal -0.035693051154260705 -0.24062300556048988 0.9699621514751675
    outer loop
      vertex 3.5261200540451 1.6176446331744687 11.195694033573222
      vertex 3.762846643662055 1.592141565107526 11.198078528040323
      vertex 3.5279772037868566 1.6269811554139921 11.198078528040323
    endloop
  endfacet
  facet normal -0.02155523702567187 -0.14531360449600458 0.9891508116081925
    outer loop
      vertex 3.5279772037868566 1.6269811554139921 11.198078528040323
      vertex 3.763798127229216 1.6018021398859204 11.199518472667222
      vertex 3.5298710076142927 1.6365019501860014 11.199518472667222
    endloop
  endfacet
  facet normal -0.007208385032284092 -0.048594984615048624 0.9987925543652643
    outer loop
      vertex 3.5298710076142927 1.6365019501860014 11.199518472667222
      vertex 3.7647588632090545 1.611556655986727 11.200000000000001
      vertex 3.5317832271612923 1.6461153270322466 11.200000000000001
    endloop
  endfacet
  facet normal -0.08747520421518809 -0.5897099258706416 0.802863806618005
    outer loop
      vertex 3.5194068281520567 1.5838949675228098 11.177301045336275
      vertex 3.7585407216532545 1.5484228052764193 11.177301045336275
      vertex 3.7593133226597737 1.5562671549372449 11.183146961230257
    endloop
  endfacet
  facet normal -0.075501436845915 -0.5089893430371789 0.8574551776674879
    outer loop
      vertex 3.520944589595055 1.5916258163546648 11.183146961230257
      vertex 3.7593133226597737 1.5562671549372449 11.183146961230257
      vertex 3.7601383671986173 1.5646439727174921 11.188192126434837
    endloop
  endfacet
  facet normal -0.06279716924234245 -0.42334412764203866 0.9037899452451049
    outer loop
      vertex 3.5225867330428184 1.599881428961341 11.188192126434837
      vertex 3.7601383671986173 1.5646439727174921 11.188192126434837
      vertex 3.761007909639862 1.5734725852827038 11.19238795325113
    endloop
  endfacet
  facet normal -0.049484846030983756 -0.3335997343071621 0.9414151407766294
    outer loop
      vertex 3.524317443756258 1.6085822992804601 11.19238795325113
      vertex 3.761007909639862 1.5734725852827038 11.19238795325113
      vertex 3.7619135758144573 1.5826679682676663 11.195694033573222
    endloop
  endfacet
  facet normal -0.03569305115426118 -0.2406230055604944 0.9699621514751665
    outer loop
      vertex 3.5261200540451 1.6176446331744687 11.195694033573222
      vertex 3.7619135758144573 1.5826679682676663 11.195694033573222
      vertex 3.762846643662055 1.592141565107526 11.198078528040323
    endloop
  endfacet
  facet normal -0.021555237025672063 -0.14531360449600644 0.9891508116081923
    outer loop
      vertex 3.5279772037868566 1.6269811554139921 11.198078528040323
      vertex 3.762846643662055 1.592141565107526 11.198078528040323
      vertex 3.763798127229216 1.6018021398859204 11.199518472667222
    endloop
  endfacet
  facet normal -0.00720838503228408 -0.04859498461504849 0.9987925543652644
    outer loop
      vertex 3.5298710076142927 1.6365019501860014 11.199518472667222
      vertex 3.763798127229216 1.6018021398859204 11.199518472667222
      vertex 3.7647588632090545 1.611556655986727 11.200000000000001
    endloop
  endfacet
  facet normal -0.020999802941442224 -0.42746080890564864 0.9037899452451046
    outer loop
      vertex 3.7601383671986173 1.5646439727174921 11.188192126434837
      vertex 4 1.5617316567634907 11.19238795325113
      vertex 3.761007909639862 1.5734725852827038 11.19238795325113
    endloop
  endfacet
  facet normal -0.016548071000270614 -0.336843723501996 0.9414151407766295
    outer loop
      vertex 3.761007909639862 1.5734725852827038 11.19238795325113
      vertex 4 1.5709715322745534 11.195694033573222
      vertex 3.7619135758144573 1.5826679682676663 11.195694033573222
    endloop
  endfacet
  facet normal -0.011936000454506343 -0.24296287082354012 0.9699621514751665
    outer loop
      vertex 3.7619135758144573 1.5826679682676663 11.195694033573222
      vertex 4 1.580490967798387 11.198078528040323
      vertex 3.762846643662055 1.592141565107526 11.198078528040323
    endloop
  endfacet
  facet normal -0.007208218704068361 -0.14672666246449254 0.9891508116081921
    outer loop
      vertex 3.762846643662055 1.592141565107526 11.198078528040323
      vertex 4 1.5901982859670434 11.199518472667222
      vertex 3.763798127229216 1.6018021398859204 11.199518472667222
    endloop
  endfacet
  facet normal -0.002410533261775439 -0.049067531769025535 0.9987925543652643
    outer loop
      vertex 3.763798127229216 1.6018021398859204 11.199518472667222
      vertex 4 1.5999999999999996 11.200000000000001
      vertex 3.7647588632090545 1.611556655986727 11.200000000000001
    endloop
  endfacet
  facet normal -0.016548071000270677 -0.3368437235020075 0.9414151407766254
    outer loop
      vertex 3.761007909639862 1.5734725852827038 11.19238795325113
      vertex 4 1.5617316567634907 11.19238795325113
      vertex 4 1.5709715322745534 11.195694033573222
    endloop
  endfacet
  facet normal -0.011936000454506303 -0.24296287082353407 0.9699621514751678
    outer loop
      vertex 3.7619135758144573 1.5826679682676663 11.195694033573222
      vertex 4 1.5709715322745534 11.195694033573222
      vertex 4 1.580490967798387 11.198078528040323
    endloop
  endfacet
  facet normal -0.007208218704068364 -0.14672666246449304 0.9891508116081921
    outer loop
      vertex 3.762846643662055 1.592141565107526 11.198078528040323
      vertex 4 1.580490967798387 11.198078528040323
      vertex 4 1.5901982859670434 11.199518472667222
    endloop
  endfacet
  facet normal -0.0024105332617754367 -0.04906753176902531 0.9987925543652643
    outer loop
      vertex 3.763798127229216 1.6018021398859204 11.199518472667222
      vertex 4 1.5901982859670434 11.199518472667222
      vertex 4 1.5999999999999996 11.200000000000001
    endloop
  endfacet
  facet normal -0.7409511253549595 -0.671558954847018 0
    outer loop
      vertex 2.2322330470336307 2.2322330470336307 10.305000000000001
      vertex 2.067473866593157 2.414016789590886 9.600000000000001
      vertex 2.2322330470336307 2.2322330470336307 9.600000000000001
    endloop
  endfacet
  facet normal -0.671558954847018 -0.7409511253549595 0
    outer loop
      vertex 2.414016789590886 2.067473866593157 10.305000000000001
      vertex 2.2322330470336307 2.2322330470336307 10.305000000000001
      vertex 2.2322330470336307 2.2322330470336307 9.600000000000001
    endloop
  endfacet
  facet normal -0.7409511253549595 -0.671558954847018 0
    outer loop
      vertex 2.067473866593157 2.414016789590886 10.305000000000001
      vertex 2.067473866593157 2.414016789590886 9.600000000000001
      vertex 2.2322330470336307 2.2322330470336307 10.305000000000001
    endloop
  endfacet
  facet normal -0.671558954847018 -0.7409511253549595 0
    outer loop
      vertex 2.414016789590886 2.067473866593157 10.305000000000001
      vertex 2.2322330470336307 2.2322330470336307 9.600000000000001
      vertex 2.414016789590886 2.067473866593157 9.600000000000001
    endloop
  endfacet
  facet normal -0.7409511253549595 -0.671558954847018 0
    outer loop
      vertex 2.067473866593157 2.414016789590886 10.305000000000001
      vertex 2.2322330470336307 2.2322330470336307 10.305000000000001
      vertex 2.2322330470336307 2.2322330470336307 11.105
    endloop
  endfacet
  facet normal -0.671558954847018 -0.7409511253549595 0
    outer loop
      vertex 2.2322330470336307 2.2322330470336307 10.305000000000001
      vertex 2.414016789590886 2.067473866593157 11.105
      vertex 2.2322330470336307 2.2322330470336307 11.105
    endloop
  endfacet
  facet normal 0 0 1
    outer loop
      vertex 2.0676637444352197 2.414172618308715 11.105
      vertex 2.2322330470336307 2.2322330470336307 11.105
      vertex 2.2324067366766824 2.2324067366766824 11.105
    endloop
  endfacet
  facet normal -0.7400607622381545 -0.6707519767567056 0.04900871220970228
    outer loop
      vertex 2.0676637444352197 2.414172618308715 11.105
      vertex 2.2324067366766824 2.2324067366766824 11.105
      vertex 2.2325735382759664 2.2325735382759664 11.109801714032958
    endloop
  endfacet
  facet normal -0.7329504450937585 -0.6643075609420503 0.14655752970108832
    outer loop
      vertex 2.0678460922549764 2.414322267296943 11.109801714032958
      vertex 2.2325735382759664 2.2325735382759664 11.109801714032958
      vertex 2.233591732886178 2.233591732886178 11.119509032201615
    endloop
  endfacet
  facet normal 0 0 1
    outer loop
      vertex 2.414016789590886 2.067473866593157 11.105
      vertex 2.2324067366766824 2.2324067366766824 11.105
      vertex 2.2322330470336307 2.2322330470336307 11.105
    endloop
  endfacet
  facet normal -0.6707519767567037 -0.7400607622381565 0.04900871220970228
    outer loop
      vertex 2.414322267296943 2.0678460922549764 11.109801714032958
      vertex 2.2325735382759664 2.2325735382759664 11.109801714032958
      vertex 2.2324067366766824 2.2324067366766824 11.105
    endloop
  endfacet
  facet normal -0.7409511253549595 -0.671558954847018 0
    outer loop
      vertex 2.067473866593157 2.414016789590886 10.305000000000001
      vertex 2.2322330470336307 2.2322330470336307 11.105
      vertex 2.067473866593157 2.414016789590886 11.105
    endloop
  endfacet
  facet normal 0 0 1
    outer loop
      vertex 2.067473866593157 2.414016789590886 11.105
      vertex 2.2322330470336307 2.2322330470336307 11.105
      vertex 2.0676637444352197 2.414172618308715 11.105
    endloop
  endfacet
  facet normal -0.7400607622381514 -0.6707519767566992 0.049008712209838
    outer loop
      vertex 2.0676637444352197 2.414172618308715 11.105
      vertex 2.2325735382759664 2.2325735382759664 11.109801714032958
      vertex 2.0678460922549764 2.414322267296943 11.109801714032958
    endloop
  endfacet
  facet normal -0.7329504450937582 -0.6643075609420501 0.1465575297010914
    outer loop
      vertex 2.0678460922549764 2.414322267296943 11.109801714032958
      vertex 2.233591732886178 2.233591732886178 11.119509032201615
      vertex 2.068959184503831 2.415235758497814 11.119509032201615
    endloop
  endfacet
  facet normal -0.7187968373123325 -0.6514794785979471 0.24270474992371927
    outer loop
      vertex 2.068959184503831 2.415235758497814 11.119509032201615
      vertex 2.2352778250935676 2.2352778250935676 11.129028467725448
      vertex 2.0708024236528866 2.4167484657738685 11.129028467725448
    endloop
  endfacet
  facet normal -0.697733470474579 -0.6323887556945385 0.33653003707041224
    outer loop
      vertex 2.0708024236528866 2.4167484657738685 11.129028467725448
      vertex 2.2376155769084667 2.2376155769084667 11.138268343236511
      vertex 2.0733580583015208 2.4188458209271095 11.138268343236511
    endloop
  endfacet
  facet normal -0.669959332887475 -0.6072157447205211 0.4271340909368773
    outer loop
      vertex 2.0733580583015208 2.4188458209271095 11.138268343236511
      vertex 2.2405824745029523 2.2405824745029523 11.147139673682602
      vertex 2.0766014762910148 2.42150762528088 11.147139673682602
    endloop
  endfacet
  facet normal -0.6357372842801898 -0.5761986878472684 0.513646938566887
    outer loop
      vertex 2.0766014762910148 2.42150762528088 11.147139673682602
      vertex 2.2441499450313174 2.2441499450313174 11.155557023301961
      vertex 2.080501441733098 2.424708244204162 11.155557023301961
    endloop
  endfacet
  facet normal -0.595391920689148 -0.5396317817734814 0.5952360883532389
    outer loop
      vertex 2.080501441733098 2.424708244204162 11.155557023301961
      vertex 2.248283631802198 2.248283631802198 11.163439328416366
      vertex 2.0850203958286246 2.4284168539870894 11.163439328416366
    endloop
  endfacet
  facet normal -0.5493068763216528 -0.49786273227688066 0.6711144875768572
    outer loop
      vertex 2.0850203958286246 2.4284168539870894 11.163439328416366
      vertex 2.252943725152286 2.252943725152286 11.170710678118656
      vertex 2.0901148185793432 2.432597738690119 11.170710678118656
    endloop
  endfacet
  facet normal -0.4979215517839641 -0.45128978885301513 0.7405482123035949
    outer loop
      vertex 2.0901148185793432 2.432597738690119 11.170710678118656
      vertex 2.2580853458351537 2.2580853458351537 11.177301045336275
      vertex 2.0957356479092697 2.437210634108057 11.177301045336275
    endloop
  endfacet
  facet normal -0.44172726384537037 -0.4003582550648248 0.8028638066179911
    outer loop
      vertex 2.0957356479092697 2.437210634108057 11.177301045336275
      vertex 2.2636589772329305 2.2636589772329305 11.183146961230257
      vertex 2.1018287521592987 2.442211115536364 11.183146961230257
    endloop
  endfacet
  facet normal -0.3812628208594463 -0.3455564783382126 0.8574551776674919
    outer loop
      vertex 2.1018287521592987 2.442211115536364 11.183146961230257
      vertex 2.269610942228398 2.269610942228398 11.188192126434837
      vertex 2.108335451404673 2.4475510256053434 11.188192126434837
    endloop
  endfacet
  facet normal -0.3171095397321552 -0.28741133360520366 0.9037899452450989
    outer loop
      vertex 2.108335451404673 2.4475510256053434 11.188192126434837
      vertex 2.2758839201449756 2.2758839201449756 11.19238795325113
      vertex 2.115193082574736 2.45317893806194 11.19238795325113
    endloop
  endfacet
  facet normal -0.4132973939963436 -0.30652223803019674 0.8574551776674922
    outer loop
      vertex 1.958278953848327 2.635765612371209 11.183146961230257
      vertex 2.1018287521592987 2.442211115536364 11.183146961230257
      vertex 2.108335451404673 2.4475510256053434 11.188192126434837
    endloop
  endfacet
  facet normal -0.3437538076417794 -0.25494519922061787 0.9037899452450984
    outer loop
      vertex 1.9652777242729513 2.6404420412606444 11.188192126434837
      vertex 2.108335451404673 2.4475510256053434 11.188192126434837
      vertex 2.115193082574736 2.45317893806194 11.19238795325113
    endloop
  endfacet
  facet normal -0.2708817045251062 -0.20089956413614465 0.9414151407766291
    outer loop
      vertex 2.115193082574736 2.45317893806194 11.19238795325113
      vertex 2.122335602932558 2.4590406530326665 11.195694033573222
      vertex 1.9726539659595703 2.645370688383773 11.19238795325113
    endloop
  endfacet
  facet normal -0.19538495745372506 -0.14490736042889385 0.9699621514751681
    outer loop
      vertex 2.122335602932558 2.4590406530326665 11.195694033573222
      vertex 2.129694226102594 2.465079718998015 11.198078528040323
      vertex 1.9803366416684773 2.650504088174526 11.195694033573222
    endloop
  endfacet
  facet normal -0.11799408940872169 -0.0875103808668497 0.9891508116081923
    outer loop
      vertex 1.9882517630328183 2.655792803186718 11.198078528040323
      vertex 2.129694226102594 2.465079718998015 11.198078528040323
      vertex 2.1371980845210836 2.4712379764514507 11.199518472667222
    endloop
  endfacet
  facet normal -0.039458941090689224 -0.02926474521522575 0.9987925543652644
    outer loop
      vertex 1.9963231031070086 2.6611859002036735 11.199518472667222
      vertex 2.1371980845210836 2.4712379764514507 11.199518472667222
      vertex 2.144774911929431 2.4774561180072503 11.200000000000001
    endloop
  endfacet
  facet normal -0.7187968373123332 -0.6514794785979481 0.24270474992371455
    outer loop
      vertex 2.068959184503831 2.415235758497814 11.119509032201615
      vertex 2.233591732886178 2.233591732886178 11.119509032201615
      vertex 2.2352778250935676 2.2352778250935676 11.129028467725448
    endloop
  endfacet
  facet normal -0.6977334704745758 -0.6323887556945346 0.33653003707042667
    outer loop
      vertex 2.0708024236528866 2.4167484657738685 11.129028467725448
      vertex 2.2352778250935676 2.2352778250935676 11.129028467725448
      vertex 2.2376155769084667 2.2376155769084667 11.138268343236511
    endloop
  endfacet
  facet normal -0.6699593328874612 -0.607215744720506 0.4271340909369201
    outer loop
      vertex 2.0733580583015208 2.4188458209271095 11.138268343236511
      vertex 2.2376155769084667 2.2376155769084667 11.138268343236511
      vertex 2.2405824745029523 2.2405824745029523 11.147139673682602
    endloop
  endfacet
  facet normal -0.6357372842802158 -0.576198687847296 0.5136469385668238
    outer loop
      vertex 2.0766014762910148 2.42150762528088 11.147139673682602
      vertex 2.2405824745029523 2.2405824745029523 11.147139673682602
      vertex 2.2441499450313174 2.2441499450313174 11.155557023301961
    endloop
  endfacet
  facet normal -0.595391920689134 -0.539631781773467 0.5952360883532661
    outer loop
      vertex 2.080501441733098 2.424708244204162 11.155557023301961
      vertex 2.2441499450313174 2.2441499450313174 11.155557023301961
      vertex 2.248283631802198 2.248283631802198 11.163439328416366
    endloop
  endfacet
  facet normal -0.5493068763216502 -0.49786273227687805 0.6711144875768611
    outer loop
      vertex 2.0850203958286246 2.4284168539870894 11.163439328416366
      vertex 2.248283631802198 2.248283631802198 11.163439328416366
      vertex 2.252943725152286 2.252943725152286 11.170710678118656
    endloop
  endfacet
  facet normal -0.4979215517839759 -0.4512897888530271 0.7405482123035796
    outer loop
      vertex 2.0901148185793432 2.432597738690119 11.170710678118656
      vertex 2.252943725152286 2.252943725152286 11.170710678118656
      vertex 2.2580853458351537 2.2580853458351537 11.177301045336275
    endloop
  endfacet
  facet normal -0.44172726384536387 -0.4003582550648182 0.802863806617998
    outer loop
      vertex 2.0957356479092697 2.437210634108057 11.177301045336275
      vertex 2.2580853458351537 2.2580853458351537 11.177301045336275
      vertex 2.2636589772329305 2.2636589772329305 11.183146961230257
    endloop
  endfacet
  facet normal -0.3812628208594494 -0.3455564783382157 0.8574551776674894
    outer loop
      vertex 2.1018287521592987 2.442211115536364 11.183146961230257
      vertex 2.2636589772329305 2.2636589772329305 11.183146961230257
      vertex 2.269610942228398 2.269610942228398 11.188192126434837
    endloop
  endfacet
  facet normal -0.3171095397321475 -0.28741133360519605 0.9037899452451041
    outer loop
      vertex 2.108335451404673 2.4475510256053434 11.188192126434837
      vertex 2.269610942228398 2.269610942228398 11.188192126434837
      vertex 2.2758839201449756 2.2758839201449756 11.19238795325113
    endloop
  endfacet
  facet normal -0.24988573430824462 -0.2264832278685483 0.9414151407766249
    outer loop
      vertex 2.115193082574736 2.45317893806194 11.19238795325113
      vertex 2.2758839201449756 2.2758839201449756 11.19238795325113
      vertex 2.2824174987761676 2.2824174987761676 11.195694033573222
    endloop
  endfacet
  facet normal -0.18024072039749106 -0.16336066667423718 0.9699621514751707
    outer loop
      vertex 2.122335602932558 2.4590406530326665 11.195694033573222
      vertex 2.2824174987761676 2.2824174987761676 11.195694033573222
      vertex 2.2891487561881387 2.2891487561881387 11.198078528040323
    endloop
  endfacet
  facet normal -0.2498857343082366 -0.2264832278685404 0.9414151407766289
    outer loop
      vertex 2.115193082574736 2.45317893806194 11.19238795325113
      vertex 2.2824174987761676 2.2824174987761676 11.195694033573222
      vertex 2.122335602932558 2.4590406530326665 11.195694033573222
    endloop
  endfacet
  facet normal -0.1802407203974995 -0.16336066667424554 0.969962151475168
    outer loop
      vertex 2.122335602932558 2.4590406530326665 11.195694033573222
      vertex 2.2891487561881387 2.2891487561881387 11.198078528040323
      vertex 2.129694226102594 2.465079718998015 11.198078528040323
    endloop
  endfacet
  facet normal -0.10884839833543397 -0.0986544376835889 0.9891508116081922
    outer loop
      vertex 2.296012866692331 2.296012866692331 11.199518472667222
      vertex 2.1371980845210836 2.4712379764514507 11.199518472667222
      vertex 2.129694226102594 2.465079718998015 11.198078528040323
    endloop
  endfacet
  facet normal -0.10884839833543714 -0.09865443768359203 0.9891508116081916
    outer loop
      vertex 2.2891487561881387 2.2891487561881387 11.198078528040323
      vertex 2.296012866692331 2.296012866692331 11.199518472667222
      vertex 2.129694226102594 2.465079718998015 11.198078528040323
    endloop
  endfacet
  facet normal -0.03640048886564101 -0.03299148003428668 0.9987925543652645
    outer loop
      vertex 2.296012866692331 2.296012866692331 11.199518472667222
      vertex 2.3029437251522857 2.3029437251522857 11.200000000000001
      vertex 2.1371980845210836 2.4712379764514507 11.199518472667222
    endloop
  endfacet
  facet normal -0.036400488865642365 -0.03299148003428802 0.9987925543652643
    outer loop
      vertex 2.3029437251522857 2.3029437251522857 11.200000000000001
      vertex 2.144774911929431 2.4774561180072503 11.200000000000001
      vertex 2.1371980845210836 2.4712379764514507 11.199518472667222
    endloop
  endfacet
  facet normal -0.671558954847018 -0.7409511253549595 0
    outer loop
      vertex 2.414016789590886 2.067473866593157 10.305000000000001
      vertex 2.414016789590886 2.067473866593157 11.105
      vertex 2.2322330470336307 2.2322330470336307 10.305000000000001
    endloop
  endfacet
  facet normal 0 0 1
    outer loop
      vertex 2.414016789590886 2.067473866593157 11.105
      vertex 2.414172618308715 2.0676637444352197 11.105
      vertex 2.2324067366766824 2.2324067366766824 11.105
    endloop
  endfacet
  facet normal -0.6707519767567012 -0.7400607622381496 0.04900871220983799
    outer loop
      vertex 2.414172618308715 2.0676637444352197 11.105
      vertex 2.414322267296943 2.0678460922549764 11.109801714032958
      vertex 2.2324067366766824 2.2324067366766824 11.105
    endloop
  endfacet
  facet normal -0.6643075609420501 -0.7329504450937583 0.1465575297010914
    outer loop
      vertex 2.414322267296943 2.0678460922549764 11.109801714032958
      vertex 2.415235758497814 2.068959184503831 11.119509032201615
      vertex 2.2325735382759664 2.2325735382759664 11.109801714032958
    endloop
  endfacet
  facet normal -0.6514794785979473 -0.7187968373123323 0.24270474992371927
    outer loop
      vertex 2.415235758497814 2.068959184503831 11.119509032201615
      vertex 2.4167484657738685 2.0708024236528866 11.129028467725448
      vertex 2.233591732886178 2.233591732886178 11.119509032201615
    endloop
  endfacet
  facet normal -0.632388755694538 -0.6977334704745796 0.3365300370704123
    outer loop
      vertex 2.4167484657738685 2.0708024236528866 11.129028467725448
      vertex 2.4188458209271095 2.0733580583015208 11.138268343236511
      vertex 2.2352778250935676 2.2352778250935676 11.129028467725448
    endloop
  endfacet
  facet normal -0.6072157447205196 -0.6699593328874762 0.4271340909368775
    outer loop
      vertex 2.4188458209271095 2.0733580583015208 11.138268343236511
      vertex 2.42150762528088 2.0766014762910148 11.147139673682602
      vertex 2.2376155769084667 2.2376155769084667 11.138268343236511
    endloop
  endfacet
  facet normal -0.5761986878472706 -0.6357372842801878 0.5136469385668869
    outer loop
      vertex 2.42150762528088 2.0766014762910148 11.147139673682602
      vertex 2.424708244204162 2.080501441733098 11.155557023301961
      vertex 2.2405824745029523 2.2405824745029523 11.147139673682602
    endloop
  endfacet
  facet normal -0.5396317817734805 -0.5953919206891489 0.5952360883532389
    outer loop
      vertex 2.424708244204162 2.080501441733098 11.155557023301961
      vertex 2.4284168539870894 2.0850203958286246 11.163439328416366
      vertex 2.2441499450313174 2.2441499450313174 11.155557023301961
    endloop
  endfacet
  facet normal -0.4978627322768804 -0.5493068763216529 0.6711144875768572
    outer loop
      vertex 2.4284168539870894 2.0850203958286246 11.163439328416366
      vertex 2.432597738690119 2.0901148185793432 11.170710678118656
      vertex 2.248283631802198 2.248283631802198 11.163439328416366
    endloop
  endfacet
  facet normal -0.45128978885301585 -0.49792155178396347 0.7405482123035948
    outer loop
      vertex 2.432597738690119 2.0901148185793432 11.170710678118656
      vertex 2.437210634108057 2.0957356479092697 11.177301045336275
      vertex 2.252943725152286 2.252943725152286 11.170710678118656
    endloop
  endfacet
  facet normal -0.4003582550648244 -0.4417272638453707 0.8028638066179911
    outer loop
      vertex 2.437210634108057 2.0957356479092697 11.177301045336275
      vertex 2.442211115536364 2.1018287521592987 11.183146961230257
      vertex 2.2580853458351537 2.2580853458351537 11.177301045336275
    endloop
  endfacet
  facet normal -0.3455564783382127 -0.38126282085944607 0.8574551776674919
    outer loop
      vertex 2.442211115536364 2.1018287521592987 11.183146961230257
      vertex 2.4475510256053434 2.108335451404673 11.188192126434837
      vertex 2.2636589772329305 2.2636589772329305 11.183146961230257
    endloop
  endfacet
  facet normal -0.2874113336052033 -0.31710953973215555 0.903789945245099
    outer loop
      vertex 2.4475510256053434 2.108335451404673 11.188192126434837
      vertex 2.45317893806194 2.115193082574736 11.19238795325113
      vertex 2.269610942228398 2.269610942228398 11.188192126434837
    endloop
  endfacet
  facet normal -0.2264832278685408 -0.24988573430823635 0.9414151407766289
    outer loop
      vertex 2.45317893806194 2.115193082574736 11.19238795325113
      vertex 2.4590406530326665 2.122335602932558 11.195694033573222
      vertex 2.2758839201449756 2.2758839201449756 11.19238795325113
    endloop
  endfacet
  facet normal -0.6643075609420502 -0.7329504450937585 0.14655752970108946
    outer loop
      vertex 2.415235758497814 2.068959184503831 11.119509032201615
      vertex 2.233591732886178 2.233591732886178 11.119509032201615
      vertex 2.2325735382759664 2.2325735382759664 11.109801714032958
    endloop
  endfacet
  facet normal -0.6514794785979481 -0.7187968373123336 0.24270474992371402
    outer loop
      vertex 2.4167484657738685 2.0708024236528866 11.129028467725448
      vertex 2.2352778250935676 2.2352778250935676 11.129028467725448
      vertex 2.233591732886178 2.233591732886178 11.119509032201615
    endloop
  endfacet
  facet normal -0.6323887556945351 -0.6977334704745752 0.3365300370704262
    outer loop
      vertex 2.4188458209271095 2.0733580583015208 11.138268343236511
      vertex 2.2376155769084667 2.2376155769084667 11.138268343236511
      vertex 2.2352778250935676 2.2352778250935676 11.129028467725448
    endloop
  endfacet
  facet normal -0.6072157447205075 -0.6699593328874601 0.4271340909369197
    outer loop
      vertex 2.42150762528088 2.0766014762910148 11.147139673682602
      vertex 2.2405824745029523 2.2405824745029523 11.147139673682602
      vertex 2.2376155769084667 2.2376155769084667 11.138268343236511
    endloop
  endfacet
  facet normal -0.5761986878472938 -0.6357372842802178 0.5136469385668239
    outer loop
      vertex 2.424708244204162 2.080501441733098 11.155557023301961
      vertex 2.2441499450313174 2.2441499450313174 11.155557023301961
      vertex 2.2405824745029523 2.2405824745029523 11.147139673682602
    endloop
  endfacet
  facet normal -0.539631781773468 -0.5953919206891332 0.5952360883532658
    outer loop
      vertex 2.4284168539870894 2.0850203958286246 11.163439328416366
      vertex 2.248283631802198 2.248283631802198 11.163439328416366
      vertex 2.2441499450313174 2.2441499450313174 11.155557023301961
    endloop
  endfacet
  facet normal -0.497862732276878 -0.5493068763216499 0.6711144875768614
    outer loop
      vertex 2.432597738690119 2.0901148185793432 11.170710678118656
      vertex 2.252943725152286 2.252943725152286 11.170710678118656
      vertex 2.248283631802198 2.248283631802198 11.163439328416366
    endloop
  endfacet
  facet normal -0.4512897888530268 -0.4979215517839769 0.740548212303579
    outer loop
      vertex 2.437210634108057 2.0957356479092697 11.177301045336275
      vertex 2.2580853458351537 2.2580853458351537 11.177301045336275
      vertex 2.252943725152286 2.252943725152286 11.170710678118656
    endloop
  endfacet
  facet normal -0.40035825506481865 -0.4417272638453636 0.802863806617998
    outer loop
      vertex 2.442211115536364 2.1018287521592987 11.183146961230257
      vertex 2.2636589772329305 2.2636589772329305 11.183146961230257
      vertex 2.2580853458351537 2.2580853458351537 11.177301045336275
    endloop
  endfacet
  facet normal -0.34555647833821534 -0.3812628208594493 0.8574551776674895
    outer loop
      vertex 2.4475510256053434 2.108335451404673 11.188192126434837
      vertex 2.269610942228398 2.269610942228398 11.188192126434837
      vertex 2.2636589772329305 2.2636589772329305 11.183146961230257
    endloop
  endfacet
  facet normal -0.28741133360519655 -0.3171095397321474 0.9037899452451039
    outer loop
      vertex 2.45317893806194 2.115193082574736 11.19238795325113
      vertex 2.2758839201449756 2.2758839201449756 11.19238795325113
      vertex 2.269610942228398 2.269610942228398 11.188192126434837
    endloop
  endfacet
  facet normal -0.22648322786854808 -0.24988573430824515 0.9414151407766249
    outer loop
      vertex 2.4590406530326665 2.122335602932558 11.195694033573222
      vertex 2.2824174987761676 2.2824174987761676 11.195694033573222
      vertex 2.2758839201449756 2.2758839201449756 11.19238795325113
    endloop
  endfacet
  facet normal -0.16336066667423754 -0.18024072039749067 0.9699621514751707
    outer loop
      vertex 2.2824174987761676 2.2824174987761676 11.195694033573222
      vertex 2.465079718998015 2.129694226102594 11.198078528040323
      vertex 2.2891487561881387 2.2891487561881387 11.198078528040323
    endloop
  endfacet
  facet normal -0.09865443768359189 -0.10884839833543727 0.9891508116081917
    outer loop
      vertex 2.2891487561881387 2.2891487561881387 11.198078528040323
      vertex 2.4712379764514507 2.1371980845210836 11.199518472667222
      vertex 2.296012866692331 2.296012866692331 11.199518472667222
    endloop
  endfacet
  facet normal -0.16336066667424512 -0.1802407203974998 0.9699621514751678
    outer loop
      vertex 2.4590406530326665 2.122335602932558 11.195694033573222
      vertex 2.465079718998015 2.129694226102594 11.198078528040323
      vertex 2.2824174987761676 2.2824174987761676 11.195694033573222
    endloop
  endfacet
  facet normal -0.09865443768358916 -0.10884839833543397 0.9891508116081923
    outer loop
      vertex 2.2891487561881387 2.2891487561881387 11.198078528040323
      vertex 2.465079718998015 2.129694226102594 11.198078528040323
      vertex 2.4712379764514507 2.1371980845210836 11.199518472667222
    endloop
  endfacet
  facet normal -0.03299148003428795 -0.036400488865642414 0.9987925543652642
    outer loop
      vertex 2.296012866692331 2.296012866692331 11.199518472667222
      vertex 2.4712379764514507 2.1371980845210836 11.199518472667222
      vertex 2.4774561180072503 2.144774911929431 11.200000000000001
    endloop
  endfacet
  facet normal -0.03299148003428673 -0.03640048886564094 0.9987925543652644
    outer loop
      vertex 2.296012866692331 2.296012866692331 11.199518472667222
      vertex 2.4774561180072503 2.144774911929431 11.200000000000001
      vertex 2.3029437251522857 2.3029437251522857 11.200000000000001
    endloop
  endfacet
  facet normal -0.35513357742992147 -0.47884219760239977 0.8028638066179907
    outer loop
      vertex 2.437210634108057 2.0957356479092697 11.177301045336275
      vertex 2.635765612371209 1.958278953848327 11.183146961230257
      vertex 2.442211115536364 2.1018287521592987 11.183146961230257
    endloop
  endfacet
  facet normal -0.3065222380301969 -0.4132973939963436 0.8574551776674922
    outer loop
      vertex 2.442211115536364 2.1018287521592987 11.183146961230257
      vertex 2.6404420412606444 1.9652777242729513 11.188192126434837
      vertex 2.4475510256053434 2.108335451404673 11.188192126434837
    endloop
  endfacet
  facet normal -0.2549451992206175 -0.34375380764177954 0.9037899452450985
    outer loop
      vertex 2.4475510256053434 2.108335451404673 11.188192126434837
      vertex 2.645370688383773 1.9726539659595703 11.19238795325113
      vertex 2.45317893806194 2.115193082574736 11.19238795325113
    endloop
  endfacet
  facet normal -0.20089956413614513 -0.27088170452510574 0.941415140776629
    outer loop
      vertex 2.45317893806194 2.115193082574736 11.19238795325113
      vertex 2.650504088174526 1.9803366416684773 11.195694033573222
      vertex 2.4590406530326665 2.122335602932558 11.195694033573222
    endloop
  endfacet
  facet normal -0.14490736042889357 -0.1953849574537253 0.9699621514751681
    outer loop
      vertex 2.4590406530326665 2.122335602932558 11.195694033573222
      vertex 2.655792803186718 1.9882517630328183 11.198078528040323
      vertex 2.465079718998015 2.129694226102594 11.198078528040323
    endloop
  endfacet
  facet normal -0.08751038086684988 -0.11799408940872169 0.9891508116081922
    outer loop
      vertex 2.6611859002036735 1.9963231031070086 11.199518472667222
      vertex 2.4712379764514507 2.1371980845210836 11.199518472667222
      vertex 2.465079718998015 2.129694226102594 11.198078528040323
    endloop
  endfacet
  facet normal -0.02926474521522567 -0.039458941090689245 0.9987925543652643
    outer loop
      vertex 2.6666314407529548 2.004472930473891 11.200000000000001
      vertex 2.4774561180072503 2.144774911929431 11.200000000000001
      vertex 2.4712379764514507 2.1371980845210836 11.199518472667222
    endloop
  endfacet
  facet normal 0 0 1
    outer loop
      vertex 2.004472930473891 2.6666314407529548 11.200000000000001
      vertex 2.144774911929431 2.4774561180072503 11.200000000000001
      vertex 2.004472930473891 5.333368559247045 11.200000000000001
    endloop
  endfacet
  facet normal 0 0 1
    outer loop
      vertex 2.3029437251522857 2.3029437251522857 11.200000000000001
      vertex 2.144774911929431 5.52254388199275 11.200000000000001
      vertex 2.144774911929431 2.4774561180072503 11.200000000000001
    endloop
  endfacet
  facet normal 0 0 1
    outer loop
      vertex 2.3029437251522857 2.3029437251522857 11.200000000000001
      vertex 2.4774561180072503 2.144774911929431 11.200000000000001
      vertex 2.3029437251522857 5.697056274847714 11.200000000000001
    endloop
  endfacet
  facet normal 0 0 1
    outer loop
      vertex 2.6666314407529548 2.004472930473891 11.200000000000001
      vertex 2.4774561180072503 5.8552250880705685 11.200000000000001
      vertex 2.4774561180072503 2.144774911929431 11.200000000000001
    endloop
  endfacet
  facet normal 0 0 1
    outer loop
      vertex 2.6666314407529548 2.004472930473891 11.200000000000001
      vertex 2.868647831617605 1.8833889655639475 11.200000000000001
      vertex 2.6666314407529548 5.9955270695261085 11.200000000000001
    endloop
  endfacet
  facet normal 0 0 1
    outer loop
      vertex 2.868647831617605 1.8833889655639475 11.200000000000001
      vertex 3.0815597623237845 1.7826891219729113 11.200000000000001
      vertex 2.868647831617605 6.116611034436053 11.200000000000001
    endloop
  endfacet
  facet normal 0 0 1
    outer loop
      vertex 3.0815597623237845 1.7826891219729113 11.200000000000001
      vertex 3.30331677458929 1.7033431942426986 11.200000000000001
      vertex 3.0815597623237845 6.217310878027089 11.200000000000001
    endloop
  endfacet
  facet normal 0 0 1
    outer loop
      vertex 3.30331677458929 1.7033431942426986 11.200000000000001
      vertex 3.5317832271612923 1.6461153270322466 11.200000000000001
      vertex 3.30331677458929 6.296656805757301 11.200000000000001
    endloop
  endfacet
  facet normal 0 0 1
    outer loop
      vertex 3.5317832271612923 1.6461153270322466 11.200000000000001
      vertex 3.7647588632090545 1.611556655986727 11.200000000000001
      vertex 3.5317832271612923 6.353884672967753 11.200000000000001
    endloop
  endfacet
  facet normal 0 0 1
    outer loop
      vertex 3.7647588632090545 1.611556655986727 11.200000000000001
      vertex 4 1.5999999999999996 11.200000000000001
      vertex 3.7647588632090545 6.3884433440132735 11.200000000000001
    endloop
  endfacet
  facet normal -0.9987954562051724 0.04906767432741708 0
    outer loop
      vertex 1.4999999999999996 4 10.305000000000001
      vertex 1.5120381833195071 4.245042850823902 9.600000000000001
      vertex 1.4999999999999996 4 9.600000000000001
    endloop
  endfacet
  facet normal -0.9987954562051724 0.04906767432741708 0
    outer loop
      vertex 1.4999999999999996 4 10.305000000000001
      vertex 1.5120381833195071 4.245042850823902 10.305000000000001
      vertex 1.5120381833195071 4.245042850823902 9.600000000000001
    endloop
  endfacet
  facet normal -0.9891765099647808 0.14673047445536286 0
    outer loop
      vertex 1.5120381833195071 4.245042850823902 10.305000000000001
      vertex 1.5480367989919235 4.487725805040321 9.600000000000001
      vertex 1.5120381833195071 4.245042850823902 9.600000000000001
    endloop
  endfacet
  facet normal -0.9891765099647808 0.14673047445536286 0
    outer loop
      vertex 1.5120381833195071 4.245042850823902 10.305000000000001
      vertex 1.5480367989919235 4.487725805040321 10.305000000000001
      vertex 1.5480367989919235 4.487725805040321 9.600000000000001
    endloop
  endfacet
  facet normal -0.9987954562051724 0.04906767432741707 0
    outer loop
      vertex 1.4999999999999996 4 10.305000000000001
      vertex 1.4999999999999996 4 11.105
      vertex 1.5120381833195071 4.245042850823902 10.305000000000001
    endloop
  endfacet
  facet normal -0.9987954562051724 0.04906767432741707 0
    outer loop
      vertex 1.5120381833195071 4.245042850823902 10.305000000000001
      vertex 1.4999999999999996 4 11.105
      vertex 1.5120381833195071 4.245042850823902 11.105
    endloop
  endfacet
  facet normal 0 0 1
    outer loop
      vertex 1.4999999999999996 4 11.105
      vertex 1.5002456342488468 4 11.105
      vertex 1.5122826347723075 4.245018774457263 11.105
    endloop
  endfacet
  facet normal -0.9975952547276311 0.049008712209736766 0.049008712209729105
    outer loop
      vertex 1.5002456342488468 4 11.105
      vertex 1.5004815273327798 4 11.109801714032958
      vertex 1.5122826347723075 4.245018774457263 11.105
    endloop
  endfacet
  facet normal -0.9880106111351127 0.04853784886387359 0.14655752970110086
    outer loop
      vertex 1.5004815273327798 4 11.109801714032958
      vertex 1.5019214719596765 4 11.119509032201615
      vertex 1.5125173919665653 4.244995652891752 11.109801714032958
    endloop
  endfacet
  facet normal -0.9689316750794761 0.04760056083850759 0.24270474992373017
    outer loop
      vertex 1.5019214719596765 4 11.119509032201615
      vertex 1.5043059664267786 4 11.129028467725448
      vertex 1.5139504028665067 4.244854513637191 11.119509032201615
    endloop
  endfacet
  facet normal -0.9405384459311305 0.0462056909356665 0.33653003707041
    outer loop
      vertex 1.5043059664267786 4 11.129028467725448
      vertex 1.507612046748871 4 11.138268343236511
      vertex 1.516323415341001 4.244620792308393 11.129028467725448
    endloop
  endfacet
  facet normal -0.9030991581390623 0.044366416668830295 0.42713409093689175
    outer loop
      vertex 1.507612046748871 4 11.138268343236511
      vertex 1.5118078735651643 4 11.147139673682602
      vertex 1.519613575982699 4.244296739769522 11.138268343236511
    endloop
  endfacet
  facet normal -0.8569681442552516 0.04210014528004608 0.5136469385668617
    outer loop
      vertex 1.5118078735651643 4 11.147139673682602
      vertex 1.516853038769745 4 11.155557023301961
      vertex 1.5237891987460355 4.243885476823671 11.147139673682602
    endloop
  endfacet
  facet normal -0.802582956818794 0.03942837234717186 0.5952360883532304
    outer loop
      vertex 1.516853038769745 4 11.155557023301961
      vertex 1.522698954663726 4 11.163439328416366
      vertex 1.5288100701011724 4.243390964157828 11.155557023301961
    endloop
  endfacet
  facet normal -0.7404607312924839 0.03637650310639514 0.6711144875768594
    outer loop
      vertex 1.522698954663726 4 11.163439328416366
      vertex 1.529289321881345 4 11.170710678118656
      vertex 1.5346278363122723 4.2428179641992925 11.163439328416366
    endloop
  endfacet
  facet normal -0.6711937757435819 0.03297363578715609 0.740548212303595
    outer loop
      vertex 1.529289321881345 4 11.170710678118656
      vertex 1.536560671583635 4 11.177301045336275
      vertex 1.541186469110408 4.2421719952509 11.170710678118656
    endloop
  endfacet
  facet normal -0.5954443807603861 0.029252306639688138 0.8028638066179955
    outer loop
      vertex 1.536560671583635 4 11.177301045336275
      vertex 1.5444429766980394 4 11.183146961230257
      vertex 1.5484228052764193 4.2414592783467455 11.177301045336275
    endloop
  endfacet
  facet normal -0.513938855159919 0.025248196928133102 0.8574551776674918
    outer loop
      vertex 1.5444429766980394 4 11.183146961230257
      vertex 1.5528603263173997 4 11.188192126434837
      vertex 1.5562671549372449 4.240686677340227 11.183146961230257
    endloop
  endfacet
  facet normal -0.4274608089056452 0.020999802941442252 0.9037899452451061
    outer loop
      vertex 1.5528603263173997 4 11.188192126434837
      vertex 1.5617316567634907 4 11.19238795325113
      vertex 1.5646439727174921 4.239861632801382 11.188192126434837
    endloop
  endfacet
  facet normal 0 0 1
    outer loop
      vertex 1.4999999999999996 4 11.105
      vertex 1.5122826347723075 4.245018774457263 11.105
      vertex 1.5120381833195071 4.245042850823902 11.105
    endloop
  endfacet
  facet normal -0.9975952547276301 0.04900871220973708 0.04900871220974782
    outer loop
      vertex 1.5004815273327798 4 11.109801714032958
      vertex 1.5125173919665653 4.244995652891752 11.109801714032958
      vertex 1.5122826347723075 4.245018774457263 11.105
    endloop
  endfacet
  facet normal -0.9880106111351106 0.04853784886387402 0.1465575297011138
    outer loop
      vertex 1.5019214719596765 4 11.119509032201615
      vertex 1.5139504028665067 4.244854513637191 11.119509032201615
      vertex 1.5125173919665653 4.244995652891752 11.109801714032958
    endloop
  endfacet
  facet normal -0.9689316750794775 0.0476005608385074 0.24270474992372396
    outer loop
      vertex 1.5043059664267786 4 11.129028467725448
      vertex 1.516323415341001 4.244620792308393 11.129028467725448
      vertex 1.5139504028665067 4.244854513637191 11.119509032201615
    endloop
  endfacet
  facet normal -0.9405384459311258 0.04620569093566685 0.3365300370704235
    outer loop
      vertex 1.507612046748871 4 11.138268343236511
      vertex 1.519613575982699 4.244296739769522 11.138268343236511
      vertex 1.516323415341001 4.244620792308393 11.129028467725448
    endloop
  endfacet
  facet normal -0.9030991581390736 0.04436641666882977 0.42713409093686744
    outer loop
      vertex 1.5118078735651643 4 11.147139673682602
      vertex 1.5237891987460355 4.243885476823671 11.147139673682602
      vertex 1.519613575982699 4.244296739769522 11.138268343236511
    endloop
  endfacet
  facet normal -0.8569681442552394 0.04210014528004643 0.5136469385668819
    outer loop
      vertex 1.516853038769745 4 11.155557023301961
      vertex 1.5288100701011724 4.243390964157828 11.155557023301961
      vertex 1.5237891987460355 4.243885476823671 11.147139673682602
    endloop
  endfacet
  facet normal -0.8025829568188052 0.03942837234717165 0.5952360883532152
    outer loop
      vertex 1.522698954663726 4 11.163439328416366
      vertex 1.5346278363122723 4.2428179641992925 11.163439328416366
      vertex 1.5288100701011724 4.243390964157828 11.155557023301961
    endloop
  endfacet
  facet normal -0.7404607312924807 0.03637650310639517 0.6711144875768629
    outer loop
      vertex 1.529289321881345 4 11.170710678118656
      vertex 1.541186469110408 4.2421719952509 11.170710678118656
      vertex 1.5346278363122723 4.2428179641992925 11.163439328416366
    endloop
  endfacet
  facet normal -0.6711937757435922 0.03297363578715603 0.7405482123035857
    outer loop
      vertex 1.536560671583635 4 11.177301045336275
      vertex 1.5484228052764193 4.2414592783467455 11.177301045336275
      vertex 1.541186469110408 4.2421719952509 11.170710678118656
    endloop
  endfacet
  facet normal -0.5954443807603752 0.02925230663968815 0.8028638066180035
    outer loop
      vertex 1.5444429766980394 4 11.183146961230257
      vertex 1.5562671549372449 4.240686677340227 11.183146961230257
      vertex 1.5484228052764193 4.2414592783467455 11.177301045336275
    endloop
  endfacet
  facet normal -0.5139388551599225 0.02524819692813311 0.8574551776674896
    outer loop
      vertex 1.5528603263173997 4 11.188192126434837
      vertex 1.5646439727174921 4.239861632801382 11.188192126434837
      vertex 1.5562671549372449 4.240686677340227 11.183146961230257
    endloop
  endfacet
  facet normal -0.9891765099647809 0.14673047445536289 0
    outer loop
      vertex 1.5120381833195071 4.245042850823902 10.305000000000001
      vertex 1.5120381833195071 4.245042850823902 11.105
      vertex 1.5480367989919235 4.487725805040321 10.305000000000001
    endloop
  endfacet
  facet normal -0.9891765099647809 0.14673047445536289 0
    outer loop
      vertex 1.5480367989919235 4.487725805040321 10.305000000000001
      vertex 1.5120381833195071 4.245042850823902 11.105
      vertex 1.5480367989919235 4.487725805040321 11.105
    endloop
  endfacet
  facet normal 0 0 1
    outer loop
      vertex 1.5120381833195071 4.245042850823902 11.105
      vertex 1.5122826347723075 4.245018774457263 11.105
      vertex 1.5482777134475558 4.487677884175615 11.105
    endloop
  endfacet
  facet normal -0.9879878670835637 0.14655415593974724 0.049008712209757124
    outer loop
      vertex 1.5122826347723075 4.245018774457263 11.105
      vertex 1.5125173919665653 4.244995652891752 11.109801714032958
      vertex 1.5482777134475558 4.487677884175615 11.105
    endloop
  endfacet
  facet normal -0.9784955288483403 0.14514610057357755 0.14655752970110983
    outer loop
      vertex 1.5125173919665653 4.244995652891752 11.109801714032958
      vertex 1.5139504028665067 4.244854513637191 11.119509032201615
      vertex 1.5485090739120264 4.487631863717909 11.109801714032958
    endloop
  endfacet
  facet normal -0.9596003333765292 0.14234326309353518 0.24270474992372665
    outer loop
      vertex 1.5139504028665067 4.244854513637191 11.119509032201615
      vertex 1.516323415341001 4.244620792308393 11.129028467725448
      vertex 1.5499213504066822 4.487350944456963 11.119509032201615
    endloop
  endfacet
  facet normal -0.9314805465461954 0.13817208674469064 0.3365300370704207
    outer loop
      vertex 1.516323415341001 4.244620792308393 11.129028467725448
      vertex 1.519613575982699 4.244296739769522 11.138268343236511
      vertex 1.552260027481219 4.48688575266353 11.129028467725448
    endloop
  endfacet
  facet normal -0.8944018195619752 0.13267197716082071 0.4271340909368703
    outer loop
      vertex 1.519613575982699 4.244296739769522 11.138268343236511
      vertex 1.5237891987460355 4.243885476823671 11.147139673682602
      vertex 1.555502582396958 4.486240768388882 11.138268343236511
    endloop
  endfacet
  facet normal -0.8487150725596225 0.12589498842681252 0.5136469385668794
    outer loop
      vertex 1.5237891987460355 4.243885476823671 11.147139673682602
      vertex 1.5288100701011724 4.243390964157828 11.155557023301961
      vertex 1.5596177875774995 4.485422203184167 11.147139673682602
    endloop
  endfacet
  facet normal -0.7948536442081653 0.11790540026207234 0.5952360883532178
    outer loop
      vertex 1.5288100701011724 4.243390964157828 11.155557023301961
      vertex 1.5346278363122723 4.2428179641992925 11.163439328416366
      vertex 1.5645660113473547 4.484437940279781 11.155557023301961
    endloop
  endfacet
  facet normal -0.7333296896731267 0.10877918370885323 0.67111448757686
    outer loop
      vertex 1.5346278363122723 4.2428179641992925 11.163439328416366
      vertex 1.541186469110408 4.2421719952509 11.170710678118656
      vertex 1.5702995996066464 4.483297458665545 11.163439328416366
    endloop
  endfacet
  facet normal -0.6647298127713402 0.09860335322361827 0.7405482123035861
    outer loop
      vertex 1.541186469110408 4.2421719952509 11.170710678118656
      vertex 1.5484228052764193 4.2414592783467455 11.177301045336275
      vertex 1.5767633347661394 4.482011741802855 11.170710678118656
    endloop
  endfacet
  facet normal 0 0 1
    outer loop
      vertex 1.5120381833195071 4.245042850823902 11.105
      vertex 1.5482777134475558 4.487677884175615 11.105
      vertex 1.5480367989919235 4.487725805040321 11.105
    endloop
  endfacet
  facet normal -0.9879878670835632 0.14655415593974735 0.0490087122097653
    outer loop
      vertex 1.5125173919665653 4.244995652891752 11.109801714032958
      vertex 1.5485090739120264 4.487631863717909 11.109801714032958
      vertex 1.5482777134475558 4.487677884175615 11.105
    endloop
  endfacet
  facet normal -0.9784955288483445 0.145146100573577 0.1465575297010824
    outer loop
      vertex 1.5139504028665067 4.244854513637191 11.119509032201615
      vertex 1.5499213504066822 4.487350944456963 11.119509032201615
      vertex 1.5485090739120264 4.487631863717909 11.109801714032958
    endloop
  endfacet
  facet normal -0.9596003333765238 0.14234326309353526 0.24270474992374758
    outer loop
      vertex 1.516323415341001 4.244620792308393 11.129028467725448
      vertex 1.552260027481219 4.48688575266353 11.129028467725448
      vertex 1.5499213504066822 4.487350944456963 11.119509032201615
    endloop
  endfacet
  facet normal -0.9314805465462026 0.13817208674469084 0.3365300370704009
    outer loop
      vertex 1.519613575982699 4.244296739769522 11.138268343236511
      vertex 1.555502582396958 4.486240768388882 11.138268343236511
      vertex 1.552260027481219 4.48688575266353 11.129028467725448
    endloop
  endfacet
  facet normal -0.8944018195619701 0.13267197716082044 0.427134090936881
    outer loop
      vertex 1.5237891987460355 4.243885476823671 11.147139673682602
      vertex 1.5596177875774995 4.485422203184167 11.147139673682602
      vertex 1.555502582396958 4.486240768388882 11.138268343236511
    endloop
  endfacet
  facet normal -0.8487150725596332 0.1258949884268133 0.5136469385668616
    outer loop
      vertex 1.5288100701011724 4.243390964157828 11.155557023301961
      vertex 1.5645660113473547 4.484437940279781 11.155557023301961
      vertex 1.5596177875774995 4.485422203184167 11.147139673682602
    endloop
  endfacet
  facet normal -0.794853644208162 0.11790540026207208 0.5952360883532224
    outer loop
      vertex 1.5346278363122723 4.2428179641992925 11.163439328416366
      vertex 1.5702995996066464 4.483297458665545 11.163439328416366
      vertex 1.5645660113473547 4.484437940279781 11.155557023301961
    endloop
  endfacet
  facet normal 0 0 1
    outer loop
      vertex 1.611556655986727 3.7647588632090545 11.200000000000001
      vertex 1.611556655986727 4.235241136790945 11.200000000000001
      vertex 1.5999999999999996 4 11.200000000000001
    endloop
  endfacet
  facet normal -0.3368437235020075 0.016548071000270642 0.9414151407766252
    outer loop
      vertex 1.5617316567634907 4 11.19238795325113
      vertex 1.5709715322745534 4 11.195694033573222
      vertex 1.5734725852827038 4.238992090360139 11.19238795325113
    endloop
  endfacet
  facet normal -0.24296287082353407 0.011936000454506303 0.9699621514751678
    outer loop
      vertex 1.5709715322745534 4 11.195694033573222
      vertex 1.580490967798387 4 11.198078528040323
      vertex 1.5826679682676663 4.238086424185543 11.195694033573222
    endloop
  endfacet
  facet normal -0.14672666246449304 0.007208218704068364 0.9891508116081921
    outer loop
      vertex 1.580490967798387 4 11.198078528040323
      vertex 1.5901982859670434 4 11.199518472667222
      vertex 1.592141565107526 4.237153356337945 11.198078528040323
    endloop
  endfacet
  facet normal -0.04906753176902531 0.0024105332617754367 0.9987925543652643
    outer loop
      vertex 1.5901982859670434 4 11.199518472667222
      vertex 1.5999999999999996 4 11.200000000000001
      vertex 1.6018021398859204 4.236201872770784 11.199518472667222
    endloop
  endfacet
  facet normal 0 0 1
    outer loop
      vertex 1.6461153270322466 3.5317832271612923 11.200000000000001
      vertex 1.6461153270322466 4.468216772838708 11.200000000000001
      vertex 1.611556655986727 4.235241136790945 11.200000000000001
    endloop
  endfacet
  facet normal -0.4274608089056503 0.020999802941442273 0.9037899452451038
    outer loop
      vertex 1.5617316567634907 4 11.19238795325113
      vertex 1.5734725852827038 4.238992090360139 11.19238795325113
      vertex 1.5646439727174921 4.239861632801382 11.188192126434837
    endloop
  endfacet
  facet normal -0.33684372350199515 0.016548071000270573 0.9414151407766296
    outer loop
      vertex 1.5709715322745534 4 11.195694033573222
      vertex 1.5826679682676663 4.238086424185543 11.195694033573222
      vertex 1.5734725852827038 4.238992090360139 11.19238795325113
    endloop
  endfacet
  facet normal -0.24296287082354012 0.011936000454506343 0.9699621514751665
    outer loop
      vertex 1.580490967798387 4 11.198078528040323
      vertex 1.592141565107526 4.237153356337945 11.198078528040323
      vertex 1.5826679682676663 4.238086424185543 11.195694033573222
    endloop
  endfacet
  facet normal -0.14672666246449254 0.007208218704068361 0.9891508116081921
    outer loop
      vertex 1.5901982859670434 4 11.199518472667222
      vertex 1.6018021398859204 4.236201872770784 11.199518472667222
      vertex 1.592141565107526 4.237153356337945 11.198078528040323
    endloop
  endfacet
  facet normal -0.049067531769025424 0.002410533261775438 0.9987925543652643
    outer loop
      vertex 1.5999999999999996 4 11.200000000000001
      vertex 1.611556655986727 4.235241136790945 11.200000000000001
      vertex 1.6018021398859204 4.236201872770784 11.199518472667222
    endloop
  endfacet
  facet normal 0 0 1
    outer loop
      vertex 1.7033431942426986 3.30331677458929 11.200000000000001
      vertex 1.7033431942426986 4.69668322541071 11.200000000000001
      vertex 1.6461153270322466 4.468216772838708 11.200000000000001
    endloop
  endfacet
  facet normal 0 0 1
    outer loop
      vertex 1.7826891219729113 3.0815597623237845 11.200000000000001
      vertex 1.7826891219729113 4.918440237676216 11.200000000000001
      vertex 1.7033431942426986 4.69668322541071 11.200000000000001
    endloop
  endfacet
  facet normal -0.5089893430371731 0.07550143684591443 0.8574551776674916
    outer loop
      vertex 1.5562671549372449 4.240686677340227 11.183146961230257
      vertex 1.5646439727174921 4.239861632801382 11.188192126434837
      vertex 1.5916258163546648 4.4790554104049445 11.183146961230257
    endloop
  endfacet
  facet normal -0.5897099258706449 0.0874752042151884 0.8028638066180026
    outer loop
      vertex 1.5484228052764193 4.2414592783467455 11.177301045336275
      vertex 1.5562671549372449 4.240686677340227 11.183146961230257
      vertex 1.5838949675228098 4.480593171847944 11.177301045336275
    endloop
  endfacet
  facet normal -0.42334412764204377 0.0627971692423432 0.9037899452451025
    outer loop
      vertex 1.5646439727174921 4.239861632801382 11.188192126434837
      vertex 1.5734725852827038 4.238992090360139 11.19238795325113
      vertex 1.599881428961341 4.477413266957181 11.188192126434837
    endloop
  endfacet
  facet normal -0.3335997343071601 0.04948484603098363 0.94141514077663
    outer loop
      vertex 1.5734725852827038 4.238992090360139 11.19238795325113
      vertex 1.5826679682676663 4.238086424185543 11.195694033573222
      vertex 1.6085822992804601 4.475682556243742 11.19238795325113
    endloop
  endfacet
  facet normal -0.24062300556049432 0.0356930511542611 0.9699621514751664
    outer loop
      vertex 1.5826679682676663 4.238086424185543 11.195694033573222
      vertex 1.592141565107526 4.237153356337945 11.198078528040323
      vertex 1.6176446331744687 4.4738799459549 11.195694033573222
    endloop
  endfacet
  facet normal -0.14531360449600647 0.021555237025672067 0.9891508116081921
    outer loop
      vertex 1.592141565107526 4.237153356337945 11.198078528040323
      vertex 1.6018021398859204 4.236201872770784 11.199518472667222
      vertex 1.6269811554139921 4.472022796213143 11.198078528040323
    endloop
  endfacet
  facet normal -0.04859498461504816 0.007208385032284016 0.9987925543652643
    outer loop
      vertex 1.6018021398859204 4.236201872770784 11.199518472667222
      vertex 1.611556655986727 4.235241136790945 11.200000000000001
      vertex 1.6365019501860014 4.470128992385708 11.199518472667222
    endloop
  endfacet
  facet normal -0.7333296896731154 0.10877918370885221 0.6711144875768723
    outer loop
      vertex 1.541186469110408 4.2421719952509 11.170710678118656
      vertex 1.5767633347661394 4.482011741802855 11.170710678118656
      vertex 1.5702995996066464 4.483297458665545 11.163439328416366
    endloop
  endfacet
  facet normal -0.6647298127713404 0.09860335322361828 0.7405482123035861
    outer loop
      vertex 1.5484228052764193 4.2414592783467455 11.177301045336275
      vertex 1.5838949675228098 4.480593171847944 11.177301045336275
      vertex 1.5767633347661394 4.482011741802855 11.170710678118656
    endloop
  endfacet
  facet normal -0.5897099258706423 0.08747520421518815 0.8028638066180047
    outer loop
      vertex 1.5562671549372449 4.240686677340227 11.183146961230257
      vertex 1.5916258163546648 4.4790554104049445 11.183146961230257
      vertex 1.5838949675228098 4.480593171847944 11.177301045336275
    endloop
  endfacet
  facet normal -0.508989343037176 0.07550143684591472 0.8574551776674896
    outer loop
      vertex 1.5646439727174921 4.239861632801382 11.188192126434837
      vertex 1.599881428961341 4.477413266957181 11.188192126434837
      vertex 1.5916258163546648 4.4790554104049445 11.183146961230257
    endloop
  endfacet
  facet normal -0.3335997343071791 0.04948484603098561 0.9414151407766231
    outer loop
      vertex 1.5826679682676663 4.238086424185543 11.195694033573222
      vertex 1.6176446331744687 4.4738799459549 11.195694033573222
      vertex 1.6085822992804601 4.475682556243742 11.19238795325113
    endloop
  endfacet
  facet normal -0.24062300556048846 0.03569305115426049 0.9699621514751678
    outer loop
      vertex 1.592141565107526 4.237153356337945 11.198078528040323
      vertex 1.6269811554139921 4.472022796213143 11.198078528040323
      vertex 1.6176446331744687 4.4738799459549 11.195694033573222
    endloop
  endfacet
  facet normal -0.14531360449600556 0.021555237025671973 0.9891508116081924
    outer loop
      vertex 1.6018021398859204 4.236201872770784 11.199518472667222
      vertex 1.6365019501860014 4.470128992385708 11.199518472667222
      vertex 1.6269811554139921 4.472022796213143 11.198078528040323
    endloop
  endfacet
  facet normal -0.4233441276420332 0.06279716924234213 0.9037899452451076
    outer loop
      vertex 1.5734725852827038 4.238992090360139 11.19238795325113
      vertex 1.6085822992804601 4.475682556243742 11.19238795325113
      vertex 1.599881428961341 4.477413266957181 11.188192126434837
    endloop
  endfacet
  facet normal -0.0485949846150483 0.007208385032284032 0.9987925543652643
    outer loop
      vertex 1.611556655986727 4.235241136790945 11.200000000000001
      vertex 1.6461153270322466 4.468216772838708 11.200000000000001
      vertex 1.6365019501860014 4.470128992385708 11.199518472667222
    endloop
  endfacet
  facet normal 0 0 1
    outer loop
      vertex 1.8833889655639475 2.868647831617605 11.200000000000001
      vertex 1.8833889655639475 5.131352168382395 11.200000000000001
      vertex 1.7826891219729113 4.918440237676216 11.200000000000001
    endloop
  endfacet
  facet normal 0 0 1
    outer loop
      vertex 2.004472930473891 2.6666314407529548 11.200000000000001
      vertex 2.004472930473891 5.333368559247045 11.200000000000001
      vertex 1.8833889655639475 5.131352168382395 11.200000000000001
    endloop
  endfacet
  facet normal -0.9700312531945439 0.24298017990326456 0
    outer loop
      vertex 1.5480367989919235 4.487725805040321 10.305000000000001
      vertex 1.6076491606694776 4.725711693136156 9.600000000000001
      vertex 1.5480367989919235 4.487725805040321 9.600000000000001
    endloop
  endfacet
  facet normal -0.9700312531945439 0.24298017990326456 0
    outer loop
      vertex 1.5480367989919235 4.487725805040321 10.305000000000001
      vertex 1.6076491606694776 4.725711693136156 10.305000000000001
      vertex 1.6076491606694776 4.725711693136156 9.600000000000001
    endloop
  endfacet
  facet normal -0.9415440651830213 0.3368898533922185 0
    outer loop
      vertex 1.6076491606694776 4.725711693136156 10.305000000000001
      vertex 1.6903011687217826 4.956708580912725 9.600000000000001
      vertex 1.6076491606694776 4.725711693136156 9.600000000000001
    endloop
  endfacet
  facet normal -0.9415440651830213 0.3368898533922185 0
    outer loop
      vertex 1.6076491606694776 4.725711693136156 10.305000000000001
      vertex 1.6903011687217826 4.956708580912725 10.305000000000001
      vertex 1.6903011687217826 4.956708580912725 9.600000000000001
    endloop
  endfacet
  facet normal -0.9700312531945439 0.2429801799032646 0
    outer loop
      vertex 1.5480367989919235 4.487725805040321 10.305000000000001
      vertex 1.5480367989919235 4.487725805040321 11.105
      vertex 1.6076491606694776 4.725711693136156 10.305000000000001
    endloop
  endfacet
  facet normal -0.9700312531945439 0.2429801799032646 0
    outer loop
      vertex 1.6076491606694776 4.725711693136156 10.305000000000001
      vertex 1.5480367989919235 4.487725805040321 11.105
      vertex 1.6076491606694776 4.725711693136156 11.105
    endloop
  endfacet
  facet normal 0 0 1
    outer loop
      vertex 1.5480367989919235 4.487725805040321 11.105
      vertex 1.5482777134475558 4.487677884175615 11.105
      vertex 1.607884217990037 4.7256403892775065 11.105
    endloop
  endfacet
  facet normal -0.968865616190376 0.24268820303340488 0.04900871220976663
    outer loop
      vertex 1.5482777134475558 4.487677884175615 11.105
      vertex 1.5485090739120264 4.487631863717909 11.109801714032958
      vertex 1.607884217990037 4.7256403892775065 11.105
    endloop
  endfacet
  facet normal -0.9595569997186978 0.24035651598982657 0.1465575297010811
    outer loop
      vertex 1.5485090739120264 4.487631863717909 11.109801714032958
      vertex 1.5499213504066822 4.487350944456963 11.119509032201615
      vertex 1.6081099535969727 4.72557191312977 11.109801714032958
    endloop
  endfacet
  facet normal -0.9410275158922582 0.23571512191222682 0.24270474992374977
    outer loop
      vertex 1.5499213504066822 4.487350944456963 11.119509032201615
      vertex 1.552260027481219 4.48688575266353 11.129028467725448
      vertex 1.6094878946916706 4.725153919268488 11.119509032201615
    endloop
  endfacet
  facet normal -0.9134519802989697 0.22880780982581675 0.3365300370703984
    outer loop
      vertex 1.552260027481219 4.48688575266353 11.129028467725448
      vertex 1.555502582396958 4.486240768388882 11.138268343236511
      vertex 1.611769713627571 4.72446173706169 11.129028467725448
    endloop
  endfacet
  facet normal -0.8770909025327216 0.2196998339868705 0.42713409093688315
    outer loop
      vertex 1.555502582396958 4.486240768388882 11.138268343236511
      vertex 1.5596177875774995 4.485422203184167 11.147139673682602
      vertex 1.614933435240952 4.723502032602414 11.138268343236511
    endloop
  endfacet
  facet normal -0.832288410760413 0.2084773940138282 0.5136469385668612
    outer loop
      vertex 1.5596177875774995 4.485422203184167 11.147139673682602
      vertex 1.5645660113473547 4.484437940279781 11.155557023301961
      vertex 1.6189485911632095 4.7222840483692305 11.147139673682602
    endloop
  endfacet
  facet normal -0.7794694564925985 0.19524693471880109 0.5952360883532225
    outer loop
      vertex 1.5645660113473547 4.484437940279781 11.155557023301961
      vertex 1.5702995996066464 4.483297458665545 11.163439328416366
      vertex 1.6237765132479058 4.720819514216124 11.155557023301961
    endloop
  endfacet
  facet normal -0.719136282263419 0.1801342613074415 0.6711144875768745
    outer loop
      vertex 1.5702995996066464 4.483297458665545 11.163439328416366
      vertex 1.5767633347661394 4.482011741802855 11.170710678118656
      vertex 1.6293707059661542 4.719122534407583 11.163439328416366
    endloop
  endfacet
  facet normal -0.6518641383238255 0.16328346646646003 0.7405482123035831
    outer loop
      vertex 1.5767633347661394 4.482011741802855 11.170710678118656
      vertex 1.5838949675228098 4.480593171847944 11.177301045336275
      vertex 1.635677294183981 4.717209451786827 11.170710678118656
    endloop
  endfacet
  facet normal -0.5782962420265366 0.1448556677552834 0.8028638066180068
    outer loop
      vertex 1.5838949675228098 4.480593171847944 11.177301045336275
      vertex 1.5916258163546648 4.4790554104049445 11.183146961230257
      vertex 1.6426355420093168 4.715098690385294 11.177301045336275
    endloop
  endfacet
  facet normal -0.4991379852991035 0.12502755665358528 0.8574551776674898
    outer loop
      vertex 1.5916258163546648 4.4790554104049445 11.183146961230257
      vertex 1.599881428961341 4.477413266957181 11.188192126434837
      vertex 1.6501784377118387 4.712810577989138 11.183146961230257
    endloop
  endfacet
  facet normal -0.41515041100579086 0.10398976447501113 0.9037899452451076
    outer loop
      vertex 1.599881428961341 4.477413266957181 11.188192126434837
      vertex 1.6085822992804601 4.475682556243742 11.19238795325113
      vertex 1.6582333390825643 4.710367150371544 11.188192126434837
    endloop
  endfacet
  facet normal -0.14250109707972763 0.0356946666314271 0.9891508116081923
    outer loop
      vertex 1.6269811554139921 4.472022796213143 11.198078528040323
      vertex 1.6365019501860014 4.470128992385708 11.199518472667222
      vertex 1.6846742144178766 4.702346398526902 11.198078528040323
    endloop
  endfacet
  facet normal -0.047654441194507284 0.011936816114427505 0.9987925543652644
    outer loop
      vertex 1.6461153270322466 4.468216772838708 11.200000000000001
      vertex 1.6939635387252503 4.699528512805307 11.199518472667222
      vertex 1.6365019501860014 4.470128992385708 11.199518472667222
    endloop
  endfacet
  facet normal -0.3271429973068043 0.08194505494325385 0.9414151407766223
    outer loop
      vertex 1.6085822992804601 4.475682556243742 11.19238795325113
      vertex 1.6176446331744687 4.4738799459549 11.195694033573222
      vertex 1.6667226730180382 4.707791939076182 11.19238795325113
    endloop
  endfacet
  facet normal -0.2359658092159785 0.05910635825959201 0.9699621514751682
    outer loop
      vertex 1.6176446331744687 4.4738799459549 11.195694033573222
      vertex 1.6269811554139921 4.472022796213143 11.198078528040323
      vertex 1.6755646825917183 4.705109744795583 11.195694033573222
    endloop
  endfacet
  facet normal 0 0 1
    outer loop
      vertex 1.5480367989919235 4.487725805040321 11.105
      vertex 1.607884217990037 4.7256403892775065 11.105
      vertex 1.6076491606694776 4.725711693136156 11.105
    endloop
  endfacet
  facet normal -0.9688656161903784 0.24268820303340458 0.049008712209722874
    outer loop
      vertex 1.5485090739120264 4.487631863717909 11.109801714032958
      vertex 1.6081099535969727 4.72557191312977 11.109801714032958
      vertex 1.607884217990037 4.7256403892775065 11.105
    endloop
  endfacet
  facet normal -0.9595569997187016 0.24035651598982657 0.14655752970105648
    outer loop
      vertex 1.5499213504066822 4.487350944456963 11.119509032201615
      vertex 1.6094878946916706 4.725153919268488 11.119509032201615
      vertex 1.6081099535969727 4.72557191312977 11.109801714032958
    endloop
  endfacet
  facet normal -0.9410275158922585 0.2357151219122268 0.2427047499237479
    outer loop
      vertex 1.552260027481219 4.48688575266353 11.129028467725448
      vertex 1.611769713627571 4.72446173706169 11.129028467725448
      vertex 1.6094878946916706 4.725153919268488 11.119509032201615
    endloop
  endfacet
  facet normal -0.7191362822634301 0.18013426130744356 0.6711144875768617
    outer loop
      vertex 1.5767633347661394 4.482011741802855 11.170710678118656
      vertex 1.635677294183981 4.717209451786827 11.170710678118656
      vertex 1.6293707059661542 4.719122534407583 11.163439328416366
    endloop
  endfacet
  facet normal -0.6518641383238151 0.163283466466458 0.7405482123035928
    outer loop
      vertex 1.5838949675228098 4.480593171847944 11.177301045336275
      vertex 1.6426355420093168 4.715098690385294 11.177301045336275
      vertex 1.635677294183981 4.717209451786827 11.170710678118656
    endloop
  endfacet
  facet normal -0.9134519802989618 0.22880780982581572 0.33653003707041995
    outer loop
      vertex 1.555502582396958 4.486240768388882 11.138268343236511
      vertex 1.614933435240952 4.723502032602414 11.138268343236511
      vertex 1.611769713627571 4.72446173706169 11.129028467725448
    endloop
  endfacet
  facet normal -0.8770909025327298 0.2196998339868718 0.42713409093686544
    outer loop
      vertex 1.5596177875774995 4.485422203184167 11.147139673682602
      vertex 1.6189485911632095 4.7222840483692305 11.147139673682602
      vertex 1.614933435240952 4.723502032602414 11.138268343236511
    endloop
  endfacet
  facet normal -0.832288410760396 0.2084773940138253 0.5136469385668901
    outer loop
      vertex 1.5645660113473547 4.484437940279781 11.155557023301961
      vertex 1.6237765132479058 4.720819514216124 11.155557023301961
      vertex 1.6189485911632095 4.7222840483692305 11.147139673682602
    endloop
  endfacet
  facet normal -0.7794694564925972 0.19524693471880084 0.5952360883532242
    outer loop
      vertex 1.5702995996066464 4.483297458665545 11.163439328416366
      vertex 1.6293707059661542 4.719122534407583 11.163439328416366
      vertex 1.6237765132479058 4.720819514216124 11.155557023301961
    endloop
  endfacet
  facet normal -0.5782962420265443 0.1448556677552849 0.802863806618001
    outer loop
      vertex 1.5916258163546648 4.4790554104049445 11.183146961230257
      vertex 1.6501784377118387 4.712810577989138 11.183146961230257
      vertex 1.6426355420093168 4.715098690385294 11.177301045336275
    endloop
  endfacet
  facet normal -0.49913798529912234 0.12502755665358906 0.8574551776674783
    outer loop
      vertex 1.599881428961341 4.477413266957181 11.188192126434837
      vertex 1.6582333390825643 4.710367150371544 11.188192126434837
      vertex 1.6501784377118387 4.712810577989138 11.183146961230257
    endloop
  endfacet
  facet normal -0.41515041100577954 0.10398976447500881 0.903789945245113
    outer loop
      vertex 1.6085822992804601 4.475682556243742 11.19238795325113
      vertex 1.6667226730180382 4.707791939076182 11.19238795325113
      vertex 1.6582333390825643 4.710367150371544 11.188192126434837
    endloop
  endfacet
  facet normal -0.32714299730680413 0.08194505494325383 0.9414151407766223
    outer loop
      vertex 1.6176446331744687 4.4738799459549 11.195694033573222
      vertex 1.6755646825917183 4.705109744795583 11.195694033573222
      vertex 1.6667226730180382 4.707791939076182 11.19238795325113
    endloop
  endfacet
  facet normal -0.23596580921597868 0.05910635825959203 0.9699621514751681
    outer loop
      vertex 1.6269811554139921 4.472022796213143 11.198078528040323
      vertex 1.6846742144178766 4.702346398526902 11.198078528040323
      vertex 1.6755646825917183 4.705109744795583 11.195694033573222
    endloop
  endfacet
  facet normal -0.1425010970797242 0.03569466663142638 0.9891508116081927
    outer loop
      vertex 1.6365019501860014 4.470128992385708 11.199518472667222
      vertex 1.6939635387252503 4.699528512805307 11.199518472667222
      vertex 1.6846742144178766 4.702346398526902 11.198078528040323
    endloop
  endfacet
  facet normal -0.047654441194507756 0.011936816114427602 0.9987925543652643
    outer loop
      vertex 1.6461153270322466 4.468216772838708 11.200000000000001
      vertex 1.7033431942426986 4.69668322541071 11.200000000000001
      vertex 1.6939635387252503 4.699528512805307 11.199518472667222
    endloop
  endfacet
  facet normal -0.9415440651830213 0.3368898533922185 0
    outer loop
      vertex 1.6076491606694776 4.725711693136156 10.305000000000001
      vertex 1.6076491606694776 4.725711693136156 11.105
      vertex 1.6903011687217826 4.956708580912725 10.305000000000001
    endloop
  endfacet
  facet normal -0.9415440651830213 0.3368898533922185 0
    outer loop
      vertex 1.6903011687217826 4.956708580912725 10.305000000000001
      vertex 1.6076491606694776 4.725711693136156 11.105
      vertex 1.6903011687217826 4.956708580912725 11.105
    endloop
  endfacet
  facet normal -0.561313249242842 0.20084109202873401 0.8028638066180023
    outer loop
      vertex 1.6426355420093168 4.715098690385294 11.177301045336275
      vertex 1.6501784377118387 4.712810577989138 11.183146961230257
      vertex 1.7240788248927705 4.942717417621526 11.177301045336275
    endloop
  endfacet
  facet normal -0.48447965590604347 0.17334959274367356 0.8574551776674769
    outer loop
      vertex 1.6501784377118387 4.712810577989138 11.183146961230257
      vertex 1.6582333390825643 4.710367150371544 11.188192126434837
      vertex 1.7313611252569778 4.939700990045397 11.183146961230257
    endloop
  endfacet
  facet normal 0 0 1
    outer loop
      vertex 1.6076491606694776 4.725711693136156 11.105
      vertex 1.607884217990037 4.7256403892775065 11.105
      vertex 1.6905281051767767 4.95661458075527 11.105
    endloop
  endfacet
  facet normal -0.940412659777458 0.33648503006498176 0.04900871220972415
    outer loop
      vertex 1.607884217990037 4.7256403892775065 11.105
      vertex 1.6081099535969727 4.72557191312977 11.109801714032958
      vertex 1.6905281051767767 4.95661458075527 11.105
    endloop
  endfacet
  facet normal -0.9313774121345504 0.3332521667648567 0.1465575297010556
    outer loop
      vertex 1.6081099535969727 4.72557191312977 11.109801714032958
      vertex 1.6094878946916706 4.725153919268488 11.119509032201615
      vertex 1.6907460419688833 4.956524308380239 11.109801714032958
    endloop
  endfacet
  facet normal -0.9133920890119831 0.32681691525191253 0.2427047499237493
    outer loop
      vertex 1.6094878946916706 4.725153919268488 11.119509032201615
      vertex 1.611769713627571 4.72446173706169 11.129028467725448
      vertex 1.6920763773376226 4.955973265428002 11.119509032201615
    endloop
  endfacet
  facet normal -0.8866263721378039 0.31723998861924574 0.33653003707041845
    outer loop
      vertex 1.611769713627571 4.72446173706169 11.129028467725448
      vertex 1.614933435240952 4.723502032602414 11.138268343236511
      vertex 1.6942793629711645 4.955060758900876 11.129028467725448
    endloop
  endfacet
  facet normal -0.8513331206454322 0.3046118613114827 0.4271340909368673
    outer loop
      vertex 1.614933435240952 4.723502032602414 11.138268343236511
      vertex 1.6189485911632095 4.7222840483692305 11.147139673682602
      vertex 1.6973337829135842 4.953795576735543 11.138268343236511
    endloop
  endfacet
  facet normal -0.8078463565904288 0.2890520483311496 0.5136469385668879
    outer loop
      vertex 1.6189485911632095 4.7222840483692305 11.147139673682602
      vertex 1.6237765132479058 4.720819514216124 11.155557023301961
      vertex 1.7012102214311198 4.9521899033278745 11.147139673682602
    endloop
  endfacet
  facet normal -0.756578551809663 0.2707081344613535 0.5952360883532238
    outer loop
      vertex 1.6237765132479058 4.720819514216124 11.155557023301961
      vertex 1.6293707059661542 4.719122534407583 11.163439328416366
      vertex 1.7058713463017696 4.950259202190536 11.155557023301961
    endloop
  endfacet
  facet normal -0.6980171993356554 0.24975454749823683 0.6711144875768655
    outer loop
      vertex 1.6293707059661542 4.719122534407583 11.163439328416366
      vertex 1.635677294183981 4.717209451786827 11.170710678118656
      vertex 1.711272268345001 4.9480220670309105 11.163439328416366
    endloop
  endfacet
  facet normal -0.6327206558790568 0.22639107066740385 0.7405482123035898
    outer loop
      vertex 1.635677294183981 4.717209451786827 11.170710678118656
      vertex 1.6426355420093168 4.715098690385294 11.177301045336275
      vertex 1.7173609737290927 4.945500042683525 11.170710678118656
    endloop
  endfacet
  facet normal 0 0 1
    outer loop
      vertex 1.6076491606694776 4.725711693136156 11.105
      vertex 1.6905281051767767 4.95661458075527 11.105
      vertex 1.6903011687217826 4.956708580912725 11.105
    endloop
  endfacet
  facet normal -0.9404126597774557 0.3364850300649818 0.04900871220976387
    outer loop
      vertex 1.6081099535969727 4.72557191312977 11.109801714032958
      vertex 1.6907460419688833 4.956524308380239 11.109801714032958
      vertex 1.6905281051767767 4.95661458075527 11.105
    endloop
  endfacet
  facet normal -0.9313774121345475 0.3332521667648565 0.14655752970107522
    outer loop
      vertex 1.6094878946916706 4.725153919268488 11.119509032201615
      vertex 1.6920763773376226 4.955973265428002 11.119509032201615
      vertex 1.6907460419688833 4.956524308380239 11.109801714032958
    endloop
  endfacet
  facet normal -0.9133920890119877 0.3268169152519134 0.24270474992373128
    outer loop
      vertex 1.611769713627571 4.72446173706169 11.129028467725448
      vertex 1.6942793629711645 4.955060758900876 11.129028467725448
      vertex 1.6920763773376226 4.955973265428002 11.119509032201615
    endloop
  endfacet
  facet normal -0.8866263721378045 0.31723998861924585 0.33653003707041673
    outer loop
      vertex 1.614933435240952 4.723502032602414 11.138268343236511
      vertex 1.6973337829135842 4.953795576735543 11.138268343236511
      vertex 1.6942793629711645 4.955060758900876 11.129028467725448
    endloop
  endfacet
  facet normal -0.8513331206454131 0.3046118613114778 0.42713409093690896
    outer loop
      vertex 1.6189485911632095 4.7222840483692305 11.147139673682602
      vertex 1.7012102214311198 4.9521899033278745 11.147139673682602
      vertex 1.6973337829135842 4.953795576735543 11.138268343236511
    endloop
  endfacet
  facet normal -0.8078463565904527 0.2890520483311561 0.5136469385668468
    outer loop
      vertex 1.6237765132479058 4.720819514216124 11.155557023301961
      vertex 1.7058713463017696 4.950259202190536 11.155557023301961
      vertex 1.7012102214311198 4.9521899033278745 11.147139673682602
    endloop
  endfacet
  facet normal -0.7565785518096689 0.27070813446135517 0.5952360883532154
    outer loop
      vertex 1.6293707059661542 4.719122534407583 11.163439328416366
      vertex 1.711272268345001 4.9480220670309105 11.163439328416366
      vertex 1.7058713463017696 4.950259202190536 11.155557023301961
    endloop
  endfacet
  facet normal -0.4029585689672499 0.14418088142919608 0.903789945245114
    outer loop
      vertex 1.6582333390825643 4.710367150371544 11.188192126434837
      vertex 1.6667226730180382 4.707791939076182 11.19238795325113
      vertex 1.7391377422882965 4.936479809801643 11.188192126434837
    endloop
  endfacet
  facet normal -0.3175356944078103 0.11361608818069421 0.9414151407766217
    outer loop
      vertex 1.6667226730180382 4.707791939076182 11.19238795325113
      vertex 1.6755646825917183 4.705109744795583 11.195694033573222
      vertex 1.747333782913584 4.9330848986168885 11.19238795325113
    endloop
  endfacet
  facet normal -0.138316226199544 0.04949033708483075 0.9891508116081927
    outer loop
      vertex 1.6846742144178766 4.702346398526902 11.198078528040323
      vertex 1.6939635387252503 4.699528512805307 11.199518472667222
      vertex 1.764665126422738 4.92590602108125 11.198078528040323
    endloop
  endfacet
  facet normal -0.2290361331366869 0.0819504388240616 0.9699621514751684
    outer loop
      vertex 1.6846742144178766 4.702346398526902 11.198078528040323
      vertex 1.7558703147812071 4.929548951341689 11.195694033573222
      vertex 1.6755646825917183 4.705109744795583 11.195694033573222
    endloop
  endfacet
  facet normal -0.04625495945469671 0.016550289132061715 0.9987925543652644
    outer loop
      vertex 1.6939635387252503 4.699528512805307 11.199518472667222
      vertex 1.7033431942426986 4.69668322541071 11.200000000000001
      vertex 1.7736335189943344 4.922191191245409 11.199518472667222
    endloop
  endfacet
  facet normal -0.22903613313668506 0.08195043882406103 0.9699621514751688
    outer loop
      vertex 1.6846742144178766 4.702346398526902 11.198078528040323
      vertex 1.764665126422738 4.92590602108125 11.198078528040323
      vertex 1.7558703147812071 4.929548951341689 11.195694033573222
    endloop
  endfacet
  facet normal -0.13831622619955158 0.04949033708483311 0.9891508116081916
    outer loop
      vertex 1.6939635387252503 4.699528512805307 11.199518472667222
      vertex 1.7736335189943344 4.922191191245409 11.199518472667222
      vertex 1.764665126422738 4.92590602108125 11.198078528040323
    endloop
  endfacet
  facet normal -0.04625495945469687 0.016550289132061767 0.9987925543652643
    outer loop
      vertex 1.7033431942426986 4.69668322541071 11.200000000000001
      vertex 1.7826891219729113 4.918440237676216 11.200000000000001
      vertex 1.7736335189943344 4.922191191245409 11.199518472667222
    endloop
  endfacet
  facet normal -0.6327206558790481 0.22639107066740127 0.7405482123035981
    outer loop
      vertex 1.6426355420093168 4.715098690385294 11.177301045336275
      vertex 1.7240788248927705 4.942717417621526 11.177301045336275
      vertex 1.7173609737290927 4.945500042683525 11.170710678118656
    endloop
  endfacet
  facet normal -0.6980171993356499 0.24975454749823517 0.6711144875768719
    outer loop
      vertex 1.635677294183981 4.717209451786827 11.170710678118656
      vertex 1.7173609737290927 4.945500042683525 11.170710678118656
      vertex 1.711272268345001 4.9480220670309105 11.163439328416366
    endloop
  endfacet
  facet normal -0.5613132492428524 0.20084109202873715 0.8028638066179942
    outer loop
      vertex 1.6501784377118387 4.712810577989138 11.183146961230257
      vertex 1.7313611252569778 4.939700990045397 11.183146961230257
      vertex 1.7240788248927705 4.942717417621526 11.177301045336275
    endloop
  endfacet
  facet normal -0.4844796559060107 0.1733495927436636 0.8574551776674975
    outer loop
      vertex 1.6582333390825643 4.710367150371544 11.188192126434837
      vertex 1.7391377422882965 4.936479809801643 11.188192126434837
      vertex 1.7313611252569778 4.939700990045397 11.183146961230257
    endloop
  endfacet
  facet normal -0.4029585689672827 0.14418088142920618 0.9037899452450979
    outer loop
      vertex 1.6667226730180382 4.707791939076182 11.19238795325113
      vertex 1.747333782913584 4.9330848986168885 11.19238795325113
      vertex 1.7391377422882965 4.936479809801643 11.188192126434837
    endloop
  endfacet
  facet normal -0.31753569440779766 0.1136160881806903 0.9414151407766265
    outer loop
      vertex 1.6755646825917183 4.705109744795583 11.195694033573222
      vertex 1.7558703147812071 4.929548951341689 11.195694033573222
      vertex 1.747333782913584 4.9330848986168885 11.19238795325113
    endloop
  endfacet
  facet normal -0.9039892931234437 0.4275550934302813 0
    outer loop
      vertex 1.6903011687217826 4.956708580912725 10.305000000000001
      vertex 1.7951968391291118 5.178491842064995 9.600000000000001
      vertex 1.6903011687217826 4.956708580912725 9.600000000000001
    endloop
  endfacet
  facet normal -0.9039892931234437 0.4275550934302813 0
    outer loop
      vertex 1.6903011687217826 4.956708580912725 10.305000000000001
      vertex 1.7951968391291118 5.178491842064995 10.305000000000001
      vertex 1.7951968391291118 5.178491842064995 9.600000000000001
    endloop
  endfacet
  facet normal -0.8577286100002715 0.5141027441932228 0
    outer loop
      vertex 1.7951968391291118 5.178491842064995 10.305000000000001
      vertex 1.9213259692436364 5.388925582549006 9.600000000000001
      vertex 1.7951968391291118 5.178491842064995 9.600000000000001
    endloop
  endfacet
  facet normal -0.8577286100002715 0.5141027441932228 0
    outer loop
      vertex 1.7951968391291118 5.178491842064995 10.305000000000001
      vertex 1.9213259692436364 5.388925582549006 10.305000000000001
      vertex 1.9213259692436364 5.388925582549006 9.600000000000001
    endloop
  endfacet
  facet normal -0.8032075314806448 0.5956993044924332 0
    outer loop
      vertex 1.9213259692436364 5.388925582549006 10.305000000000001
      vertex 2.067473866593157 5.585983210409114 9.600000000000001
      vertex 1.9213259692436364 5.388925582549006 9.600000000000001
    endloop
  endfacet
  facet normal -0.9039892931234437 0.4275550934302813 0
    outer loop
      vertex 1.6903011687217826 4.956708580912725 10.305000000000001
      vertex 1.6903011687217826 4.956708580912725 11.105
      vertex 1.7951968391291118 5.178491842064995 10.305000000000001
    endloop
  endfacet
  facet normal -0.9039892931234437 0.4275550934302813 0
    outer loop
      vertex 1.7951968391291118 5.178491842064995 10.305000000000001
      vertex 1.6903011687217826 4.956708580912725 11.105
      vertex 1.7951968391291118 5.178491842064995 11.105
    endloop
  endfacet
  facet normal 0 0 1
    outer loop
      vertex 1.6903011687217826 4.956708580912725 11.105
      vertex 1.6905281051767767 4.95661458075527 11.105
      vertex 1.7954134691964225 5.178376050881635 11.105
    endloop
  endfacet
  facet normal -0.9029030153690247 0.4270413223156074 0.04900871220977045
    outer loop
      vertex 1.6905281051767767 4.95661458075527 11.105
      vertex 1.6907460419688833 4.956524308380239 11.109801714032958
      vertex 1.7954134691964225 5.178376050881635 11.105
    endloop
  endfacet
  facet normal -0.8942281509288573 0.42293841699977536 0.14655752970107344
    outer loop
      vertex 1.6907460419688833 4.956524308380239 11.109801714032958
      vertex 1.6920763773376226 4.955973265428002 11.119509032201615
      vertex 1.795621508323256 5.17826485165163 11.109801714032958
    endloop
  endfacet
  facet normal -0.8769601970036194 0.41477128304142635 0.24270474992373345
    outer loop
      vertex 1.6920763773376226 4.955973265428002 11.119509032201615
      vertex 1.6942793629711645 4.955060758900876 11.129028467725448
      vertex 1.7968914261092004 5.1775860664532996 11.119509032201615
    endloop
  endfacet
  facet normal -0.8512620673336829 0.4026169729012562 0.3365300370704128
    outer loop
      vertex 1.6942793629711645 4.955060758900876 11.129028467725448
      vertex 1.6973337829135842 4.953795576735543 11.138268343236511
      vertex 1.7989943624844584 5.176462023542529 11.129028467725448
    endloop
  endfacet
  facet normal -0.8173765354202776 0.38659030989387605 0.4271340909369102
    outer loop
      vertex 1.6973337829135842 4.953795576735543 11.138268343236511
      vertex 1.7012102214311198 4.9521899033278745 11.147139673682602
      vertex 1.8019100650221556 5.174903548067009 11.138268343236511
    endloop
  endfacet
  facet normal -0.775624300392776 0.36684297341113087 0.5136469385668496
    outer loop
      vertex 1.7012102214311198 4.9521899033278745 11.147139673682602
      vertex 1.7058713463017696 4.950259202190536 11.155557023301961
      vertex 1.8056104539129678 5.172925648997522 11.147139673682602
    endloop
  endfacet
  facet normal -0.7264013820849011 0.34356226688493013 0.5952360883532126
    outer loop
      vertex 1.7058713463017696 4.950259202190536 11.155557023301961
      vertex 1.711272268345001 4.9480220670309105 11.163439328416366
      vertex 1.8100598923890376 5.170547374583334 11.155557023301961
    endloop
  endfacet
  facet normal -0.6701758292032576 0.3169695608668994 0.6711144875768745
    outer loop
      vertex 1.711272268345001 4.9480220670309105 11.163439328416366
      vertex 1.7173609737290927 4.945500042683525 11.170710678118656
      vertex 1.8152155299255317 5.167791628907152 11.163439328416366
    endloop
  endfacet
  facet normal -0.6074837276378771 0.2873184050998716 0.7405482123035986
    outer loop
      vertex 1.7173609737290927 4.945500042683525 11.170710678118656
      vertex 1.7240788248927705 4.942717417621526 11.177301045336275
      vertex 1.8210277149146141 5.164684951306282 11.170710678118656
    endloop
  endfacet
  facet normal -0.5389245030239087 0.25489230679504343 0.8028638066179933
    outer loop
      vertex 1.7240788248927705 4.942717417621526 11.177301045336275
      vertex 1.7313611252569778 4.939700990045397 11.183146961230257
      vertex 1.8274404728375768 5.161257260784302 11.177301045336275
    endloop
  endfacet
  facet normal -0.465155522583035 0.22000217749309484 0.857455177667498
    outer loop
      vertex 1.7391377422882965 4.936479809801643 11.188192126434837
      vertex 1.834392045330052 5.157541567874705 11.183146961230257
      vertex 1.7313611252569778 4.939700990045397 11.183146961230257
    endloop
  endfacet
  facet normal -0.3048703491889872 0.144192936380078 0.9414151407766266
    outer loop
      vertex 1.747333782913584 4.9330848986168885 11.19238795325113
      vertex 1.7558703147812071 4.929548951341689 11.195694033573222
      vertex 1.8496392999122886 5.149391740507822 11.19238795325113
    endloop
  endfacet
  facet normal -0.2199007138914023 0.1040052918639887 0.9699621514751687
    outer loop
      vertex 1.7558703147812071 4.929548951341689 11.195694033573222
      vertex 1.764665126422738 4.92590602108125 11.198078528040323
      vertex 1.8577881426054268 5.145036093343228 11.195694033573222
    endloop
  endfacet
  facet normal -0.132799294449729 0.0628093885379414 0.9891508116081916
    outer loop
      vertex 1.764665126422738 4.92590602108125 11.198078528040323
      vertex 1.7736335189943344 4.922191191245409 11.199518472667222
      vertex 1.8661835352184886 5.140548662500868 11.198078528040323
    endloop
  endfacet
  facet normal -0.3868860156300398 0.18298345767794677 0.903789945245097
    outer loop
      vertex 1.7391377422882965 4.936479809801643 11.188192126434837
      vertex 1.747333782913584 4.9330848986168885 11.19238795325113
      vertex 1.8418154849488202 5.153573656731415 11.188192126434837
    endloop
  endfacet
  facet normal -0.726401382084882 0.3435622668849226 0.5952360883532403
    outer loop
      vertex 1.711272268345001 4.9480220670309105 11.163439328416366
      vertex 1.8152155299255317 5.167791628907152 11.163439328416366
      vertex 1.8100598923890376 5.170547374583334 11.155557023301961
    endloop
  endfacet
  facet normal -0.6701758292032823 0.31696956086690936 0.6711144875768452
    outer loop
      vertex 1.7173609737290927 4.945500042683525 11.170710678118656
      vertex 1.8210277149146141 5.164684951306282 11.170710678118656
      vertex 1.8152155299255317 5.167791628907152 11.163439328416366
    endloop
  endfacet
  facet normal -0.6074837276378774 0.2873184050998717 0.7405482123035981
    outer loop
      vertex 1.7240788248927705 4.942717417621526 11.177301045336275
      vertex 1.8274404728375768 5.161257260784302 11.177301045336275
      vertex 1.8210277149146141 5.164684951306282 11.170710678118656
    endloop
  endfacet
  facet normal -0.538924503023903 0.25489230679504116 0.8028638066179977
    outer loop
      vertex 1.7313611252569778 4.939700990045397 11.183146961230257
      vertex 1.834392045330052 5.157541567874705 11.183146961230257
      vertex 1.8274404728375768 5.161257260784302 11.177301045336275
    endloop
  endfacet
  facet normal -0.4651555225830481 0.22000217749310028 0.8574551776674894
    outer loop
      vertex 1.7391377422882965 4.936479809801643 11.188192126434837
      vertex 1.8418154849488202 5.153573656731415 11.188192126434837
      vertex 1.834392045330052 5.157541567874705 11.183146961230257
    endloop
  endfacet
  facet normal 0 0 1
    outer loop
      vertex 1.6903011687217826 4.956708580912725 11.105
      vertex 1.7954134691964225 5.178376050881635 11.105
      vertex 1.7951968391291118 5.178491842064995 11.105
    endloop
  endfacet
  facet normal -0.9029030153690262 0.4270413223156073 0.049008712209743274
    outer loop
      vertex 1.6907460419688833 4.956524308380239 11.109801714032958
      vertex 1.795621508323256 5.17826485165163 11.109801714032958
      vertex 1.7954134691964225 5.178376050881635 11.105
    endloop
  endfacet
  facet normal -0.8942281509288478 0.42293841699977375 0.14655752970113645
    outer loop
      vertex 1.6920763773376226 4.955973265428002 11.119509032201615
      vertex 1.7968914261092004 5.1775860664532996 11.119509032201615
      vertex 1.795621508323256 5.17826485165163 11.109801714032958
    endloop
  endfacet
  facet normal -0.8769601970036339 0.41477128304143057 0.2427047499236741
    outer loop
      vertex 1.6942793629711645 4.955060758900876 11.129028467725448
      vertex 1.7989943624844584 5.176462023542529 11.129028467725448
      vertex 1.7968914261092004 5.1775860664532996 11.119509032201615
    endloop
  endfacet
  facet normal -0.8512620673336694 0.40261697290125165 0.33653003707045237
    outer loop
      vertex 1.6973337829135842 4.953795576735543 11.138268343236511
      vertex 1.8019100650221556 5.174903548067009 11.138268343236511
      vertex 1.7989943624844584 5.176462023542529 11.129028467725448
    endloop
  endfacet
  facet normal -0.8173765354202882 0.38659030989387994 0.42713409093688604
    outer loop
      vertex 1.7012102214311198 4.9521899033278745 11.147139673682602
      vertex 1.8056104539129678 5.172925648997522 11.147139673682602
      vertex 1.8019100650221556 5.174903548067009 11.138268343236511
    endloop
  endfacet
  facet normal -0.7756243003927762 0.3668429734111309 0.5136469385668495
    outer loop
      vertex 1.7058713463017696 4.950259202190536 11.155557023301961
      vertex 1.8100598923890376 5.170547374583334 11.155557023301961
      vertex 1.8056104539129678 5.172925648997522 11.147139673682602
    endloop
  endfacet
  facet normal -0.04441001716980389 0.021004373818046033 0.9987925543652644
    outer loop
      vertex 1.7736335189943344 4.922191191245409 11.199518472667222
      vertex 1.7826891219729113 4.918440237676216 11.200000000000001
      vertex 1.8747446255312217 5.135972664392831 11.199518472667222
    endloop
  endfacet
  facet normal -0.3868860156300212 0.18298345767793897 0.9037899452451067
    outer loop
      vertex 1.747333782913584 4.9330848986168885 11.19238795325113
      vertex 1.8496392999122886 5.149391740507822 11.19238795325113
      vertex 1.8418154849488202 5.153573656731415 11.188192126434837
    endloop
  endfacet
  facet normal -0.3048703491889827 0.14419293638007613 0.9414151407766284
    outer loop
      vertex 1.7558703147812071 4.929548951341689 11.195694033573222
      vertex 1.8577881426054268 5.145036093343228 11.195694033573222
      vertex 1.8496392999122886 5.149391740507822 11.19238795325113
    endloop
  endfacet
  facet normal -0.2199007138914113 0.10400529186399247 0.9699621514751662
    outer loop
      vertex 1.764665126422738 4.92590602108125 11.198078528040323
      vertex 1.8661835352184886 5.140548662500868 11.198078528040323
      vertex 1.8577881426054268 5.145036093343228 11.195694033573222
    endloop
  endfacet
  facet normal -0.13279929444972333 0.06280938853793899 0.9891508116081924
    outer loop
      vertex 1.7736335189943344 4.922191191245409 11.199518472667222
      vertex 1.8747446255312217 5.135972664392831 11.199518472667222
      vertex 1.8661835352184886 5.140548662500868 11.198078528040323
    endloop
  endfacet
  facet normal -0.04441001716980479 0.021004373818046415 0.9987925543652643
    outer loop
      vertex 1.7826891219729113 4.918440237676216 11.200000000000001
      vertex 1.8833889655639475 5.131352168382395 11.200000000000001
      vertex 1.8747446255312217 5.135972664392831 11.199518472667222
    endloop
  endfacet
  facet normal -0.2892689358483985 0.17338112777824616 0.9414151407766281
    outer loop
      vertex 1.8496392999122886 5.149391740507822 11.19238795325113
      vertex 1.8577881426054268 5.145036093343228 11.195694033573222
      vertex 1.9726539659595703 5.354629311616227 11.19238795325113
    endloop
  endfacet
  facet normal -0.20864753056139643 0.1250585170881948 0.969962151475166
    outer loop
      vertex 1.8577881426054268 5.145036093343228 11.195694033573222
      vertex 1.8661835352184886 5.140548662500868 11.198078528040323
      vertex 1.9803366416684773 5.349495911825474 11.195694033573222
    endloop
  endfacet
  facet normal -0.12600343289887064 0.0755235512443213 0.9891508116081926
    outer loop
      vertex 1.8661835352184886 5.140548662500868 11.198078528040323
      vertex 1.8747446255312217 5.135972664392831 11.199518472667222
      vertex 1.9882517630328183 5.344207196813282 11.198078528040323
    endloop
  endfacet
  facet normal -0.04213738214258208 0.02525617490200421 0.9987925543652642
    outer loop
      vertex 1.8833889655639475 5.131352168382395 11.200000000000001
      vertex 1.9963231031070086 5.338814099796327 11.199518472667222
      vertex 1.8747446255312217 5.135972664392831 11.199518472667222
    endloop
  endfacet
  facet normal -0.8577286100002713 0.5141027441932228 0
    outer loop
      vertex 1.7951968391291118 5.178491842064995 10.305000000000001
      vertex 1.7951968391291118 5.178491842064995 11.105
      vertex 1.9213259692436364 5.388925582549006 10.305000000000001
    endloop
  endfacet
  facet normal -0.8577286100002713 0.5141027441932228 0
    outer loop
      vertex 1.7951968391291118 5.178491842064995 11.105
      vertex 1.9213259692436364 5.388925582549006 11.105
      vertex 1.9213259692436364 5.388925582549006 10.305000000000001
    endloop
  endfacet
  facet normal -0.803207531480645 0.5956993044924334 0
    outer loop
      vertex 1.9213259692436364 5.388925582549006 10.305000000000001
      vertex 1.9213259692436364 5.388925582549006 11.105
      vertex 2.067473866593157 5.585983210409114 10.305000000000001
    endloop
  endfacet
  facet normal 0 0 1
    outer loop
      vertex 1.7951968391291118 5.178491842064995 11.105
      vertex 1.7954134691964225 5.178376050881635 11.105
      vertex 1.9215302066572937 5.388789115472136 11.105
    endloop
  endfacet
  facet normal -0.8566979213455966 0.5134849731878022 0.049008712209730305
    outer loop
      vertex 1.7954134691964225 5.178376050881635 11.105
      vertex 1.795621508323256 5.17826485165163 11.109801714032958
      vertex 1.9215302066572937 5.388789115472136 11.105
    endloop
  endfacet
  facet normal -0.8484669837948801 0.5085515390773259 0.14655752970114422
    outer loop
      vertex 1.795621508323256 5.17826485165163 11.109801714032958
      vertex 1.7968914261092004 5.1775860664532996 11.119509032201615
      vertex 1.9217263445883366 5.388658060296528 11.109801714032958
    endloop
  endfacet
  facet normal -0.8320826989029149 0.49873117663820643 0.24270474992367022
    outer loop
      vertex 1.7968914261092004 5.1775860664532996 11.119509032201615
      vertex 1.7989943624844584 5.176462023542529 11.129028467725448
      vertex 1.9229236147889992 5.3878580699246275 11.119509032201615
    endloop
  endfacet
  facet normal -0.8076996434739404 0.48411653564139573 0.336530037070456
    outer loop
      vertex 1.7989943624844584 5.176462023542529 11.129028467725448
      vertex 1.8019100650221556 5.174903548067009 11.138268343236511
      vertex 1.9249062494790983 5.386533315777905 11.129028467725448
    endloop
  endfacet
  facet normal -0.775548167335591 0.464845682460242 0.4271340909368838
    outer loop
      vertex 1.8019100650221556 5.174903548067009 11.138268343236511
      vertex 1.8056104539129678 5.172925648997522 11.147139673682602
      vertex 1.9276551548027494 5.384696555962979 11.138268343236511
    endloop
  endfacet
  facet normal -0.7359325581829456 0.44110100012038755 0.513646938566852
    outer loop
      vertex 1.8100598923890376 5.170547374583334 11.155557023301961
      vertex 1.9311438572989816 5.382365479480941 11.147139673682602
      vertex 1.8056104539129678 5.172925648997522 11.147139673682602
    endloop
  endfacet
  facet normal -0.5763963990151677 0.34547870622701415 0.7405482123035988
    outer loop
      vertex 1.8210277149146141 5.164684951306282 11.170710678118656
      vertex 1.8274404728375768 5.161257260784302 11.177301045336275
      vertex 1.9456791503529232 5.3726533071664 11.170710678118656
    endloop
  endfacet
  facet normal -0.6892285699592502 0.4131077068681515 0.5952360883532385
    outer loop
      vertex 1.8100598923890376 5.170547374583334 11.155557023301961
      vertex 1.8152155299255317 5.167791628907152 11.163439328416366
      vertex 1.9353387588556363 5.37956253587261 11.155557023301961
    endloop
  endfacet
  facet normal -0.6358802994802916 0.38113198409123966 0.6711144875768438
    outer loop
      vertex 1.8152155299255317 5.167791628907152 11.163439328416366
      vertex 1.8210277149146141 5.164684951306282 11.170710678118656
      vertex 1.940199460277558 5.376314719017178 11.163439328416366
    endloop
  endfacet
  facet normal -0.5113456192347383 0.30648876930860147 0.8028638066179973
    outer loop
      vertex 1.8274404728375768 5.161257260784302 11.177301045336275
      vertex 1.834392045330052 5.157541567874705 11.183146961230257
      vertex 1.9517250566708024 5.3686135617179325 11.177301045336275
    endloop
  endfacet
  facet normal -0.4413516872977226 0.26453602100785273 0.8574551776674895
    outer loop
      vertex 1.834392045330052 5.157541567874705 11.183146961230257
      vertex 1.8418154849488202 5.153573656731415 11.188192126434837
      vertex 1.958278953848327 5.364234387628791 11.183146961230257
    endloop
  endfacet
  facet normal -0.36708753846884895 0.2200238032003048 0.9037899452451077
    outer loop
      vertex 1.8496392999122886 5.149391740507822 11.19238795325113
      vertex 1.9652777242729513 5.359557958739355 11.188192126434837
      vertex 1.8418154849488202 5.153573656731415 11.188192126434837
    endloop
  endfacet
  facet normal 0 0 1
    outer loop
      vertex 1.7951968391291118 5.178491842064995 11.105
      vertex 1.9215302066572937 5.388789115472136 11.105
      vertex 1.9213259692436364 5.388925582549006 11.105
    endloop
  endfacet
  facet normal -0.8566979213455977 0.5134849731878024 0.049008712209708157
    outer loop
      vertex 1.795621508323256 5.17826485165163 11.109801714032958
      vertex 1.9217263445883366 5.388658060296528 11.109801714032958
      vertex 1.9215302066572937 5.388789115472136 11.105
    endloop
  endfacet
  facet normal -0.6892285699592481 0.4131077068681504 0.5952360883532417
    outer loop
      vertex 1.8152155299255317 5.167791628907152 11.163439328416366
      vertex 1.940199460277558 5.376314719017178 11.163439328416366
      vertex 1.9353387588556363 5.37956253587261 11.155557023301961
    endloop
  endfacet
  facet normal -0.8320826989028933 0.4987311766381979 0.24270474992376187
    outer loop
      vertex 1.7989943624844584 5.176462023542529 11.129028467725448
      vertex 1.9249062494790983 5.386533315777905 11.129028467725448
      vertex 1.9229236147889992 5.3878580699246275 11.119509032201615
    endloop
  endfacet
  facet normal -0.848466983794887 0.5085515390773278 0.14655752970109787
    outer loop
      vertex 1.7968914261092004 5.1775860664532996 11.119509032201615
      vertex 1.9229236147889992 5.3878580699246275 11.119509032201615
      vertex 1.9217263445883366 5.388658060296528 11.109801714032958
    endloop
  endfacet
  facet normal -0.8076996434739556 0.4841165356414026 0.33653003707040974
    outer loop
      vertex 1.8019100650221556 5.174903548067009 11.138268343236511
      vertex 1.9276551548027494 5.384696555962979 11.138268343236511
      vertex 1.9249062494790983 5.386533315777905 11.129028467725448
    endloop
  endfacet
  facet normal -0.775548167335593 0.46484568246024294 0.42713409093687876
    outer loop
      vertex 1.8056104539129678 5.172925648997522 11.147139673682602
      vertex 1.9311438572989816 5.382365479480941 11.147139673682602
      vertex 1.9276551548027494 5.384696555962979 11.138268343236511
    endloop
  endfacet
  facet normal -0.7359325581829552 0.44110100012039244 0.513646938566834
    outer loop
      vertex 1.8100598923890376 5.170547374583334 11.155557023301961
      vertex 1.9353387588556363 5.37956253587261 11.155557023301961
      vertex 1.9311438572989816 5.382365479480941 11.147139673682602
    endloop
  endfacet
  facet normal -0.6358802994802755 0.3811319840912312 0.6711144875768641
    outer loop
      vertex 1.8210277149146141 5.164684951306282 11.170710678118656
      vertex 1.9456791503529232 5.3726533071664 11.170710678118656
      vertex 1.940199460277558 5.376314719017178 11.163439328416366
    endloop
  endfacet
  facet normal -0.5763963990151811 0.3454787062270212 0.7405482123035849
    outer loop
      vertex 1.8274404728375768 5.161257260784302 11.177301045336275
      vertex 1.9517250566708024 5.3686135617179325 11.177301045336275
      vertex 1.9456791503529232 5.3726533071664 11.170710678118656
    endloop
  endfacet
  facet normal -0.4413516872977129 0.2645360210078475 0.8574551776674963
    outer loop
      vertex 1.8418154849488202 5.153573656731415 11.188192126434837
      vertex 1.9652777242729513 5.359557958739355 11.188192126434837
      vertex 1.958278953848327 5.364234387628791 11.183146961230257
    endloop
  endfacet
  facet normal -0.5113456192347221 0.30648876930859276 0.8028638066180108
    outer loop
      vertex 1.834392045330052 5.157541567874705 11.183146961230257
      vertex 1.958278953848327 5.364234387628791 11.183146961230257
      vertex 1.9517250566708024 5.3686135617179325 11.177301045336275
    endloop
  endfacet
  facet normal -0.20864753056138285 0.1250585170881874 0.9699621514751697
    outer loop
      vertex 1.8661835352184886 5.140548662500868 11.198078528040323
      vertex 1.9882517630328183 5.344207196813282 11.198078528040323
      vertex 1.9803366416684773 5.349495911825474 11.195694033573222
    endloop
  endfacet
  facet normal -0.1260034328988784 0.07552355124432551 0.9891508116081912
    outer loop
      vertex 1.8747446255312217 5.135972664392831 11.199518472667222
      vertex 1.9963231031070086 5.338814099796327 11.199518472667222
      vertex 1.9882517630328183 5.344207196813282 11.198078528040323
    endloop
  endfacet
  facet normal -0.04213738214257898 0.02525617490200252 0.9987925543652644
    outer loop
      vertex 1.8833889655639475 5.131352168382395 11.200000000000001
      vertex 2.004472930473891 5.333368559247045 11.200000000000001
      vertex 1.9963231031070086 5.338814099796327 11.199518472667222
    endloop
  endfacet
  facet normal -0.3670875384688655 0.22002380320031373 0.9037899452450988
    outer loop
      vertex 1.8496392999122886 5.149391740507822 11.19238795325113
      vertex 1.9726539659595703 5.354629311616227 11.19238795325113
      vertex 1.9652777242729513 5.359557958739355 11.188192126434837
    endloop
  endfacet
  facet normal -0.2892689358484087 0.17338112777825165 0.9414151407766239
    outer loop
      vertex 1.8577881426054268 5.145036093343228 11.195694033573222
      vertex 1.9803366416684773 5.349495911825474 11.195694033573222
      vertex 1.9726539659595703 5.354629311616227 11.19238795325113
    endloop
  endfacet
  facet normal 0 0 1
    outer loop
      vertex 1.9213259692436364 5.388925582549006 11.105
      vertex 1.9215302066572937 5.388789115472136 11.105
      vertex 2.0676637444352197 5.585827381691285 11.105
    endloop
  endfacet
  facet normal -0.8022423580208901 0.5949834830687567 0.04900871220969376
    outer loop
      vertex 1.9215302066572937 5.388789115472136 11.105
      vertex 1.9217263445883366 5.388658060296528 11.109801714032958
      vertex 2.0676637444352197 5.585827381691285 11.105
    endloop
  endfacet
  facet normal -0.7945346157877392 0.5892670318310199 0.14655752970110172
    outer loop
      vertex 1.9217263445883366 5.388658060296528 11.109801714032958
      vertex 1.9229236147889992 5.3878580699246275 11.119509032201615
      vertex 2.0678460922549764 5.585677732703057 11.109801714032958
    endloop
  endfacet
  facet normal -0.7791917895490669 0.5778880163697511 0.24270474992376426
    outer loop
      vertex 1.9229236147889992 5.3878580699246275 11.119509032201615
      vertex 1.9249062494790983 5.386533315777905 11.129028467725448
      vertex 2.068959184503831 5.584764241502186 11.119509032201615
    endloop
  endfacet
  facet normal -0.6891533831361655 0.5111109830681559 0.5136469385668337
    outer loop
      vertex 1.9311438572989816 5.382365479480941 11.147139673682602
      vertex 1.9353387588556363 5.37956253587261 11.155557023301961
      vertex 2.0766014762910148 5.57849237471912 11.147139673682602
    endloop
  endfacet
  facet normal -0.7563586305140355 0.5609537914983016 0.33653003707041174
    outer loop
      vertex 1.9249062494790983 5.386533315777905 11.129028467725448
      vertex 1.9276551548027494 5.384696555962979 11.138268343236511
      vertex 2.0708024236528866 5.5832515342261315 11.129028467725448
    endloop
  endfacet
  facet normal -0.7262508464417015 0.5386243369940147 0.4271340909368744
    outer loop
      vertex 1.9276551548027494 5.384696555962979 11.138268343236511
      vertex 1.9311438572989816 5.382365479480941 11.147139673682602
      vertex 2.0733580583015208 5.5811541790728905 11.138268343236511
    endloop
  endfacet
  facet normal -0.6454181099342441 0.47867469380659744 0.595236088353242
    outer loop
      vertex 1.9353387588556363 5.37956253587261 11.155557023301961
      vertex 1.940199460277558 5.376314719017178 11.163439328416366
      vertex 2.080501441733098 5.575291755795838 11.155557023301961
    endloop
  endfacet
  facet normal -0.03945894109068666 0.02926474521522391 0.9987925543652645
    outer loop
      vertex 1.9963231031070086 5.338814099796327 11.199518472667222
      vertex 2.004472930473891 5.333368559247045 11.200000000000001
      vertex 2.1371980845210836 5.528762023548549 11.199518472667222
    endloop
  endfacet
  facet normal -0.47884219760237684 0.3551335774299062 0.8028638066180112
    outer loop
      vertex 1.958278953848327 5.364234387628791 11.183146961230257
      vertex 2.0957356479092697 5.562789365891943 11.177301045336275
      vertex 1.9517250566708024 5.3686135617179325 11.177301045336275
    endloop
  endfacet
  facet normal -0.41329739399633647 0.3065222380301914 0.8574551776674975
    outer loop
      vertex 1.958278953848327 5.364234387628791 11.183146961230257
      vertex 1.9652777242729513 5.359557958739355 11.188192126434837
      vertex 2.1018287521592987 5.557788884463636 11.183146961230257
    endloop
  endfacet
  facet normal -0.34375380764178054 0.25494519922061815 0.9037899452450979
    outer loop
      vertex 1.9652777242729513 5.359557958739355 11.188192126434837
      vertex 1.9726539659595703 5.354629311616227 11.19238795325113
      vertex 2.108335451404673 5.552448974394657 11.188192126434837
    endloop
  endfacet
  facet normal -0.5397580579796329 0.4003118585553285 0.7405482123035837
    outer loop
      vertex 1.9456791503529232 5.3726533071664 11.170710678118656
      vertex 1.9517250566708024 5.3686135617179325 11.177301045336275
      vertex 2.0901148185793432 5.567402261309881 11.170710678118656
    endloop
  endfacet
  facet normal -0.5954608948657573 0.4416238979608253 0.6711144875768651
    outer loop
      vertex 1.940199460277558 5.376314719017178 11.163439328416366
      vertex 1.9456791503529232 5.3726533071664 11.170710678118656
      vertex 2.0850203958286246 5.571583146012911 11.163439328416366
    endloop
  endfacet
  facet normal -0.19538495745371826 0.14490736042888847 0.9699621514751703
    outer loop
      vertex 1.9882517630328183 5.344207196813282 11.198078528040323
      vertex 2.122335602932558 5.540959346967334 11.195694033573222
      vertex 1.9803366416684773 5.349495911825474 11.195694033573222
    endloop
  endfacet
  facet normal -0.2708817045251171 0.20089956413615329 0.941415140776624
    outer loop
      vertex 1.9726539659595703 5.354629311616227 11.19238795325113
      vertex 1.9803366416684773 5.349495911825474 11.195694033573222
      vertex 2.115193082574736 5.54682106193806 11.19238795325113
    endloop
  endfacet
  facet normal -0.1179940894087276 0.08751038086685409 0.9891508116081912
    outer loop
      vertex 1.9882517630328183 5.344207196813282 11.198078528040323
      vertex 1.9963231031070086 5.338814099796327 11.199518472667222
      vertex 2.129694226102594 5.534920281001985 11.198078528040323
    endloop
  endfacet
  facet normal -0.8032075314806448 0.5956993044924332 0
    outer loop
      vertex 1.9213259692436364 5.388925582549006 10.305000000000001
      vertex 2.067473866593157 5.585983210409114 10.305000000000001
      vertex 2.067473866593157 5.585983210409114 9.600000000000001
    endloop
  endfacet
  facet normal -0.803207531480645 0.5956993044924334 0
    outer loop
      vertex 2.067473866593157 5.585983210409114 10.305000000000001
      vertex 1.9213259692436364 5.388925582549006 11.105
      vertex 2.067473866593157 5.585983210409114 11.105
    endloop
  endfacet
  facet normal 0 0 1
    outer loop
      vertex 1.9213259692436364 5.388925582549006 11.105
      vertex 2.0676637444352197 5.585827381691285 11.105
      vertex 2.067473866593157 5.585983210409114 11.105
    endloop
  endfacet
  facet normal -0.8022423580208826 0.5949834830687547 0.04900871220984031
    outer loop
      vertex 1.9217263445883366 5.388658060296528 11.109801714032958
      vertex 2.0678460922549764 5.585677732703057 11.109801714032958
      vertex 2.0676637444352197 5.585827381691285 11.105
    endloop
  endfacet
  facet normal -0.7945346157877408 0.5892670318310205 0.14655752970109096
    outer loop
      vertex 1.9229236147889992 5.3878580699246275 11.119509032201615
      vertex 2.068959184503831 5.584764241502186 11.119509032201615
      vertex 2.0678460922549764 5.585677732703057 11.109801714032958
    endloop
  endfacet
  facet normal -0.7791917895490762 0.5778880163697558 0.24270474992372268
    outer loop
      vertex 1.9249062494790983 5.386533315777905 11.129028467725448
      vertex 2.0708024236528866 5.5832515342261315 11.129028467725448
      vertex 2.068959184503831 5.584764241502186 11.119509032201615
    endloop
  endfacet
  facet normal -0.7262508464417109 0.5386243369940203 0.42713409093685156
    outer loop
      vertex 1.9311438572989816 5.382365479480941 11.147139673682602
      vertex 2.0766014762910148 5.57849237471912 11.147139673682602
      vertex 2.0733580583015208 5.5811541790728905 11.138268343236511
    endloop
  endfacet
  facet normal -0.7563586305140356 0.5609537914983017 0.3365300370704112
    outer loop
      vertex 1.9276551548027494 5.384696555962979 11.138268343236511
      vertex 2.0733580583015208 5.5811541790728905 11.138268343236511
      vertex 2.0708024236528866 5.5832515342261315 11.129028467725448
    endloop
  endfacet
  facet normal -0.689153383136137 0.5111109830681381 0.5136469385668897
    outer loop
      vertex 1.9353387588556363 5.37956253587261 11.155557023301961
      vertex 2.080501441733098 5.575291755795838 11.155557023301961
      vertex 2.0766014762910148 5.57849237471912 11.147139673682602
    endloop
  endfacet
  facet normal -0.6454181099342361 0.47867469380659233 0.5952360883532545
    outer loop
      vertex 1.940199460277558 5.376314719017178 11.163439328416366
      vertex 2.0850203958286246 5.571583146012911 11.163439328416366
      vertex 2.080501441733098 5.575291755795838 11.155557023301961
    endloop
  endfacet
  facet normal -0.5954608948657631 0.4416238979608292 0.6711144875768572
    outer loop
      vertex 1.9456791503529232 5.3726533071664 11.170710678118656
      vertex 2.0901148185793432 5.567402261309881 11.170710678118656
      vertex 2.0850203958286246 5.571583146012911 11.163439328416366
    endloop
  endfacet
  facet normal -0.5397580579796211 0.4003118585553207 0.7405482123035969
    outer loop
      vertex 1.9517250566708024 5.3686135617179325 11.177301045336275
      vertex 2.0957356479092697 5.562789365891943 11.177301045336275
      vertex 2.0901148185793432 5.567402261309881 11.170710678118656
    endloop
  endfacet
  facet normal 0 0 1
    outer loop
      vertex 2.144774911929431 2.4774561180072503 11.200000000000001
      vertex 2.144774911929431 5.52254388199275 11.200000000000001
      vertex 2.004472930473891 5.333368559247045 11.200000000000001
    endloop
  endfacet
  facet normal 0 0 1
    outer loop
      vertex 2.3029437251522857 2.3029437251522857 11.200000000000001
      vertex 2.3029437251522857 5.697056274847714 11.200000000000001
      vertex 2.144774911929431 5.52254388199275 11.200000000000001
    endloop
  endfacet
  facet normal 0 0 1
    outer loop
      vertex 2.4774561180072503 2.144774911929431 11.200000000000001
      vertex 2.4774561180072503 5.8552250880705685 11.200000000000001
      vertex 2.3029437251522857 5.697056274847714 11.200000000000001
    endloop
  endfacet
  facet normal 0 0 1
    outer loop
      vertex 2.6666314407529548 2.004472930473891 11.200000000000001
      vertex 2.6666314407529548 5.9955270695261085 11.200000000000001
      vertex 2.4774561180072503 5.8552250880705685 11.200000000000001
    endloop
  endfacet
  facet normal 0 0 1
    outer loop
      vertex 2.868647831617605 1.8833889655639475 11.200000000000001
      vertex 2.868647831617605 6.116611034436053 11.200000000000001
      vertex 2.6666314407529548 5.9955270695261085 11.200000000000001
    endloop
  endfacet
  facet normal 0 0 1
    outer loop
      vertex 3.0815597623237845 1.7826891219729113 11.200000000000001
      vertex 3.0815597623237845 6.217310878027089 11.200000000000001
      vertex 2.868647831617605 6.116611034436053 11.200000000000001
    endloop
  endfacet
  facet normal -0.039458941090689245 0.02926474521522567 0.9987925543652643
    outer loop
      vertex 2.004472930473891 5.333368559247045 11.200000000000001
      vertex 2.144774911929431 5.52254388199275 11.200000000000001
      vertex 2.1371980845210836 5.528762023548549 11.199518472667222
    endloop
  endfacet
  facet normal -0.7409511253549587 0.6715589548470189 0
    outer loop
      vertex 2.067473866593157 5.585983210409114 10.305000000000001
      vertex 2.2322330470336307 5.767766952966369 9.600000000000001
      vertex 2.067473866593157 5.585983210409114 9.600000000000001
    endloop
  endfacet
  facet normal -0.6715589548470189 0.7409511253549586 0
    outer loop
      vertex 2.2322330470336307 5.767766952966369 10.305000000000001
      vertex 2.414016789590886 5.932526133406843 9.600000000000001
      vertex 2.2322330470336307 5.767766952966369 9.600000000000001
    endloop
  endfacet
  facet normal -0.7409511253549587 0.6715589548470189 0
    outer loop
      vertex 2.067473866593157 5.585983210409114 10.305000000000001
      vertex 2.2322330470336307 5.767766952966369 10.305000000000001
      vertex 2.2322330470336307 5.767766952966369 9.600000000000001
    endloop
  endfacet
  facet normal -0.6715589548470189 0.7409511253549586 0
    outer loop
      vertex 2.2322330470336307 5.767766952966369 10.305000000000001
      vertex 2.414016789590886 5.932526133406843 10.305000000000001
      vertex 2.414016789590886 5.932526133406843 9.600000000000001
    endloop
  endfacet
  facet normal -0.7409511253549587 0.6715589548470188 0
    outer loop
      vertex 2.067473866593157 5.585983210409114 10.305000000000001
      vertex 2.067473866593157 5.585983210409114 11.105
      vertex 2.2322330470336307 5.767766952966369 10.305000000000001
    endloop
  endfacet
  facet normal -0.41329739399634374 0.3065222380301963 0.8574551776674921
    outer loop
      vertex 1.9652777242729513 5.359557958739355 11.188192126434837
      vertex 2.108335451404673 5.552448974394657 11.188192126434837
      vertex 2.1018287521592987 5.557788884463636 11.183146961230257
    endloop
  endfacet
  facet normal -0.1953849574537203 0.14490736042888988 0.9699621514751695
    outer loop
      vertex 1.9882517630328183 5.344207196813282 11.198078528040323
      vertex 2.129694226102594 5.534920281001985 11.198078528040323
      vertex 2.122335602932558 5.540959346967334 11.195694033573222
    endloop
  endfacet
  facet normal -0.2708817045251197 0.200899564136155 0.9414151407766229
    outer loop
      vertex 1.9803366416684773 5.349495911825474 11.195694033573222
      vertex 2.122335602932558 5.540959346967334 11.195694033573222
      vertex 2.115193082574736 5.54682106193806 11.19238795325113
    endloop
  endfacet
  facet normal -0.3437538076417707 0.25494519922061154 0.9037899452451036
    outer loop
      vertex 1.9726539659595703 5.354629311616227 11.19238795325113
      vertex 2.115193082574736 5.54682106193806 11.19238795325113
      vertex 2.108335451404673 5.552448974394657 11.188192126434837
    endloop
  endfacet
  facet normal -0.4788421976023995 0.3551335774299213 0.8028638066179908
    outer loop
      vertex 1.958278953848327 5.364234387628791 11.183146961230257
      vertex 2.1018287521592987 5.557788884463636 11.183146961230257
      vertex 2.0957356479092697 5.562789365891943 11.177301045336275
    endloop
  endfacet
  facet normal -0.11799408940872161 0.08751038086685003 0.9891508116081924
    outer loop
      vertex 1.9963231031070086 5.338814099796327 11.199518472667222
      vertex 2.1371980845210836 5.528762023548549 11.199518472667222
      vertex 2.129694226102594 5.534920281001985 11.198078528040323
    endloop
  endfacet
  facet normal -0.7187968373123323 0.6514794785979473 0.24270474992371927
    outer loop
      vertex 2.068959184503831 5.584764241502186 11.119509032201615
      vertex 2.0708024236528866 5.5832515342261315 11.129028467725448
      vertex 2.233591732886178 5.766408267113822 11.119509032201615
    endloop
  endfacet
  facet normal -0.6977334704745796 0.632388755694538 0.3365300370704123
    outer loop
      vertex 2.0708024236528866 5.5832515342261315 11.129028467725448
      vertex 2.0733580583015208 5.5811541790728905 11.138268343236511
      vertex 2.2352778250935676 5.764722174906432 11.129028467725448
    endloop
  endfacet
  facet normal -0.669959332887485 0.6072157447205275 0.42713409093685256
    outer loop
      vertex 2.0733580583015208 5.5811541790728905 11.138268343236511
      vertex 2.0766014762910148 5.57849237471912 11.147139673682602
      vertex 2.2376155769084667 5.762384423091533 11.138268343236511
    endloop
  endfacet
  facet normal -0.6357372842801872 0.5761986878472714 0.5136469385668868
    outer loop
      vertex 2.0766014762910148 5.57849237471912 11.147139673682602
      vertex 2.080501441733098 5.575291755795838 11.155557023301961
      vertex 2.2405824745029523 5.759417525497048 11.147139673682602
    endloop
  endfacet
  facet normal -0.5953919206891376 0.5396317817734715 0.5952360883532586
    outer loop
      vertex 2.080501441733098 5.575291755795838 11.155557023301961
      vertex 2.0850203958286246 5.571583146012911 11.163439328416366
      vertex 2.2441499450313174 5.755850054968683 11.155557023301961
    endloop
  endfacet
  facet normal -0.5493068763216529 0.4978627322768804 0.6711144875768572
    outer loop
      vertex 2.0850203958286246 5.571583146012911 11.163439328416366
      vertex 2.0901148185793432 5.567402261309881 11.170710678118656
      vertex 2.248283631802198 5.751716368197802 11.163439328416366
    endloop
  endfacet
  facet normal -0.24988573430825095 0.22648322786855343 0.941415140776622
    outer loop
      vertex 2.122335602932558 5.540959346967334 11.195694033573222
      vertex 2.2758839201449756 5.724116079855024 11.19238795325113
      vertex 2.115193082574736 5.54682106193806 11.19238795325113
    endloop
  endfacet
  facet normal -0.3171095397321465 0.2874113336051959 0.9037899452451046
    outer loop
      vertex 2.108335451404673 5.552448974394657 11.188192126434837
      vertex 2.115193082574736 5.54682106193806 11.19238795325113
      vertex 2.269610942228398 5.7303890577716015 11.188192126434837
    endloop
  endfacet
  facet normal -0.49792155178396347 0.45128978885301585 0.7405482123035948
    outer loop
      vertex 2.0901148185793432 5.567402261309881 11.170710678118656
      vertex 2.0957356479092697 5.562789365891943 11.177301045336275
      vertex 2.252943725152286 5.747056274847714 11.170710678118656
    endloop
  endfacet
  facet normal -0.4417272638453708 0.4003582550648244 0.8028638066179912
    outer loop
      vertex 2.1018287521592987 5.557788884463636 11.183146961230257
      vertex 2.2580853458351537 5.741914654164846 11.177301045336275
      vertex 2.0957356479092697 5.562789365891943 11.177301045336275
    endloop
  endfacet
  facet normal -0.38126282085944607 0.3455564783382127 0.8574551776674919
    outer loop
      vertex 2.1018287521592987 5.557788884463636 11.183146961230257
      vertex 2.108335451404673 5.552448974394657 11.188192126434837
      vertex 2.2636589772329305 5.7363410227670695 11.183146961230257
    endloop
  endfacet
  facet normal 0 0 1
    outer loop
      vertex 2.067473866593157 5.585983210409114 11.105
      vertex 2.0676637444352197 5.585827381691285 11.105
      vertex 2.2324067366766824 5.767593263323318 11.105
    endloop
  endfacet
  facet normal -0.7400607622381496 0.6707519767567012 0.04900871220983799
    outer loop
      vertex 2.0676637444352197 5.585827381691285 11.105
      vertex 2.0678460922549764 5.585677732703057 11.109801714032958
      vertex 2.2324067366766824 5.767593263323318 11.105
    endloop
  endfacet
  facet normal -0.7329504450937583 0.6643075609420501 0.1465575297010914
    outer loop
      vertex 2.0678460922549764 5.585677732703057 11.109801714032958
      vertex 2.068959184503831 5.584764241502186 11.119509032201615
      vertex 2.2325735382759664 5.767426461724034 11.109801714032958
    endloop
  endfacet
  facet normal -0.1802407203974943 0.16336066667424054 0.9699621514751696
    outer loop
      vertex 2.122335602932558 5.540959346967334 11.195694033573222
      vertex 2.129694226102594 5.534920281001985 11.198078528040323
      vertex 2.2824174987761676 5.717582501223832 11.195694033573222
    endloop
  endfacet
  facet normal -0.10884839833543393 0.09865443768358911 0.9891508116081923
    outer loop
      vertex 2.129694226102594 5.534920281001985 11.198078528040323
      vertex 2.1371980845210836 5.528762023548549 11.199518472667222
      vertex 2.2891487561881387 5.710851243811861 11.198078528040323
    endloop
  endfacet
  facet normal -0.03640048886564237 0.03299148003428799 0.9987925543652642
    outer loop
      vertex 2.144774911929431 5.52254388199275 11.200000000000001
      vertex 2.296012866692331 5.703987133307669 11.199518472667222
      vertex 2.1371980845210836 5.528762023548549 11.199518472667222
    endloop
  endfacet
  facet normal -0.7329504450937585 0.6643075609420502 0.14655752970108946
    outer loop
      vertex 2.068959184503831 5.584764241502186 11.119509032201615
      vertex 2.233591732886178 5.766408267113822 11.119509032201615
      vertex 2.2325735382759664 5.767426461724034 11.109801714032958
    endloop
  endfacet
  facet normal -0.7187968373123336 0.6514794785979481 0.24270474992371402
    outer loop
      vertex 2.0708024236528866 5.5832515342261315 11.129028467725448
      vertex 2.2352778250935676 5.764722174906432 11.129028467725448
      vertex 2.233591732886178 5.766408267113822 11.119509032201615
    endloop
  endfacet
  facet normal -0.6977334704745752 0.6323887556945351 0.3365300370704262
    outer loop
      vertex 2.0733580583015208 5.5811541790728905 11.138268343236511
      vertex 2.2376155769084667 5.762384423091533 11.138268343236511
      vertex 2.2352778250935676 5.764722174906432 11.129028467725448
    endloop
  endfacet
  facet normal -0.6699593328874592 0.6072157447205082 0.4271340909369202
    outer loop
      vertex 2.0766014762910148 5.57849237471912 11.147139673682602
      vertex 2.2405824745029523 5.759417525497048 11.147139673682602
      vertex 2.2376155769084667 5.762384423091533 11.138268343236511
    endloop
  endfacet
  facet normal -0.6357372842802169 0.5761986878472943 0.5136469385668243
    outer loop
      vertex 2.080501441733098 5.575291755795838 11.155557023301961
      vertex 2.2441499450313174 5.755850054968683 11.155557023301961
      vertex 2.2405824745029523 5.759417525497048 11.147139673682602
    endloop
  endfacet
  facet normal -0.5493068763216499 0.497862732276878 0.6711144875768614
    outer loop
      vertex 2.0901148185793432 5.567402261309881 11.170710678118656
      vertex 2.252943725152286 5.747056274847714 11.170710678118656
      vertex 2.248283631802198 5.751716368197802 11.163439328416366
    endloop
  endfacet
  facet normal -0.4979215517839769 0.4512897888530268 0.740548212303579
    outer loop
      vertex 2.0957356479092697 5.562789365891943 11.177301045336275
      vertex 2.2580853458351537 5.741914654164846 11.177301045336275
      vertex 2.252943725152286 5.747056274847714 11.170710678118656
    endloop
  endfacet
  facet normal -0.5953919206891332 0.539631781773468 0.5952360883532658
    outer loop
      vertex 2.0850203958286246 5.571583146012911 11.163439328416366
      vertex 2.248283631802198 5.751716368197802 11.163439328416366
      vertex 2.2441499450313174 5.755850054968683 11.155557023301961
    endloop
  endfacet
  facet normal -0.3812628208594389 0.3455564783382068 0.8574551776674976
    outer loop
      vertex 2.108335451404673 5.552448974394657 11.188192126434837
      vertex 2.269610942228398 5.7303890577716015 11.188192126434837
      vertex 2.2636589772329305 5.7363410227670695 11.183146961230257
    endloop
  endfacet
  facet normal -0.3171095397321566 0.2874113336052042 0.9037899452450984
    outer loop
      vertex 2.115193082574736 5.54682106193806 11.19238795325113
      vertex 2.2758839201449756 5.724116079855024 11.19238795325113
      vertex 2.269610942228398 5.7303890577716015 11.188192126434837
    endloop
  endfacet
  facet normal -0.24988573430824454 0.22648322786854813 0.941415140776625
    outer loop
      vertex 2.122335602932558 5.540959346967334 11.195694033573222
      vertex 2.2824174987761676 5.717582501223832 11.195694033573222
      vertex 2.2758839201449756 5.724116079855024 11.19238795325113
    endloop
  endfacet
  facet normal -0.4417272638453636 0.40035825506481865 0.802863806617998
    outer loop
      vertex 2.1018287521592987 5.557788884463636 11.183146961230257
      vertex 2.2636589772329305 5.7363410227670695 11.183146961230257
      vertex 2.2580853458351537 5.741914654164846 11.177301045336275
    endloop
  endfacet
  facet normal -0.03640048886564204 0.03299148003428772 0.9987925543652643
    outer loop
      vertex 2.144774911929431 5.52254388199275 11.200000000000001
      vertex 2.3029437251522857 5.697056274847714 11.200000000000001
      vertex 2.296012866692331 5.703987133307669 11.199518472667222
    endloop
  endfacet
  facet normal -0.18024072039749056 0.16336066667423743 0.969962151475171
    outer loop
      vertex 2.129694226102594 5.534920281001985 11.198078528040323
      vertex 2.2891487561881387 5.710851243811861 11.198078528040323
      vertex 2.2824174987761676 5.717582501223832 11.195694033573222
    endloop
  endfacet
  facet normal -0.10884839833543387 0.09865443768358907 0.9891508116081924
    outer loop
      vertex 2.1371980845210836 5.528762023548549 11.199518472667222
      vertex 2.296012866692331 5.703987133307669 11.199518472667222
      vertex 2.2891487561881387 5.710851243811861 11.198078528040323
    endloop
  endfacet
  facet normal -0.6715589548470189 0.7409511253549586 0
    outer loop
      vertex 2.2322330470336307 5.767766952966369 10.305000000000001
      vertex 2.2322330470336307 5.767766952966369 11.105
      vertex 2.414016789590886 5.932526133406843 10.305000000000001
    endloop
  endfacet
  facet normal -0.7409511253549587 0.6715589548470188 0
    outer loop
      vertex 2.2322330470336307 5.767766952966369 10.305000000000001
      vertex 2.067473866593157 5.585983210409114 11.105
      vertex 2.2322330470336307 5.767766952966369 11.105
    endloop
  endfacet
  facet normal 0 0 1
    outer loop
      vertex 2.067473866593157 5.585983210409114 11.105
      vertex 2.2324067366766824 5.767593263323318 11.105
      vertex 2.2322330470336307 5.767766952966369 11.105
    endloop
  endfacet
  facet normal -0.7400607622381565 0.6707519767567037 0.04900871220970228
    outer loop
      vertex 2.0678460922549764 5.585677732703057 11.109801714032958
      vertex 2.2325735382759664 5.767426461724034 11.109801714032958
      vertex 2.2324067366766824 5.767593263323318 11.105
    endloop
  endfacet
  facet normal 0 0 1
    outer loop
      vertex 2.2322330470336307 5.767766952966369 11.105
      vertex 2.2324067366766824 5.767593263323318 11.105
      vertex 2.414172618308715 5.93233625556478 11.105
    endloop
  endfacet
  facet normal -0.6707519767567056 0.7400607622381545 0.04900871220970219
    outer loop
      vertex 2.2324067366766824 5.767593263323318 11.105
      vertex 2.2325735382759664 5.767426461724034 11.109801714032958
      vertex 2.414172618308715 5.93233625556478 11.105
    endloop
  endfacet
  facet normal -0.6643075609420502 0.7329504450937584 0.14655752970108915
    outer loop
      vertex 2.2325735382759664 5.767426461724034 11.109801714032958
      vertex 2.233591732886178 5.766408267113822 11.119509032201615
      vertex 2.414322267296943 5.932153907745024 11.109801714032958
    endloop
  endfacet
  facet normal -0.6715589548470189 0.7409511253549586 0
    outer loop
      vertex 2.414016789590886 5.932526133406843 10.305000000000001
      vertex 2.2322330470336307 5.767766952966369 11.105
      vertex 2.414016789590886 5.932526133406843 11.105
    endloop
  endfacet
  facet normal -0.09865443768358875 0.10884839833543351 0.9891508116081924
    outer loop
      vertex 2.2891487561881387 5.710851243811861 11.198078528040323
      vertex 2.296012866692331 5.703987133307669 11.199518472667222
      vertex 2.465079718998015 5.870305773897406 11.198078528040323
    endloop
  endfacet
  facet normal -0.40035825506481804 0.4417272638453637 0.8028638066179983
    outer loop
      vertex 2.2580853458351537 5.741914654164846 11.177301045336275
      vertex 2.2636589772329305 5.7363410227670695 11.183146961230257
      vertex 2.437210634108057 5.90426435209073 11.177301045336275
    endloop
  endfacet
  facet normal -0.576198687847296 0.6357372842802158 0.5136469385668239
    outer loop
      vertex 2.2405824745029523 5.759417525497048 11.147139673682602
      vertex 2.2441499450313174 5.755850054968683 11.155557023301961
      vertex 2.42150762528088 5.923398523708985 11.147139673682602
    endloop
  endfacet
  facet normal -0.6323887556945343 0.6977334704745755 0.33653003707042745
    outer loop
      vertex 2.2352778250935676 5.764722174906432 11.129028467725448
      vertex 2.2376155769084667 5.762384423091533 11.138268343236511
      vertex 2.4167484657738685 5.929197576347113 11.129028467725448
    endloop
  endfacet
  facet normal -0.6514794785979491 0.7187968373123323 0.24270474992371444
    outer loop
      vertex 2.233591732886178 5.766408267113822 11.119509032201615
      vertex 2.2352778250935676 5.764722174906432 11.129028467725448
      vertex 2.415235758497814 5.93104081549617 11.119509032201615
    endloop
  endfacet
  facet normal -0.6072157447205061 0.6699593328874613 0.42713409093692
    outer loop
      vertex 2.2376155769084667 5.762384423091533 11.138268343236511
      vertex 2.2405824745029523 5.759417525497048 11.147139673682602
      vertex 2.4188458209271095 5.926641941698479 11.138268343236511
    endloop
  endfacet
  facet normal -0.5396317817734672 0.5953919206891342 0.5952360883532659
    outer loop
      vertex 2.2441499450313174 5.755850054968683 11.155557023301961
      vertex 2.248283631802198 5.751716368197802 11.163439328416366
      vertex 2.424708244204162 5.919498558266902 11.155557023301961
    endloop
  endfacet
  facet normal -0.49786273227687733 0.549306876321651 0.6711144875768611
    outer loop
      vertex 2.248283631802198 5.751716368197802 11.163439328416366
      vertex 2.252943725152286 5.747056274847714 11.170710678118656
      vertex 2.4284168539870894 5.914979604171375 11.163439328416366
    endloop
  endfacet
  facet normal -0.4512897888530281 0.4979215517839755 0.7405482123035793
    outer loop
      vertex 2.252943725152286 5.747056274847714 11.170710678118656
      vertex 2.2580853458351537 5.741914654164846 11.177301045336275
      vertex 2.432597738690119 5.909885181420657 11.170710678118656
    endloop
  endfacet
  facet normal -0.2874113336052053 0.31710953973215694 0.9037899452450978
    outer loop
      vertex 2.269610942228398 5.7303890577716015 11.188192126434837
      vertex 2.2758839201449756 5.724116079855024 11.19238795325113
      vertex 2.4475510256053434 5.891664548595327 11.188192126434837
    endloop
  endfacet
  facet normal -0.22648322786854833 0.24988573430824468 0.9414151407766249
    outer loop
      vertex 2.2758839201449756 5.724116079855024 11.19238795325113
      vertex 2.2824174987761676 5.717582501223832 11.195694033573222
      vertex 2.45317893806194 5.884806917425264 11.19238795325113
    endloop
  endfacet
  facet normal -0.3455564783382056 0.38126282085943825 0.8574551776674982
    outer loop
      vertex 2.2636589772329305 5.7363410227670695 11.183146961230257
      vertex 2.269610942228398 5.7303890577716015 11.188192126434837
      vertex 2.442211115536364 5.898171247840701 11.183146961230257
    endloop
  endfacet
  facet normal -0.16336066667423693 0.18024072039749126 0.9699621514751707
    outer loop
      vertex 2.2824174987761676 5.717582501223832 11.195694033573222
      vertex 2.2891487561881387 5.710851243811861 11.198078528040323
      vertex 2.4590406530326665 5.877664397067441 11.195694033573222
    endloop
  endfacet
  facet normal -0.032991480034287875 0.03640048886564213 0.9987925543652643
    outer loop
      vertex 2.296012866692331 5.703987133307669 11.199518472667222
      vertex 2.3029437251522857 5.697056274847714 11.200000000000001
      vertex 2.4712379764514507 5.862801915478917 11.199518472667222
    endloop
  endfacet
  facet normal -0.22648322786853292 0.24988573430822908 0.9414151407766327
    outer loop
      vertex 2.2824174987761676 5.717582501223832 11.195694033573222
      vertex 2.4590406530326665 5.877664397067441 11.195694033573222
      vertex 2.45317893806194 5.884806917425264 11.19238795325113
    endloop
  endfacet
  facet normal -0.09865443768359251 0.10884839833543734 0.9891508116081915
    outer loop
      vertex 2.296012866692331 5.703987133307669 11.199518472667222
      vertex 2.4712379764514507 5.862801915478917 11.199518472667222
      vertex 2.465079718998015 5.870305773897406 11.198078528040323
    endloop
  endfacet
  facet normal -0.16336066667425067 0.1802407203975052 0.9699621514751661
    outer loop
      vertex 2.2891487561881387 5.710851243811861 11.198078528040323
      vertex 2.465079718998015 5.870305773897406 11.198078528040323
      vertex 2.4590406530326665 5.877664397067441 11.195694033573222
    endloop
  endfacet
  facet normal 0 0 1
    outer loop
      vertex 2.2322330470336307 5.767766952966369 11.105
      vertex 2.414172618308715 5.93233625556478 11.105
      vertex 2.414016789590886 5.932526133406843 11.105
    endloop
  endfacet
  facet normal -0.6707519767566992 0.7400607622381514 0.04900871220983728
    outer loop
      vertex 2.2325735382759664 5.767426461724034 11.109801714032958
      vertex 2.414322267296943 5.932153907745024 11.109801714032958
      vertex 2.414172618308715 5.93233625556478 11.105
    endloop
  endfacet
  facet normal -0.6643075609420543 0.732950445093761 0.14655752970105823
    outer loop
      vertex 2.233591732886178 5.766408267113822 11.119509032201615
      vertex 2.415235758497814 5.93104081549617 11.119509032201615
      vertex 2.414322267296943 5.932153907745024 11.109801714032958
    endloop
  endfacet
  facet normal -0.49786273227690386 0.5493068763216769 0.6711144875768201
    outer loop
      vertex 2.252943725152286 5.747056274847714 11.170710678118656
      vertex 2.432597738690119 5.909885181420657 11.170710678118656
      vertex 2.4284168539870894 5.914979604171375 11.163439328416366
    endloop
  endfacet
  facet normal -0.4512897888530038 0.4979215517839516 0.7405482123036101
    outer loop
      vertex 2.2580853458351537 5.741914654164846 11.177301045336275
      vertex 2.437210634108057 5.90426435209073 11.177301045336275
      vertex 2.432597738690119 5.909885181420657 11.170710678118656
    endloop
  endfacet
  facet normal -0.4003582550648248 0.44172726384537037 0.8028638066179913
    outer loop
      vertex 2.2636589772329305 5.7363410227670695 11.183146961230257
      vertex 2.442211115536364 5.898171247840701 11.183146961230257
      vertex 2.437210634108057 5.90426435209073 11.177301045336275
    endloop
  endfacet
  facet normal -0.6323887556945385 0.697733470474579 0.3365300370704122
    outer loop
      vertex 2.2376155769084667 5.762384423091533 11.138268343236511
      vertex 2.4188458209271095 5.926641941698479 11.138268343236511
      vertex 2.4167484657738685 5.929197576347113 11.129028467725448
    endloop
  endfacet
  facet normal -0.6072157447205211 0.669959332887475 0.42713409093687704
    outer loop
      vertex 2.2405824745029523 5.759417525497048 11.147139673682602
      vertex 2.42150762528088 5.923398523708985 11.147139673682602
      vertex 2.4188458209271095 5.926641941698479 11.138268343236511
    endloop
  endfacet
  facet normal -0.5761986878472684 0.6357372842801898 0.5136469385668868
    outer loop
      vertex 2.2441499450313174 5.755850054968683 11.155557023301961
      vertex 2.424708244204162 5.919498558266902 11.155557023301961
      vertex 2.42150762528088 5.923398523708985 11.147139673682602
    endloop
  endfacet
  facet normal -0.6514794785979419 0.7187968373123267 0.24270474992375066
    outer loop
      vertex 2.2352778250935676 5.764722174906432 11.129028467725448
      vertex 2.4167484657738685 5.929197576347113 11.129028467725448
      vertex 2.415235758497814 5.93104081549617 11.119509032201615
    endloop
  endfacet
  facet normal -0.5396317817734704 0.5953919206891374 0.5952360883532598
    outer loop
      vertex 2.248283631802198 5.751716368197802 11.163439328416366
      vertex 2.4284168539870894 5.914979604171375 11.163439328416366
      vertex 2.424708244204162 5.919498558266902 11.155557023301961
    endloop
  endfacet
  facet normal -0.2874113336052035 0.31710953973215505 0.9037899452450991
    outer loop
      vertex 2.2758839201449756 5.724116079855024 11.19238795325113
      vertex 2.45317893806194 5.884806917425264 11.19238795325113
      vertex 2.4475510256053434 5.891664548595327 11.188192126434837
    endloop
  endfacet
  facet normal -0.3455564783382131 0.3812628208594458 0.8574551776674919
    outer loop
      vertex 2.269610942228398 5.7303890577716015 11.188192126434837
      vertex 2.4475510256053434 5.891664548595327 11.188192126434837
      vertex 2.442211115536364 5.898171247840701 11.183146961230257
    endloop
  endfacet
  facet normal -0.03299148003428575 0.03640048886563997 0.9987925543652646
    outer loop
      vertex 2.3029437251522857 5.697056274847714 11.200000000000001
      vertex 2.4774561180072503 5.8552250880705685 11.200000000000001
      vertex 2.4712379764514507 5.862801915478917 11.199518472667222
    endloop
  endfacet
  facet normal -0.029264745215223577 0.03945894109068642 0.9987925543652645
    outer loop
      vertex 2.4712379764514507 5.862801915478917 11.199518472667222
      vertex 2.4774561180072503 5.8552250880705685 11.200000000000001
      vertex 2.6611859002036735 6.003676896892991 11.199518472667222
    endloop
  endfacet
  facet normal -0.08751038086685291 0.11799408940872602 0.9891508116081915
    outer loop
      vertex 2.465079718998015 5.870305773897406 11.198078528040323
      vertex 2.4712379764514507 5.862801915478917 11.199518472667222
      vertex 2.655792803186718 6.011748236967182 11.198078528040323
    endloop
  endfacet
  facet normal -0.20089956413613777 0.27088170452509686 0.9414151407766331
    outer loop
      vertex 2.45317893806194 5.884806917425264 11.19238795325113
      vertex 2.4590406530326665 5.877664397067441 11.195694033573222
      vertex 2.645370688383773 6.02734603404043 11.19238795325113
    endloop
  endfacet
  facet normal -0.25494519922061776 0.34375380764177926 0.9037899452450984
    outer loop
      vertex 2.4475510256053434 5.891664548595327 11.188192126434837
      vertex 2.45317893806194 5.884806917425264 11.19238795325113
      vertex 2.6404420412606444 6.034722275727049 11.188192126434837
    endloop
  endfacet
  facet normal -0.30652223803019735 0.41329739399634313 0.8574551776674922
    outer loop
      vertex 2.442211115536364 5.898171247840701 11.183146961230257
      vertex 2.4475510256053434 5.891664548595327 11.188192126434837
      vertex 2.635765612371209 6.0417210461516735 11.183146961230257
    endloop
  endfacet
  facet normal -0.14490736042889896 0.19538495745373197 0.9699621514751658
    outer loop
      vertex 2.465079718998015 5.870305773897406 11.198078528040323
      vertex 2.650504088174526 6.019663358331522 11.195694033573222
      vertex 2.4590406530326665 5.877664397067441 11.195694033573222
    endloop
  endfacet
  facet normal 0 0 1
    outer loop
      vertex 3.30331677458929 1.7033431942426986 11.200000000000001
      vertex 3.30331677458929 6.296656805757301 11.200000000000001
      vertex 3.0815597623237845 6.217310878027089 11.200000000000001
    endloop
  endfacet
  facet normal 0 0 1
    outer loop
      vertex 3.5317832271612923 1.6461153270322466 11.200000000000001
      vertex 3.5317832271612923 6.353884672967753 11.200000000000001
      vertex 3.30331677458929 6.296656805757301 11.200000000000001
    endloop
  endfacet
  facet normal 0 0 1
    outer loop
      vertex 3.7647588632090545 1.611556655986727 11.200000000000001
      vertex 3.7647588632090545 6.3884433440132735 11.200000000000001
      vertex 3.5317832271612923 6.353884672967753 11.200000000000001
    endloop
  endfacet
  facet normal 0 0 1
    outer loop
      vertex 3.7647588632090545 6.3884433440132735 11.200000000000001
      vertex 4 1.5999999999999996 11.200000000000001
      vertex 4 6.4 11.200000000000001
    endloop
  endfacet
  facet normal -0.5956993044924345 0.8032075314806442 0
    outer loop
      vertex 2.414016789590886 5.932526133406843 10.305000000000001
      vertex 2.611074417450994 6.078674030756364 9.600000000000001
      vertex 2.414016789590886 5.932526133406843 9.600000000000001
    endloop
  endfacet
  facet normal -0.5956993044924345 0.8032075314806442 0
    outer loop
      vertex 2.414016789590886 5.932526133406843 10.305000000000001
      vertex 2.414016789590886 5.932526133406843 11.105
      vertex 2.611074417450994 6.078674030756364 10.305000000000001
    endloop
  endfacet
  facet normal 0 0 1
    outer loop
      vertex 2.414016789590886 5.932526133406843 11.105
      vertex 2.414172618308715 5.93233625556478 11.105
      vertex 2.611210884527864 6.078469793342706 11.105
    endloop
  endfacet
  facet normal -0.5949834830687524 0.8022423580208843 0.049008712209840384
    outer loop
      vertex 2.414172618308715 5.93233625556478 11.105
      vertex 2.414322267296943 5.932153907745024 11.109801714032958
      vertex 2.611210884527864 6.078469793342706 11.105
    endloop
  endfacet
  facet normal -0.577888016369751 0.7791917895490691 0.2427047499237572
    outer loop
      vertex 2.415235758497814 5.93104081549617 11.119509032201615
      vertex 2.4167484657738685 5.929197576347113 11.129028467725448
      vertex 2.6121419300753725 6.077076385211001 11.119509032201615
    endloop
  endfacet
  facet normal -0.5609537914983006 0.7563586305140364 0.33653003707041135
    outer loop
      vertex 2.4167484657738685 5.929197576347113 11.129028467725448
      vertex 2.4188458209271095 5.926641941698479 11.138268343236511
      vertex 2.613466684222095 6.075093750520901 11.129028467725448
    endloop
  endfacet
  facet normal -0.511110983068137 0.6891533831361383 0.5136469385668893
    outer loop
      vertex 2.42150762528088 5.923398523708985 11.147139673682602
      vertex 2.424708244204162 5.919498558266902 11.155557023301961
      vertex 2.6176345205190588 6.068856142701018 11.147139673682602
    endloop
  endfacet
  facet normal -0.5386243369940147 0.7262508464417021 0.4271340909368732
    outer loop
      vertex 2.4188458209271095 5.926641941698479 11.138268343236511
      vertex 2.42150762528088 5.923398523708985 11.147139673682602
      vertex 2.615303444037021 6.07234484519725 11.138268343236511
    endloop
  endfacet
  facet normal -0.47867469380658995 0.645418109934232 0.5952360883532609
    outer loop
      vertex 2.424708244204162 5.919498558266902 11.155557023301961
      vertex 2.4284168539870894 5.914979604171375 11.163439328416366
      vertex 2.62043746412739 6.064661241144364 11.155557023301961
    endloop
  endfacet
  facet normal -0.40031185855530865 0.5397580579796079 0.7405482123036129
    outer loop
      vertex 2.432597738690119 5.909885181420657 11.170710678118656
      vertex 2.437210634108057 5.90426435209073 11.177301045336275
      vertex 2.6273466928335996 6.054320849647077 11.170710678118656
    endloop
  endfacet
  facet normal -0.44162389796085194 0.5954608948657913 0.671114487576817
    outer loop
      vertex 2.4284168539870894 5.914979604171375 11.163439328416366
      vertex 2.432597738690119 5.909885181420657 11.170710678118656
      vertex 2.623685280982822 6.059800539722442 11.163439328416366
    endloop
  endfacet
  facet normal -0.35513357742992185 0.4788421976023994 0.8028638066179907
    outer loop
      vertex 2.437210634108057 5.90426435209073 11.177301045336275
      vertex 2.442211115536364 5.898171247840701 11.183146961230257
      vertex 2.6313864382820675 6.048274943329197 11.177301045336275
    endloop
  endfacet
  facet normal -0.5892670318310244 0.7945346157877448 0.1465575297010546
    outer loop
      vertex 2.414322267296943 5.932153907745024 11.109801714032958
      vertex 2.415235758497814 5.93104081549617 11.119509032201615
      vertex 2.6113419397034723 6.078273655411664 11.109801714032958
    endloop
  endfacet
  facet normal -0.5956993044924345 0.8032075314806442 0
    outer loop
      vertex 2.414016789590886 5.932526133406843 10.305000000000001
      vertex 2.611074417450994 6.078674030756364 10.305000000000001
      vertex 2.611074417450994 6.078674030756364 9.600000000000001
    endloop
  endfacet
  facet normal -0.5141027441932208 0.8577286100002727 0
    outer loop
      vertex 2.611074417450994 6.078674030756364 10.305000000000001
      vertex 2.8215081579350056 6.204803160870888 9.600000000000001
      vertex 2.611074417450994 6.078674030756364 9.600000000000001
    endloop
  endfacet
  facet normal -0.5141027441932208 0.8577286100002727 0
    outer loop
      vertex 2.611074417450994 6.078674030756364 10.305000000000001
      vertex 2.8215081579350056 6.204803160870888 10.305000000000001
      vertex 2.8215081579350056 6.204803160870888 9.600000000000001
    endloop
  endfacet
  facet normal -0.4275550934302798 0.9039892931234443 0
    outer loop
      vertex 2.8215081579350056 6.204803160870888 10.305000000000001
      vertex 3.0432914190872755 6.309698831278217 9.600000000000001
      vertex 2.8215081579350056 6.204803160870888 9.600000000000001
    endloop
  endfacet
  facet normal -0.4275550934302798 0.9039892931234443 0
    outer loop
      vertex 2.8215081579350056 6.204803160870888 10.305000000000001
      vertex 3.0432914190872755 6.309698831278217 10.305000000000001
      vertex 3.0432914190872755 6.309698831278217 9.600000000000001
    endloop
  endfacet
  facet normal -0.5956993044924345 0.8032075314806442 0
    outer loop
      vertex 2.611074417450994 6.078674030756364 10.305000000000001
      vertex 2.414016789590886 5.932526133406843 11.105
      vertex 2.611074417450994 6.078674030756364 11.105
    endloop
  endfacet
  facet normal -0.5141027441932207 0.8577286100002727 0
    outer loop
      vertex 2.611074417450994 6.078674030756364 10.305000000000001
      vertex 2.611074417450994 6.078674030756364 11.105
      vertex 2.8215081579350056 6.204803160870888 10.305000000000001
    endloop
  endfacet
  facet normal -0.5141027441932207 0.8577286100002727 0
    outer loop
      vertex 2.611074417450994 6.078674030756364 11.105
      vertex 2.8215081579350056 6.204803160870888 11.105
      vertex 2.8215081579350056 6.204803160870888 10.305000000000001
    endloop
  endfacet
  facet normal -0.40031185855531787 0.539758057979619 0.7405482123035998
    outer loop
      vertex 2.437210634108057 5.90426435209073 11.177301045336275
      vertex 2.6313864382820675 6.048274943329197 11.177301045336275
      vertex 2.6273466928335996 6.054320849647077 11.170710678118656
    endloop
  endfacet
  facet normal -0.4416238979608242 0.5954608948657583 0.6711144875768649
    outer loop
      vertex 2.432597738690119 5.909885181420657 11.170710678118656
      vertex 2.6273466928335996 6.054320849647077 11.170710678118656
      vertex 2.623685280982822 6.059800539722442 11.163439328416366
    endloop
  endfacet
  facet normal -0.08751038086685169 0.1179940894087245 0.9891508116081917
    outer loop
      vertex 2.4712379764514507 5.862801915478917 11.199518472667222
      vertex 2.6611859002036735 6.003676896892991 11.199518472667222
      vertex 2.655792803186718 6.011748236967182 11.198078528040323
    endloop
  endfacet
  facet normal -0.14490736042889363 0.1953849574537254 0.9699621514751678
    outer loop
      vertex 2.465079718998015 5.870305773897406 11.198078528040323
      vertex 2.655792803186718 6.011748236967182 11.198078528040323
      vertex 2.650504088174526 6.019663358331522 11.195694033573222
    endloop
  endfacet
  facet normal -0.20089956413614662 0.27088170452510774 0.9414151407766282
    outer loop
      vertex 2.4590406530326665 5.877664397067441 11.195694033573222
      vertex 2.650504088174526 6.019663358331522 11.195694033573222
      vertex 2.645370688383773 6.02734603404043 11.19238795325113
    endloop
  endfacet
  facet normal -0.30652223803018913 0.41329739399633314 0.8574551776675
    outer loop
      vertex 2.4475510256053434 5.891664548595327 11.188192126434837
      vertex 2.6404420412606444 6.034722275727049 11.188192126434837
      vertex 2.635765612371209 6.0417210461516735 11.183146961230257
    endloop
  endfacet
  facet normal -0.25494519922061176 0.3437538076417719 0.903789945245103
    outer loop
      vertex 2.45317893806194 5.884806917425264 11.19238795325113
      vertex 2.645370688383773 6.02734603404043 11.19238795325113
      vertex 2.6404420412606444 6.034722275727049 11.188192126434837
    endloop
  endfacet
  facet normal -0.3551335774299264 0.47884219760240493 0.8028638066179853
    outer loop
      vertex 2.442211115536364 5.898171247840701 11.183146961230257
      vertex 2.635765612371209 6.0417210461516735 11.183146961230257
      vertex 2.6313864382820675 6.048274943329197 11.177301045336275
    endloop
  endfacet
  facet normal 0 0 1
    outer loop
      vertex 2.414016789590886 5.932526133406843 11.105
      vertex 2.611210884527864 6.078469793342706 11.105
      vertex 2.611074417450994 6.078674030756364 11.105
    endloop
  endfacet
  facet normal -0.5949834830687598 0.802242358020889 0.04900871220967582
    outer loop
      vertex 2.414322267296943 5.932153907745024 11.109801714032958
      vertex 2.6113419397034723 6.078273655411664 11.109801714032958
      vertex 2.611210884527864 6.078469793342706 11.105
    endloop
  endfacet
  facet normal -0.5609537914983065 0.7563586305140427 0.3365300370703876
    outer loop
      vertex 2.4188458209271095 5.926641941698479 11.138268343236511
      vertex 2.615303444037021 6.07234484519725 11.138268343236511
      vertex 2.613466684222095 6.075093750520901 11.129028467725448
    endloop
  endfacet
  facet normal -0.538624336994017 0.7262508464417047 0.4271340909368662
    outer loop
      vertex 2.42150762528088 5.923398523708985 11.147139673682602
      vertex 2.6176345205190588 6.068856142701018 11.147139673682602
      vertex 2.615303444037021 6.07234484519725 11.138268343236511
    endloop
  endfacet
  facet normal -0.5892670318310176 0.7945346157877393 0.14655752970111088
    outer loop
      vertex 2.415235758497814 5.93104081549617 11.119509032201615
      vertex 2.6121419300753725 6.077076385211001 11.119509032201615
      vertex 2.6113419397034723 6.078273655411664 11.109801714032958
    endloop
  endfacet
  facet normal -0.5778880163697434 0.7791917895490619 0.24270474992379903
    outer loop
      vertex 2.4167484657738685 5.929197576347113 11.129028467725448
      vertex 2.613466684222095 6.075093750520901 11.129028467725448
      vertex 2.6121419300753725 6.077076385211001 11.119509032201615
    endloop
  endfacet
  facet normal -0.5111109830681617 0.6891533831361668 0.5136469385668263
    outer loop
      vertex 2.424708244204162 5.919498558266902 11.155557023301961
      vertex 2.62043746412739 6.064661241144364 11.155557023301961
      vertex 2.6176345205190588 6.068856142701018 11.147139673682602
    endloop
  endfacet
  facet normal -0.478674693806596 0.6454181099342391 0.5952360883532484
    outer loop
      vertex 2.4284168539870894 5.914979604171375 11.163439328416366
      vertex 2.623685280982822 6.059800539722442 11.163439328416366
      vertex 2.62043746412739 6.064661241144364 11.155557023301961
    endloop
  endfacet
  facet normal -0.029264745215223518 0.039458941090686345 0.9987925543652646
    outer loop
      vertex 2.4774561180072503 5.8552250880705685 11.200000000000001
      vertex 2.6666314407529548 5.9955270695261085 11.200000000000001
      vertex 2.6611859002036735 6.003676896892991 11.199518472667222
    endloop
  endfacet
  facet normal -0.17338112777824582 0.289268935848398 0.9414151407766282
    outer loop
      vertex 2.650504088174526 6.019663358331522 11.195694033573222
      vertex 2.850608259492178 6.150360700087711 11.19238795325113
      vertex 2.645370688383773 6.02734603404043 11.19238795325113
    endloop
  endfacet
  facet normal -0.07552355124432401 0.1260034328988752 0.9891508116081918
    outer loop
      vertex 2.6611859002036735 6.003676896892991 11.199518472667222
      vertex 2.8594513374991317 6.133816464781511 11.198078528040323
      vertex 2.655792803186718 6.011748236967182 11.198078528040323
    endloop
  endfacet
  facet normal -0.025256174902002167 0.04213738214257833 0.9987925543652645
    outer loop
      vertex 2.6611859002036735 6.003676896892991 11.199518472667222
      vertex 2.6666314407529548 5.9955270695261085 11.200000000000001
      vertex 2.8640273356071684 6.125255374468779 11.199518472667222
    endloop
  endfacet
  facet normal -0.12505851708819157 0.2086475305613911 0.9699621514751675
    outer loop
      vertex 2.650504088174526 6.019663358331522 11.195694033573222
      vertex 2.655792803186718 6.011748236967182 11.198078528040323
      vertex 2.8549639066567716 6.142211857394573 11.195694033573222
    endloop
  endfacet
  facet normal 0 0 1
    outer loop
      vertex 2.611074417450994 6.078674030756364 11.105
      vertex 2.611210884527864 6.078469793342706 11.105
      vertex 2.821623949118365 6.204586530803578 11.105
    endloop
  endfacet
  facet normal -0.513484973187805 0.8566979213455981 0.049008712209675794
    outer loop
      vertex 2.611210884527864 6.078469793342706 11.105
      vertex 2.6113419397034723 6.078273655411664 11.109801714032958
      vertex 2.821623949118365 6.204586530803578 11.105
    endloop
  endfacet
  facet normal -0.48411653564140716 0.8076996434739613 0.33653003707039
    outer loop
      vertex 2.613466684222095 6.075093750520901 11.129028467725448
      vertex 2.615303444037021 6.07234484519725 11.138268343236511
      vertex 2.8235379764574717 6.201005637515541 11.129028467725448
    endloop
  endfacet
  facet normal -0.44110100012039766 0.7359325581829598 0.5136469385668229
    outer loop
      vertex 2.6176345205190588 6.068856142701018 11.147139673682602
      vertex 2.62043746412739 6.064661241144364 11.155557023301961
      vertex 2.8270743510024783 6.194389546087033 11.147139673682602
    endloop
  endfacet
  facet normal -0.46484568246024555 0.7755481673355985 0.427134090936866
    outer loop
      vertex 2.6176345205190588 6.068856142701018 11.147139673682602
      vertex 2.825096451932991 6.198089934977844 11.138268343236511
      vertex 2.615303444037021 6.07234484519725 11.138268343236511
    endloop
  endfacet
  facet normal -0.508551539077327 0.8484669837948849 0.1465575297011122
    outer loop
      vertex 2.6113419397034723 6.078273655411664 11.109801714032958
      vertex 2.6121419300753725 6.077076385211001 11.119509032201615
      vertex 2.821735148348371 6.204378491676744 11.109801714032958
    endloop
  endfacet
  facet normal -0.49873117663819205 0.8320826989028861 0.24270474992379817
    outer loop
      vertex 2.6121419300753725 6.077076385211001 11.119509032201615
      vertex 2.613466684222095 6.075093750520901 11.129028467725448
      vertex 2.8224139335467 6.2031085738908 11.119509032201615
    endloop
  endfacet
  facet normal -0.3811319840912314 0.6358802994802755 0.6711144875768639
    outer loop
      vertex 2.623685280982822 6.059800539722442 11.163439328416366
      vertex 2.6273466928335996 6.054320849647077 11.170710678118656
      vertex 2.8322083710928476 6.184784470074469 11.163439328416366
    endloop
  endfacet
  facet normal -0.3454787062270131 0.5763963990151638 0.7405482123036025
    outer loop
      vertex 2.6313864382820675 6.048274943329197 11.177301045336275
      vertex 2.835315048693718 6.178972285085386 11.170710678118656
      vertex 2.6273466928335996 6.054320849647077 11.170710678118656
    endloop
  endfacet
  facet normal -0.3064887693086126 0.5113456192347532 0.8028638066179837
    outer loop
      vertex 2.6313864382820675 6.048274943329197 11.177301045336275
      vertex 2.635765612371209 6.0417210461516735 11.183146961230257
      vertex 2.8387427392156983 6.172559527162424 11.177301045336275
    endloop
  endfacet
  facet normal -0.22002380320030954 0.3670875384688576 0.9037899452451031
    outer loop
      vertex 2.645370688383773 6.02734603404043 11.19238795325113
      vertex 2.8464263432685852 6.15818451505118 11.188192126434837
      vertex 2.6404420412606444 6.034722275727049 11.188192126434837
    endloop
  endfacet
  facet normal -0.2645360210078427 0.44135168729770746 0.8574551776675005
    outer loop
      vertex 2.635765612371209 6.0417210461516735 11.183146961230257
      vertex 2.6404420412606444 6.034722275727049 11.188192126434837
      vertex 2.8424584321252953 6.165607954669948 11.183146961230257
    endloop
  endfacet
  facet normal -0.4131077068681451 0.689228569959243 0.5952360883532514
    outer loop
      vertex 2.62043746412739 6.064661241144364 11.155557023301961
      vertex 2.623685280982822 6.059800539722442 11.163439328416366
      vertex 2.829452625416666 6.189940107610962 11.155557023301961
    endloop
  endfacet
  facet normal -0.22002380320030407 0.36708753846884934 0.9037899452451078
    outer loop
      vertex 2.645370688383773 6.02734603404043 11.19238795325113
      vertex 2.850608259492178 6.150360700087711 11.19238795325113
      vertex 2.8464263432685852 6.15818451505118 11.188192126434837
    endloop
  endfacet
  facet normal -0.3064887693085918 0.5113456192347223 0.8028638066180113
    outer loop
      vertex 2.635765612371209 6.0417210461516735 11.183146961230257
      vertex 2.8424584321252953 6.165607954669948 11.183146961230257
      vertex 2.8387427392156983 6.172559527162424 11.177301045336275
    endloop
  endfacet
  facet normal -0.26453602100785273 0.44135168729772256 0.8574551776674896
    outer loop
      vertex 2.6404420412606444 6.034722275727049 11.188192126434837
      vertex 2.8464263432685852 6.15818451505118 11.188192126434837
      vertex 2.8424584321252953 6.165607954669948 11.183146961230257
    endloop
  endfacet
  facet normal 0 0 1
    outer loop
      vertex 2.611074417450994 6.078674030756364 11.105
      vertex 2.821623949118365 6.204586530803578 11.105
      vertex 2.8215081579350056 6.204803160870888 11.105
    endloop
  endfacet
  facet normal -0.5134849731877973 0.8566979213455924 0.049008712209854956
    outer loop
      vertex 2.6113419397034723 6.078273655411664 11.109801714032958
      vertex 2.821735148348371 6.204378491676744 11.109801714032958
      vertex 2.821623949118365 6.204586530803578 11.105
    endloop
  endfacet
  facet normal -0.5085515390773326 0.8484669837948905 0.14655752970106128
    outer loop
      vertex 2.6121419300753725 6.077076385211001 11.119509032201615
      vertex 2.8224139335467 6.2031085738908 11.119509032201615
      vertex 2.821735148348371 6.204378491676744 11.109801714032958
    endloop
  endfacet
  facet normal -0.49873117663819394 0.8320826989028886 0.24270474992378593
    outer loop
      vertex 2.613466684222095 6.075093750520901 11.129028467725448
      vertex 2.8235379764574717 6.201005637515541 11.129028467725448
      vertex 2.8224139335467 6.2031085738908 11.119509032201615
    endloop
  endfacet
  facet normal -0.46484568246025837 0.775548167335616 0.4271340909368205
    outer loop
      vertex 2.6176345205190588 6.068856142701018 11.147139673682602
      vertex 2.8270743510024783 6.194389546087033 11.147139673682602
      vertex 2.825096451932991 6.198089934977844 11.138268343236511
    endloop
  endfacet
  facet normal -0.484116535641397 0.8076996434739481 0.3365300370704362
    outer loop
      vertex 2.615303444037021 6.07234484519725 11.138268343236511
      vertex 2.825096451932991 6.198089934977844 11.138268343236511
      vertex 2.8235379764574717 6.201005637515541 11.129028467725448
    endloop
  endfacet
  facet normal -0.44110100012036735 0.735932558182917 0.51364693856691
    outer loop
      vertex 2.62043746412739 6.064661241144364 11.155557023301961
      vertex 2.829452625416666 6.189940107610962 11.155557023301961
      vertex 2.8270743510024783 6.194389546087033 11.147139673682602
    endloop
  endfacet
  facet normal -0.38113198409124166 0.6358802994802907 0.6711144875768437
    outer loop
      vertex 2.6273466928335996 6.054320849647077 11.170710678118656
      vertex 2.835315048693718 6.178972285085386 11.170710678118656
      vertex 2.8322083710928476 6.184784470074469 11.163439328416366
    endloop
  endfacet
  facet normal -0.4131077068681716 0.6892285699592811 0.5952360883531888
    outer loop
      vertex 2.623685280982822 6.059800539722442 11.163439328416366
      vertex 2.8322083710928476 6.184784470074469 11.163439328416366
      vertex 2.829452625416666 6.189940107610962 11.155557023301961
    endloop
  endfacet
  facet normal -0.34547870622701554 0.5763963990151676 0.7405482123035981
    outer loop
      vertex 2.6313864382820675 6.048274943329197 11.177301045336275
      vertex 2.8387427392156983 6.172559527162424 11.177301045336275
      vertex 2.835315048693718 6.178972285085386 11.170710678118656
    endloop
  endfacet
  facet normal -0.07552355124432612 0.1260034328988784 0.9891508116081912
    outer loop
      vertex 2.6611859002036735 6.003676896892991 11.199518472667222
      vertex 2.8640273356071684 6.125255374468779 11.199518472667222
      vertex 2.8594513374991317 6.133816464781511 11.198078528040323
    endloop
  endfacet
  facet normal -0.12505851708820007 0.20864753056140398 0.9699621514751636
    outer loop
      vertex 2.655792803186718 6.011748236967182 11.198078528040323
      vertex 2.8594513374991317 6.133816464781511 11.198078528040323
      vertex 2.8549639066567716 6.142211857394573 11.195694033573222
    endloop
  endfacet
  facet normal -0.025256174902003884 0.04213738214258094 0.9987925543652643
    outer loop
      vertex 2.6666314407529548 5.9955270695261085 11.200000000000001
      vertex 2.868647831617605 6.116611034436053 11.200000000000001
      vertex 2.8640273356071684 6.125255374468779 11.199518472667222
    endloop
  endfacet
  facet normal -0.17338112777823933 0.28926893584838814 0.9414151407766327
    outer loop
      vertex 2.650504088174526 6.019663358331522 11.195694033573222
      vertex 2.8549639066567716 6.142211857394573 11.195694033573222
      vertex 2.850608259492178 6.150360700087711 11.19238795325113
    endloop
  endfacet
  facet normal -0.06280938853794255 0.13279929444973143 0.9891508116081912
    outer loop
      vertex 2.8640273356071684 6.125255374468779 11.199518472667222
      vertex 3.07409397891875 6.235334873577262 11.198078528040323
      vertex 2.8594513374991317 6.133816464781511 11.198078528040323
    endloop
  endfacet
  facet normal -0.1040052918639975 0.21990071389141996 0.9699621514751637
    outer loop
      vertex 2.8549639066567716 6.142211857394573 11.195694033573222
      vertex 2.8594513374991317 6.133816464781511 11.198078528040323
      vertex 3.0704510486583114 6.244129685218793 11.195694033573222
    endloop
  endfacet
  facet normal -0.14419293638007039 0.30487034918897105 0.941415140776633
    outer loop
      vertex 2.8549639066567716 6.142211857394573 11.195694033573222
      vertex 3.0669151013831115 6.252666217086416 11.19238795325113
      vertex 2.850608259492178 6.150360700087711 11.19238795325113
    endloop
  endfacet
  facet normal -0.18298345767793905 0.3868860156300211 0.9037899452451067
    outer loop
      vertex 2.8464263432685852 6.15818451505118 11.188192126434837
      vertex 2.850608259492178 6.150360700087711 11.19238795325113
      vertex 3.0635201901983566 6.260862257711704 11.188192126434837
    endloop
  endfacet
  facet normal -0.021004373818045995 0.0444100171698039 0.9987925543652643
    outer loop
      vertex 2.8640273356071684 6.125255374468779 11.199518472667222
      vertex 2.868647831617605 6.116611034436053 11.200000000000001
      vertex 3.0778088087545914 6.226366481005666 11.199518472667222
    endloop
  endfacet
  facet normal -0.021004373818044625 0.044410017169801294 0.9987925543652646
    outer loop
      vertex 2.868647831617605 6.116611034436053 11.200000000000001
      vertex 3.0815597623237845 6.217310878027089 11.200000000000001
      vertex 3.0778088087545914 6.226366481005666 11.199518472667222
    endloop
  endfacet
  facet normal -0.4275550934302798 0.9039892931234444 0
    outer loop
      vertex 2.8215081579350056 6.204803160870888 10.305000000000001
      vertex 2.8215081579350056 6.204803160870888 11.105
      vertex 3.0432914190872755 6.309698831278217 10.305000000000001
    endloop
  endfacet
  facet normal -0.4275550934302798 0.9039892931234444 0
    outer loop
      vertex 3.0432914190872755 6.309698831278217 10.305000000000001
      vertex 2.8215081579350056 6.204803160870888 11.105
      vertex 3.0432914190872755 6.309698831278217 11.105
    endloop
  endfacet
  facet normal 0 0 1
    outer loop
      vertex 2.8215081579350056 6.204803160870888 11.105
      vertex 2.821623949118365 6.204586530803578 11.105
      vertex 3.0433854192447307 6.309471894823224 11.105
    endloop
  endfacet
  facet normal -0.4270413223156047 0.902903015369021 0.04900871220986468
    outer loop
      vertex 2.821623949118365 6.204586530803578 11.105
      vertex 2.821735148348371 6.204378491676744 11.109801714032958
      vertex 3.0433854192447307 6.309471894823224 11.105
    endloop
  endfacet
  facet normal -0.42293841699977697 0.8942281509288589 0.14655752970105876
    outer loop
      vertex 2.821735148348371 6.204378491676744 11.109801714032958
      vertex 2.8224139335467 6.2031085738908 11.119509032201615
      vertex 3.0434756916197614 6.309253958031117 11.109801714032958
    endloop
  endfacet
  facet normal -0.4147712830414184 0.876960197003608 0.2427047499237884
    outer loop
      vertex 2.8224139335467 6.2031085738908 11.119509032201615
      vertex 2.8235379764574717 6.201005637515541 11.129028467725448
      vertex 3.0440267345719976 6.307923622662377 11.119509032201615
    endloop
  endfacet
  facet normal -0.40261697290125614 0.851262067333674 0.3365300370704352
    outer loop
      vertex 2.8235379764574717 6.201005637515541 11.129028467725448
      vertex 2.825096451932991 6.198089934977844 11.138268343236511
      vertex 3.044939241099124 6.305720637028836 11.129028467725448
    endloop
  endfacet
  facet normal -0.3865903098938957 0.8173765354203156 0.4271340909368193
    outer loop
      vertex 2.825096451932991 6.198089934977844 11.138268343236511
      vertex 2.8270743510024783 6.194389546087033 11.147139673682602
      vertex 3.0462044232644567 6.302666217086416 11.138268343236511
    endloop
  endfacet
  facet normal -0.36684297341111294 0.7756243003927447 0.5136469385669099
    outer loop
      vertex 2.8270743510024783 6.194389546087033 11.147139673682602
      vertex 2.829452625416666 6.189940107610962 11.155557023301961
      vertex 3.0478100966721255 6.29878977856888 11.147139673682602
    endloop
  endfacet
  facet normal -0.22000217749310083 0.4651555225830477 0.8574551776674896
    outer loop
      vertex 2.8424584321252953 6.165607954669948 11.183146961230257
      vertex 2.8464263432685852 6.15818451505118 11.188192126434837
      vertex 3.060299009954603 6.268638874743022 11.183146961230257
    endloop
  endfacet
  facet normal -0.2548923067950319 0.5389245030238856 0.8028638066180124
    outer loop
      vertex 2.8424584321252953 6.165607954669948 11.183146961230257
      vertex 3.0572825823784737 6.2759211751072295 11.177301045336275
      vertex 2.8387427392156983 6.172559527162424 11.177301045336275
    endloop
  endfacet
  facet normal -0.2873184050998697 0.6074837276378783 0.7405482123035982
    outer loop
      vertex 2.835315048693718 6.178972285085386 11.170710678118656
      vertex 2.8387427392156983 6.172559527162424 11.177301045336275
      vertex 3.054499957316475 6.282639026270907 11.170710678118656
    endloop
  endfacet
  facet normal -0.34356226688493935 0.7264013820849178 0.5952360883531869
    outer loop
      vertex 2.8322083710928476 6.184784470074469 11.163439328416366
      vertex 3.0497407978094637 6.29412865369823 11.155557023301961
      vertex 2.829452625416666 6.189940107610962 11.155557023301961
    endloop
  endfacet
  facet normal -0.3169695608669109 0.6701758292032819 0.6711144875768449
    outer loop
      vertex 2.8322083710928476 6.184784470074469 11.163439328416366
      vertex 2.835315048693718 6.178972285085386 11.170710678118656
      vertex 3.0519779329690895 6.288727731654999 11.163439328416366
    endloop
  endfacet
  facet normal -0.18298345767793775 0.3868860156300186 0.903789945245108
    outer loop
      vertex 2.850608259492178 6.150360700087711 11.19238795325113
      vertex 3.0669151013831115 6.252666217086416 11.19238795325113
      vertex 3.0635201901983566 6.260862257711704 11.188192126434837
    endloop
  endfacet
  facet normal -0.25489230679504 0.5389245030239006 0.8028638066179999
    outer loop
      vertex 2.8424584321252953 6.165607954669948 11.183146961230257
      vertex 3.060299009954603 6.268638874743022 11.183146961230257
      vertex 3.0572825823784737 6.2759211751072295 11.177301045336275
    endloop
  endfacet
  facet normal -0.22000217749310688 0.4651555225830591 0.8574551776674818
    outer loop
      vertex 2.8464263432685852 6.15818451505118 11.188192126434837
      vertex 3.0635201901983566 6.260862257711704 11.188192126434837
      vertex 3.060299009954603 6.268638874743022 11.183146961230257
    endloop
  endfacet
  facet normal -0.28731840509988393 0.6074837276379045 0.7405482123035714
    outer loop
      vertex 2.8387427392156983 6.172559527162424 11.177301045336275
      vertex 3.0572825823784737 6.2759211751072295 11.177301045336275
      vertex 3.054499957316475 6.282639026270907 11.170710678118656
    endloop
  endfacet
  facet normal -0.3169695608668784 0.6701758292032226 0.6711144875769196
    outer loop
      vertex 2.835315048693718 6.178972285085386 11.170710678118656
      vertex 3.054499957316475 6.282639026270907 11.170710678118656
      vertex 3.0519779329690895 6.288727731654999 11.163439328416366
    endloop
  endfacet
  facet normal -0.10400529186398842 0.21990071389140273 0.9699621514751687
    outer loop
      vertex 2.8594513374991317 6.133816464781511 11.198078528040323
      vertex 3.07409397891875 6.235334873577262 11.198078528040323
      vertex 3.0704510486583114 6.244129685218793 11.195694033573222
    endloop
  endfacet
  facet normal -0.06280938853794402 0.1327992944497342 0.9891508116081906
    outer loop
      vertex 2.8640273356071684 6.125255374468779 11.199518472667222
      vertex 3.0778088087545914 6.226366481005666 11.199518472667222
      vertex 3.07409397891875 6.235334873577262 11.198078528040323
    endloop
  endfacet
  facet normal -0.14419293638007877 0.304870349188987 0.9414151407766266
    outer loop
      vertex 2.8549639066567716 6.142211857394573 11.195694033573222
      vertex 3.0704510486583114 6.244129685218793 11.195694033573222
      vertex 3.0669151013831115 6.252666217086416 11.19238795325113
    endloop
  endfacet
  facet normal 0 0 1
    outer loop
      vertex 2.8215081579350056 6.204803160870888 11.105
      vertex 3.0433854192447307 6.309471894823224 11.105
      vertex 3.0432914190872755 6.309698831278217 11.105
    endloop
  endfacet
  facet normal -0.42704132231560665 0.9029030153690228 0.0490087122098138
    outer loop
      vertex 2.821735148348371 6.204378491676744 11.109801714032958
      vertex 3.0434756916197614 6.309253958031117 11.109801714032958
      vertex 3.0433854192447307 6.309471894823224 11.105
    endloop
  endfacet
  facet normal -0.3668429734111399 0.7756243003927918 0.5136469385668193
    outer loop
      vertex 2.829452625416666 6.189940107610962 11.155557023301961
      vertex 3.0497407978094637 6.29412865369823 11.155557023301961
      vertex 3.0478100966721255 6.29878977856888 11.147139673682602
    endloop
  endfacet
  facet normal -0.4026169729012535 0.8512620673336697 0.3365300370704496
    outer loop
      vertex 2.825096451932991 6.198089934977844 11.138268343236511
      vertex 3.0462044232644567 6.302666217086416 11.138268343236511
      vertex 3.044939241099124 6.305720637028836 11.129028467725448
    endloop
  endfacet
  facet normal -0.38659030989386567 0.817376535420265 0.42713409093694343
    outer loop
      vertex 2.8270743510024783 6.194389546087033 11.147139673682602
      vertex 3.0478100966721255 6.29878977856888 11.147139673682602
      vertex 3.0462044232644567 6.302666217086416 11.138268343236511
    endloop
  endfacet
  facet normal -0.4229384169997755 0.8942281509288572 0.14655752970107422
    outer loop
      vertex 2.8224139335467 6.2031085738908 11.119509032201615
      vertex 3.0440267345719976 6.307923622662377 11.119509032201615
      vertex 3.0434756916197614 6.309253958031117 11.109801714032958
    endloop
  endfacet
  facet normal -0.414771283041432 0.8769601970036277 0.24270474992369453
    outer loop
      vertex 2.8235379764574717 6.201005637515541 11.129028467725448
      vertex 3.044939241099124 6.305720637028836 11.129028467725448
      vertex 3.0440267345719976 6.307923622662377 11.119509032201615
    endloop
  endfacet
  facet normal -0.3435622668849395 0.7264013820849178 0.5952360883531868
    outer loop
      vertex 2.8322083710928476 6.184784470074469 11.163439328416366
      vertex 3.0519779329690895 6.288727731654999 11.163439328416366
      vertex 3.0497407978094637 6.29412865369823 11.155557023301961
    endloop
  endfacet
  facet normal -0.33688985339221916 0.9415440651830211 0
    outer loop
      vertex 3.0432914190872755 6.309698831278217 10.305000000000001
      vertex 3.274288306863844 6.392350839330522 9.600000000000001
      vertex 3.0432914190872755 6.309698831278217 9.600000000000001
    endloop
  endfacet
  facet normal -0.33688985339221916 0.9415440651830211 0
    outer loop
      vertex 3.0432914190872755 6.309698831278217 10.305000000000001
      vertex 3.274288306863844 6.392350839330522 10.305000000000001
      vertex 3.274288306863844 6.392350839330522 9.600000000000001
    endloop
  endfacet
  facet normal -0.24298017990326795 0.9700312531945429 0
    outer loop
      vertex 3.274288306863844 6.392350839330522 10.305000000000001
      vertex 3.512274194959679 6.451963201008077 9.600000000000001
      vertex 3.274288306863844 6.392350839330522 9.600000000000001
    endloop
  endfacet
  facet normal -0.24298017990326795 0.9700312531945429 0
    outer loop
      vertex 3.274288306863844 6.392350839330522 10.305000000000001
      vertex 3.512274194959679 6.451963201008077 10.305000000000001
      vertex 3.512274194959679 6.451963201008077 9.600000000000001
    endloop
  endfacet
  facet normal -0.3368898533922191 0.941544065183021 0
    outer loop
      vertex 3.0432914190872755 6.309698831278217 10.305000000000001
      vertex 3.0432914190872755 6.309698831278217 11.105
      vertex 3.274288306863844 6.392350839330522 10.305000000000001
    endloop
  endfacet
  facet normal -0.3368898533922191 0.941544065183021 0
    outer loop
      vertex 3.274288306863844 6.392350839330522 10.305000000000001
      vertex 3.0432914190872755 6.309698831278217 11.105
      vertex 3.274288306863844 6.392350839330522 11.105
    endloop
  endfacet
  facet normal -0.08195043882406128 0.22903613313668517 0.969962151475169
    outer loop
      vertex 3.0704510486583114 6.244129685218793 11.195694033573222
      vertex 3.07409397891875 6.235334873577262 11.198078528040323
      vertex 3.2948902552044177 6.324435317408282 11.195694033573222
    endloop
  endfacet
  facet normal -0.11361608818069034 0.3175356944077978 0.9414151407766265
    outer loop
      vertex 3.0704510486583114 6.244129685218793 11.195694033573222
      vertex 3.2922080609238176 6.333277326981962 11.19238795325113
      vertex 3.0669151013831115 6.252666217086416 11.19238795325113
    endloop
  endfacet
  facet normal -0.1441808814291995 0.40295856896726107 0.9037899452451086
    outer loop
      vertex 3.0635201901983566 6.260862257711704 11.188192126434837
      vertex 3.0669151013831115 6.252666217086416 11.19238795325113
      vertex 3.289632849628456 6.341766660917436 11.188192126434837
    endloop
  endfacet
  facet normal -0.22639107066741082 0.6327206558790751 0.7405482123035722
    outer loop
      vertex 3.054499957316475 6.282639026270907 11.170710678118656
      vertex 3.0572825823784737 6.2759211751072295 11.177301045336275
      vertex 3.2827905482131725 6.3643227058160186 11.170710678118656
    endloop
  endfacet
  facet normal -0.24975454749821818 0.6980171993356109 0.6711144875769188
    outer loop
      vertex 3.0519779329690895 6.288727731654999 11.163439328416366
      vertex 3.054499957316475 6.282639026270907 11.170710678118656
      vertex 3.2808774655924173 6.370629294033845 11.163439328416366
    endloop
  endfacet
  facet normal -0.17334959274367068 0.48447965590603537 0.8574551776674819
    outer loop
      vertex 3.060299009954603 6.268638874743022 11.183146961230257
      vertex 3.0635201901983566 6.260862257711704 11.188192126434837
      vertex 3.2871894220108624 6.349821562288161 11.183146961230257
    endloop
  endfacet
  facet normal -0.20084109202873476 0.5613132492428451 0.8028638066179997
    outer loop
      vertex 3.060299009954603 6.268638874743022 11.183146961230257
      vertex 3.284901309614706 6.357364457990683 11.177301045336275
      vertex 3.0572825823784737 6.2759211751072295 11.177301045336275
    endloop
  endfacet
  facet normal 0 0 1
    outer loop
      vertex 3.0433854192447307 6.309471894823224 11.105
      vertex 3.2743596107224935 6.392115782009963 11.105
      vertex 3.0432914190872755 6.309698831278217 11.105
    endloop
  endfacet
  facet normal -0.33648503006497915 0.9404126597774539 0.04900871220981781
    outer loop
      vertex 3.0433854192447307 6.309471894823224 11.105
      vertex 3.0434756916197614 6.309253958031117 11.109801714032958
      vertex 3.2743596107224935 6.392115782009963 11.105
    endloop
  endfacet
  facet normal -0.30461186131147194 0.8513331206453975 0.427134090936944
    outer loop
      vertex 3.0462044232644567 6.302666217086416 11.138268343236511
      vertex 3.0478100966721255 6.29878977856888 11.147139673682602
      vertex 3.276497967397586 6.3850665647590485 11.138268343236511
    endloop
  endfacet
  facet normal -0.2890520483311657 0.8078463565904693 0.5136469385668151
    outer loop
      vertex 3.0478100966721255 6.29878977856888 11.147139673682602
      vertex 3.0497407978094637 6.29412865369823 11.155557023301961
      vertex 3.2777159516307695 6.3810514088367905 11.147139673682602
    endloop
  endfacet
  facet normal -0.33325216676485575 0.9313774121345477 0.14655752970107558
    outer loop
      vertex 3.0434756916197614 6.309253958031117 11.109801714032958
      vertex 3.0440267345719976 6.307923622662377 11.119509032201615
      vertex 3.2744280868702296 6.391890046403027 11.109801714032958
    endloop
  endfacet
  facet normal -0.3268169152519175 0.913392089011997 0.24270474992369045
    outer loop
      vertex 3.0440267345719976 6.307923622662377 11.119509032201615
      vertex 3.044939241099124 6.305720637028836 11.129028467725448
      vertex 3.2748460807315123 6.390512105308329 11.119509032201615
    endloop
  endfacet
  facet normal -0.31723998861923997 0.8866263721377926 0.33653003707045365
    outer loop
      vertex 3.044939241099124 6.305720637028836 11.129028467725448
      vertex 3.0462044232644567 6.302666217086416 11.138268343236511
      vertex 3.2755382629383103 6.388230286372429 11.129028467725448
    endloop
  endfacet
  facet normal -0.2707081344613624 0.7565785518096879 0.595236088353188
    outer loop
      vertex 3.0497407978094637 6.29412865369823 11.155557023301961
      vertex 3.0519779329690895 6.288727731654999 11.163439328416366
      vertex 3.2791804857838764 6.376223486752094 11.155557023301961
    endloop
  endfacet
  facet normal -0.016550289132060754 0.04625495945469419 0.9987925543652645
    outer loop
      vertex 3.0815597623237845 6.217310878027089 11.200000000000001
      vertex 3.300471487194693 6.30603646127475 11.199518472667222
      vertex 3.0778088087545914 6.226366481005666 11.199518472667222
    endloop
  endfacet
  facet normal -0.04949033708483549 0.13831622619955727 0.9891508116081906
    outer loop
      vertex 3.0778088087545914 6.226366481005666 11.199518472667222
      vertex 3.2976536014730984 6.315325785582123 11.198078528040323
      vertex 3.07409397891875 6.235334873577262 11.198078528040323
    endloop
  endfacet
  facet normal -0.016550289132061496 0.04625495945469602 0.9987925543652645
    outer loop
      vertex 3.0815597623237845 6.217310878027089 11.200000000000001
      vertex 3.30331677458929 6.296656805757301 11.200000000000001
      vertex 3.300471487194693 6.30603646127475 11.199518472667222
    endloop
  endfacet
  facet normal -0.049490337084831075 0.13831622619954637 0.9891508116081924
    outer loop
      vertex 3.0778088087545914 6.226366481005666 11.199518472667222
      vertex 3.300471487194693 6.30603646127475 11.199518472667222
      vertex 3.2976536014730984 6.315325785582123 11.198078528040323
    endloop
  endfacet
  facet normal -0.08195043882405949 0.22903613313668075 0.96996215147517
    outer loop
      vertex 3.07409397891875 6.235334873577262 11.198078528040323
      vertex 3.2976536014730984 6.315325785582123 11.198078528040323
      vertex 3.2948902552044177 6.324435317408282 11.195694033573222
    endloop
  endfacet
  facet normal -0.11361608818069344 0.31753569440780527 0.9414151407766235
    outer loop
      vertex 3.0704510486583114 6.244129685218793 11.195694033573222
      vertex 3.2948902552044177 6.324435317408282 11.195694033573222
      vertex 3.2922080609238176 6.333277326981962 11.19238795325113
    endloop
  endfacet
  facet normal -0.1441808814291973 0.4029585689672557 0.9037899452451112
    outer loop
      vertex 3.0669151013831115 6.252666217086416 11.19238795325113
      vertex 3.2922080609238176 6.333277326981962 11.19238795325113
      vertex 3.289632849628456 6.341766660917436 11.188192126434837
    endloop
  endfacet
  facet normal 0 0 1
    outer loop
      vertex 3.0432914190872755 6.309698831278217 11.105
      vertex 3.2743596107224935 6.392115782009963 11.105
      vertex 3.274288306863844 6.392350839330522 11.105
    endloop
  endfacet
  facet normal -0.3364850300649825 0.9404126597774576 0.04900871220972278
    outer loop
      vertex 3.0434756916197614 6.309253958031117 11.109801714032958
      vertex 3.2744280868702296 6.391890046403027 11.109801714032958
      vertex 3.2743596107224935 6.392115782009963 11.105
    endloop
  endfacet
  facet normal -0.2707081344613436 0.7565785518096447 0.5952360883532516
    outer loop
      vertex 3.0519779329690895 6.288727731654999 11.163439328416366
      vertex 3.2808774655924173 6.370629294033845 11.163439328416366
      vertex 3.2791804857838764 6.376223486752094 11.155557023301961
    endloop
  endfacet
  facet normal -0.24975454749824008 0.6980171993356622 0.6711144875768573
    outer loop
      vertex 3.054499957316475 6.282639026270907 11.170710678118656
      vertex 3.2827905482131725 6.3643227058160186 11.170710678118656
      vertex 3.2808774655924173 6.370629294033845 11.163439328416366
    endloop
  endfacet
  facet normal -0.31723998861925173 0.8866263721378163 0.3365300370703807
    outer loop
      vertex 3.0462044232644567 6.302666217086416 11.138268343236511
      vertex 3.276497967397586 6.3850665647590485 11.138268343236511
      vertex 3.2755382629383103 6.388230286372429 11.129028467725448
    endloop
  endfacet
  facet normal -0.28905204833114795 0.8078463565904298 0.5136469385668874
    outer loop
      vertex 3.0497407978094637 6.29412865369823 11.155557023301961
      vertex 3.2791804857838764 6.376223486752094 11.155557023301961
      vertex 3.2777159516307695 6.3810514088367905 11.147139673682602
    endloop
  endfacet
  facet normal -0.3046118613114805 0.8513331206454159 0.4271340909369017
    outer loop
      vertex 3.0478100966721255 6.29878977856888 11.147139673682602
      vertex 3.2777159516307695 6.3810514088367905 11.147139673682602
      vertex 3.276497967397586 6.3850665647590485 11.138268343236511
    endloop
  endfacet
  facet normal -0.3332521667648575 0.9313774121345504 0.14655752970105548
    outer loop
      vertex 3.0440267345719976 6.307923622662377 11.119509032201615
      vertex 3.2748460807315123 6.390512105308329 11.119509032201615
      vertex 3.2744280868702296 6.391890046403027 11.109801714032958
    endloop
  endfacet
  facet normal -0.32681691525191037 0.9133920890119841 0.2427047499237491
    outer loop
      vertex 3.044939241099124 6.305720637028836 11.129028467725448
      vertex 3.2755382629383103 6.388230286372429 11.129028467725448
      vertex 3.2748460807315123 6.390512105308329 11.119509032201615
    endloop
  endfacet
  facet normal -0.17334959274367875 0.4844796559060551 0.8574551776674693
    outer loop
      vertex 3.0635201901983566 6.260862257711704 11.188192126434837
      vertex 3.289632849628456 6.341766660917436 11.188192126434837
      vertex 3.2871894220108624 6.349821562288161 11.183146961230257
    endloop
  endfacet
  facet normal -0.20084109202873357 0.5613132492428424 0.8028638066180019
    outer loop
      vertex 3.060299009954603 6.268638874743022 11.183146961230257
      vertex 3.2871894220108624 6.349821562288161 11.183146961230257
      vertex 3.284901309614706 6.357364457990683 11.177301045336275
    endloop
  endfacet
  facet normal -0.22639107066740868 0.63272065587907 0.7405482123035769
    outer loop
      vertex 3.0572825823784737 6.2759211751072295 11.177301045336275
      vertex 3.284901309614706 6.357364457990683 11.177301045336275
      vertex 3.2827905482131725 6.3643227058160186 11.170710678118656
    endloop
  endfacet
  facet normal -0.24298017990326795 0.970031253194543 0
    outer loop
      vertex 3.274288306863844 6.392350839330522 10.305000000000001
      vertex 3.274288306863844 6.392350839330522 11.105
      vertex 3.512274194959679 6.451963201008077 10.305000000000001
    endloop
  endfacet
  facet normal -0.24298017990326795 0.970031253194543 0
    outer loop
      vertex 3.512274194959679 6.451963201008077 10.305000000000001
      vertex 3.274288306863844 6.392350839330522 11.105
      vertex 3.512274194959679 6.451963201008077 11.105
    endloop
  endfacet
  facet normal -0.03569466663142689 0.1425010970797257 0.9891508116081924
    outer loop
      vertex 3.300471487194693 6.30603646127475 11.199518472667222
      vertex 3.5279772037868566 6.373018844586008 11.198078528040323
      vertex 3.2976536014730984 6.315325785582123 11.198078528040323
    endloop
  endfacet
  facet normal -0.05910635825958976 0.23596580921597132 0.96996215147517
    outer loop
      vertex 3.2948902552044177 6.324435317408282 11.195694033573222
      vertex 3.2976536014730984 6.315325785582123 11.198078528040323
      vertex 3.5261200540451 6.382355366825531 11.195694033573222
    endloop
  endfacet
  facet normal -0.011936816114427354 0.04765444119450724 0.9987925543652645
    outer loop
      vertex 3.30331677458929 6.296656805757301 11.200000000000001
      vertex 3.5298710076142927 6.363498049813998 11.199518472667222
      vertex 3.300471487194693 6.30603646127475 11.199518472667222
    endloop
  endfacet
  facet normal -0.0819450549432525 0.3271429973068008 0.9414151407766235
    outer loop
      vertex 3.2948902552044177 6.324435317408282 11.195694033573222
      vertex 3.524317443756258 6.39141770071954 11.19238795325113
      vertex 3.2922080609238176 6.333277326981962 11.19238795325113
    endloop
  endfacet
  facet normal -0.10398976447500904 0.41515041100578415 0.903789945245111
    outer loop
      vertex 3.289632849628456 6.341766660917436 11.188192126434837
      vertex 3.2922080609238176 6.333277326981962 11.19238795325113
      vertex 3.5225867330428184 6.400118571038659 11.188192126434837
    endloop
  endfacet
  facet normal -0.12502755665359458 0.499137985299136 0.8574551776674696
    outer loop
      vertex 3.289632849628456 6.341766660917436 11.188192126434837
      vertex 3.520944589595055 6.408374183645336 11.183146961230257
      vertex 3.2871894220108624 6.349821562288161 11.183146961230257
    endloop
  endfacet
  facet normal -0.14485566775528613 0.5782962420265442 0.8028638066180009
    outer loop
      vertex 3.284901309614706 6.357364457990683 11.177301045336275
      vertex 3.2871894220108624 6.349821562288161 11.183146961230257
      vertex 3.5194068281520567 6.416105032477191 11.177301045336275
    endloop
  endfacet
  facet normal 0 0 1
    outer loop
      vertex 3.274288306863844 6.392350839330522 11.105
      vertex 3.2743596107224935 6.392115782009963 11.105
      vertex 3.512322115824385 6.451722286552444 11.105
    endloop
  endfacet
  facet normal -0.24268820303340535 0.968865616190378 0.04900871220972333
    outer loop
      vertex 3.2743596107224935 6.392115782009963 11.105
      vertex 3.2744280868702296 6.391890046403027 11.109801714032958
      vertex 3.512322115824385 6.451722286552444 11.105
    endloop
  endfacet
  facet normal -0.22880780982581655 0.9134519802989758 0.3365300370703813
    outer loop
      vertex 3.2755382629383103 6.388230286372429 11.129028467725448
      vertex 3.276497967397586 6.3850665647590485 11.138268343236511
      vertex 3.5131142473364703 6.4477399725187805 11.129028467725448
    endloop
  endfacet
  facet normal -0.20847739401382406 0.8322884107603965 0.5136469385668899
    outer loop
      vertex 3.2777159516307695 6.3810514088367905 11.147139673682602
      vertex 3.2791804857838764 6.376223486752094 11.155557023301961
      vertex 3.514577796815833 6.4403822124225005 11.147139673682602
    endloop
  endfacet
  facet normal -0.21969983398686646 0.8770909025327135 0.4271340909369017
    outer loop
      vertex 3.2777159516307695 6.3810514088367905 11.147139673682602
      vertex 3.5137592316111186 6.444497417603042 11.138268343236511
      vertex 3.276497967397586 6.3850665647590485 11.138268343236511
    endloop
  endfacet
  facet normal -0.18013426130744686 0.719136282263435 0.6711144875768558
    outer loop
      vertex 3.2808774655924173 6.370629294033845 11.163439328416366
      vertex 3.2827905482131725 6.3643227058160186 11.170710678118656
      vertex 3.516702541334455 6.4297004003933536 11.163439328416366
    endloop
  endfacet
  facet normal -0.195246934718797 0.7794694564925764 0.5952360883532527
    outer loop
      vertex 3.2791804857838764 6.376223486752094 11.155557023301961
      vertex 3.2808774655924173 6.370629294033845 11.163439328416366
      vertex 3.515562059720219 6.435433988652646 11.155557023301961
    endloop
  endfacet
  facet normal -0.24035651598982913 0.9595569997187007 0.14655752970105712
    outer loop
      vertex 3.2744280868702296 6.391890046403027 11.109801714032958
      vertex 3.2748460807315123 6.390512105308329 11.119509032201615
      vertex 3.512368136282091 6.451490926087974 11.109801714032958
    endloop
  endfacet
  facet normal -0.23571512191222527 0.941027515892259 0.24270474992374763
    outer loop
      vertex 3.2748460807315123 6.390512105308329 11.119509032201615
      vertex 3.2755382629383103 6.388230286372429 11.129028467725448
      vertex 3.5126490555430374 6.450078649593317 11.119509032201615
    endloop
  endfacet
  facet normal -0.16328346646646152 0.6518641383238314 0.7405482123035777
    outer loop
      vertex 3.284901309614706 6.357364457990683 11.177301045336275
      vertex 3.517988258197145 6.42323666523386 11.170710678118656
      vertex 3.2827905482131725 6.3643227058160186 11.170710678118656
    endloop
  endfacet
  facet normal -0.05910635825959557 0.235965809215991 0.9699621514751651
    outer loop
      vertex 3.2976536014730984 6.315325785582123 11.198078528040323
      vertex 3.5279772037868566 6.373018844586008 11.198078528040323
      vertex 3.5261200540451 6.382355366825531 11.195694033573222
    endloop
  endfacet
  facet normal -0.08194505494325154 0.3271429973067975 0.9414151407766247
    outer loop
      vertex 3.2948902552044177 6.324435317408282 11.195694033573222
      vertex 3.5261200540451 6.382355366825531 11.195694033573222
      vertex 3.524317443756258 6.39141770071954 11.19238795325113
    endloop
  endfacet
  facet normal -0.10398976447501106 0.4151504110057908 0.9037899452451076
    outer loop
      vertex 3.2922080609238176 6.333277326981962 11.19238795325113
      vertex 3.524317443756258 6.39141770071954 11.19238795325113
      vertex 3.5225867330428184 6.400118571038659 11.188192126434837
    endloop
  endfacet
  facet normal 0 0 1
    outer loop
      vertex 3.274288306863844 6.392350839330522 11.105
      vertex 3.512322115824385 6.451722286552444 11.105
      vertex 3.512274194959679 6.451963201008077 11.105
    endloop
  endfacet
  facet normal -0.2426882030334068 0.9688656161903801 0.04900871220967736
    outer loop
      vertex 3.2744280868702296 6.391890046403027 11.109801714032958
      vertex 3.512368136282091 6.451490926087974 11.109801714032958
      vertex 3.512322115824385 6.451722286552444 11.105
    endloop
  endfacet
  facet normal -0.1448556677552869 0.5782962420265468 0.8028638066179988
    outer loop
      vertex 3.2871894220108624 6.349821562288161 11.183146961230257
      vertex 3.520944589595055 6.408374183645336 11.183146961230257
      vertex 3.5194068281520567 6.416105032477191 11.177301045336275
    endloop
  endfacet
  facet normal -0.12502755665357923 0.49913798529908504 0.8574551776675015
    outer loop
      vertex 3.289632849628456 6.341766660917436 11.188192126434837
      vertex 3.5225867330428184 6.400118571038659 11.188192126434837
      vertex 3.520944589595055 6.408374183645336 11.183146961230257
    endloop
  endfacet
  facet normal -0.1632834664664694 0.651864138323857 0.7405482123035534
    outer loop
      vertex 3.284901309614706 6.357364457990683 11.177301045336275
      vertex 3.5194068281520567 6.416105032477191 11.177301045336275
      vertex 3.517988258197145 6.42323666523386 11.170710678118656
    endloop
  endfacet
  facet normal -0.1801342613074368 0.7191362822634031 0.6711144875768926
    outer loop
      vertex 3.2827905482131725 6.3643227058160186 11.170710678118656
      vertex 3.517988258197145 6.42323666523386 11.170710678118656
      vertex 3.516702541334455 6.4297004003933536 11.163439328416366
    endloop
  endfacet
  facet normal -0.21969983398687074 0.8770909025327257 0.42713409093687427
    outer loop
      vertex 3.2777159516307695 6.3810514088367905 11.147139673682602
      vertex 3.514577796815833 6.4403822124225005 11.147139673682602
      vertex 3.5137592316111186 6.444497417603042 11.138268343236511
    endloop
  endfacet
  facet normal -0.23571512191222505 0.9410275158922585 0.24270474992375007
    outer loop
      vertex 3.2755382629383103 6.388230286372429 11.129028467725448
      vertex 3.5131142473364703 6.4477399725187805 11.129028467725448
      vertex 3.5126490555430374 6.450078649593317 11.119509032201615
    endloop
  endfacet
  facet normal -0.24035651598982088 0.959556999718686 0.14655752970116734
    outer loop
      vertex 3.2748460807315123 6.390512105308329 11.119509032201615
      vertex 3.5126490555430374 6.450078649593317 11.119509032201615
      vertex 3.512368136282091 6.451490926087974 11.109801714032958
    endloop
  endfacet
  facet normal -0.2288078098258182 0.9134519802989801 0.336530037070369
    outer loop
      vertex 3.276497967397586 6.3850665647590485 11.138268343236511
      vertex 3.5137592316111186 6.444497417603042 11.138268343236511
      vertex 3.5131142473364703 6.4477399725187805 11.129028467725448
    endloop
  endfacet
  facet normal -0.2084773940138357 0.8322884107604311 0.5136469385668291
    outer loop
      vertex 3.2791804857838764 6.376223486752094 11.155557023301961
      vertex 3.515562059720219 6.435433988652646 11.155557023301961
      vertex 3.514577796815833 6.4403822124225005 11.147139673682602
    endloop
  endfacet
  facet normal -0.19524693471879745 0.7794694564925778 0.5952360883532508
    outer loop
      vertex 3.2808774655924173 6.370629294033845 11.163439328416366
      vertex 3.516702541334455 6.4297004003933536 11.163439328416366
      vertex 3.515562059720219 6.435433988652646 11.155557023301961
    endloop
  endfacet
  facet normal -0.01193681611442814 0.0476544411945099 0.9987925543652643
    outer loop
      vertex 3.30331677458929 6.296656805757301 11.200000000000001
      vertex 3.5317832271612923 6.353884672967753 11.200000000000001
      vertex 3.5298710076142927 6.363498049813998 11.199518472667222
    endloop
  endfacet
  facet normal -0.03569466663142336 0.14250109707971376 0.9891508116081943
    outer loop
      vertex 3.300471487194693 6.30603646127475 11.199518472667222
      vertex 3.5298710076142927 6.363498049813998 11.199518472667222
      vertex 3.5279772037868566 6.373018844586008 11.198078528040323
    endloop
  endfacet
  facet normal -0.007208385032284422 0.0485949846150508 0.9987925543652642
    outer loop
      vertex 3.5298710076142927 6.363498049813998 11.199518472667222
      vertex 3.5317832271612923 6.353884672967753 11.200000000000001
      vertex 3.763798127229216 6.398197860114079 11.199518472667222
    endloop
  endfacet
  facet normal -0.049484846030985644 0.3335997343071748 0.9414151407766247
    outer loop
      vertex 3.5261200540451 6.382355366825531 11.195694033573222
      vertex 3.761007909639862 6.426527414717296 11.19238795325113
      vertex 3.524317443756258 6.39141770071954 11.19238795325113
    endloop
  endfacet
  facet normal -0.0627971692423409 0.42334412764203355 0.9037899452451076
    outer loop
      vertex 3.5225867330428184 6.400118571038659 11.188192126434837
      vertex 3.524317443756258 6.39141770071954 11.19238795325113
      vertex 3.7601383671986173 6.435356027282507 11.188192126434837
    endloop
  endfacet
  facet normal -0.07550143684590983 0.5089893430371569 0.8574551776675013
    outer loop
      vertex 3.520944589595055 6.408374183645336 11.183146961230257
      vertex 3.5225867330428184 6.400118571038659 11.188192126434837
      vertex 3.7593133226597737 6.443732845062755 11.183146961230257
    endloop
  endfacet
  facet normal -0.09860335322362486 0.6647298127713777 0.7405482123035517
    outer loop
      vertex 3.5194068281520567 6.416105032477191 11.177301045336275
      vertex 3.7578280047490997 6.458813530889592 11.170710678118656
      vertex 3.517988258197145 6.42323666523386 11.170710678118656
    endloop
  endfacet
  facet normal -0.08747520421518805 0.5897099258706489 0.8028638066179998
    outer loop
      vertex 3.520944589595055 6.408374183645336 11.183146961230257
      vertex 3.7585407216532545 6.451577194723581 11.177301045336275
      vertex 3.5194068281520567 6.416105032477191 11.177301045336275
    endloop
  endfacet
  facet normal -0.02155523702566961 0.1453136044959918 0.9891508116081945
    outer loop
      vertex 3.5298710076142927 6.363498049813998 11.199518472667222
      vertex 3.762846643662055 6.407858434892474 11.198078528040323
      vertex 3.5279772037868566 6.373018844586008 11.198078528040323
    endloop
  endfacet
  facet normal -0.03569305115426251 0.24062300556050029 0.9699621514751648
    outer loop
      vertex 3.5279772037868566 6.373018844586008 11.198078528040323
      vertex 3.7619135758144573 6.417332031732334 11.195694033573222
      vertex 3.5261200540451 6.382355366825531 11.195694033573222
    endloop
  endfacet
  facet normal -0.00720838503228481 0.04859498461505282 0.9987925543652642
    outer loop
      vertex 3.5317832271612923 6.353884672967753 11.200000000000001
      vertex 3.7647588632090545 6.3884433440132735 11.200000000000001
      vertex 3.763798127229216 6.398197860114079 11.199518472667222
    endloop
  endfacet
  facet normal -0.021555237025671206 0.14531360449600011 0.9891508116081932
    outer loop
      vertex 3.5298710076142927 6.363498049813998 11.199518472667222
      vertex 3.763798127229216 6.398197860114079 11.199518472667222
      vertex 3.762846643662055 6.407858434892474 11.198078528040323
    endloop
  endfacet
  facet normal -0.035693051154259366 0.24062300556048394 0.9699621514751691
    outer loop
      vertex 3.5279772037868566 6.373018844586008 11.198078528040323
      vertex 3.762846643662055 6.407858434892474 11.198078528040323
      vertex 3.7619135758144573 6.417332031732334 11.195694033573222
    endloop
  endfacet
  facet normal -0.08747520421518244 0.5897099258706208 0.802863806618021
    outer loop
      vertex 3.520944589595055 6.408374183645336 11.183146961230257
      vertex 3.7593133226597737 6.443732845062755 11.183146961230257
      vertex 3.7585407216532545 6.451577194723581 11.177301045336275
    endloop
  endfacet
  facet normal -0.04948484603098591 0.33359973430717627 0.9414151407766242
    outer loop
      vertex 3.5261200540451 6.382355366825531 11.195694033573222
      vertex 3.7619135758144573 6.417332031732334 11.195694033573222
      vertex 3.761007909639862 6.426527414717296 11.19238795325113
    endloop
  endfacet
  facet normal -0.06279716924234523 0.4233441276420558 0.9037899452450967
    outer loop
      vertex 3.524317443756258 6.39141770071954 11.19238795325113
      vertex 3.761007909639862 6.426527414717296 11.19238795325113
      vertex 3.7601383671986173 6.435356027282507 11.188192126434837
    endloop
  endfacet
  facet normal -0.07550143684591423 0.5089893430371792 0.8574551776674879
    outer loop
      vertex 3.5225867330428184 6.400118571038659 11.188192126434837
      vertex 3.7601383671986173 6.435356027282507 11.188192126434837
      vertex 3.7593133226597737 6.443732845062755 11.183146961230257
    endloop
  endfacet
  facet normal -0.002410533261775849 0.049067531769029955 0.9987925543652642
    outer loop
      vertex 3.7647588632090545 6.3884433440132735 11.200000000000001
      vertex 4 6.409801714032957 11.199518472667222
      vertex 3.763798127229216 6.398197860114079 11.199518472667222
    endloop
  endfacet
  facet normal -0.00720821870406829 0.14672666246448593 0.9891508116081931
    outer loop
      vertex 3.763798127229216 6.398197860114079 11.199518472667222
      vertex 4 6.4195090322016135 11.198078528040323
      vertex 3.762846643662055 6.407858434892474 11.198078528040323
    endloop
  endfacet
  facet normal -0.011936000454505623 0.24296287082352944 0.969962151475169
    outer loop
      vertex 3.762846643662055 6.407858434892474 11.198078528040323
      vertex 4 6.429028467725447 11.195694033573222
      vertex 3.7619135758144573 6.417332031732334 11.195694033573222
    endloop
  endfacet
  facet normal -0.016548071000270816 0.33684372350201036 0.9414151407766242
    outer loop
      vertex 3.7619135758144573 6.417332031732334 11.195694033573222
      vertex 4 6.438268343236509 11.19238795325113
      vertex 3.761007909639862 6.426527414717296 11.19238795325113
    endloop
  endfacet
  facet normal -0.02099980294144402 0.42746080890566596 0.9037899452450964
    outer loop
      vertex 3.7601383671986173 6.435356027282507 11.188192126434837
      vertex 3.761007909639862 6.426527414717296 11.19238795325113
      vertex 4 6.4471396736826 11.188192126434837
    endloop
  endfacet
  facet normal -0.0024105332617752272 0.049067531769023114 0.9987925543652646
    outer loop
      vertex 3.7647588632090545 6.3884433440132735 11.200000000000001
      vertex 4 6.4 11.200000000000001
      vertex 4 6.409801714032957 11.199518472667222
    endloop
  endfacet
  facet normal -0.007208218704068939 0.14672666246449306 0.9891508116081921
    outer loop
      vertex 3.763798127229216 6.398197860114079 11.199518472667222
      vertex 4 6.409801714032957 11.199518472667222
      vertex 4 6.4195090322016135 11.198078528040323
    endloop
  endfacet
  facet normal -0.011936000454507026 0.24296287082354479 0.9699621514751654
    outer loop
      vertex 3.762846643662055 6.407858434892474 11.198078528040323
      vertex 4 6.4195090322016135 11.198078528040323
      vertex 4 6.429028467725447 11.195694033573222
    endloop
  endfacet
  facet normal -0.016548071000270545 0.3368437235020074 0.9414151407766252
    outer loop
      vertex 3.7619135758144573 6.417332031732334 11.195694033573222
      vertex 4 6.429028467725447 11.195694033573222
      vertex 4 6.438268343236509 11.19238795325113
    endloop
  endfacet
  facet normal -0.020999802941442058 0.42746080890564525 0.9037899452451061
    outer loop
      vertex 3.761007909639862 6.426527414717296 11.19238795325113
      vertex 4 6.438268343236509 11.19238795325113
      vertex 4 6.4471396736826 11.188192126434837
    endloop
  endfacet
  facet normal -0.1467304744553593 0.9891765099647812 0
    outer loop
      vertex 3.512274194959679 6.451963201008077 10.305000000000001
      vertex 3.7549571491760982 6.487961816680492 9.600000000000001
      vertex 3.512274194959679 6.451963201008077 9.600000000000001
    endloop
  endfacet
  facet normal -0.1467304744553593 0.9891765099647812 0
    outer loop
      vertex 3.512274194959679 6.451963201008077 10.305000000000001
      vertex 3.7549571491760982 6.487961816680492 10.305000000000001
      vertex 3.7549571491760982 6.487961816680492 9.600000000000001
    endloop
  endfacet
  facet normal -0.04906767432741708 0.9987954562051724 0
    outer loop
      vertex 3.7549571491760982 6.487961816680492 10.305000000000001
      vertex 4 6.5 9.600000000000001
      vertex 3.7549571491760982 6.487961816680492 9.600000000000001
    endloop
  endfacet
  facet normal -0.04906767432741708 0.9987954562051724 0
    outer loop
      vertex 3.7549571491760982 6.487961816680492 10.305000000000001
      vertex 4 6.5 10.305000000000001
      vertex 4 6.5 9.600000000000001
    endloop
  endfacet
  facet normal -0.14673047445535933 0.9891765099647812 0
    outer loop
      vertex 3.512274194959679 6.451963201008077 10.305000000000001
      vertex 3.512274194959679 6.451963201008077 11.105
      vertex 3.7549571491760982 6.487961816680492 10.305000000000001
    endloop
  endfacet
  facet normal -0.14673047445535933 0.9891765099647812 0
    outer loop
      vertex 3.7549571491760982 6.487961816680492 10.305000000000001
      vertex 3.512274194959679 6.451963201008077 11.105
      vertex 3.7549571491760982 6.487961816680492 11.105
    endloop
  endfacet
  facet normal 0 0 1
    outer loop
      vertex 3.512274194959679 6.451963201008077 11.105
      vertex 3.512322115824385 6.451722286552444 11.105
      vertex 3.7549812255427373 6.4877173652276925 11.105
    endloop
  endfacet
  facet normal -0.14655415593974785 0.9879878670835677 0.04900871220967424
    outer loop
      vertex 3.512322115824385 6.451722286552444 11.105
      vertex 3.512368136282091 6.451490926087974 11.109801714032958
      vertex 3.7549812255427373 6.4877173652276925 11.105
    endloop
  endfacet
  facet normal -0.12589498842681696 0.8487150725596525 0.5136469385668287
    outer loop
      vertex 3.514577796815833 6.4403822124225005 11.147139673682602
      vertex 3.515562059720219 6.435433988652646 11.155557023301961
      vertex 3.756114523176329 6.4762108012539645 11.147139673682602
    endloop
  endfacet
  facet normal -0.13817208674469683 0.9314805465462139 0.3365300370703672
    outer loop
      vertex 3.5131142473364703 6.4477399725187805 11.129028467725448
      vertex 3.5137592316111186 6.444497417603042 11.138268343236511
      vertex 3.7553792076916066 6.483676584658999 11.129028467725448
    endloop
  endfacet
  facet normal -0.1451461005735765 0.9784955288483315 0.14655752970116967
    outer loop
      vertex 3.512368136282091 6.451490926087974 11.109801714032958
      vertex 3.5126490555430374 6.450078649593317 11.119509032201615
      vertex 3.755004347108248 6.487482608033435 11.109801714032958
    endloop
  endfacet
  facet normal -0.14234326309353612 0.9596003333765236 0.24270474992374794
    outer loop
      vertex 3.5126490555430374 6.450078649593317 11.119509032201615
      vertex 3.5131142473364703 6.4477399725187805 11.129028467725448
      vertex 3.7551454863628093 6.486049597133493 11.119509032201615
    endloop
  endfacet
  facet normal -0.13267197716081897 0.8944018195619728 0.4271340909368757
    outer loop
      vertex 3.514577796815833 6.4403822124225005 11.147139673682602
      vertex 3.7557032602304776 6.480386424017301 11.138268343236511
      vertex 3.5137592316111186 6.444497417603042 11.138268343236511
    endloop
  endfacet
  facet normal -0.10877918370884901 0.7333296896730969 0.6711144875768932
    outer loop
      vertex 3.516702541334455 6.4297004003933536 11.163439328416366
      vertex 3.517988258197145 6.42323666523386 11.170710678118656
      vertex 3.757182035800707 6.465372163687728 11.163439328416366
    endloop
  endfacet
  facet normal -0.11790540026206586 0.7948536442081413 0.5952360883532511
    outer loop
      vertex 3.515562059720219 6.435433988652646 11.155557023301961
      vertex 3.516702541334455 6.4297004003933536 11.163439328416366
      vertex 3.756609035842172 6.471189929898827 11.155557023301961
    endloop
  endfacet
  facet normal -0.1465541559397484 0.9879878670835687 0.04900871220965239
    outer loop
      vertex 3.512368136282091 6.451490926087974 11.109801714032958
      vertex 3.755004347108248 6.487482608033435 11.109801714032958
      vertex 3.7549812255427373 6.4877173652276925 11.105
    endloop
  endfacet
  facet normal 0 0 1
    outer loop
      vertex 3.512274194959679 6.451963201008077 11.105
      vertex 3.7549812255427373 6.4877173652276925 11.105
      vertex 3.7549571491760982 6.487961816680492 11.105
    endloop
  endfacet
  facet normal -0.13267197716082374 0.8944018195619924 0.4271340909368334
    outer loop
      vertex 3.514577796815833 6.4403822124225005 11.147139673682602
      vertex 3.756114523176329 6.4762108012539645 11.147139673682602
      vertex 3.7557032602304776 6.480386424017301 11.138268343236511
    endloop
  endfacet
  facet normal -0.12589498842680572 0.8487150725596032 0.5136469385669128
    outer loop
      vertex 3.515562059720219 6.435433988652646 11.155557023301961
      vertex 3.756609035842172 6.471189929898827 11.155557023301961
      vertex 3.756114523176329 6.4762108012539645 11.147139673682602
    endloop
  endfacet
  facet normal -0.09860335322361723 0.6647298127713402 0.7405482123035865
    outer loop
      vertex 3.5194068281520567 6.416105032477191 11.177301045336275
      vertex 3.7585407216532545 6.451577194723581 11.177301045336275
      vertex 3.7578280047490997 6.458813530889592 11.170710678118656
    endloop
  endfacet
  facet normal -0.10877918370885453 0.7333296896731232 0.6711144875768636
    outer loop
      vertex 3.517988258197145 6.42323666523386 11.170710678118656
      vertex 3.7578280047490997 6.458813530889592 11.170710678118656
      vertex 3.757182035800707 6.465372163687728 11.163439328416366
    endloop
  endfacet
  facet normal -0.11790540026207637 0.7948536442081893 0.5952360883531851
    outer loop
      vertex 3.516702541334455 6.4297004003933536 11.163439328416366
      vertex 3.757182035800707 6.465372163687728 11.163439328416366
      vertex 3.756609035842172 6.471189929898827 11.155557023301961
    endloop
  endfacet
  facet normal -0.14514610057357707 0.9784955288483328 0.14655752970115998
    outer loop
      vertex 3.5126490555430374 6.450078649593317 11.119509032201615
      vertex 3.7551454863628093 6.486049597133493 11.119509032201615
      vertex 3.755004347108248 6.487482608033435 11.109801714032958
    endloop
  endfacet
  facet normal -0.14234326309354103 0.959600333376539 0.2427047499236843
    outer loop
      vertex 3.5131142473364703 6.4477399725187805 11.129028467725448
      vertex 3.7553792076916066 6.483676584658999 11.129028467725448
      vertex 3.7551454863628093 6.486049597133493 11.119509032201615
    endloop
  endfacet
  facet normal -0.1381720867446842 0.9314805465461676 0.3365300370705002
    outer loop
      vertex 3.5137592316111186 6.444497417603042 11.138268343236511
      vertex 3.7557032602304776 6.480386424017301 11.138268343236511
      vertex 3.7553792076916066 6.483676584658999 11.129028467725448
    endloop
  endfacet
  facet normal -0.04906767432741707 0.9987954562051724 0
    outer loop
      vertex 3.7549571491760982 6.487961816680492 10.305000000000001
      vertex 3.7549571491760982 6.487961816680492 11.105
      vertex 4 6.5 10.305000000000001
    endloop
  endfacet
  facet normal -0.04906767432741707 0.9987954562051724 0
    outer loop
      vertex 3.7549571491760982 6.487961816680492 11.105
      vertex 4 6.5 11.105
      vertex 4 6.5 10.305000000000001
    endloop
  endfacet
  facet normal 0 0 1
    outer loop
      vertex 3.7549571491760982 6.487961816680492 11.105
      vertex 3.7549812255427373 6.4877173652276925 11.105
      vertex 4 6.499754365751153 11.105
    endloop
  endfacet
  facet normal -0.04900871220973695 0.997595254727635 0.04900871220965134
    outer loop
      vertex 3.7549812255427373 6.4877173652276925 11.105
      vertex 3.755004347108248 6.487482608033435 11.109801714032958
      vertex 4 6.499754365751153 11.105
    endloop
  endfacet
  facet normal -0.02524819692813343 0.5139388551599247 0.8574551776674885
    outer loop
      vertex 3.7593133226597737 6.443732845062755 11.183146961230257
      vertex 3.7601383671986173 6.435356027282507 11.188192126434837
      vertex 4 6.45555702330196 11.183146961230257
    endloop
  endfacet
  facet normal -0.03637650310639487 0.7404607312924797 0.6711144875768641
    outer loop
      vertex 3.757182035800707 6.465372163687728 11.163439328416366
      vertex 3.7578280047490997 6.458813530889592 11.170710678118656
      vertex 4 6.477301045336274 11.163439328416366
    endloop
  endfacet
  facet normal -0.03297363578715659 0.6711937757435921 0.7405482123035856
    outer loop
      vertex 3.7578280047490997 6.458813530889592 11.170710678118656
      vertex 3.7585407216532545 6.451577194723581 11.177301045336275
      vertex 4 6.470710678118655 11.170710678118656
    endloop
  endfacet
  facet normal -0.029252306639687586 0.5954443807603526 0.8028638066180205
    outer loop
      vertex 3.7593133226597737 6.443732845062755 11.183146961230257
      vertex 4 6.463439328416365 11.177301045336275
      vertex 3.7585407216532545 6.451577194723581 11.177301045336275
    endloop
  endfacet
  facet normal -0.044366416668831704 0.903099158139091 0.42713409093683063
    outer loop
      vertex 3.7557032602304776 6.480386424017301 11.138268343236511
      vertex 3.756114523176329 6.4762108012539645 11.147139673682602
      vertex 4 6.492387953251129 11.138268343236511
    endloop
  endfacet
  facet normal -0.042100145280044514 0.8569681442552196 0.5136469385669153
    outer loop
      vertex 3.756114523176329 6.4762108012539645 11.147139673682602
      vertex 3.756609035842172 6.471189929898827 11.155557023301961
      vertex 4 6.488192126434836 11.147139673682602
    endloop
  endfacet
  facet normal -0.047600560838509935 0.968931675079488 0.2427047499236814
    outer loop
      vertex 3.7551454863628093 6.486049597133493 11.119509032201615
      vertex 3.7553792076916066 6.483676584658999 11.129028467725448
      vertex 4 6.498078528040324 11.119509032201615
    endloop
  endfacet
  facet normal -0.046205690935661466 0.9405384459310974 0.3365300370705036
    outer loop
      vertex 3.7553792076916066 6.483676584658999 11.129028467725448
      vertex 3.7557032602304776 6.480386424017301 11.138268343236511
      vertex 4 6.495694033573221 11.129028467725448
    endloop
  endfacet
  facet normal -0.04853784886387129 0.9880106111351039 0.14655752970116012
    outer loop
      vertex 3.755004347108248 6.487482608033435 11.109801714032958
      vertex 3.7551454863628093 6.486049597133493 11.119509032201615
      vertex 4 6.49951847266722 11.109801714032958
    endloop
  endfacet
  facet normal -0.03942837234717498 0.8025829568188277 0.5952360883531846
    outer loop
      vertex 3.756609035842172 6.471189929898827 11.155557023301961
      vertex 3.757182035800707 6.465372163687728 11.163439328416366
      vertex 4 6.483146961230255 11.155557023301961
    endloop
  endfacet
  facet normal 0 0 1
    outer loop
      vertex 3.7549571491760982 6.487961816680492 11.105
      vertex 4 6.499754365751153 11.105
      vertex 4 6.5 11.105
    endloop
  endfacet
  facet normal -0.04900871220973523 0.9975952547276312 0.04900871220972903
    outer loop
      vertex 3.755004347108248 6.487482608033435 11.109801714032958
      vertex 4 6.49951847266722 11.109801714032958
      vertex 4 6.499754365751153 11.105
    endloop
  endfacet
  facet normal -0.025248196928134816 0.513938855159939 0.8574551776674798
    outer loop
      vertex 3.7601383671986173 6.435356027282507 11.188192126434837
      vertex 4 6.4471396736826 11.188192126434837
      vertex 4 6.45555702330196 11.183146961230257
    endloop
  endfacet
  facet normal -0.03297363578715786 0.6711937757436043 0.7405482123035744
    outer loop
      vertex 3.7585407216532545 6.451577194723581 11.177301045336275
      vertex 4 6.463439328416365 11.177301045336275
      vertex 4 6.470710678118655 11.170710678118656
    endloop
  endfacet
  facet normal -0.029252306639686608 0.5954443807603428 0.8028638066180276
    outer loop
      vertex 3.7593133226597737 6.443732845062755 11.183146961230257
      vertex 4 6.45555702330196 11.183146961230257
      vertex 4 6.463439328416365 11.177301045336275
    endloop
  endfacet
  facet normal -0.042100145280048594 0.8569681442552515 0.5136469385668615
    outer loop
      vertex 3.756609035842172 6.471189929898827 11.155557023301961
      vertex 4 6.483146961230255 11.155557023301961
      vertex 4 6.488192126434836 11.147139673682602
    endloop
  endfacet
  facet normal -0.04853784886387622 0.988010611135119 0.14655752970105665
    outer loop
      vertex 3.7551454863628093 6.486049597133493 11.119509032201615
      vertex 4 6.498078528040324 11.119509032201615
      vertex 4 6.49951847266722 11.109801714032958
    endloop
  endfacet
  facet normal -0.04760056083850277 0.9689316750794548 0.24270474992381535
    outer loop
      vertex 3.7553792076916066 6.483676584658999 11.129028467725448
      vertex 4 6.495694033573221 11.129028467725448
      vertex 4 6.498078528040324 11.119509032201615
    endloop
  endfacet
  facet normal -0.046205690935667086 0.9405384459311306 0.33653003707041007
    outer loop
      vertex 3.7557032602304776 6.480386424017301 11.138268343236511
      vertex 4 6.492387953251129 11.138268343236511
      vertex 4 6.495694033573221 11.129028467725448
    endloop
  endfacet
  facet normal -0.044366416668830067 0.9030991581390797 0.4271340909368547
    outer loop
      vertex 3.756114523176329 6.4762108012539645 11.147139673682602
      vertex 4 6.488192126434836 11.147139673682602
      vertex 4 6.492387953251129 11.138268343236511
    endloop
  endfacet
  facet normal -0.03942837234717102 0.8025829568187939 0.5952360883532305
    outer loop
      vertex 3.757182035800707 6.465372163687728 11.163439328416366
      vertex 4 6.477301045336274 11.163439328416366
      vertex 4 6.483146961230255 11.155557023301961
    endloop
  endfacet
  facet normal -0.03637650310639532 0.7404607312924838 0.6711144875768594
    outer loop
      vertex 3.7578280047490997 6.458813530889592 11.170710678118656
      vertex 4 6.470710678118655 11.170710678118656
      vertex 4 6.477301045336274 11.163439328416366
    endloop
  endfacet
  facet normal 0.04906767432741708 -0.9987954562051724 0
    outer loop
      vertex 4 1.4999999999999996 10.305000000000001
      vertex 4 1.4999999999999996 9.600000000000001
      vertex 4.245042850823902 1.5120381833195071 10.305000000000001
    endloop
  endfacet
  facet normal 0.04906767432741708 -0.9987954562051724 0
    outer loop
      vertex 4.245042850823902 1.5120381833195071 10.305000000000001
      vertex 4 1.4999999999999996 9.600000000000001
      vertex 4.245042850823902 1.5120381833195071 9.600000000000001
    endloop
  endfacet
  facet normal 0.14673047445536286 -0.9891765099647808 0
    outer loop
      vertex 4.245042850823902 1.5120381833195071 10.305000000000001
      vertex 4.245042850823902 1.5120381833195071 9.600000000000001
      vertex 4.487725805040321 1.5480367989919235 10.305000000000001
    endloop
  endfacet
  facet normal 0.14673047445536286 -0.9891765099647808 0
    outer loop
      vertex 4.487725805040321 1.5480367989919235 10.305000000000001
      vertex 4.245042850823902 1.5120381833195071 9.600000000000001
      vertex 4.487725805040321 1.5480367989919235 9.600000000000001
    endloop
  endfacet
  facet normal 0.04906767432741707 -0.9987954562051724 0
    outer loop
      vertex 4 1.4999999999999996 10.305000000000001
      vertex 4.245042850823902 1.5120381833195071 11.105
      vertex 4 1.4999999999999996 11.105
    endloop
  endfacet
  facet normal 0.04906767432741707 -0.9987954562051724 0
    outer loop
      vertex 4 1.4999999999999996 10.305000000000001
      vertex 4.245042850823902 1.5120381833195071 10.305000000000001
      vertex 4.245042850823902 1.5120381833195071 11.105
    endloop
  endfacet
  facet normal 0 0 1
    outer loop
      vertex 4 1.4999999999999996 11.105
      vertex 4.245042850823902 1.5120381833195071 11.105
      vertex 4 1.5002456342488468 11.105
    endloop
  endfacet
  facet normal 0.049008712209737126 -0.997595254727631 0.049008712209729084
    outer loop
      vertex 4 1.5002456342488468 11.105
      vertex 4.244995652891752 1.5125173919665653 11.109801714032958
      vertex 4 1.5004815273327798 11.109801714032958
    endloop
  endfacet
  facet normal 0.04853784886387412 -0.9880106111351126 0.14655752970110086
    outer loop
      vertex 4 1.5004815273327798 11.109801714032958
      vertex 4.244854513637191 1.5139504028665067 11.119509032201615
      vertex 4 1.5019214719596765 11.119509032201615
    endloop
  endfacet
  facet normal 0.04760056083850733 -0.9689316750794761 0.2427047499237302
    outer loop
      vertex 4 1.5019214719596765 11.119509032201615
      vertex 4.244620792308393 1.516323415341001 11.129028467725448
      vertex 4 1.5043059664267786 11.129028467725448
    endloop
  endfacet
  facet normal 0.04620569093566708 -0.9405384459311306 0.33653003707041007
    outer loop
      vertex 4 1.5043059664267786 11.129028467725448
      vertex 4.244296739769522 1.519613575982699 11.138268343236511
      vertex 4 1.507612046748871 11.138268343236511
    endloop
  endfacet
  facet normal 0.044366416668829206 -0.9030991581390622 0.4271340909368917
    outer loop
      vertex 4 1.507612046748871 11.138268343236511
      vertex 4.243885476823671 1.5237891987460355 11.147139673682602
      vertex 4 1.5118078735651643 11.147139673682602
    endloop
  endfacet
  facet normal 0.042100145280047026 -0.8569681442552515 0.5136469385668615
    outer loop
      vertex 4 1.5118078735651643 11.147139673682602
      vertex 4.243390964157828 1.5288100701011724 11.155557023301961
      vertex 4 1.516853038769745 11.155557023301961
    endloop
  endfacet
  facet normal 0.03942837234717109 -0.802582956818794 0.5952360883532304
    outer loop
      vertex 4 1.516853038769745 11.155557023301961
      vertex 4.2428179641992925 1.5346278363122723 11.163439328416366
      vertex 4 1.522698954663726 11.163439328416366
    endloop
  endfacet
  facet normal 0.03637650310639533 -0.7404607312924839 0.6711144875768594
    outer loop
      vertex 4 1.522698954663726 11.163439328416366
      vertex 4.2421719952509 1.541186469110408 11.170710678118656
      vertex 4 1.529289321881345 11.170710678118656
    endloop
  endfacet
  facet normal 0.03297363578715553 -0.6711937757435819 0.7405482123035949
    outer loop
      vertex 4 1.529289321881345 11.170710678118656
      vertex 4.2414592783467455 1.5484228052764193 11.177301045336275
      vertex 4 1.536560671583635 11.177301045336275
    endloop
  endfacet
  facet normal 0.029252306639688686 -0.5954443807603861 0.8028638066179954
    outer loop
      vertex 4 1.536560671583635 11.177301045336275
      vertex 4.240686677340227 1.5562671549372449 11.183146961230257
      vertex 4 1.5444429766980394 11.183146961230257
    endloop
  endfacet
  facet normal 0.025248196928132932 -0.513938855159919 0.8574551776674919
    outer loop
      vertex 4 1.5444429766980394 11.183146961230257
      vertex 4.239861632801382 1.5646439727174921 11.188192126434837
      vertex 4 1.5528603263173997 11.188192126434837
    endloop
  endfacet
  facet normal 0 0 1
    outer loop
      vertex 4 1.5002456342488468 11.105
      vertex 4.245042850823902 1.5120381833195071 11.105
      vertex 4.245018774457263 1.5122826347723075 11.105
    endloop
  endfacet
  facet normal 0.049008712209736724 -0.9975952547276302 0.04900871220974814
    outer loop
      vertex 4 1.5002456342488468 11.105
      vertex 4.245018774457263 1.5122826347723075 11.105
      vertex 4.244995652891752 1.5125173919665653 11.109801714032958
    endloop
  endfacet
  facet normal 0.048537848863873495 -0.9880106111351107 0.1465575297011137
    outer loop
      vertex 4 1.5004815273327798 11.109801714032958
      vertex 4.244995652891752 1.5125173919665653 11.109801714032958
      vertex 4.244854513637191 1.5139504028665067 11.119509032201615
    endloop
  endfacet
  facet normal 0.047600560838507666 -0.9689316750794776 0.24270474992372396
    outer loop
      vertex 4 1.5019214719596765 11.119509032201615
      vertex 4.244854513637191 1.5139504028665067 11.119509032201615
      vertex 4.244620792308393 1.516323415341001 11.129028467725448
    endloop
  endfacet
  facet normal 0.046205690935666274 -0.9405384459311257 0.3365300370704235
    outer loop
      vertex 4 1.5043059664267786 11.129028467725448
      vertex 4.244620792308393 1.516323415341001 11.129028467725448
      vertex 4.244296739769522 1.519613575982699 11.138268343236511
    endloop
  endfacet
  facet normal 0.044366416668830844 -0.9030991581390735 0.42713409093686755
    outer loop
      vertex 4 1.507612046748871 11.138268343236511
      vertex 4.244296739769522 1.519613575982699 11.138268343236511
      vertex 4.243885476823671 1.5237891987460355 11.147139673682602
    endloop
  endfacet
  facet normal 0.04210014528004549 -0.8569681442552395 0.513646938566882
    outer loop
      vertex 4 1.5118078735651643 11.147139673682602
      vertex 4.243885476823671 1.5237891987460355 11.147139673682602
      vertex 4.243390964157828 1.5288100701011724 11.155557023301961
    endloop
  endfacet
  facet normal 0.03942837234717241 -0.8025829568188052 0.5952360883532151
    outer loop
      vertex 4 1.516853038769745 11.155557023301961
      vertex 4.243390964157828 1.5288100701011724 11.155557023301961
      vertex 4.2428179641992925 1.5346278363122723 11.163439328416366
    endloop
  endfacet
  facet normal 0.03637650310639499 -0.7404607312924808 0.6711144875768629
    outer loop
      vertex 4 1.522698954663726 11.163439328416366
      vertex 4.2428179641992925 1.5346278363122723 11.163439328416366
      vertex 4.2421719952509 1.541186469110408 11.170710678118656
    endloop
  endfacet
  facet normal 0.03297363578715659 -0.6711937757435921 0.7405482123035856
    outer loop
      vertex 4 1.529289321881345 11.170710678118656
      vertex 4.2421719952509 1.541186469110408 11.170710678118656
      vertex 4.2414592783467455 1.5484228052764193 11.177301045336275
    endloop
  endfacet
  facet normal 0.029252306639687604 -0.5954443807603752 0.8028638066180035
    outer loop
      vertex 4 1.536560671583635 11.177301045336275
      vertex 4.2414592783467455 1.5484228052764193 11.177301045336275
      vertex 4.240686677340227 1.5562671549372449 11.183146961230257
    endloop
  endfacet
  facet normal 0.025248196928133283 -0.5139388551599227 0.8574551776674897
    outer loop
      vertex 4 1.5444429766980394 11.183146961230257
      vertex 4.240686677340227 1.5562671549372449 11.183146961230257
      vertex 4.239861632801382 1.5646439727174921 11.188192126434837
    endloop
  endfacet
  facet normal 0.14673047445536289 -0.9891765099647809 0
    outer loop
      vertex 4.245042850823902 1.5120381833195071 10.305000000000001
      vertex 4.487725805040321 1.5480367989919235 11.105
      vertex 4.245042850823902 1.5120381833195071 11.105
    endloop
  endfacet
  facet normal 0.14673047445536289 -0.9891765099647809 0
    outer loop
      vertex 4.245042850823902 1.5120381833195071 10.305000000000001
      vertex 4.487725805040321 1.5480367989919235 10.305000000000001
      vertex 4.487725805040321 1.5480367989919235 11.105
    endloop
  endfacet
  facet normal 0 0 1
    outer loop
      vertex 4.245042850823902 1.5120381833195071 11.105
      vertex 4.487725805040321 1.5480367989919235 11.105
      vertex 4.245018774457263 1.5122826347723075 11.105
    endloop
  endfacet
  facet normal 0.1465541559397474 -0.9879878670835636 0.04900871220975712
    outer loop
      vertex 4.245018774457263 1.5122826347723075 11.105
      vertex 4.487631863717909 1.5485090739120264 11.109801714032958
      vertex 4.244995652891752 1.5125173919665653 11.109801714032958
    endloop
  endfacet
  facet normal 0.14514610057357646 -0.9784955288483406 0.14655752970110986
    outer loop
      vertex 4.244995652891752 1.5125173919665653 11.109801714032958
      vertex 4.487350944456963 1.5499213504066822 11.119509032201615
      vertex 4.244854513637191 1.5139504028665067 11.119509032201615
    endloop
  endfacet
  facet normal 0.14234326309353604 -0.959600333376529 0.24270474992372665
    outer loop
      vertex 4.244854513637191 1.5139504028665067 11.119509032201615
      vertex 4.48688575266353 1.552260027481219 11.129028467725448
      vertex 4.244620792308393 1.516323415341001 11.129028467725448
    endloop
  endfacet
  facet normal 0.1381720867446898 -0.9314805465461955 0.33653003707042056
    outer loop
      vertex 4.244620792308393 1.516323415341001 11.129028467725448
      vertex 4.486240768388882 1.555502582396958 11.138268343236511
      vertex 4.244296739769522 1.519613575982699 11.138268343236511
    endloop
  endfacet
  facet normal 0.1326719771608212 -0.8944018195619751 0.42713409093687027
    outer loop
      vertex 4.244296739769522 1.519613575982699 11.138268343236511
      vertex 4.485422203184167 1.5596177875774995 11.147139673682602
      vertex 4.243885476823671 1.5237891987460355 11.147139673682602
    endloop
  endfacet
  facet normal 0.1258949884268117 -0.8487150725596225 0.5136469385668795
    outer loop
      vertex 4.243885476823671 1.5237891987460355 11.147139673682602
      vertex 4.484437940279781 1.5645660113473547 11.155557023301961
      vertex 4.243390964157828 1.5288100701011724 11.155557023301961
    endloop
  endfacet
  facet normal 0.11790540026207257 -0.7948536442081653 0.595236088353218
    outer loop
      vertex 4.243390964157828 1.5288100701011724 11.155557023301961
      vertex 4.483297458665545 1.5702995996066464 11.163439328416366
      vertex 4.2428179641992925 1.5346278363122723 11.163439328416366
    endloop
  endfacet
  facet normal 0.10877918370885391 -0.7333296896731266 0.6711144875768599
    outer loop
      vertex 4.2428179641992925 1.5346278363122723 11.163439328416366
      vertex 4.482011741802855 1.5767633347661394 11.170710678118656
      vertex 4.2421719952509 1.541186469110408 11.170710678118656
    endloop
  endfacet
  facet normal 0.09860335322361828 -0.6647298127713404 0.740548212303586
    outer loop
      vertex 4.2421719952509 1.541186469110408 11.170710678118656
      vertex 4.480593171847944 1.5838949675228098 11.177301045336275
      vertex 4.2414592783467455 1.5484228052764193 11.177301045336275
    endloop
  endfacet
  facet normal 0 0 1
    outer loop
      vertex 4.245018774457263 1.5122826347723075 11.105
      vertex 4.487725805040321 1.5480367989919235 11.105
      vertex 4.487677884175615 1.5482777134475558 11.105
    endloop
  endfacet
  facet normal 0.1465541559397472 -0.9879878670835633 0.049008712209765416
    outer loop
      vertex 4.245018774457263 1.5122826347723075 11.105
      vertex 4.487677884175615 1.5482777134475558 11.105
      vertex 4.487631863717909 1.5485090739120264 11.109801714032958
    endloop
  endfacet
  facet normal 0.14514610057357813 -0.9784955288483445 0.14655752970108174
    outer loop
      vertex 4.244995652891752 1.5125173919665653 11.109801714032958
      vertex 4.487631863717909 1.5485090739120264 11.109801714032958
      vertex 4.487350944456963 1.5499213504066822 11.119509032201615
    endloop
  endfacet
  facet normal 0.14234326309353437 -0.9596003333765238 0.24270474992374783
    outer loop
      vertex 4.244854513637191 1.5139504028665067 11.119509032201615
      vertex 4.487350944456963 1.5499213504066822 11.119509032201615
      vertex 4.48688575266353 1.552260027481219 11.129028467725448
    endloop
  endfacet
  facet normal 0.13817208674469167 -0.9314805465462023 0.3365300370704012
    outer loop
      vertex 4.244620792308393 1.516323415341001 11.129028467725448
      vertex 4.48688575266353 1.552260027481219 11.129028467725448
      vertex 4.486240768388882 1.555502582396958 11.138268343236511
    endloop
  endfacet
  facet normal 0.13267197716081996 -0.8944018195619702 0.4271340909368813
    outer loop
      vertex 4.244296739769522 1.519613575982699 11.138268343236511
      vertex 4.486240768388882 1.555502582396958 11.138268343236511
      vertex 4.485422203184167 1.5596177875774995 11.147139673682602
    endloop
  endfacet
  facet normal 0.12589498842681407 -0.848715072559633 0.5136469385668616
    outer loop
      vertex 4.243885476823671 1.5237891987460355 11.147139673682602
      vertex 4.485422203184167 1.5596177875774995 11.147139673682602
      vertex 4.484437940279781 1.5645660113473547 11.155557023301961
    endloop
  endfacet
  facet normal 0.11790540026207183 -0.7948536442081618 0.5952360883532225
    outer loop
      vertex 4.243390964157828 1.5288100701011724 11.155557023301961
      vertex 4.484437940279781 1.5645660113473547 11.155557023301961
      vertex 4.483297458665545 1.5702995996066464 11.163439328416366
    endloop
  endfacet
  facet normal 0.1087791837088516 -0.7333296896731157 0.6711144875768721
    outer loop
      vertex 4.2428179641992925 1.5346278363122723 11.163439328416366
      vertex 4.483297458665545 1.5702995996066464 11.163439328416366
      vertex 4.482011741802855 1.5767633347661394 11.170710678118656
    endloop
  endfacet
  facet normal 0.020999802941442023 -0.4274608089056452 0.9037899452451063
    outer loop
      vertex 4 1.5528603263173997 11.188192126434837
      vertex 4.238992090360139 1.5734725852827038 11.19238795325113
      vertex 4 1.5617316567634907 11.19238795325113
    endloop
  endfacet
  facet normal 0.016548071000271173 -0.3368437235020074 0.9414151407766252
    outer loop
      vertex 4 1.5617316567634907 11.19238795325113
      vertex 4.238086424185543 1.5826679682676663 11.195694033573222
      vertex 4 1.5709715322745534 11.195694033573222
    endloop
  endfacet
  facet normal 0.011936000454506048 -0.2429628708235341 0.9699621514751681
    outer loop
      vertex 4 1.5709715322745534 11.195694033573222
      vertex 4.237153356337945 1.592141565107526 11.198078528040323
      vertex 4 1.580490967798387 11.198078528040323
    endloop
  endfacet
  facet normal 0.007208218704068385 -0.14672666246449306 0.9891508116081921
    outer loop
      vertex 4 1.580490967798387 11.198078528040323
      vertex 4.236201872770784 1.6018021398859204 11.199518472667222
      vertex 4 1.5901982859670434 11.199518472667222
    endloop
  endfacet
  facet normal 0.002410533261775432 -0.04906753176902531 0.9987925543652643
    outer loop
      vertex 4 1.5901982859670434 11.199518472667222
      vertex 4.235241136790945 1.611556655986727 11.200000000000001
      vertex 4 1.5999999999999996 11.200000000000001
    endloop
  endfacet
  facet normal 0.020999802941442495 -0.42746080890565014 0.9037899452451038
    outer loop
      vertex 4 1.5528603263173997 11.188192126434837
      vertex 4.239861632801382 1.5646439727174921 11.188192126434837
      vertex 4.238992090360139 1.5734725852827038 11.19238795325113
    endloop
  endfacet
  facet normal 0.016548071000270042 -0.33684372350199526 0.9414151407766296
    outer loop
      vertex 4 1.5617316567634907 11.19238795325113
      vertex 4.238992090360139 1.5734725852827038 11.19238795325113
      vertex 4.238086424185543 1.5826679682676663 11.195694033573222
    endloop
  endfacet
  facet normal 0.011936000454506596 -0.24296287082354004 0.9699621514751664
    outer loop
      vertex 4 1.5709715322745534 11.195694033573222
      vertex 4.238086424185543 1.5826679682676663 11.195694033573222
      vertex 4.237153356337945 1.592141565107526 11.198078528040323
    endloop
  endfacet
  facet normal 0.007208218704068337 -0.1467266624644925 0.9891508116081921
    outer loop
      vertex 4 1.580490967798387 11.198078528040323
      vertex 4.237153356337945 1.592141565107526 11.198078528040323
      vertex 4.236201872770784 1.6018021398859204 11.199518472667222
    endloop
  endfacet
  facet normal 0.0024105332617754428 -0.04906753176902543 0.9987925543652644
    outer loop
      vertex 4 1.5901982859670434 11.199518472667222
      vertex 4.236201872770784 1.6018021398859204 11.199518472667222
      vertex 4.235241136790945 1.611556655986727 11.200000000000001
    endloop
  endfacet
  facet normal 0.07550143684591429 -0.5089893430371732 0.8574551776674915
    outer loop
      vertex 4.240686677340227 1.5562671549372449 11.183146961230257
      vertex 4.477413266957181 1.599881428961341 11.188192126434837
      vertex 4.239861632801382 1.5646439727174921 11.188192126434837
    endloop
  endfacet
  facet normal 0.06279716924234369 -0.4233441276420437 0.9037899452451026
    outer loop
      vertex 4.239861632801382 1.5646439727174921 11.188192126434837
      vertex 4.475682556243742 1.6085822992804601 11.19238795325113
      vertex 4.238992090360139 1.5734725852827038 11.19238795325113
    endloop
  endfacet
  facet normal 0.0494848460309828 -0.33359973430716017 0.94141514077663
    outer loop
      vertex 4.238992090360139 1.5734725852827038 11.19238795325113
      vertex 4.4738799459549 1.6176446331744687 11.195694033573222
      vertex 4.238086424185543 1.5826679682676663 11.195694033573222
    endloop
  endfacet
  facet normal 0.08747520421518853 -0.5897099258706449 0.8028638066180026
    outer loop
      vertex 4.2414592783467455 1.5484228052764193 11.177301045336275
      vertex 4.4790554104049445 1.5916258163546648 11.183146961230257
      vertex 4.240686677340227 1.5562671549372449 11.183146961230257
    endloop
  endfacet
  facet normal 0.035693051154261364 -0.24062300556049432 0.9699621514751664
    outer loop
      vertex 4.238086424185543 1.5826679682676663 11.195694033573222
      vertex 4.472022796213143 1.6269811554139921 11.198078528040323
      vertex 4.237153356337945 1.592141565107526 11.198078528040323
    endloop
  endfacet
  facet normal 0.021555237025672115 -0.14531360449600653 0.9891508116081922
    outer loop
      vertex 4.237153356337945 1.592141565107526 11.198078528040323
      vertex 4.470128992385708 1.6365019501860014 11.199518472667222
      vertex 4.236201872770784 1.6018021398859204 11.199518472667222
    endloop
  endfacet
  facet normal 0.007208385032284014 -0.04859498461504817 0.9987925543652645
    outer loop
      vertex 4.236201872770784 1.6018021398859204 11.199518472667222
      vertex 4.468216772838708 1.6461153270322466 11.200000000000001
      vertex 4.235241136790945 1.611556655986727 11.200000000000001
    endloop
  endfacet
  facet normal 0.03569305115426022 -0.24062300556048838 0.9699621514751678
    outer loop
      vertex 4.238086424185543 1.5826679682676663 11.195694033573222
      vertex 4.4738799459549 1.6176446331744687 11.195694033573222
      vertex 4.472022796213143 1.6269811554139921 11.198078528040323
    endloop
  endfacet
  facet normal 0.021555237025671924 -0.14531360449600553 0.9891508116081923
    outer loop
      vertex 4.237153356337945 1.592141565107526 11.198078528040323
      vertex 4.472022796213143 1.6269811554139921 11.198078528040323
      vertex 4.470128992385708 1.6365019501860014 11.199518472667222
    endloop
  endfacet
  facet normal 0.09860335322361831 -0.6647298127713405 0.7405482123035861
    outer loop
      vertex 4.2421719952509 1.541186469110408 11.170710678118656
      vertex 4.482011741802855 1.5767633347661394 11.170710678118656
      vertex 4.480593171847944 1.5838949675228098 11.177301045336275
    endloop
  endfacet
  facet normal 0.087475204215188 -0.5897099258706422 0.8028638066180048
    outer loop
      vertex 4.2414592783467455 1.5484228052764193 11.177301045336275
      vertex 4.480593171847944 1.5838949675228098 11.177301045336275
      vertex 4.4790554104049445 1.5916258163546648 11.183146961230257
    endloop
  endfacet
  facet normal 0.07550143684591486 -0.508989343037176 0.8574551776674896
    outer loop
      vertex 4.240686677340227 1.5562671549372449 11.183146961230257
      vertex 4.4790554104049445 1.5916258163546648 11.183146961230257
      vertex 4.477413266957181 1.599881428961341 11.188192126434837
    endloop
  endfacet
  facet normal 0.06279716924234166 -0.4233441276420334 0.9037899452451076
    outer loop
      vertex 4.239861632801382 1.5646439727174921 11.188192126434837
      vertex 4.477413266957181 1.599881428961341 11.188192126434837
      vertex 4.475682556243742 1.6085822992804601 11.19238795325113
    endloop
  endfacet
  facet normal 0.04948484603098643 -0.3335997343071789 0.9414151407766232
    outer loop
      vertex 4.238992090360139 1.5734725852827038 11.19238795325113
      vertex 4.475682556243742 1.6085822992804601 11.19238795325113
      vertex 4.4738799459549 1.6176446331744687 11.195694033573222
    endloop
  endfacet
  facet normal 0.007208385032284042 -0.048594984615048326 0.9987925543652644
    outer loop
      vertex 4.236201872770784 1.6018021398859204 11.199518472667222
      vertex 4.470128992385708 1.6365019501860014 11.199518472667222
      vertex 4.468216772838708 1.6461153270322466 11.200000000000001
    endloop
  endfacet
  facet normal 0.24298017990326456 -0.9700312531945439 0
    outer loop
      vertex 4.487725805040321 1.5480367989919235 10.305000000000001
      vertex 4.487725805040321 1.5480367989919235 9.600000000000001
      vertex 4.725711693136156 1.6076491606694776 10.305000000000001
    endloop
  endfacet
  facet normal 0.24298017990326456 -0.9700312531945439 0
    outer loop
      vertex 4.725711693136156 1.6076491606694776 10.305000000000001
      vertex 4.487725805040321 1.5480367989919235 9.600000000000001
      vertex 4.725711693136156 1.6076491606694776 9.600000000000001
    endloop
  endfacet
  facet normal 0.3368898533922185 -0.9415440651830213 0
    outer loop
      vertex 4.725711693136156 1.6076491606694776 10.305000000000001
      vertex 4.725711693136156 1.6076491606694776 9.600000000000001
      vertex 4.956708580912725 1.6903011687217826 10.305000000000001
    endloop
  endfacet
  facet normal 0.3368898533922185 -0.9415440651830213 0
    outer loop
      vertex 4.956708580912725 1.6903011687217826 10.305000000000001
      vertex 4.725711693136156 1.6076491606694776 9.600000000000001
      vertex 4.956708580912725 1.6903011687217826 9.600000000000001
    endloop
  endfacet
  facet normal 0.2429801799032646 -0.9700312531945439 0
    outer loop
      vertex 4.487725805040321 1.5480367989919235 10.305000000000001
      vertex 4.725711693136156 1.6076491606694776 11.105
      vertex 4.487725805040321 1.5480367989919235 11.105
    endloop
  endfacet
  facet normal 0.2429801799032646 -0.9700312531945439 0
    outer loop
      vertex 4.487725805040321 1.5480367989919235 10.305000000000001
      vertex 4.725711693136156 1.6076491606694776 10.305000000000001
      vertex 4.725711693136156 1.6076491606694776 11.105
    endloop
  endfacet
  facet normal 0.03569466663142723 -0.14250109707972755 0.9891508116081921
    outer loop
      vertex 4.472022796213143 1.6269811554139921 11.198078528040323
      vertex 4.699528512805307 1.6939635387252503 11.199518472667222
      vertex 4.470128992385708 1.6365019501860014 11.199518472667222
    endloop
  endfacet
  facet normal 0.011936816114427483 -0.04765444119450728 0.9987925543652644
    outer loop
      vertex 4.468216772838708 1.6461153270322466 11.200000000000001
      vertex 4.470128992385708 1.6365019501860014 11.199518472667222
      vertex 4.69668322541071 1.7033431942426986 11.200000000000001
    endloop
  endfacet
  facet normal 0 0 1
    outer loop
      vertex 4.487725805040321 1.5480367989919235 11.105
      vertex 4.725711693136156 1.6076491606694776 11.105
      vertex 4.487677884175615 1.5482777134475558 11.105
    endloop
  endfacet
  facet normal 0.24268820303340408 -0.9688656161903764 0.04900871220976664
    outer loop
      vertex 4.487677884175615 1.5482777134475558 11.105
      vertex 4.72557191312977 1.6081099535969727 11.109801714032958
      vertex 4.487631863717909 1.5485090739120264 11.109801714032958
    endloop
  endfacet
  facet normal 0.20847739401382953 -0.8322884107604128 0.5136469385668612
    outer loop
      vertex 4.485422203184167 1.5596177875774995 11.147139673682602
      vertex 4.720819514216124 1.6237765132479058 11.155557023301961
      vertex 4.484437940279781 1.5645660113473547 11.155557023301961
    endloop
  endfacet
  facet normal 0.24035651598982558 -0.9595569997186979 0.14655752970108107
    outer loop
      vertex 4.487631863717909 1.5485090739120264 11.109801714032958
      vertex 4.725153919268488 1.6094878946916706 11.119509032201615
      vertex 4.487350944456963 1.5499213504066822 11.119509032201615
    endloop
  endfacet
  facet normal 0.23571512191222677 -0.9410275158922582 0.2427047499237498
    outer loop
      vertex 4.487350944456963 1.5499213504066822 11.119509032201615
      vertex 4.72446173706169 1.611769713627571 11.129028467725448
      vertex 4.48688575266353 1.552260027481219 11.129028467725448
    endloop
  endfacet
  facet normal 0.22880780982581767 -0.9134519802989695 0.33653003707039836
    outer loop
      vertex 4.48688575266353 1.552260027481219 11.129028467725448
      vertex 4.723502032602414 1.614933435240952 11.138268343236511
      vertex 4.486240768388882 1.555502582396958 11.138268343236511
    endloop
  endfacet
  facet normal 0.21969983398686976 -0.8770909025327218 0.4271340909368831
    outer loop
      vertex 4.486240768388882 1.555502582396958 11.138268343236511
      vertex 4.7222840483692305 1.6189485911632095 11.147139673682602
      vertex 4.485422203184167 1.5596177875774995 11.147139673682602
    endloop
  endfacet
  facet normal 0.19524693471880117 -0.7794694564925985 0.5952360883532225
    outer loop
      vertex 4.484437940279781 1.5645660113473547 11.155557023301961
      vertex 4.719122534407583 1.6293707059661542 11.163439328416366
      vertex 4.483297458665545 1.5702995996066464 11.163439328416366
    endloop
  endfacet
  facet normal 0.1801342613074408 -0.7191362822634191 0.6711144875768745
    outer loop
      vertex 4.483297458665545 1.5702995996066464 11.163439328416366
      vertex 4.717209451786827 1.635677294183981 11.170710678118656
      vertex 4.482011741802855 1.5767633347661394 11.170710678118656
    endloop
  endfacet
  facet normal 0.16328346646646058 -0.6518641383238253 0.740548212303583
    outer loop
      vertex 4.482011741802855 1.5767633347661394 11.170710678118656
      vertex 4.715098690385294 1.6426355420093168 11.177301045336275
      vertex 4.480593171847944 1.5838949675228098 11.177301045336275
    endloop
  endfacet
  facet normal 0.12502755665358437 -0.4991379852991037 0.8574551776674899
    outer loop
      vertex 4.4790554104049445 1.5916258163546648 11.183146961230257
      vertex 4.710367150371544 1.6582333390825643 11.188192126434837
      vertex 4.477413266957181 1.599881428961341 11.188192126434837
    endloop
  endfacet
  facet normal 0.14485566775528305 -0.5782962420265367 0.8028638066180069
    outer loop
      vertex 4.480593171847944 1.5838949675228098 11.177301045336275
      vertex 4.712810577989138 1.6501784377118387 11.183146961230257
      vertex 4.4790554104049445 1.5916258163546648 11.183146961230257
    endloop
  endfacet
  facet normal 0.10398976447501163 -0.41515041100579075 0.9037899452451076
    outer loop
      vertex 4.477413266957181 1.599881428961341 11.188192126434837
      vertex 4.707791939076182 1.6667226730180382 11.19238795325113
      vertex 4.475682556243742 1.6085822992804601 11.19238795325113
    endloop
  endfacet
  facet normal 0.08194505494325384 -0.3271429973068043 0.9414151407766223
    outer loop
      vertex 4.475682556243742 1.6085822992804601 11.19238795325113
      vertex 4.705109744795583 1.6755646825917183 11.195694033573222
      vertex 4.4738799459549 1.6176446331744687 11.195694033573222
    endloop
  endfacet
  facet normal 0.059106358259592 -0.2359658092159785 0.9699621514751681
    outer loop
      vertex 4.4738799459549 1.6176446331744687 11.195694033573222
      vertex 4.702346398526902 1.6846742144178766 11.198078528040323
      vertex 4.472022796213143 1.6269811554139921 11.198078528040323
    endloop
  endfacet
  facet normal 0 0 1
    outer loop
      vertex 4.487677884175615 1.5482777134475558 11.105
      vertex 4.725711693136156 1.6076491606694776 11.105
      vertex 4.7256403892775065 1.607884217990037 11.105
    endloop
  endfacet
  facet normal 0.2426882030334054 -0.9688656161903783 0.049008712209722916
    outer loop
      vertex 4.487677884175615 1.5482777134475558 11.105
      vertex 4.7256403892775065 1.607884217990037 11.105
      vertex 4.72557191312977 1.6081099535969727 11.109801714032958
    endloop
  endfacet
  facet normal 0.1632834664664575 -0.6518641383238154 0.7405482123035927
    outer loop
      vertex 4.482011741802855 1.5767633347661394 11.170710678118656
      vertex 4.717209451786827 1.635677294183981 11.170710678118656
      vertex 4.715098690385294 1.6426355420093168 11.177301045336275
    endloop
  endfacet
  facet normal 0.24035651598982746 -0.9595569997187012 0.14655752970105748
    outer loop
      vertex 4.487631863717909 1.5485090739120264 11.109801714032958
      vertex 4.72557191312977 1.6081099535969727 11.109801714032958
      vertex 4.725153919268488 1.6094878946916706 11.119509032201615
    endloop
  endfacet
  facet normal 0.23571512191222693 -0.9410275158922586 0.24270474992374746
    outer loop
      vertex 4.487350944456963 1.5499213504066822 11.119509032201615
      vertex 4.725153919268488 1.6094878946916706 11.119509032201615
      vertex 4.72446173706169 1.611769713627571 11.129028467725448
    endloop
  endfacet
  facet normal 0.2288078098258148 -0.913451980298962 0.3365300370704202
    outer loop
      vertex 4.48688575266353 1.552260027481219 11.129028467725448
      vertex 4.72446173706169 1.611769713627571 11.129028467725448
      vertex 4.723502032602414 1.614933435240952 11.138268343236511
    endloop
  endfacet
  facet normal 0.21969983398687246 -0.8770909025327293 0.4271340909368659
    outer loop
      vertex 4.486240768388882 1.555502582396958 11.138268343236511
      vertex 4.723502032602414 1.614933435240952 11.138268343236511
      vertex 4.7222840483692305 1.6189485911632095 11.147139673682602
    endloop
  endfacet
  facet normal 0.2084773940138241 -0.8322884107603966 0.5136469385668896
    outer loop
      vertex 4.485422203184167 1.5596177875774995 11.147139673682602
      vertex 4.7222840483692305 1.6189485911632095 11.147139673682602
      vertex 4.720819514216124 1.6237765132479058 11.155557023301961
    endloop
  endfacet
  facet normal 0.19524693471880072 -0.779469456492597 0.5952360883532245
    outer loop
      vertex 4.484437940279781 1.5645660113473547 11.155557023301961
      vertex 4.720819514216124 1.6237765132479058 11.155557023301961
      vertex 4.719122534407583 1.6293707059661542 11.163439328416366
    endloop
  endfacet
  facet normal 0.18013426130744428 -0.7191362822634301 0.6711144875768618
    outer loop
      vertex 4.483297458665545 1.5702995996066464 11.163439328416366
      vertex 4.719122534407583 1.6293707059661542 11.163439328416366
      vertex 4.717209451786827 1.635677294183981 11.170710678118656
    endloop
  endfacet
  facet normal 0.1448556677552854 -0.5782962420265445 0.8028638066180008
    outer loop
      vertex 4.480593171847944 1.5838949675228098 11.177301045336275
      vertex 4.715098690385294 1.6426355420093168 11.177301045336275
      vertex 4.712810577989138 1.6501784377118387 11.183146961230257
    endloop
  endfacet
  facet normal 0.12502755665358994 -0.49913798529912223 0.8574551776674781
    outer loop
      vertex 4.4790554104049445 1.5916258163546648 11.183146961230257
      vertex 4.712810577989138 1.6501784377118387 11.183146961230257
      vertex 4.710367150371544 1.6582333390825643 11.188192126434837
    endloop
  endfacet
  facet normal 0.10398976447500834 -0.4151504110057797 0.903789945245113
    outer loop
      vertex 4.477413266957181 1.599881428961341 11.188192126434837
      vertex 4.710367150371544 1.6582333390825643 11.188192126434837
      vertex 4.707791939076182 1.6667226730180382 11.19238795325113
    endloop
  endfacet
  facet normal 0.08194505494325383 -0.3271429973068042 0.9414151407766223
    outer loop
      vertex 4.475682556243742 1.6085822992804601 11.19238795325113
      vertex 4.707791939076182 1.6667226730180382 11.19238795325113
      vertex 4.705109744795583 1.6755646825917183 11.195694033573222
    endloop
  endfacet
  facet normal 0.011936816114427613 -0.047654441194507714 0.9987925543652644
    outer loop
      vertex 4.470128992385708 1.6365019501860014 11.199518472667222
      vertex 4.699528512805307 1.6939635387252503 11.199518472667222
      vertex 4.69668322541071 1.7033431942426986 11.200000000000001
    endloop
  endfacet
  facet normal 0.05910635825959211 -0.2359658092159789 0.9699621514751681
    outer loop
      vertex 4.4738799459549 1.6176446331744687 11.195694033573222
      vertex 4.705109744795583 1.6755646825917183 11.195694033573222
      vertex 4.702346398526902 1.6846742144178766 11.198078528040323
    endloop
  endfacet
  facet normal 0.03569466663142625 -0.14250109707972428 0.9891508116081927
    outer loop
      vertex 4.472022796213143 1.6269811554139921 11.198078528040323
      vertex 4.702346398526902 1.6846742144178766 11.198078528040323
      vertex 4.699528512805307 1.6939635387252503 11.199518472667222
    endloop
  endfacet
  facet normal 0.3368898533922185 -0.9415440651830213 0
    outer loop
      vertex 4.725711693136156 1.6076491606694776 10.305000000000001
      vertex 4.956708580912725 1.6903011687217826 11.105
      vertex 4.725711693136156 1.6076491606694776 11.105
    endloop
  endfacet
  facet normal 0.3368898533922185 -0.9415440651830213 0
    outer loop
      vertex 4.725711693136156 1.6076491606694776 10.305000000000001
      vertex 4.956708580912725 1.6903011687217826 10.305000000000001
      vertex 4.956708580912725 1.6903011687217826 11.105
    endloop
  endfacet
  facet normal 0.22639107066740433 -0.6327206558790566 0.7405482123035898
    outer loop
      vertex 4.717209451786827 1.635677294183981 11.170710678118656
      vertex 4.942717417621526 1.7240788248927705 11.177301045336275
      vertex 4.715098690385294 1.6426355420093168 11.177301045336275
    endloop
  endfacet
  facet normal 0.20084109202873351 -0.5613132492428422 0.8028638066180022
    outer loop
      vertex 4.712810577989138 1.6501784377118387 11.183146961230257
      vertex 4.715098690385294 1.6426355420093168 11.177301045336275
      vertex 4.939700990045397 1.7313611252569778 11.183146961230257
    endloop
  endfacet
  facet normal 0.17334959274367515 -0.484479655906043 0.8574551776674769
    outer loop
      vertex 4.712810577989138 1.6501784377118387 11.183146961230257
      vertex 4.936479809801643 1.7391377422882965 11.188192126434837
      vertex 4.710367150371544 1.6582333390825643 11.188192126434837
    endloop
  endfacet
  facet normal 0 0 1
    outer loop
      vertex 4.725711693136156 1.6076491606694776 11.105
      vertex 4.956708580912725 1.6903011687217826 11.105
      vertex 4.7256403892775065 1.607884217990037 11.105
    endloop
  endfacet
  facet normal 0.3364850300649825 -0.9404126597774576 0.049008712209724144
    outer loop
      vertex 4.7256403892775065 1.607884217990037 11.105
      vertex 4.956524308380239 1.6907460419688833 11.109801714032958
      vertex 4.72557191312977 1.6081099535969727 11.109801714032958
    endloop
  endfacet
  facet normal 0.33325216676485747 -0.9313774121345502 0.1465575297010556
    outer loop
      vertex 4.72557191312977 1.6081099535969727 11.109801714032958
      vertex 4.955973265428002 1.6920763773376226 11.119509032201615
      vertex 4.725153919268488 1.6094878946916706 11.119509032201615
    endloop
  endfacet
  facet normal 0.3268169152519118 -0.9133920890119834 0.24270474992374938
    outer loop
      vertex 4.725153919268488 1.6094878946916706 11.119509032201615
      vertex 4.955060758900876 1.6942793629711645 11.129028467725448
      vertex 4.72446173706169 1.611769713627571 11.129028467725448
    endloop
  endfacet
  facet normal 0.30461186131148443 -0.8513331206454315 0.4271340909368672
    outer loop
      vertex 4.723502032602414 1.614933435240952 11.138268343236511
      vertex 4.9521899033278745 1.7012102214311198 11.147139673682602
      vertex 4.7222840483692305 1.6189485911632095 11.147139673682602
    endloop
  endfacet
  facet normal 0.28905204833114784 -0.8078463565904296 0.5136469385668879
    outer loop
      vertex 4.7222840483692305 1.6189485911632095 11.147139673682602
      vertex 4.950259202190536 1.7058713463017696 11.155557023301961
      vertex 4.720819514216124 1.6237765132479058 11.155557023301961
    endloop
  endfacet
  facet normal 0.3172399886192456 -0.8866263721378039 0.33653003707041845
    outer loop
      vertex 4.72446173706169 1.611769713627571 11.129028467725448
      vertex 4.953795576735543 1.6973337829135842 11.138268343236511
      vertex 4.723502032602414 1.614933435240952 11.138268343236511
    endloop
  endfacet
  facet normal 0.2707081344613531 -0.7565785518096632 0.5952360883532237
    outer loop
      vertex 4.720819514216124 1.6237765132479058 11.155557023301961
      vertex 4.9480220670309105 1.711272268345001 11.163439328416366
      vertex 4.719122534407583 1.6293707059661542 11.163439328416366
    endloop
  endfacet
  facet normal 0.24975454749823714 -0.6980171993356553 0.6711144875768654
    outer loop
      vertex 4.719122534407583 1.6293707059661542 11.163439328416366
      vertex 4.945500042683525 1.7173609737290927 11.170710678118656
      vertex 4.717209451786827 1.635677294183981 11.170710678118656
    endloop
  endfacet
  facet normal 0.14418088142919458 -0.4029585689672503 0.9037899452451141
    outer loop
      vertex 4.710367150371544 1.6582333390825643 11.188192126434837
      vertex 4.9330848986168885 1.747333782913584 11.19238795325113
      vertex 4.707791939076182 1.6667226730180382 11.19238795325113
    endloop
  endfacet
  facet normal 0.1136160881806948 -0.3175356944078102 0.9414151407766217
    outer loop
      vertex 4.707791939076182 1.6667226730180382 11.19238795325113
      vertex 4.929548951341689 1.7558703147812071 11.195694033573222
      vertex 4.705109744795583 1.6755646825917183 11.195694033573222
    endloop
  endfacet
  facet normal 0.08195043882406165 -0.2290361331366868 0.9699621514751685
    outer loop
      vertex 4.702346398526902 1.6846742144178766 11.198078528040323
      vertex 4.705109744795583 1.6755646825917183 11.195694033573222
      vertex 4.92590602108125 1.764665126422738 11.198078528040323
    endloop
  endfacet
  facet normal 0.04949033708483043 -0.13831622619954412 0.9891508116081928
    outer loop
      vertex 4.702346398526902 1.6846742144178766 11.198078528040323
      vertex 4.922191191245409 1.7736335189943344 11.199518472667222
      vertex 4.699528512805307 1.6939635387252503 11.199518472667222
    endloop
  endfacet
  facet normal 0.016550289132061708 -0.0462549594546967 0.9987925543652643
    outer loop
      vertex 4.699528512805307 1.6939635387252503 11.199518472667222
      vertex 4.918440237676216 1.7826891219729113 11.200000000000001
      vertex 4.69668322541071 1.7033431942426986 11.200000000000001
    endloop
  endfacet
  facet normal 0.0494903370848334 -0.1383162261995514 0.9891508116081916
    outer loop
      vertex 4.702346398526902 1.6846742144178766 11.198078528040323
      vertex 4.92590602108125 1.764665126422738 11.198078528040323
      vertex 4.922191191245409 1.7736335189943344 11.199518472667222
    endloop
  endfacet
  facet normal 0.016550289132061774 -0.046254959454696876 0.9987925543652644
    outer loop
      vertex 4.699528512805307 1.6939635387252503 11.199518472667222
      vertex 4.922191191245409 1.7736335189943344 11.199518472667222
      vertex 4.918440237676216 1.7826891219729113 11.200000000000001
    endloop
  endfacet
  facet normal 0 0 1
    outer loop
      vertex 4.7256403892775065 1.607884217990037 11.105
      vertex 4.956708580912725 1.6903011687217826 11.105
      vertex 4.956614580755269 1.6905281051767767 11.105
    endloop
  endfacet
  facet normal 0.33648503006498326 -0.9404126597774585 0.04900871220970236
    outer loop
      vertex 4.7256403892775065 1.607884217990037 11.105
      vertex 4.956614580755269 1.6905281051767767 11.105
      vertex 4.956524308380239 1.6907460419688833 11.109801714032958
    endloop
  endfacet
  facet normal 0.33325216676485575 -0.9313774121345477 0.1465575297010755
    outer loop
      vertex 4.72557191312977 1.6081099535969727 11.109801714032958
      vertex 4.956524308380239 1.6907460419688833 11.109801714032958
      vertex 4.955973265428002 1.6920763773376226 11.119509032201615
    endloop
  endfacet
  facet normal 0.3268169152519141 -0.9133920890119874 0.24270474992373064
    outer loop
      vertex 4.725153919268488 1.6094878946916706 11.119509032201615
      vertex 4.955973265428002 1.6920763773376226 11.119509032201615
      vertex 4.955060758900876 1.6942793629711645 11.129028467725448
    endloop
  endfacet
  facet normal 0.31723998861924607 -0.8866263721378047 0.33653003707041584
    outer loop
      vertex 4.72446173706169 1.611769713627571 11.129028467725448
      vertex 4.955060758900876 1.6942793629711645 11.129028467725448
      vertex 4.953795576735543 1.6973337829135842 11.138268343236511
    endloop
  endfacet
  facet normal 0.2890520483311581 -0.8078463565904526 0.5136469385668461
    outer loop
      vertex 4.7222840483692305 1.6189485911632095 11.147139673682602
      vertex 4.9521899033278745 1.7012102214311198 11.147139673682602
      vertex 4.950259202190536 1.7058713463017696 11.155557023301961
    endloop
  endfacet
  facet normal 0.30461186131147594 -0.8513331206454133 0.42713409093691
    outer loop
      vertex 4.723502032602414 1.614933435240952 11.138268343236511
      vertex 4.953795576735543 1.6973337829135842 11.138268343236511
      vertex 4.9521899033278745 1.7012102214311198 11.147139673682602
    endloop
  endfacet
  facet normal 0.27070813446135544 -0.7565785518096684 0.5952360883532161
    outer loop
      vertex 4.720819514216124 1.6237765132479058 11.155557023301961
      vertex 4.950259202190536 1.7058713463017696 11.155557023301961
      vertex 4.9480220670309105 1.711272268345001 11.163439328416366
    endloop
  endfacet
  facet normal 0.20084109202873757 -0.5613132492428519 0.8028638066179943
    outer loop
      vertex 4.715098690385294 1.6426355420093168 11.177301045336275
      vertex 4.942717417621526 1.7240788248927705 11.177301045336275
      vertex 4.939700990045397 1.7313611252569778 11.183146961230257
    endloop
  endfacet
  facet normal 0.1733495927436621 -0.48447965590601133 0.8574551776674973
    outer loop
      vertex 4.712810577989138 1.6501784377118387 11.183146961230257
      vertex 4.939700990045397 1.7313611252569778 11.183146961230257
      vertex 4.936479809801643 1.7391377422882965 11.188192126434837
    endloop
  endfacet
  facet normal 0.24975454749823492 -0.6980171993356501 0.6711144875768718
    outer loop
      vertex 4.719122534407583 1.6293707059661542 11.163439328416366
      vertex 4.9480220670309105 1.711272268345001 11.163439328416366
      vertex 4.945500042683525 1.7173609737290927 11.170710678118656
    endloop
  endfacet
  facet normal 0.22639107066740077 -0.6327206558790482 0.740548212303598
    outer loop
      vertex 4.717209451786827 1.635677294183981 11.170710678118656
      vertex 4.945500042683525 1.7173609737290927 11.170710678118656
      vertex 4.942717417621526 1.7240788248927705 11.177301045336275
    endloop
  endfacet
  facet normal 0.14418088142920768 -0.4029585689672823 0.9037899452450977
    outer loop
      vertex 4.710367150371544 1.6582333390825643 11.188192126434837
      vertex 4.936479809801643 1.7391377422882965 11.188192126434837
      vertex 4.9330848986168885 1.747333782913584 11.19238795325113
    endloop
  endfacet
  facet normal 0.11361608818068968 -0.31753569440779766 0.9414151407766266
    outer loop
      vertex 4.707791939076182 1.6667226730180382 11.19238795325113
      vertex 4.9330848986168885 1.747333782913584 11.19238795325113
      vertex 4.929548951341689 1.7558703147812071 11.195694033573222
    endloop
  endfacet
  facet normal 0.08195043882406096 -0.22903613313668508 0.9699621514751688
    outer loop
      vertex 4.705109744795583 1.6755646825917183 11.195694033573222
      vertex 4.929548951341689 1.7558703147812071 11.195694033573222
      vertex 4.92590602108125 1.764665126422738 11.198078528040323
    endloop
  endfacet
  facet normal 0.4275550934302813 -0.9039892931234437 0
    outer loop
      vertex 4.956708580912725 1.6903011687217826 10.305000000000001
      vertex 4.956708580912725 1.6903011687217826 9.600000000000001
      vertex 5.178491842064995 1.7951968391291118 10.305000000000001
    endloop
  endfacet
  facet normal 0.4275550934302813 -0.9039892931234437 0
    outer loop
      vertex 5.178491842064995 1.7951968391291118 10.305000000000001
      vertex 4.956708580912725 1.6903011687217826 9.600000000000001
      vertex 5.178491842064995 1.7951968391291118 9.600000000000001
    endloop
  endfacet
  facet normal 0.5141027441932228 -0.8577286100002715 0
    outer loop
      vertex 5.388925582549006 1.9213259692436364 10.305000000000001
      vertex 5.178491842064995 1.7951968391291118 9.600000000000001
      vertex 5.388925582549006 1.9213259692436364 9.600000000000001
    endloop
  endfacet
  facet normal 0.5141027441932228 -0.8577286100002715 0
    outer loop
      vertex 5.178491842064995 1.7951968391291118 10.305000000000001
      vertex 5.178491842064995 1.7951968391291118 9.600000000000001
      vertex 5.388925582549006 1.9213259692436364 10.305000000000001
    endloop
  endfacet
  facet normal 0.5956993044924332 -0.8032075314806448 0
    outer loop
      vertex 5.388925582549006 1.9213259692436364 10.305000000000001
      vertex 5.388925582549006 1.9213259692436364 9.600000000000001
      vertex 5.585983210409114 2.067473866593157 10.305000000000001
    endloop
  endfacet
  facet normal 0.4275550934302813 -0.9039892931234437 0
    outer loop
      vertex 4.956708580912725 1.6903011687217826 10.305000000000001
      vertex 5.178491842064995 1.7951968391291118 11.105
      vertex 4.956708580912725 1.6903011687217826 11.105
    endloop
  endfacet
  facet normal 0.4275550934302813 -0.9039892931234437 0
    outer loop
      vertex 4.956708580912725 1.6903011687217826 10.305000000000001
      vertex 5.178491842064995 1.7951968391291118 10.305000000000001
      vertex 5.178491842064995 1.7951968391291118 11.105
    endloop
  endfacet
  facet normal 0 0 1
    outer loop
      vertex 4.956708580912725 1.6903011687217826 11.105
      vertex 5.178491842064995 1.7951968391291118 11.105
      vertex 4.956614580755269 1.6905281051767767 11.105
    endloop
  endfacet
  facet normal 0.42704132231560854 -0.9029030153690284 0.04900871220969165
    outer loop
      vertex 4.956614580755269 1.6905281051767767 11.105
      vertex 5.17826485165163 1.795621508323256 11.109801714032958
      vertex 4.956524308380239 1.6907460419688833 11.109801714032958
    endloop
  endfacet
  facet normal 0.4229384169997777 -0.8942281509288563 0.14655752970107344
    outer loop
      vertex 4.956524308380239 1.6907460419688833 11.109801714032958
      vertex 5.1775860664532996 1.7968914261092004 11.119509032201615
      vertex 4.955973265428002 1.6920763773376226 11.119509032201615
    endloop
  endfacet
  facet normal 0.41477128304142424 -0.8769601970036205 0.24270474992373348
    outer loop
      vertex 4.955973265428002 1.6920763773376226 11.119509032201615
      vertex 5.176462023542529 1.7989943624844584 11.129028467725448
      vertex 4.955060758900876 1.6942793629711645 11.129028467725448
    endloop
  endfacet
  facet normal 0.40261697290125764 -0.8512620673336821 0.33653003707041274
    outer loop
      vertex 4.955060758900876 1.6942793629711645 11.129028467725448
      vertex 5.174903548067009 1.8019100650221556 11.138268343236511
      vertex 4.953795576735543 1.6973337829135842 11.138268343236511
    endloop
  endfacet
  facet normal 0.3865903098938751 -0.817376535420278 0.42713409093691024
    outer loop
      vertex 4.953795576735543 1.6973337829135842 11.138268343236511
      vertex 5.172925648997522 1.8056104539129678 11.147139673682602
      vertex 4.9521899033278745 1.7012102214311198 11.147139673682602
    endloop
  endfacet
  facet normal 0.3668429734111308 -0.775624300392776 0.5136469385668496
    outer loop
      vertex 4.9521899033278745 1.7012102214311198 11.147139673682602
      vertex 5.170547374583334 1.8100598923890376 11.155557023301961
      vertex 4.950259202190536 1.7058713463017696 11.155557023301961
    endloop
  endfacet
  facet normal 0.34356226688493136 -0.7264013820849006 0.5952360883532125
    outer loop
      vertex 4.950259202190536 1.7058713463017696 11.155557023301961
      vertex 5.167791628907152 1.8152155299255317 11.163439328416366
      vertex 4.9480220670309105 1.711272268345001 11.163439328416366
    endloop
  endfacet
  facet normal 0.14419293638007818 -0.3048703491889871 0.9414151407766266
    outer loop
      vertex 4.9330848986168885 1.747333782913584 11.19238795325113
      vertex 5.145036093343228 1.8577881426054268 11.195694033573222
      vertex 4.929548951341689 1.7558703147812071 11.195694033573222
    endloop
  endfacet
  facet normal 0.06280938853794164 -0.13279929444972893 0.9891508116081916
    outer loop
      vertex 4.92590602108125 1.764665126422738 11.198078528040323
      vertex 5.135972664392831 1.8747446255312217 11.199518472667222
      vertex 4.922191191245409 1.7736335189943344 11.199518472667222
    endloop
  endfacet
  facet normal 0.10400529186398831 -0.21990071389140248 0.9699621514751687
    outer loop
      vertex 4.92590602108125 1.764665126422738 11.198078528040323
      vertex 4.929548951341689 1.7558703147812071 11.195694033573222
      vertex 5.140548662500868 1.8661835352184886 11.198078528040323
    endloop
  endfacet
  facet normal 0.316969560866898 -0.6701758292032584 0.6711144875768745
    outer loop
      vertex 4.9480220670309105 1.711272268345001 11.163439328416366
      vertex 5.164684951306282 1.8210277149146141 11.170710678118656
      vertex 4.945500042683525 1.7173609737290927 11.170710678118656
    endloop
  endfacet
  facet normal 0.28731840509987155 -0.6074837276378771 0.7405482123035987
    outer loop
      vertex 4.945500042683525 1.7173609737290927 11.170710678118656
      vertex 5.161257260784302 1.8274404728375768 11.177301045336275
      vertex 4.942717417621526 1.7240788248927705 11.177301045336275
    endloop
  endfacet
  facet normal 0.22000217749309417 -0.46515552258303516 0.8574551776674979
    outer loop
      vertex 4.936479809801643 1.7391377422882965 11.188192126434837
      vertex 4.939700990045397 1.7313611252569778 11.183146961230257
      vertex 5.153573656731415 1.8418154849488202 11.188192126434837
    endloop
  endfacet
  facet normal 0.25489230679504377 -0.5389245030239086 0.8028638066179933
    outer loop
      vertex 4.942717417621526 1.7240788248927705 11.177301045336275
      vertex 5.157541567874705 1.834392045330052 11.183146961230257
      vertex 4.939700990045397 1.7313611252569778 11.183146961230257
    endloop
  endfacet
  facet normal 0.18298345767794763 -0.3868860156300395 0.9037899452450971
    outer loop
      vertex 4.936479809801643 1.7391377422882965 11.188192126434837
      vertex 5.149391740507822 1.8496392999122886 11.19238795325113
      vertex 4.9330848986168885 1.747333782913584 11.19238795325113
    endloop
  endfacet
  facet normal 0.3169695608669109 -0.6701758292032819 0.6711144875768451
    outer loop
      vertex 4.9480220670309105 1.711272268345001 11.163439328416366
      vertex 5.167791628907152 1.8152155299255317 11.163439328416366
      vertex 5.164684951306282 1.8210277149146141 11.170710678118656
    endloop
  endfacet
  facet normal 0.3435622668849215 -0.7264013820848828 0.5952360883532398
    outer loop
      vertex 4.950259202190536 1.7058713463017696 11.155557023301961
      vertex 5.170547374583334 1.8100598923890376 11.155557023301961
      vertex 5.167791628907152 1.8152155299255317 11.163439328416366
    endloop
  endfacet
  facet normal 0.2873184050998716 -0.6074837276378772 0.7405482123035984
    outer loop
      vertex 4.945500042683525 1.7173609737290927 11.170710678118656
      vertex 5.164684951306282 1.8210277149146141 11.170710678118656
      vertex 5.161257260784302 1.8274404728375768 11.177301045336275
    endloop
  endfacet
  facet normal 0.2548923067950407 -0.5389245030239029 0.802863806617998
    outer loop
      vertex 4.942717417621526 1.7240788248927705 11.177301045336275
      vertex 5.161257260784302 1.8274404728375768 11.177301045336275
      vertex 5.157541567874705 1.834392045330052 11.183146961230257
    endloop
  endfacet
  facet normal 0.22000217749310083 -0.4651555225830477 0.8574551776674896
    outer loop
      vertex 4.939700990045397 1.7313611252569778 11.183146961230257
      vertex 5.157541567874705 1.834392045330052 11.183146961230257
      vertex 5.153573656731415 1.8418154849488202 11.188192126434837
    endloop
  endfacet
  facet normal 0.4270413223156066 -0.9029030153690267 0.04900871220974041
    outer loop
      vertex 4.956614580755269 1.6905281051767767 11.105
      vertex 5.178376050881635 1.7954134691964225 11.105
      vertex 5.17826485165163 1.795621508323256 11.109801714032958
    endloop
  endfacet
  facet normal 0 0 1
    outer loop
      vertex 4.956614580755269 1.6905281051767767 11.105
      vertex 5.178491842064995 1.7951968391291118 11.105
      vertex 5.178376050881635 1.7954134691964225 11.105
    endloop
  endfacet
  facet normal 0.4229384169997714 -0.8942281509288489 0.14655752970113603
    outer loop
      vertex 4.956524308380239 1.6907460419688833 11.109801714032958
      vertex 5.17826485165163 1.795621508323256 11.109801714032958
      vertex 5.1775860664532996 1.7968914261092004 11.119509032201615
    endloop
  endfacet
  facet normal 0.4147712830414326 -0.8769601970036327 0.2427047499236745
    outer loop
      vertex 4.955973265428002 1.6920763773376226 11.119509032201615
      vertex 5.1775860664532996 1.7968914261092004 11.119509032201615
      vertex 5.176462023542529 1.7989943624844584 11.129028467725448
    endloop
  endfacet
  facet normal 0.4026169729012501 -0.85126206733367 0.3365300370704529
    outer loop
      vertex 4.955060758900876 1.6942793629711645 11.129028467725448
      vertex 5.176462023542529 1.7989943624844584 11.129028467725448
      vertex 5.174903548067009 1.8019100650221556 11.138268343236511
    endloop
  endfacet
  facet normal 0.3865903098938808 -0.8173765354202878 0.42713409093688637
    outer loop
      vertex 4.953795576735543 1.6973337829135842 11.138268343236511
      vertex 5.174903548067009 1.8019100650221556 11.138268343236511
      vertex 5.172925648997522 1.8056104539129678 11.147139673682602
    endloop
  endfacet
  facet normal 0.3668429734111308 -0.7756243003927759 0.5136469385668501
    outer loop
      vertex 4.9521899033278745 1.7012102214311198 11.147139673682602
      vertex 5.172925648997522 1.8056104539129678 11.147139673682602
      vertex 5.170547374583334 1.8100598923890376 11.155557023301961
    endloop
  endfacet
  facet normal 0.021004373818046 -0.04441001716980391 0.9987925543652643
    outer loop
      vertex 4.922191191245409 1.7736335189943344 11.199518472667222
      vertex 5.131352168382395 1.8833889655639475 11.200000000000001
      vertex 4.918440237676216 1.7826891219729113 11.200000000000001
    endloop
  endfacet
  facet normal 0.02100437381804642 -0.04441001716980471 0.9987925543652642
    outer loop
      vertex 4.922191191245409 1.7736335189943344 11.199518472667222
      vertex 5.135972664392831 1.8747446255312217 11.199518472667222
      vertex 5.131352168382395 1.8833889655639475 11.200000000000001
    endloop
  endfacet
  facet normal 0.18298345767793808 -0.38688601563002145 0.9037899452451068
    outer loop
      vertex 4.936479809801643 1.7391377422882965 11.188192126434837
      vertex 5.153573656731415 1.8418154849488202 11.188192126434837
      vertex 5.149391740507822 1.8496392999122886 11.19238795325113
    endloop
  endfacet
  facet normal 0.144192936380076 -0.3048703491889829 0.9414151407766284
    outer loop
      vertex 4.9330848986168885 1.747333782913584 11.19238795325113
      vertex 5.149391740507822 1.8496392999122886 11.19238795325113
      vertex 5.145036093343228 1.8577881426054268 11.195694033573222
    endloop
  endfacet
  facet normal 0.10400529186399309 -0.21990071389141158 0.9699621514751662
    outer loop
      vertex 4.929548951341689 1.7558703147812071 11.195694033573222
      vertex 5.145036093343228 1.8577881426054268 11.195694033573222
      vertex 5.140548662500868 1.8661835352184886 11.198078528040323
    endloop
  endfacet
  facet normal 0.06280938853793887 -0.13279929444972366 0.9891508116081924
    outer loop
      vertex 4.92590602108125 1.764665126422738 11.198078528040323
      vertex 5.140548662500868 1.8661835352184886 11.198078528040323
      vertex 5.135972664392831 1.8747446255312217 11.199518472667222
    endloop
  endfacet
  facet normal 0.1733811277782457 -0.2892689358483988 0.9414151407766281
    outer loop
      vertex 5.149391740507822 1.8496392999122886 11.19238795325113
      vertex 5.349495911825474 1.9803366416684773 11.195694033573222
      vertex 5.145036093343228 1.8577881426054268 11.195694033573222
    endloop
  endfacet
  facet normal 0.025256174902004342 -0.04213738214258202 0.9987925543652643
    outer loop
      vertex 5.131352168382395 1.8833889655639475 11.200000000000001
      vertex 5.135972664392831 1.8747446255312217 11.199518472667222
      vertex 5.333368559247045 2.004472930473891 11.200000000000001
    endloop
  endfacet
  facet normal 0.12505851708819535 -0.20864753056139607 0.9699621514751661
    outer loop
      vertex 5.140548662500868 1.8661835352184886 11.198078528040323
      vertex 5.145036093343228 1.8577881426054268 11.195694033573222
      vertex 5.344207196813282 1.9882517630328183 11.198078528040323
    endloop
  endfacet
  facet normal 0.07552355124432096 -0.1260034328988708 0.9891508116081926
    outer loop
      vertex 5.140548662500868 1.8661835352184886 11.198078528040323
      vertex 5.338814099796327 1.9963231031070086 11.199518472667222
      vertex 5.135972664392831 1.8747446255312217 11.199518472667222
    endloop
  endfacet
  facet normal 0.5141027441932228 -0.8577286100002713 0
    outer loop
      vertex 5.178491842064995 1.7951968391291118 10.305000000000001
      vertex 5.388925582549006 1.9213259692436364 10.305000000000001
      vertex 5.388925582549006 1.9213259692436364 11.105
    endloop
  endfacet
  facet normal 0.5141027441932228 -0.8577286100002713 0
    outer loop
      vertex 5.178491842064995 1.7951968391291118 10.305000000000001
      vertex 5.388925582549006 1.9213259692436364 11.105
      vertex 5.178491842064995 1.7951968391291118 11.105
    endloop
  endfacet
  facet normal 0.5956993044924334 -0.803207531480645 0
    outer loop
      vertex 5.388925582549006 1.9213259692436364 10.305000000000001
      vertex 5.585983210409114 2.067473866593157 11.105
      vertex 5.388925582549006 1.9213259692436364 11.105
    endloop
  endfacet
  facet normal 0 0 1
    outer loop
      vertex 5.178491842064995 1.7951968391291118 11.105
      vertex 5.388925582549006 1.9213259692436364 11.105
      vertex 5.178376050881635 1.7954134691964225 11.105
    endloop
  endfacet
  facet normal 0.5134849731878018 -0.8566979213455967 0.04900871220973031
    outer loop
      vertex 5.178376050881635 1.7954134691964225 11.105
      vertex 5.388658060296528 1.9217263445883366 11.109801714032958
      vertex 5.17826485165163 1.795621508323256 11.109801714032958
    endloop
  endfacet
  facet normal 0.5085515390773243 -0.8484669837948811 0.14655752970114427
    outer loop
      vertex 5.17826485165163 1.795621508323256 11.109801714032958
      vertex 5.3878580699246275 1.9229236147889992 11.119509032201615
      vertex 5.1775860664532996 1.7968914261092004 11.119509032201615
    endloop
  endfacet
  facet normal 0.4987311766382096 -0.8320826989029129 0.2427047499236701
    outer loop
      vertex 5.1775860664532996 1.7968914261092004 11.119509032201615
      vertex 5.386533315777905 1.9249062494790983 11.129028467725448
      vertex 5.176462023542529 1.7989943624844584 11.129028467725448
    endloop
  endfacet
  facet normal 0.44110100012038683 -0.7359325581829459 0.513646938566852
    outer loop
      vertex 5.170547374583334 1.8100598923890376 11.155557023301961
      vertex 5.172925648997522 1.8056104539129678 11.147139673682602
      vertex 5.37956253587261 1.9353387588556363 11.155557023301961
    endloop
  endfacet
  facet normal 0.4841165356413941 -0.8076996434739416 0.33653003707045603
    outer loop
      vertex 5.176462023542529 1.7989943624844584 11.129028467725448
      vertex 5.384696555962979 1.9276551548027494 11.138268343236511
      vertex 5.174903548067009 1.8019100650221556 11.138268343236511
    endloop
  endfacet
  facet normal 0.46484568246024177 -0.7755481673355911 0.4271340909368838
    outer loop
      vertex 5.174903548067009 1.8019100650221556 11.138268343236511
      vertex 5.382365479480941 1.9311438572989816 11.147139673682602
      vertex 5.172925648997522 1.8056104539129678 11.147139673682602
    endloop
  endfacet
  facet normal 0.3454787062270134 -0.576396399015168 0.7405482123035988
    outer loop
      vertex 5.164684951306282 1.8210277149146141 11.170710678118656
      vertex 5.3686135617179325 1.9517250566708024 11.177301045336275
      vertex 5.161257260784302 1.8274404728375768 11.177301045336275
    endloop
  endfacet
  facet normal 0.41310770686815157 -0.6892285699592502 0.5952360883532385
    outer loop
      vertex 5.170547374583334 1.8100598923890376 11.155557023301961
      vertex 5.376314719017178 1.940199460277558 11.163439328416366
      vertex 5.167791628907152 1.8152155299255317 11.163439328416366
    endloop
  endfacet
  facet normal 0.38113198409124066 -0.6358802994802911 0.6711144875768439
    outer loop
      vertex 5.167791628907152 1.8152155299255317 11.163439328416366
      vertex 5.3726533071664 1.9456791503529232 11.170710678118656
      vertex 5.164684951306282 1.8210277149146141 11.170710678118656
    endloop
  endfacet
  facet normal 0.2645360210078532 -0.44135168729772234 0.8574551776674896
    outer loop
      vertex 5.157541567874705 1.834392045330052 11.183146961230257
      vertex 5.359557958739355 1.9652777242729513 11.188192126434837
      vertex 5.153573656731415 1.8418154849488202 11.188192126434837
    endloop
  endfacet
  facet normal 0.30648876930860225 -0.5113456192347379 0.8028638066179973
    outer loop
      vertex 5.161257260784302 1.8274404728375768 11.177301045336275
      vertex 5.364234387628791 1.958278953848327 11.183146961230257
      vertex 5.157541567874705 1.834392045330052 11.183146961230257
    endloop
  endfacet
  facet normal 0.22002380320030407 -0.36708753846884934 0.9037899452451078
    outer loop
      vertex 5.149391740507822 1.8496392999122886 11.19238795325113
      vertex 5.153573656731415 1.8418154849488202 11.188192126434837
      vertex 5.354629311616227 1.9726539659595703 11.19238795325113
    endloop
  endfacet
  facet normal 0 0 1
    outer loop
      vertex 5.178376050881635 1.7954134691964225 11.105
      vertex 5.388925582549006 1.9213259692436364 11.105
      vertex 5.388789115472136 1.9215302066572937 11.105
    endloop
  endfacet
  facet normal 0.5134849731878027 -0.8566979213455975 0.04900871220970822
    outer loop
      vertex 5.178376050881635 1.7954134691964225 11.105
      vertex 5.388789115472136 1.9215302066572937 11.105
      vertex 5.388658060296528 1.9217263445883366 11.109801714032958
    endloop
  endfacet
  facet normal 0.41310770686815046 -0.6892285699592484 0.5952360883532412
    outer loop
      vertex 5.170547374583334 1.8100598923890376 11.155557023301961
      vertex 5.37956253587261 1.9353387588556363 11.155557023301961
      vertex 5.376314719017178 1.940199460277558 11.163439328416366
    endloop
  endfacet
  facet normal 0.26453602100784673 -0.4413516872977126 0.8574551776674966
    outer loop
      vertex 5.157541567874705 1.834392045330052 11.183146961230257
      vertex 5.364234387628791 1.958278953848327 11.183146961230257
      vertex 5.359557958739355 1.9652777242729513 11.188192126434837
    endloop
  endfacet
  facet normal 0.22002380320031453 -0.36708753846886516 0.9037899452450989
    outer loop
      vertex 5.153573656731415 1.8418154849488202 11.188192126434837
      vertex 5.359557958739355 1.9652777242729513 11.188192126434837
      vertex 5.354629311616227 1.9726539659595703 11.19238795325113
    endloop
  endfacet
  facet normal 0.3454787062270219 -0.5763963990151807 0.740548212303585
    outer loop
      vertex 5.164684951306282 1.8210277149146141 11.170710678118656
      vertex 5.3726533071664 1.9456791503529232 11.170710678118656
      vertex 5.3686135617179325 1.9517250566708024 11.177301045336275
    endloop
  endfacet
  facet normal 0.38113198409123034 -0.6358802994802761 0.6711144875768638
    outer loop
      vertex 5.167791628907152 1.8152155299255317 11.163439328416366
      vertex 5.376314719017178 1.940199460277558 11.163439328416366
      vertex 5.3726533071664 1.9456791503529232 11.170710678118656
    endloop
  endfacet
  facet normal 0.30648876930859154 -0.5113456192347218 0.8028638066180115
    outer loop
      vertex 5.161257260784302 1.8274404728375768 11.177301045336275
      vertex 5.3686135617179325 1.9517250566708024 11.177301045336275
      vertex 5.364234387628791 1.958278953848327 11.183146961230257
    endloop
  endfacet
  facet normal 0.49873117663819455 -0.8320826989028951 0.24270474992376198
    outer loop
      vertex 5.1775860664532996 1.7968914261092004 11.119509032201615
      vertex 5.3878580699246275 1.9229236147889992 11.119509032201615
      vertex 5.386533315777905 1.9249062494790983 11.129028467725448
    endloop
  endfacet
  facet normal 0.5085515390773295 -0.8484669837948862 0.14655752970109684
    outer loop
      vertex 5.17826485165163 1.795621508323256 11.109801714032958
      vertex 5.388658060296528 1.9217263445883366 11.109801714032958
      vertex 5.3878580699246275 1.9229236147889992 11.119509032201615
    endloop
  endfacet
  facet normal 0.4841165356414041 -0.8076996434739544 0.33653003707041035
    outer loop
      vertex 5.176462023542529 1.7989943624844584 11.129028467725448
      vertex 5.386533315777905 1.9249062494790983 11.129028467725448
      vertex 5.384696555962979 1.9276551548027494 11.138268343236511
    endloop
  endfacet
  facet normal 0.46484568246024344 -0.7755481673355933 0.4271340909368777
    outer loop
      vertex 5.174903548067009 1.8019100650221556 11.138268343236511
      vertex 5.384696555962979 1.9276551548027494 11.138268343236511
      vertex 5.382365479480941 1.9311438572989816 11.147139673682602
    endloop
  endfacet
  facet normal 0.44110100012039316 -0.7359325581829549 0.5136469385668339
    outer loop
      vertex 5.172925648997522 1.8056104539129678 11.147139673682602
      vertex 5.382365479480941 1.9311438572989816 11.147139673682602
      vertex 5.37956253587261 1.9353387588556363 11.155557023301961
    endloop
  endfacet
  facet normal 0.12505851708818688 -0.20864753056138327 0.9699621514751697
    outer loop
      vertex 5.145036093343228 1.8577881426054268 11.195694033573222
      vertex 5.349495911825474 1.9803366416684773 11.195694033573222
      vertex 5.344207196813282 1.9882517630328183 11.198078528040323
    endloop
  endfacet
  facet normal 0.025256174902002396 -0.042137382142579054 0.9987925543652645
    outer loop
      vertex 5.135972664392831 1.8747446255312217 11.199518472667222
      vertex 5.338814099796327 1.9963231031070086 11.199518472667222
      vertex 5.333368559247045 2.004472930473891 11.200000000000001
    endloop
  endfacet
  facet normal 0.07552355124432573 -0.12600343289887805 0.9891508116081913
    outer loop
      vertex 5.140548662500868 1.8661835352184886 11.198078528040323
      vertex 5.344207196813282 1.9882517630328183 11.198078528040323
      vertex 5.338814099796327 1.9963231031070086 11.199518472667222
    endloop
  endfacet
  facet normal 0.17338112777825213 -0.28926893584840846 0.9414151407766239
    outer loop
      vertex 5.149391740507822 1.8496392999122886 11.19238795325113
      vertex 5.354629311616227 1.9726539659595703 11.19238795325113
      vertex 5.349495911825474 1.9803366416684773 11.195694033573222
    endloop
  endfacet
  facet normal 0.029264745215223802 -0.03945894109068673 0.9987925543652646
    outer loop
      vertex 5.333368559247045 2.004472930473891 11.200000000000001
      vertex 5.338814099796327 1.9963231031070086 11.199518472667222
      vertex 5.52254388199275 2.144774911929431 11.200000000000001
    endloop
  endfacet
  facet normal 0 0 1
    outer loop
      vertex 5.388925582549006 1.9213259692436364 11.105
      vertex 5.585983210409114 2.067473866593157 11.105
      vertex 5.388789115472136 1.9215302066572937 11.105
    endloop
  endfacet
  facet normal 0.594983483068759 -0.8022423580208884 0.04900871220969376
    outer loop
      vertex 5.388789115472136 1.9215302066572937 11.105
      vertex 5.585677732703057 2.0678460922549764 11.109801714032958
      vertex 5.388658060296528 1.9217263445883366 11.109801714032958
    endloop
  endfacet
  facet normal 0.511110983068158 -0.6891533831361639 0.5136469385668337
    outer loop
      vertex 5.382365479480941 1.9311438572989816 11.147139673682602
      vertex 5.575291755795838 2.080501441733098 11.155557023301961
      vertex 5.37956253587261 1.9353387588556363 11.155557023301961
    endloop
  endfacet
  facet normal 0.5892670318310196 -0.7945346157877395 0.14655752970110172
    outer loop
      vertex 5.388658060296528 1.9217263445883366 11.109801714032958
      vertex 5.584764241502186 2.068959184503831 11.119509032201615
      vertex 5.3878580699246275 1.9229236147889992 11.119509032201615
    endloop
  endfacet
  facet normal 0.5778880163697496 -0.7791917895490679 0.24270474992376426
    outer loop
      vertex 5.3878580699246275 1.9229236147889992 11.119509032201615
      vertex 5.5832515342261315 2.0708024236528866 11.129028467725448
      vertex 5.386533315777905 1.9249062494790983 11.129028467725448
    endloop
  endfacet
  facet normal 0.5609537914983016 -0.7563586305140355 0.33653003707041174
    outer loop
      vertex 5.386533315777905 1.9249062494790983 11.129028467725448
      vertex 5.5811541790728905 2.0733580583015208 11.138268343236511
      vertex 5.384696555962979 1.9276551548027494 11.138268343236511
    endloop
  endfacet
  facet normal 0.5386243369940138 -0.7262508464417021 0.42713409093687443
    outer loop
      vertex 5.384696555962979 1.9276551548027494 11.138268343236511
      vertex 5.57849237471912 2.0766014762910148 11.147139673682602
      vertex 5.382365479480941 1.9311438572989816 11.147139673682602
    endloop
  endfacet
  facet normal 0.4786746938065978 -0.6454181099342436 0.595236088353242
    outer loop
      vertex 5.37956253587261 1.9353387588556363 11.155557023301961
      vertex 5.571583146012911 2.0850203958286246 11.163439328416366
      vertex 5.376314719017178 1.940199460277558 11.163439328416366
    endloop
  endfacet
  facet normal 0.35513357742990503 -0.4788421976023776 0.802863806618011
    outer loop
      vertex 5.364234387628791 1.958278953848327 11.183146961230257
      vertex 5.3686135617179325 1.9517250566708024 11.177301045336275
      vertex 5.557788884463636 2.1018287521592987 11.183146961230257
    endloop
  endfacet
  facet normal 0.25494519922061865 -0.34375380764178026 0.903789945245098
    outer loop
      vertex 5.359557958739355 1.9652777242729513 11.188192126434837
      vertex 5.54682106193806 2.115193082574736 11.19238795325113
      vertex 5.354629311616227 1.9726539659595703 11.19238795325113
    endloop
  endfacet
  facet normal 0.3065222380301911 -0.41329739399633675 0.8574551776674975
    outer loop
      vertex 5.364234387628791 1.958278953848327 11.183146961230257
      vertex 5.552448974394657 2.108335451404673 11.188192126434837
      vertex 5.359557958739355 1.9652777242729513 11.188192126434837
    endloop
  endfacet
  facet normal 0.2008995641361532 -0.2708817045251173 0.941415140776624
    outer loop
      vertex 5.354629311616227 1.9726539659595703 11.19238795325113
      vertex 5.540959346967334 2.122335602932558 11.195694033573222
      vertex 5.349495911825474 1.9803366416684773 11.195694033573222
    endloop
  endfacet
  facet normal 0.14490736042888838 -0.19538495745371828 0.9699621514751701
    outer loop
      vertex 5.344207196813282 1.9882517630328183 11.198078528040323
      vertex 5.349495911825474 1.9803366416684773 11.195694033573222
      vertex 5.534920281001985 2.129694226102594 11.198078528040323
    endloop
  endfacet
  facet normal 0.08751038086685435 -0.11799408940872744 0.9891508116081913
    outer loop
      vertex 5.344207196813282 1.9882517630328183 11.198078528040323
      vertex 5.528762023548549 2.1371980845210836 11.199518472667222
      vertex 5.338814099796327 1.9963231031070086 11.199518472667222
    endloop
  endfacet
  facet normal 0.441623897960825 -0.5954608948657576 0.6711144875768651
    outer loop
      vertex 5.376314719017178 1.940199460277558 11.163439328416366
      vertex 5.567402261309881 2.0901148185793432 11.170710678118656
      vertex 5.3726533071664 1.9456791503529232 11.170710678118656
    endloop
  endfacet
  facet normal 0.40031185855532925 -0.5397580579796325 0.7405482123035837
    outer loop
      vertex 5.3726533071664 1.9456791503529232 11.170710678118656
      vertex 5.562789365891943 2.0957356479092697 11.177301045336275
      vertex 5.3686135617179325 1.9517250566708024 11.177301045336275
    endloop
  endfacet
  facet normal 0.5956993044924332 -0.8032075314806448 0
    outer loop
      vertex 5.585983210409114 2.067473866593157 10.305000000000001
      vertex 5.388925582549006 1.9213259692436364 9.600000000000001
      vertex 5.585983210409114 2.067473866593157 9.600000000000001
    endloop
  endfacet
  facet normal 0.5956993044924334 -0.803207531480645 0
    outer loop
      vertex 5.388925582549006 1.9213259692436364 10.305000000000001
      vertex 5.585983210409114 2.067473866593157 10.305000000000001
      vertex 5.585983210409114 2.067473866593157 11.105
    endloop
  endfacet
  facet normal 0 0 1
    outer loop
      vertex 5.388789115472136 1.9215302066572937 11.105
      vertex 5.585983210409114 2.067473866593157 11.105
      vertex 5.585827381691285 2.0676637444352197 11.105
    endloop
  endfacet
  facet normal 0.5949834830687524 -0.8022423580208843 0.04900871220984021
    outer loop
      vertex 5.388789115472136 1.9215302066572937 11.105
      vertex 5.585827381691285 2.0676637444352197 11.105
      vertex 5.585677732703057 2.0678460922549764 11.109801714032958
    endloop
  endfacet
  facet normal 0.5892670318310209 -0.7945346157877405 0.1465575297010914
    outer loop
      vertex 5.388658060296528 1.9217263445883366 11.109801714032958
      vertex 5.585677732703057 2.0678460922549764 11.109801714032958
      vertex 5.584764241502186 2.068959184503831 11.119509032201615
    endloop
  endfacet
  facet normal 0.5778880163697573 -0.7791917895490752 0.24270474992372287
    outer loop
      vertex 5.3878580699246275 1.9229236147889992 11.119509032201615
      vertex 5.584764241502186 2.068959184503831 11.119509032201615
      vertex 5.5832515342261315 2.0708024236528866 11.129028467725448
    endloop
  endfacet
  facet normal 0.5609537914983016 -0.7563586305140355 0.33653003707041146
    outer loop
      vertex 5.386533315777905 1.9249062494790983 11.129028467725448
      vertex 5.5832515342261315 2.0708024236528866 11.129028467725448
      vertex 5.5811541790728905 2.0733580583015208 11.138268343236511
    endloop
  endfacet
  facet normal 0.5386243369940215 -0.7262508464417107 0.4271340909368504
    outer loop
      vertex 5.384696555962979 1.9276551548027494 11.138268343236511
      vertex 5.5811541790728905 2.0733580583015208 11.138268343236511
      vertex 5.57849237471912 2.0766014762910148 11.147139673682602
    endloop
  endfacet
  facet normal 0.5111109830681362 -0.6891533831361388 0.5136469385668893
    outer loop
      vertex 5.382365479480941 1.9311438572989816 11.147139673682602
      vertex 5.57849237471912 2.0766014762910148 11.147139673682602
      vertex 5.575291755795838 2.080501441733098 11.155557023301961
    endloop
  endfacet
  facet normal 0.44162389796082957 -0.5954608948657629 0.6711144875768571
    outer loop
      vertex 5.376314719017178 1.940199460277558 11.163439328416366
      vertex 5.571583146012911 2.0850203958286246 11.163439328416366
      vertex 5.567402261309881 2.0901148185793432 11.170710678118656
    endloop
  endfacet
  facet normal 0.4003118585553202 -0.5397580579796217 0.7405482123035966
    outer loop
      vertex 5.3726533071664 1.9456791503529232 11.170710678118656
      vertex 5.567402261309881 2.0901148185793432 11.170710678118656
      vertex 5.562789365891943 2.0957356479092697 11.177301045336275
    endloop
  endfacet
  facet normal 0.35513357742992263 -0.47884219760239893 0.8028638066179906
    outer loop
      vertex 5.3686135617179325 1.9517250566708024 11.177301045336275
      vertex 5.562789365891943 2.0957356479092697 11.177301045336275
      vertex 5.557788884463636 2.1018287521592987 11.183146961230257
    endloop
  endfacet
  facet normal 0.4786746938065919 -0.6454181099342365 0.5952360883532546
    outer loop
      vertex 5.37956253587261 1.9353387588556363 11.155557023301961
      vertex 5.575291755795838 2.080501441733098 11.155557023301961
      vertex 5.571583146012911 2.0850203958286246 11.163439328416366
    endloop
  endfacet
  facet normal 0 0 1
    outer loop
      vertex 4 1.5999999999999996 11.200000000000001
      vertex 4.235241136790945 1.611556655986727 11.200000000000001
      vertex 4 6.4 11.200000000000001
    endloop
  endfacet
  facet normal 0 0 1
    outer loop
      vertex 4.235241136790945 1.611556655986727 11.200000000000001
      vertex 4.468216772838708 1.6461153270322466 11.200000000000001
      vertex 4.235241136790945 6.3884433440132735 11.200000000000001
    endloop
  endfacet
  facet normal 0 0 1
    outer loop
      vertex 4.468216772838708 1.6461153270322466 11.200000000000001
      vertex 4.69668322541071 1.7033431942426986 11.200000000000001
      vertex 4.468216772838708 6.353884672967753 11.200000000000001
    endloop
  endfacet
  facet normal 0 0 1
    outer loop
      vertex 4.69668322541071 1.7033431942426986 11.200000000000001
      vertex 4.918440237676216 1.7826891219729113 11.200000000000001
      vertex 4.69668322541071 6.296656805757301 11.200000000000001
    endloop
  endfacet
  facet normal 0.6715589548470189 -0.7409511253549587 0
    outer loop
      vertex 5.585983210409114 2.067473866593157 10.305000000000001
      vertex 5.585983210409114 2.067473866593157 9.600000000000001
      vertex 5.767766952966369 2.2322330470336307 10.305000000000001
    endloop
  endfacet
  facet normal 0.6715589548470189 -0.7409511253549587 0
    outer loop
      vertex 5.767766952966369 2.2322330470336307 10.305000000000001
      vertex 5.585983210409114 2.067473866593157 9.600000000000001
      vertex 5.767766952966369 2.2322330470336307 9.600000000000001
    endloop
  endfacet
  facet normal 0.7409511253549586 -0.6715589548470189 0
    outer loop
      vertex 5.767766952966369 2.2322330470336307 10.305000000000001
      vertex 5.767766952966369 2.2322330470336307 9.600000000000001
      vertex 5.932526133406843 2.414016789590886 10.305000000000001
    endloop
  endfacet
  facet normal 0.7409511253549586 -0.6715589548470189 0
    outer loop
      vertex 5.932526133406843 2.414016789590886 10.305000000000001
      vertex 5.767766952966369 2.2322330470336307 9.600000000000001
      vertex 5.932526133406843 2.414016789590886 9.600000000000001
    endloop
  endfacet
  facet normal 0.6715589548470188 -0.7409511253549587 0
    outer loop
      vertex 5.585983210409114 2.067473866593157 10.305000000000001
      vertex 5.767766952966369 2.2322330470336307 11.105
      vertex 5.585983210409114 2.067473866593157 11.105
    endloop
  endfacet
  facet normal 0.14490736042888996 -0.19538495745372028 0.9699621514751696
    outer loop
      vertex 5.349495911825474 1.9803366416684773 11.195694033573222
      vertex 5.540959346967334 2.122335602932558 11.195694033573222
      vertex 5.534920281001985 2.129694226102594 11.198078528040323
    endloop
  endfacet
  facet normal 0.30652223803019674 -0.4132973939963436 0.8574551776674922
    outer loop
      vertex 5.364234387628791 1.958278953848327 11.183146961230257
      vertex 5.557788884463636 2.1018287521592987 11.183146961230257
      vertex 5.552448974394657 2.108335451404673 11.188192126434837
    endloop
  endfacet
  facet normal 0.2549451992206113 -0.3437538076417714 0.9037899452451033
    outer loop
      vertex 5.359557958739355 1.9652777242729513 11.188192126434837
      vertex 5.552448974394657 2.108335451404673 11.188192126434837
      vertex 5.54682106193806 2.115193082574736 11.19238795325113
    endloop
  endfacet
  facet normal 0.20089956413615517 -0.27088170452511967 0.9414151407766229
    outer loop
      vertex 5.354629311616227 1.9726539659595703 11.19238795325113
      vertex 5.54682106193806 2.115193082574736 11.19238795325113
      vertex 5.540959346967334 2.122335602932558 11.195694033573222
    endloop
  endfacet
  facet normal 0.0875103808668497 -0.11799408940872169 0.9891508116081923
    outer loop
      vertex 5.344207196813282 1.9882517630328183 11.198078528040323
      vertex 5.534920281001985 2.129694226102594 11.198078528040323
      vertex 5.528762023548549 2.1371980845210836 11.199518472667222
    endloop
  endfacet
  facet normal 0.029264745215225787 -0.03945894109068918 0.9987925543652642
    outer loop
      vertex 5.338814099796327 1.9963231031070086 11.199518472667222
      vertex 5.528762023548549 2.1371980845210836 11.199518472667222
      vertex 5.52254388199275 2.144774911929431 11.200000000000001
    endloop
  endfacet
  facet normal 0.03299148003428802 -0.036400488865642365 0.9987925543652643
    outer loop
      vertex 5.52254388199275 2.144774911929431 11.200000000000001
      vertex 5.528762023548549 2.1371980845210836 11.199518472667222
      vertex 5.697056274847714 2.3029437251522857 11.200000000000001
    endloop
  endfacet
  facet normal 0.34555647833821307 -0.3812628208594458 0.8574551776674919
    outer loop
      vertex 5.557788884463636 2.1018287521592987 11.183146961230257
      vertex 5.7303890577716015 2.269610942228398 11.188192126434837
      vertex 5.552448974394657 2.108335451404673 11.188192126434837
    endloop
  endfacet
  facet normal 0.28741133360519533 -0.31710953973214684 0.9037899452451045
    outer loop
      vertex 5.552448974394657 2.108335451404673 11.188192126434837
      vertex 5.724116079855024 2.2758839201449756 11.19238795325113
      vertex 5.54682106193806 2.115193082574736 11.19238795325113
    endloop
  endfacet
  facet normal 0.6514794785979471 -0.7187968373123325 0.24270474992371927
    outer loop
      vertex 5.584764241502186 2.068959184503831 11.119509032201615
      vertex 5.764722174906432 2.2352778250935676 11.129028467725448
      vertex 5.5832515342261315 2.0708024236528866 11.129028467725448
    endloop
  endfacet
  facet normal 0.5761986878472691 -0.635737284280189 0.5136469385668869
    outer loop
      vertex 5.57849237471912 2.0766014762910148 11.147139673682602
      vertex 5.755850054968683 2.2441499450313174 11.155557023301961
      vertex 5.575291755795838 2.080501441733098 11.155557023301961
    endloop
  endfacet
  facet normal 0.6323887556945385 -0.697733470474579 0.33653003707041224
    outer loop
      vertex 5.5832515342261315 2.0708024236528866 11.129028467725448
      vertex 5.762384423091533 2.2376155769084667 11.138268343236511
      vertex 5.5811541790728905 2.0733580583015208 11.138268343236511
    endloop
  endfacet
  facet normal 0.6072157447205297 -0.669959332887483 0.4271340909368524
    outer loop
      vertex 5.5811541790728905 2.0733580583015208 11.138268343236511
      vertex 5.759417525497048 2.2405824745029523 11.147139673682602
      vertex 5.57849237471912 2.0766014762910148 11.147139673682602
    endloop
  endfacet
  facet normal 0.5396317817734717 -0.5953919206891373 0.5952360883532586
    outer loop
      vertex 5.575291755795838 2.080501441733098 11.155557023301961
      vertex 5.751716368197802 2.248283631802198 11.163439328416366
      vertex 5.571583146012911 2.0850203958286246 11.163439328416366
    endloop
  endfacet
  facet normal 0.49786273227688066 -0.5493068763216528 0.6711144875768572
    outer loop
      vertex 5.571583146012911 2.0850203958286246 11.163439328416366
      vertex 5.747056274847714 2.252943725152286 11.170710678118656
      vertex 5.567402261309881 2.0901148185793432 11.170710678118656
    endloop
  endfacet
  facet normal 0.45128978885301513 -0.4979215517839641 0.7405482123035949
    outer loop
      vertex 5.567402261309881 2.0901148185793432 11.170710678118656
      vertex 5.741914654164846 2.2580853458351537 11.177301045336275
      vertex 5.562789365891943 2.0957356479092697 11.177301045336275
    endloop
  endfacet
  facet normal 0.4003582550648248 -0.44172726384537037 0.8028638066179911
    outer loop
      vertex 5.557788884463636 2.1018287521592987 11.183146961230257
      vertex 5.562789365891943 2.0957356479092697 11.177301045336275
      vertex 5.7363410227670695 2.2636589772329305 11.183146961230257
    endloop
  endfacet
  facet normal 0 0 1
    outer loop
      vertex 5.585983210409114 2.067473866593157 11.105
      vertex 5.767766952966369 2.2322330470336307 11.105
      vertex 5.585827381691285 2.0676637444352197 11.105
    endloop
  endfacet
  facet normal 0.6707519767566992 -0.7400607622381514 0.049008712209838
    outer loop
      vertex 5.585827381691285 2.0676637444352197 11.105
      vertex 5.767426461724034 2.2325735382759664 11.109801714032958
      vertex 5.585677732703057 2.0678460922549764 11.109801714032958
    endloop
  endfacet
  facet normal 0.6643075609420501 -0.7329504450937582 0.1465575297010914
    outer loop
      vertex 5.585677732703057 2.0678460922549764 11.109801714032958
      vertex 5.766408267113822 2.233591732886178 11.119509032201615
      vertex 5.584764241502186 2.068959184503831 11.119509032201615
    endloop
  endfacet
  facet normal 0.16336066667424068 -0.18024072039749417 0.9699621514751697
    outer loop
      vertex 5.540959346967334 2.122335602932558 11.195694033573222
      vertex 5.710851243811861 2.2891487561881387 11.198078528040323
      vertex 5.534920281001985 2.129694226102594 11.198078528040323
    endloop
  endfacet
  facet normal 0.09865443768358914 -0.10884839833543396 0.9891508116081924
    outer loop
      vertex 5.528762023548549 2.1371980845210836 11.199518472667222
      vertex 5.534920281001985 2.129694226102594 11.198078528040323
      vertex 5.703987133307669 2.296012866692331 11.199518472667222
    endloop
  endfacet
  facet normal 0.22648322786855365 -0.24988573430825065 0.9414151407766219
    outer loop
      vertex 5.540959346967334 2.122335602932558 11.195694033573222
      vertex 5.54682106193806 2.115193082574736 11.19238795325113
      vertex 5.717582501223832 2.2824174987761676 11.195694033573222
    endloop
  endfacet
  facet normal 0.03299148003428771 -0.03640048886564205 0.9987925543652644
    outer loop
      vertex 5.528762023548549 2.1371980845210836 11.199518472667222
      vertex 5.703987133307669 2.296012866692331 11.199518472667222
      vertex 5.697056274847714 2.3029437251522857 11.200000000000001
    endloop
  endfacet
  facet normal 0.16336066667423746 -0.1802407203974909 0.969962151475171
    outer loop
      vertex 5.540959346967334 2.122335602932558 11.195694033573222
      vertex 5.717582501223832 2.2824174987761676 11.195694033573222
      vertex 5.710851243811861 2.2891487561881387 11.198078528040323
    endloop
  endfacet
  facet normal 0.3455564783382065 -0.3812628208594393 0.8574551776674976
    outer loop
      vertex 5.557788884463636 2.1018287521592987 11.183146961230257
      vertex 5.7363410227670695 2.2636589772329305 11.183146961230257
      vertex 5.7303890577716015 2.269610942228398 11.188192126434837
    endloop
  endfacet
  facet normal 0.22648322786854796 -0.24988573430824484 0.941415140776625
    outer loop
      vertex 5.54682106193806 2.115193082574736 11.19238795325113
      vertex 5.724116079855024 2.2758839201449756 11.19238795325113
      vertex 5.717582501223832 2.2824174987761676 11.195694033573222
    endloop
  endfacet
  facet normal 0.2874113336052045 -0.31710953973215605 0.9037899452450984
    outer loop
      vertex 5.552448974394657 2.108335451404673 11.188192126434837
      vertex 5.7303890577716015 2.269610942228398 11.188192126434837
      vertex 5.724116079855024 2.2758839201449756 11.19238795325113
    endloop
  endfacet
  facet normal 0.6514794785979481 -0.7187968373123332 0.24270474992371455
    outer loop
      vertex 5.584764241502186 2.068959184503831 11.119509032201615
      vertex 5.766408267113822 2.233591732886178 11.119509032201615
      vertex 5.764722174906432 2.2352778250935676 11.129028467725448
    endloop
  endfacet
  facet normal 0.6323887556945346 -0.6977334704745758 0.33653003707042667
    outer loop
      vertex 5.5832515342261315 2.0708024236528866 11.129028467725448
      vertex 5.764722174906432 2.2352778250935676 11.129028467725448
      vertex 5.762384423091533 2.2376155769084667 11.138268343236511
    endloop
  endfacet
  facet normal 0.607215744720506 -0.6699593328874612 0.4271340909369201
    outer loop
      vertex 5.5811541790728905 2.0733580583015208 11.138268343236511
      vertex 5.762384423091533 2.2376155769084667 11.138268343236511
      vertex 5.759417525497048 2.2405824745029523 11.147139673682602
    endloop
  endfacet
  facet normal 0.576198687847297 -0.6357372842802155 0.5136469385668232
    outer loop
      vertex 5.57849237471912 2.0766014762910148 11.147139673682602
      vertex 5.759417525497048 2.2405824745029523 11.147139673682602
      vertex 5.755850054968683 2.2441499450313174 11.155557023301961
    endloop
  endfacet
  facet normal 0.49786273227687805 -0.5493068763216502 0.6711144875768611
    outer loop
      vertex 5.571583146012911 2.0850203958286246 11.163439328416366
      vertex 5.751716368197802 2.248283631802198 11.163439328416366
      vertex 5.747056274847714 2.252943725152286 11.170710678118656
    endloop
  endfacet
  facet normal 0.4512897888530271 -0.4979215517839759 0.7405482123035796
    outer loop
      vertex 5.567402261309881 2.0901148185793432 11.170710678118656
      vertex 5.747056274847714 2.252943725152286 11.170710678118656
      vertex 5.741914654164846 2.2580853458351537 11.177301045336275
    endloop
  endfacet
  facet normal 0.5396317817734679 -0.5953919206891336 0.5952360883532657
    outer loop
      vertex 5.575291755795838 2.080501441733098 11.155557023301961
      vertex 5.755850054968683 2.2441499450313174 11.155557023301961
      vertex 5.751716368197802 2.248283631802198 11.163439328416366
    endloop
  endfacet
  facet normal 0.4003582550648182 -0.44172726384536387 0.802863806617998
    outer loop
      vertex 5.562789365891943 2.0957356479092697 11.177301045336275
      vertex 5.741914654164846 2.2580853458351537 11.177301045336275
      vertex 5.7363410227670695 2.2636589772329305 11.183146961230257
    endloop
  endfacet
  facet normal 0.098654437683589 -0.1088483983354338 0.9891508116081923
    outer loop
      vertex 5.534920281001985 2.129694226102594 11.198078528040323
      vertex 5.710851243811861 2.2891487561881387 11.198078528040323
      vertex 5.703987133307669 2.296012866692331 11.199518472667222
    endloop
  endfacet
  facet normal 0.6715589548470188 -0.7409511253549587 0
    outer loop
      vertex 5.585983210409114 2.067473866593157 10.305000000000001
      vertex 5.767766952966369 2.2322330470336307 10.305000000000001
      vertex 5.767766952966369 2.2322330470336307 11.105
    endloop
  endfacet
  facet normal 0.7409511253549586 -0.6715589548470189 0
    outer loop
      vertex 5.767766952966369 2.2322330470336307 10.305000000000001
      vertex 5.932526133406843 2.414016789590886 11.105
      vertex 5.767766952966369 2.2322330470336307 11.105
    endloop
  endfacet
  facet normal 0 0 1
    outer loop
      vertex 5.585827381691285 2.0676637444352197 11.105
      vertex 5.767766952966369 2.2322330470336307 11.105
      vertex 5.767593263323318 2.2324067366766824 11.105
    endloop
  endfacet
  facet normal 0.6707519767567056 -0.7400607622381545 0.04900871220970228
    outer loop
      vertex 5.585827381691285 2.0676637444352197 11.105
      vertex 5.767593263323318 2.2324067366766824 11.105
      vertex 5.767426461724034 2.2325735382759664 11.109801714032958
    endloop
  endfacet
  facet normal 0.6643075609420503 -0.7329504450937585 0.14655752970108832
    outer loop
      vertex 5.585677732703057 2.0678460922549764 11.109801714032958
      vertex 5.767426461724034 2.2325735382759664 11.109801714032958
      vertex 5.766408267113822 2.233591732886178 11.119509032201615
    endloop
  endfacet
  facet normal 0 0 1
    outer loop
      vertex 5.767766952966369 2.2322330470336307 11.105
      vertex 5.932526133406843 2.414016789590886 11.105
      vertex 5.767593263323318 2.2324067366766824 11.105
    endloop
  endfacet
  facet normal 0.7400607622381565 -0.6707519767567037 0.04900871220970219
    outer loop
      vertex 5.767593263323318 2.2324067366766824 11.105
      vertex 5.932153907745024 2.414322267296943 11.109801714032958
      vertex 5.767426461724034 2.2325735382759664 11.109801714032958
    endloop
  endfacet
  facet normal 0.7409511253549586 -0.6715589548470189 0
    outer loop
      vertex 5.767766952966369 2.2322330470336307 10.305000000000001
      vertex 5.932526133406843 2.414016789590886 10.305000000000001
      vertex 5.932526133406843 2.414016789590886 11.105
    endloop
  endfacet
  facet normal 0.10884839833543336 -0.0986544376835889 0.9891508116081923
    outer loop
      vertex 5.703987133307669 2.296012866692331 11.199518472667222
      vertex 5.710851243811861 2.2891487561881387 11.198078528040323
      vertex 5.862801915478917 2.4712379764514507 11.199518472667222
    endloop
  endfacet
  facet normal 0.18024072039749067 -0.16336066667423754 0.9699621514751707
    outer loop
      vertex 5.717582501223832 2.2824174987761676 11.195694033573222
      vertex 5.870305773897406 2.465079718998015 11.198078528040323
      vertex 5.710851243811861 2.2891487561881387 11.198078528040323
    endloop
  endfacet
  facet normal 0.03640048886564222 -0.032991480034287785 0.9987925543652643
    outer loop
      vertex 5.697056274847714 2.3029437251522857 11.200000000000001
      vertex 5.703987133307669 2.296012866692331 11.199518472667222
      vertex 5.8552250880705685 2.4774561180072503 11.200000000000001
    endloop
  endfacet
  facet normal 0.4417272638453633 -0.4003582550648184 0.8028638066179983
    outer loop
      vertex 5.7363410227670695 2.2636589772329305 11.183146961230257
      vertex 5.741914654164846 2.2580853458351537 11.177301045336275
      vertex 5.898171247840701 2.442211115536364 11.183146961230257
    endloop
  endfacet
  facet normal 0.24988573430824537 -0.2264832278685477 0.941415140776625
    outer loop
      vertex 5.717582501223832 2.2824174987761676 11.195694033573222
      vertex 5.724116079855024 2.2758839201449756 11.19238795325113
      vertex 5.877664397067441 2.4590406530326665 11.195694033573222
    endloop
  endfacet
  facet normal 0.317109539732157 -0.28741133360520527 0.903789945245098
    outer loop
      vertex 5.7303890577716015 2.269610942228398 11.188192126434837
      vertex 5.884806917425264 2.45317893806194 11.19238795325113
      vertex 5.724116079855024 2.2758839201449756 11.19238795325113
    endloop
  endfacet
  facet normal 0.3812628208594379 -0.345556478338206 0.8574551776674983
    outer loop
      vertex 5.7363410227670695 2.2636589772329305 11.183146961230257
      vertex 5.891664548595327 2.4475510256053434 11.188192126434837
      vertex 5.7303890577716015 2.269610942228398 11.188192126434837
    endloop
  endfacet
  facet normal 0.6357372842802178 -0.5761986878472938 0.5136469385668238
    outer loop
      vertex 5.755850054968683 2.2441499450313174 11.155557023301961
      vertex 5.759417525497048 2.2405824745029523 11.147139673682602
      vertex 5.919498558266902 2.424708244204162 11.155557023301961
    endloop
  endfacet
  facet normal 0.7187968373123333 -0.651479478597948 0.2427047499237144
    outer loop
      vertex 5.766408267113822 2.233591732886178 11.119509032201615
      vertex 5.929197576347113 2.4167484657738685 11.129028467725448
      vertex 5.764722174906432 2.2352778250935676 11.129028467725448
    endloop
  endfacet
  facet normal 0.7329504450937575 -0.6643075609420512 0.14655752970108915
    outer loop
      vertex 5.767426461724034 2.2325735382759664 11.109801714032958
      vertex 5.93104081549617 2.415235758497814 11.119509032201615
      vertex 5.766408267113822 2.233591732886178 11.119509032201615
    endloop
  endfacet
  facet normal 0.6977334704745751 -0.6323887556945348 0.33653003707042745
    outer loop
      vertex 5.764722174906432 2.2352778250935676 11.129028467725448
      vertex 5.926641941698479 2.4188458209271095 11.138268343236511
      vertex 5.762384423091533 2.2376155769084667 11.138268343236511
    endloop
  endfacet
  facet normal 0.6699593328874601 -0.6072157447205075 0.42713409093692006
    outer loop
      vertex 5.762384423091533 2.2376155769084667 11.138268343236511
      vertex 5.923398523708985 2.42150762528088 11.147139673682602
      vertex 5.759417525497048 2.2405824745029523 11.147139673682602
    endloop
  endfacet
  facet normal 0.5953919206891339 -0.5396317817734673 0.5952360883532658
    outer loop
      vertex 5.755850054968683 2.2441499450313174 11.155557023301961
      vertex 5.914979604171375 2.4284168539870894 11.163439328416366
      vertex 5.751716368197802 2.248283631802198 11.163439328416366
    endloop
  endfacet
  facet normal 0.5493068763216493 -0.497862732276879 0.6711144875768612
    outer loop
      vertex 5.751716368197802 2.248283631802198 11.163439328416366
      vertex 5.909885181420657 2.432597738690119 11.170710678118656
      vertex 5.747056274847714 2.252943725152286 11.170710678118656
    endloop
  endfacet
  facet normal 0.49792155178397685 -0.4512897888530267 0.7405482123035793
    outer loop
      vertex 5.747056274847714 2.252943725152286 11.170710678118656
      vertex 5.90426435209073 2.437210634108057 11.177301045336275
      vertex 5.741914654164846 2.2580853458351537 11.177301045336275
    endloop
  endfacet
  facet normal 0.03640048886563986 -0.03299148003428582 0.9987925543652645
    outer loop
      vertex 5.703987133307669 2.296012866692331 11.199518472667222
      vertex 5.862801915478917 2.4712379764514507 11.199518472667222
      vertex 5.8552250880705685 2.4774561180072503 11.200000000000001
    endloop
  endfacet
  facet normal 0.1088483983354375 -0.09865443768359235 0.9891508116081916
    outer loop
      vertex 5.710851243811861 2.2891487561881387 11.198078528040323
      vertex 5.870305773897406 2.465079718998015 11.198078528040323
      vertex 5.862801915478917 2.4712379764514507 11.199518472667222
    endloop
  endfacet
  facet normal 0.18024072039750588 -0.16336066667425017 0.9699621514751658
    outer loop
      vertex 5.717582501223832 2.2824174987761676 11.195694033573222
      vertex 5.877664397067441 2.4590406530326665 11.195694033573222
      vertex 5.870305773897406 2.465079718998015 11.198078528040323
    endloop
  endfacet
  facet normal 0 0 1
    outer loop
      vertex 5.767593263323318 2.2324067366766824 11.105
      vertex 5.932526133406843 2.414016789590886 11.105
      vertex 5.93233625556478 2.414172618308715 11.105
    endloop
  endfacet
  facet normal 0.7400607622381495 -0.6707519767567011 0.04900871220984021
    outer loop
      vertex 5.767593263323318 2.2324067366766824 11.105
      vertex 5.93233625556478 2.414172618308715 11.105
      vertex 5.932153907745024 2.414322267296943 11.109801714032958
    endloop
  endfacet
  facet normal 0.7329504450937618 -0.6643075609420533 0.1465575297010587
    outer loop
      vertex 5.767426461724034 2.2325735382759664 11.109801714032958
      vertex 5.932153907745024 2.414322267296943 11.109801714032958
      vertex 5.93104081549617 2.415235758497814 11.119509032201615
    endloop
  endfacet
  facet normal 0.3812628208594465 -0.34555647833821307 0.8574551776674917
    outer loop
      vertex 5.7363410227670695 2.2636589772329305 11.183146961230257
      vertex 5.898171247840701 2.442211115536364 11.183146961230257
      vertex 5.891664548595327 2.4475510256053434 11.188192126434837
    endloop
  endfacet
  facet normal 0.4979215517839503 -0.4512897888530052 0.7405482123036101
    outer loop
      vertex 5.747056274847714 2.252943725152286 11.170710678118656
      vertex 5.909885181420657 2.432597738690119 11.170710678118656
      vertex 5.90426435209073 2.437210634108057 11.177301045336275
    endloop
  endfacet
  facet normal 0.44172726384537114 -0.4003582550648248 0.8028638066179907
    outer loop
      vertex 5.741914654164846 2.2580853458351537 11.177301045336275
      vertex 5.90426435209073 2.437210634108057 11.177301045336275
      vertex 5.898171247840701 2.442211115536364 11.183146961230257
    endloop
  endfacet
  facet normal 0.317109539732155 -0.2874113336052036 0.9037899452450989
    outer loop
      vertex 5.7303890577716015 2.269610942228398 11.188192126434837
      vertex 5.891664548595327 2.4475510256053434 11.188192126434837
      vertex 5.884806917425264 2.45317893806194 11.19238795325113
    endloop
  endfacet
  facet normal 0.24988573430822827 -0.22648322786853348 0.9414151407766328
    outer loop
      vertex 5.724116079855024 2.2758839201449756 11.19238795325113
      vertex 5.884806917425264 2.45317893806194 11.19238795325113
      vertex 5.877664397067441 2.4590406530326665 11.195694033573222
    endloop
  endfacet
  facet normal 0.6977334704745795 -0.6323887556945379 0.33653003707041257
    outer loop
      vertex 5.764722174906432 2.2352778250935676 11.129028467725448
      vertex 5.929197576347113 2.4167484657738685 11.129028467725448
      vertex 5.926641941698479 2.4188458209271095 11.138268343236511
    endloop
  endfacet
  facet normal 0.6699593328874761 -0.6072157447205195 0.4271340909368776
    outer loop
      vertex 5.762384423091533 2.2376155769084667 11.138268343236511
      vertex 5.926641941698479 2.4188458209271095 11.138268343236511
      vertex 5.923398523708985 2.42150762528088 11.147139673682602
    endloop
  endfacet
  facet normal 0.6357372842801879 -0.5761986878472707 0.5136469385668867
    outer loop
      vertex 5.759417525497048 2.2405824745029523 11.147139673682602
      vertex 5.923398523708985 2.42150762528088 11.147139673682602
      vertex 5.919498558266902 2.424708244204162 11.155557023301961
    endloop
  endfacet
  facet normal 0.7187968373123256 -0.651479478597943 0.2427047499237509
    outer loop
      vertex 5.766408267113822 2.233591732886178 11.119509032201615
      vertex 5.93104081549617 2.415235758497814 11.119509032201615
      vertex 5.929197576347113 2.4167484657738685 11.129028467725448
    endloop
  endfacet
  facet normal 0.5953919206891372 -0.5396317817734698 0.5952360883532605
    outer loop
      vertex 5.755850054968683 2.2441499450313174 11.155557023301961
      vertex 5.919498558266902 2.424708244204162 11.155557023301961
      vertex 5.914979604171375 2.4284168539870894 11.163439328416366
    endloop
  endfacet
  facet normal 0.5493068763216785 -0.4978627322769023 0.67111448757682
    outer loop
      vertex 5.751716368197802 2.248283631802198 11.163439328416366
      vertex 5.914979604171375 2.4284168539870894 11.163439328416366
      vertex 5.909885181420657 2.432597738690119 11.170710678118656
    endloop
  endfacet
  facet normal 0.11799408940872605 -0.08751038086685282 0.9891508116081914
    outer loop
      vertex 5.862801915478917 2.4712379764514507 11.199518472667222
      vertex 5.870305773897406 2.465079718998015 11.198078528040323
      vertex 6.003676896892991 2.6611859002036735 11.199518472667222
    endloop
  endfacet
  facet normal 0.47884219760239916 -0.35513357742992213 0.8028638066179907
    outer loop
      vertex 5.90426435209073 2.437210634108057 11.177301045336275
      vertex 6.0417210461516735 2.635765612371209 11.183146961230257
      vertex 5.898171247840701 2.442211115536364 11.183146961230257
    endloop
  endfacet
  facet normal 0.34375380764177954 -0.2549451992206175 0.9037899452450985
    outer loop
      vertex 5.891664548595327 2.4475510256053434 11.188192126434837
      vertex 6.02734603404043 2.645370688383773 11.19238795325113
      vertex 5.884806917425264 2.45317893806194 11.19238795325113
    endloop
  endfacet
  facet normal 0.27088170452509647 -0.20089956413613821 0.9414151407766332
    outer loop
      vertex 5.884806917425264 2.45317893806194 11.19238795325113
      vertex 6.019663358331522 2.650504088174526 11.195694033573222
      vertex 5.877664397067441 2.4590406530326665 11.195694033573222
    endloop
  endfacet
  facet normal 0.1953849574537322 -0.14490736042889868 0.9699621514751658
    outer loop
      vertex 5.870305773897406 2.465079718998015 11.198078528040323
      vertex 5.877664397067441 2.4590406530326665 11.195694033573222
      vertex 6.011748236967182 2.655792803186718 11.198078528040323
    endloop
  endfacet
  facet normal 0.4132973939963436 -0.3065222380301969 0.8574551776674922
    outer loop
      vertex 5.898171247840701 2.442211115536364 11.183146961230257
      vertex 6.034722275727049 2.6404420412606444 11.188192126434837
      vertex 5.891664548595327 2.4475510256053434 11.188192126434837
    endloop
  endfacet
  facet normal 0.03945894109068642 -0.029264745215223573 0.9987925543652646
    outer loop
      vertex 5.862801915478917 2.4712379764514507 11.199518472667222
      vertex 5.9955270695261085 2.6666314407529548 11.200000000000001
      vertex 5.8552250880705685 2.4774561180072503 11.200000000000001
    endloop
  endfacet
  facet normal 0 0 1
    outer loop
      vertex 4.918440237676216 1.7826891219729113 11.200000000000001
      vertex 5.131352168382395 1.8833889655639475 11.200000000000001
      vertex 4.918440237676216 6.217310878027089 11.200000000000001
    endloop
  endfacet
  facet normal 0 0 1
    outer loop
      vertex 5.131352168382395 1.8833889655639475 11.200000000000001
      vertex 5.333368559247045 2.004472930473891 11.200000000000001
      vertex 5.131352168382395 6.116611034436053 11.200000000000001
    endloop
  endfacet
  facet normal 0 0 1
    outer loop
      vertex 5.333368559247045 2.004472930473891 11.200000000000001
      vertex 5.52254388199275 2.144774911929431 11.200000000000001
      vertex 5.333368559247045 5.9955270695261085 11.200000000000001
    endloop
  endfacet
  facet normal 0 0 1
    outer loop
      vertex 5.52254388199275 2.144774911929431 11.200000000000001
      vertex 5.697056274847714 2.3029437251522857 11.200000000000001
      vertex 5.52254388199275 5.8552250880705685 11.200000000000001
    endloop
  endfacet
  facet normal 0 0 1
    outer loop
      vertex 5.697056274847714 2.3029437251522857 11.200000000000001
      vertex 5.8552250880705685 2.4774561180072503 11.200000000000001
      vertex 5.697056274847714 5.697056274847714 11.200000000000001
    endloop
  endfacet
  facet normal 0 0 1
    outer loop
      vertex 5.8552250880705685 2.4774561180072503 11.200000000000001
      vertex 5.9955270695261085 2.6666314407529548 11.200000000000001
      vertex 5.8552250880705685 5.52254388199275 11.200000000000001
    endloop
  endfacet
  facet normal 0.8032075314806442 -0.5956993044924345 0
    outer loop
      vertex 5.932526133406843 2.414016789590886 10.305000000000001
      vertex 5.932526133406843 2.414016789590886 9.600000000000001
      vertex 6.078674030756364 2.611074417450994 10.305000000000001
    endloop
  endfacet
  facet normal 0.8032075314806442 -0.5956993044924345 0
    outer loop
      vertex 5.932526133406843 2.414016789590886 10.305000000000001
      vertex 6.078674030756364 2.611074417450994 11.105
      vertex 5.932526133406843 2.414016789590886 11.105
    endloop
  endfacet
  facet normal 0 0 1
    outer loop
      vertex 5.932526133406843 2.414016789590886 11.105
      vertex 6.078674030756364 2.611074417450994 11.105
      vertex 5.93233625556478 2.414172618308715 11.105
    endloop
  endfacet
  facet normal 0.8022423580208823 -0.5949834830687549 0.04900871220984038
    outer loop
      vertex 5.93233625556478 2.414172618308715 11.105
      vertex 6.078273655411664 2.6113419397034723 11.109801714032958
      vertex 5.932153907745024 2.414322267296943 11.109801714032958
    endloop
  endfacet
  facet normal 0.7945346157877462 -0.5892670318310225 0.14655752970105457
    outer loop
      vertex 5.932153907745024 2.414322267296943 11.109801714032958
      vertex 6.077076385211001 2.6121419300753725 11.119509032201615
      vertex 5.93104081549617 2.415235758497814 11.119509032201615
    endloop
  endfacet
  facet normal 0.7791917895490702 -0.5778880163697495 0.2427047499237572
    outer loop
      vertex 5.93104081549617 2.415235758497814 11.119509032201615
      vertex 6.075093750520901 2.613466684222095 11.129028467725448
      vertex 5.929197576347113 2.4167484657738685 11.129028467725448
    endloop
  endfacet
  facet normal 0.6891533831361365 -0.5111109830681393 0.5136469385668893
    outer loop
      vertex 5.923398523708985 2.42150762528088 11.147139673682602
      vertex 6.064661241144364 2.62043746412739 11.155557023301961
      vertex 5.919498558266902 2.424708244204162 11.155557023301961
    endloop
  endfacet
  facet normal 0.7563586305140358 -0.5609537914983015 0.33653003707041135
    outer loop
      vertex 5.929197576347113 2.4167484657738685 11.129028467725448
      vertex 6.07234484519725 2.615303444037021 11.138268343236511
      vertex 5.926641941698479 2.4188458209271095 11.138268343236511
    endloop
  endfacet
  facet normal 0.726250846441702 -0.5386243369940149 0.42713409093687327
    outer loop
      vertex 5.926641941698479 2.4188458209271095 11.138268343236511
      vertex 6.068856142701018 2.6176345205190588 11.147139673682602
      vertex 5.923398523708985 2.42150762528088 11.147139673682602
    endloop
  endfacet
  facet normal 0.5397580579796073 -0.4003118585553092 0.7405482123036129
    outer loop
      vertex 5.909885181420657 2.432597738690119 11.170710678118656
      vertex 6.048274943329197 2.6313864382820675 11.177301045336275
      vertex 5.90426435209073 2.437210634108057 11.177301045336275
    endloop
  endfacet
  facet normal 0.6454181099342315 -0.47867469380659045 0.5952360883532609
    outer loop
      vertex 5.919498558266902 2.424708244204162 11.155557023301961
      vertex 6.059800539722442 2.623685280982822 11.163439328416366
      vertex 5.914979604171375 2.4284168539870894 11.163439328416366
    endloop
  endfacet
  facet normal 0.595460894865793 -0.44162389796085 0.671114487576817
    outer loop
      vertex 5.914979604171375 2.4284168539870894 11.163439328416366
      vertex 6.054320849647077 2.6273466928335996 11.170710678118656
      vertex 5.909885181420657 2.432597738690119 11.170710678118656
    endloop
  endfacet
  facet normal 0.8032075314806442 -0.5956993044924345 0
    outer loop
      vertex 6.078674030756364 2.611074417450994 10.305000000000001
      vertex 5.932526133406843 2.414016789590886 9.600000000000001
      vertex 6.078674030756364 2.611074417450994 9.600000000000001
    endloop
  endfacet
  facet normal 0.8577286100002727 -0.5141027441932208 0
    outer loop
      vertex 6.204803160870888 2.8215081579350056 10.305000000000001
      vertex 6.078674030756364 2.611074417450994 9.600000000000001
      vertex 6.204803160870888 2.8215081579350056 9.600000000000001
    endloop
  endfacet
  facet normal 0.8577286100002727 -0.5141027441932208 0
    outer loop
      vertex 6.078674030756364 2.611074417450994 10.305000000000001
      vertex 6.078674030756364 2.611074417450994 9.600000000000001
      vertex 6.204803160870888 2.8215081579350056 10.305000000000001
    endloop
  endfacet
  facet normal 0.9039892931234443 -0.4275550934302798 0
    outer loop
      vertex 6.204803160870888 2.8215081579350056 10.305000000000001
      vertex 6.204803160870888 2.8215081579350056 9.600000000000001
      vertex 6.309698831278217 3.0432914190872755 10.305000000000001
    endloop
  endfacet
  facet normal 0.9039892931234443 -0.4275550934302798 0
    outer loop
      vertex 6.309698831278217 3.0432914190872755 10.305000000000001
      vertex 6.204803160870888 2.8215081579350056 9.600000000000001
      vertex 6.309698831278217 3.0432914190872755 9.600000000000001
    endloop
  endfacet
  facet normal 0.8032075314806442 -0.5956993044924345 0
    outer loop
      vertex 5.932526133406843 2.414016789590886 10.305000000000001
      vertex 6.078674030756364 2.611074417450994 10.305000000000001
      vertex 6.078674030756364 2.611074417450994 11.105
    endloop
  endfacet
  facet normal 0.8577286100002727 -0.5141027441932207 0
    outer loop
      vertex 6.078674030756364 2.611074417450994 10.305000000000001
      vertex 6.204803160870888 2.8215081579350056 10.305000000000001
      vertex 6.204803160870888 2.8215081579350056 11.105
    endloop
  endfacet
  facet normal 0.8577286100002727 -0.5141027441932207 0
    outer loop
      vertex 6.078674030756364 2.611074417450994 10.305000000000001
      vertex 6.204803160870888 2.8215081579350056 11.105
      vertex 6.078674030756364 2.611074417450994 11.105
    endloop
  endfacet
  facet normal 0.11799408940872445 -0.08751038086685176 0.9891508116081917
    outer loop
      vertex 5.870305773897406 2.465079718998015 11.198078528040323
      vertex 6.011748236967182 2.655792803186718 11.198078528040323
      vertex 6.003676896892991 2.6611859002036735 11.199518472667222
    endloop
  endfacet
  facet normal 0.27088170452510824 -0.20089956413614618 0.9414151407766281
    outer loop
      vertex 5.884806917425264 2.45317893806194 11.19238795325113
      vertex 6.02734603404043 2.645370688383773 11.19238795325113
      vertex 6.019663358331522 2.650504088174526 11.195694033573222
    endloop
  endfacet
  facet normal 0.1953849574537249 -0.1449073604288937 0.9699621514751681
    outer loop
      vertex 5.877664397067441 2.4590406530326665 11.195694033573222
      vertex 6.019663358331522 2.650504088174526 11.195694033573222
      vertex 6.011748236967182 2.655792803186718 11.198078528040323
    endloop
  endfacet
  facet normal 0.5954608948657563 -0.44162389796082596 0.6711144875768655
    outer loop
      vertex 5.914979604171375 2.4284168539870894 11.163439328416366
      vertex 6.059800539722442 2.623685280982822 11.163439328416366
      vertex 6.054320849647077 2.6273466928335996 11.170710678118656
    endloop
  endfacet
  facet normal 0.539758057979619 -0.4003118585553169 0.7405482123036001
    outer loop
      vertex 5.909885181420657 2.432597738690119 11.170710678118656
      vertex 6.054320849647077 2.6273466928335996 11.170710678118656
      vertex 6.048274943329197 2.6313864382820675 11.177301045336275
    endloop
  endfacet
  facet normal 0.3437538076417716 -0.2549451992206121 0.9037899452451029
    outer loop
      vertex 5.891664548595327 2.4475510256053434 11.188192126434837
      vertex 6.034722275727049 2.6404420412606444 11.188192126434837
      vertex 6.02734603404043 2.645370688383773 11.19238795325113
    endloop
  endfacet
  facet normal 0.41329739399633253 -0.30652223803018946 0.8574551776675001
    outer loop
      vertex 5.898171247840701 2.442211115536364 11.183146961230257
      vertex 6.0417210461516735 2.635765612371209 11.183146961230257
      vertex 6.034722275727049 2.6404420412606444 11.188192126434837
    endloop
  endfacet
  facet normal 0.4788421976024053 -0.3551335774299263 0.8028638066179852
    outer loop
      vertex 5.90426435209073 2.437210634108057 11.177301045336275
      vertex 6.048274943329197 2.6313864382820675 11.177301045336275
      vertex 6.0417210461516735 2.635765612371209 11.183146961230257
    endloop
  endfacet
  facet normal 0.03945894109068639 -0.029264745215223553 0.9987925543652645
    outer loop
      vertex 5.862801915478917 2.4712379764514507 11.199518472667222
      vertex 6.003676896892991 2.6611859002036735 11.199518472667222
      vertex 5.9955270695261085 2.6666314407529548 11.200000000000001
    endloop
  endfacet
  facet normal 0 0 1
    outer loop
      vertex 5.93233625556478 2.414172618308715 11.105
      vertex 6.078674030756364 2.611074417450994 11.105
      vertex 6.078469793342706 2.611210884527864 11.105
    endloop
  endfacet
  facet normal 0.8022423580208908 -0.5949834830687573 0.04900871220967587
    outer loop
      vertex 5.93233625556478 2.414172618308715 11.105
      vertex 6.078469793342706 2.611210884527864 11.105
      vertex 6.078273655411664 2.6113419397034723 11.109801714032958
    endloop
  endfacet
  facet normal 0.7563586305140433 -0.5609537914983056 0.3365300370703875
    outer loop
      vertex 5.929197576347113 2.4167484657738685 11.129028467725448
      vertex 6.075093750520901 2.613466684222095 11.129028467725448
      vertex 6.07234484519725 2.615303444037021 11.138268343236511
    endloop
  endfacet
  facet normal 0.7262508464417047 -0.5386243369940167 0.42713409093686666
    outer loop
      vertex 5.926641941698479 2.4188458209271095 11.138268343236511
      vertex 6.07234484519725 2.615303444037021 11.138268343236511
      vertex 6.068856142701018 2.6176345205190588 11.147139673682602
    endloop
  endfacet
  facet normal 0.6891533831361681 -0.5111109830681592 0.5136469385668269
    outer loop
      vertex 5.923398523708985 2.42150762528088 11.147139673682602
      vertex 6.068856142701018 2.6176345205190588 11.147139673682602
      vertex 6.064661241144364 2.62043746412739 11.155557023301961
    endloop
  endfacet
  facet normal 0.7945346157877381 -0.5892670318310194 0.14655752970111077
    outer loop
      vertex 5.932153907745024 2.414322267296943 11.109801714032958
      vertex 6.078273655411664 2.6113419397034723 11.109801714032958
      vertex 6.077076385211001 2.6121419300753725 11.119509032201615
    endloop
  endfacet
  facet normal 0.7791917895490608 -0.5778880163697447 0.24270474992379912
    outer loop
      vertex 5.93104081549617 2.415235758497814 11.119509032201615
      vertex 6.077076385211001 2.6121419300753725 11.119509032201615
      vertex 6.075093750520901 2.613466684222095 11.129028467725448
    endloop
  endfacet
  facet normal 0.6454181099342393 -0.4786746938065954 0.5952360883532485
    outer loop
      vertex 5.919498558266902 2.424708244204162 11.155557023301961
      vertex 6.064661241144364 2.62043746412739 11.155557023301961
      vertex 6.059800539722442 2.623685280982822 11.163439328416366
    endloop
  endfacet
  facet normal 0.2892689358483983 -0.1733811277782454 0.9414151407766285
    outer loop
      vertex 6.019663358331522 2.650504088174526 11.195694033573222
      vertex 6.02734603404043 2.645370688383773 11.19238795325113
      vertex 6.142211857394573 2.8549639066567716 11.195694033573222
    endloop
  endfacet
  facet normal 0.36708753846885783 -0.22002380320030915 0.903789945245103
    outer loop
      vertex 6.02734603404043 2.645370688383773 11.19238795325113
      vertex 6.034722275727049 2.6404420412606444 11.188192126434837
      vertex 6.150360700087711 2.850608259492178 11.19238795325113
    endloop
  endfacet
  facet normal 0.042137382142578256 -0.025256174902002274 0.9987925543652646
    outer loop
      vertex 5.9955270695261085 2.6666314407529548 11.200000000000001
      vertex 6.003676896892991 2.6611859002036735 11.199518472667222
      vertex 6.116611034436053 2.868647831617605 11.200000000000001
    endloop
  endfacet
  facet normal 0.1260034328988751 -0.07552355124432414 0.9891508116081918
    outer loop
      vertex 6.003676896892991 2.6611859002036735 11.199518472667222
      vertex 6.011748236967182 2.655792803186718 11.198078528040323
      vertex 6.125255374468779 2.8640273356071684 11.199518472667222
    endloop
  endfacet
  facet normal 0.2086475305613907 -0.1250585170881921 0.9699621514751675
    outer loop
      vertex 6.019663358331522 2.650504088174526 11.195694033573222
      vertex 6.133816464781511 2.8594513374991317 11.198078528040323
      vertex 6.011748236967182 2.655792803186718 11.198078528040323
    endloop
  endfacet
  facet normal 0 0 1
    outer loop
      vertex 6.078674030756364 2.611074417450994 11.105
      vertex 6.204803160870888 2.8215081579350056 11.105
      vertex 6.078469793342706 2.611210884527864 11.105
    endloop
  endfacet
  facet normal 0.8566979213456 -0.5134849731878018 0.04900871220967579
    outer loop
      vertex 6.078469793342706 2.611210884527864 11.105
      vertex 6.204378491676744 2.821735148348371 11.109801714032958
      vertex 6.078273655411664 2.6113419397034723 11.109801714032958
    endloop
  endfacet
  facet normal 0.5113456192347542 -0.3064887693086109 0.8028638066179836
    outer loop
      vertex 6.048274943329197 2.6313864382820675 11.177301045336275
      vertex 6.165607954669948 2.8424584321252953 11.183146961230257
      vertex 6.0417210461516735 2.635765612371209 11.183146961230257
    endloop
  endfacet
  facet normal 0.4413516872977069 -0.26453602100784335 0.8574551776675006
    outer loop
      vertex 6.0417210461516735 2.635765612371209 11.183146961230257
      vertex 6.15818451505118 2.8464263432685852 11.188192126434837
      vertex 6.034722275727049 2.6404420412606444 11.188192126434837
    endloop
  endfacet
  facet normal 0.5763963990151637 -0.3454787062270132 0.7405482123036023
    outer loop
      vertex 6.048274943329197 2.6313864382820675 11.177301045336275
      vertex 6.054320849647077 2.6273466928335996 11.170710678118656
      vertex 6.172559527162424 2.8387427392156983 11.177301045336275
    endloop
  endfacet
  facet normal 0.6358802994802749 -0.3811319840912323 0.6711144875768638
    outer loop
      vertex 6.059800539722442 2.623685280982822 11.163439328416366
      vertex 6.178972285085386 2.835315048693718 11.170710678118656
      vertex 6.054320849647077 2.6273466928335996 11.170710678118656
    endloop
  endfacet
  facet normal 0.7359325581829619 -0.4411010001203943 0.5136469385668229
    outer loop
      vertex 6.068856142701018 2.6176345205190588 11.147139673682602
      vertex 6.189940107610962 2.829452625416666 11.155557023301961
      vertex 6.064661241144364 2.62043746412739 11.155557023301961
    endloop
  endfacet
  facet normal 0.8076996434739623 -0.4841165356414055 0.3365300370703899
    outer loop
      vertex 6.075093750520901 2.613466684222095 11.129028467725448
      vertex 6.198089934977844 2.825096451932991 11.138268343236511
      vertex 6.07234484519725 2.615303444037021 11.138268343236511
    endloop
  endfacet
  facet normal 0.7755481673355975 -0.46484568246024727 0.4271340909368662
    outer loop
      vertex 6.068856142701018 2.6176345205190588 11.147139673682602
      vertex 6.07234484519725 2.615303444037021 11.138268343236511
      vertex 6.194389546087033 2.8270743510024783 11.147139673682602
    endloop
  endfacet
  facet normal 0.8484669837948839 -0.5085515390773286 0.14655752970111216
    outer loop
      vertex 6.078273655411664 2.6113419397034723 11.109801714032958
      vertex 6.2031085738908 2.8224139335467 11.119509032201615
      vertex 6.077076385211001 2.6121419300753725 11.119509032201615
    endloop
  endfacet
  facet normal 0.832082698902886 -0.4987311766381924 0.24270474992379817
    outer loop
      vertex 6.077076385211001 2.6121419300753725 11.119509032201615
      vertex 6.201005637515541 2.8235379764574717 11.129028467725448
      vertex 6.075093750520901 2.613466684222095 11.129028467725448
    endloop
  endfacet
  facet normal 0.6892285699592414 -0.4131077068681478 0.5952360883532515
    outer loop
      vertex 6.064661241144364 2.62043746412739 11.155557023301961
      vertex 6.184784470074469 2.8322083710928476 11.163439328416366
      vertex 6.059800539722442 2.623685280982822 11.163439328416366
    endloop
  endfacet
  facet normal 0.3670875384688492 -0.22002380320030449 0.9037899452451077
    outer loop
      vertex 6.034722275727049 2.6404420412606444 11.188192126434837
      vertex 6.15818451505118 2.8464263432685852 11.188192126434837
      vertex 6.150360700087711 2.850608259492178 11.19238795325113
    endloop
  endfacet
  facet normal 0.4413516872977228 -0.26453602100785184 0.8574551776674898
    outer loop
      vertex 6.0417210461516735 2.635765612371209 11.183146961230257
      vertex 6.165607954669948 2.8424584321252953 11.183146961230257
      vertex 6.15818451505118 2.8464263432685852 11.188192126434837
    endloop
  endfacet
  facet normal 0.5113456192347215 -0.30648876930859353 0.802863806618011
    outer loop
      vertex 6.048274943329197 2.6313864382820675 11.177301045336275
      vertex 6.172559527162424 2.8387427392156983 11.177301045336275
      vertex 6.165607954669948 2.8424584321252953 11.183146961230257
    endloop
  endfacet
  facet normal 0 0 1
    outer loop
      vertex 6.078469793342706 2.611210884527864 11.105
      vertex 6.204803160870888 2.8215081579350056 11.105
      vertex 6.204586530803578 2.821623949118365 11.105
    endloop
  endfacet
  facet normal 0.8566979213455903 -0.5134849731878003 0.049008712209857835
    outer loop
      vertex 6.078469793342706 2.611210884527864 11.105
      vertex 6.204586530803578 2.821623949118365 11.105
      vertex 6.204378491676744 2.821735148348371 11.109801714032958
    endloop
  endfacet
  facet normal 0.8484669837948915 -0.508551539077331 0.14655752970106029
    outer loop
      vertex 6.078273655411664 2.6113419397034723 11.109801714032958
      vertex 6.204378491676744 2.821735148348371 11.109801714032958
      vertex 6.2031085738908 2.8224139335467 11.119509032201615
    endloop
  endfacet
  facet normal 0.8320826989028887 -0.4987311766381936 0.24270474992378657
    outer loop
      vertex 6.077076385211001 2.6121419300753725 11.119509032201615
      vertex 6.2031085738908 2.8224139335467 11.119509032201615
      vertex 6.201005637515541 2.8235379764574717 11.129028467725448
    endloop
  endfacet
  facet normal 0.8076996434739476 -0.48411653564139906 0.3365300370704342
    outer loop
      vertex 6.075093750520901 2.613466684222095 11.129028467725448
      vertex 6.201005637515541 2.8235379764574717 11.129028467725448
      vertex 6.198089934977844 2.825096451932991 11.138268343236511
    endloop
  endfacet
  facet normal 0.7755481673356169 -0.4648456824602566 0.4271340909368205
    outer loop
      vertex 6.07234484519725 2.615303444037021 11.138268343236511
      vertex 6.198089934977844 2.825096451932991 11.138268343236511
      vertex 6.194389546087033 2.8270743510024783 11.147139673682602
    endloop
  endfacet
  facet normal 0.7359325581829154 -0.44110100012037107 0.5136469385669091
    outer loop
      vertex 6.068856142701018 2.6176345205190588 11.147139673682602
      vertex 6.194389546087033 2.8270743510024783 11.147139673682602
      vertex 6.189940107610962 2.829452625416666 11.155557023301961
    endloop
  endfacet
  facet normal 0.689228569959283 -0.41310770686816917 0.5952360883531882
    outer loop
      vertex 6.064661241144364 2.62043746412739 11.155557023301961
      vertex 6.189940107610962 2.829452625416666 11.155557023301961
      vertex 6.184784470074469 2.8322083710928476 11.163439328416366
    endloop
  endfacet
  facet normal 0.6358802994802907 -0.38113198409124044 0.6711144875768442
    outer loop
      vertex 6.059800539722442 2.623685280982822 11.163439328416366
      vertex 6.184784470074469 2.8322083710928476 11.163439328416366
      vertex 6.178972285085386 2.835315048693718 11.170710678118656
    endloop
  endfacet
  facet normal 0.5763963990151674 -0.3454787062270152 0.7405482123035986
    outer loop
      vertex 6.054320849647077 2.6273466928335996 11.170710678118656
      vertex 6.178972285085386 2.835315048693718 11.170710678118656
      vertex 6.172559527162424 2.8387427392156983 11.177301045336275
    endloop
  endfacet
  facet normal 0.04213738214258107 -0.02525617490200381 0.9987925543652644
    outer loop
      vertex 6.003676896892991 2.6611859002036735 11.199518472667222
      vertex 6.125255374468779 2.8640273356071684 11.199518472667222
      vertex 6.116611034436053 2.868647831617605 11.200000000000001
    endloop
  endfacet
  facet normal 0.12600343289887841 -0.07552355124432596 0.9891508116081912
    outer loop
      vertex 6.011748236967182 2.655792803186718 11.198078528040323
      vertex 6.133816464781511 2.8594513374991317 11.198078528040323
      vertex 6.125255374468779 2.8640273356071684 11.199518472667222
    endloop
  endfacet
  facet normal 0.20864753056140428 -0.12505851708819948 0.9699621514751635
    outer loop
      vertex 6.019663358331522 2.650504088174526 11.195694033573222
      vertex 6.142211857394573 2.8549639066567716 11.195694033573222
      vertex 6.133816464781511 2.8594513374991317 11.198078528040323
    endloop
  endfacet
  facet normal 0.2892689358483879 -0.1733811277782398 0.9414151407766326
    outer loop
      vertex 6.02734603404043 2.645370688383773 11.19238795325113
      vertex 6.150360700087711 2.850608259492178 11.19238795325113
      vertex 6.142211857394573 2.8549639066567716 11.195694033573222
    endloop
  endfacet
  facet normal 0.04441001716980396 -0.021004373818045884 0.9987925543652643
    outer loop
      vertex 6.125255374468779 2.8640273356071684 11.199518472667222
      vertex 6.217310878027089 3.0815597623237845 11.200000000000001
      vertex 6.116611034436053 2.868647831617605 11.200000000000001
    endloop
  endfacet
  facet normal 0.1327992944497314 -0.06280938853794268 0.9891508116081913
    outer loop
      vertex 6.125255374468779 2.8640273356071684 11.199518472667222
      vertex 6.133816464781511 2.8594513374991317 11.198078528040323
      vertex 6.226366481005666 3.0778088087545914 11.199518472667222
    endloop
  endfacet
  facet normal 0.2199007138914203 -0.10400529186399673 0.9699621514751637
    outer loop
      vertex 6.133816464781511 2.8594513374991317 11.198078528040323
      vertex 6.142211857394573 2.8549639066567716 11.195694033573222
      vertex 6.235334873577262 3.07409397891875 11.198078528040323
    endloop
  endfacet
  facet normal 0.30487034918897066 -0.14419293638007105 0.9414151407766331
    outer loop
      vertex 6.142211857394573 2.8549639066567716 11.195694033573222
      vertex 6.150360700087711 2.850608259492178 11.19238795325113
      vertex 6.244129685218793 3.0704510486583114 11.195694033573222
    endloop
  endfacet
  facet normal 0.3868860156300212 -0.18298345767793897 0.9037899452451067
    outer loop
      vertex 6.15818451505118 2.8464263432685852 11.188192126434837
      vertex 6.252666217086416 3.0669151013831115 11.19238795325113
      vertex 6.150360700087711 2.850608259492178 11.19238795325113
    endloop
  endfacet
  facet normal 0.04441001716980122 -0.021004373818044726 0.9987925543652645
    outer loop
      vertex 6.125255374468779 2.8640273356071684 11.199518472667222
      vertex 6.226366481005666 3.0778088087545914 11.199518472667222
      vertex 6.217310878027089 3.0815597623237845 11.200000000000001
    endloop
  endfacet
  facet normal 0.9039892931234444 -0.4275550934302798 0
    outer loop
      vertex 6.204803160870888 2.8215081579350056 10.305000000000001
      vertex 6.309698831278217 3.0432914190872755 11.105
      vertex 6.204803160870888 2.8215081579350056 11.105
    endloop
  endfacet
  facet normal 0.9039892931234444 -0.4275550934302798 0
    outer loop
      vertex 6.204803160870888 2.8215081579350056 10.305000000000001
      vertex 6.309698831278217 3.0432914190872755 10.305000000000001
      vertex 6.309698831278217 3.0432914190872755 11.105
    endloop
  endfacet
  facet normal 0.9029030153690205 -0.42704132231560554 0.049008712209864684
    outer loop
      vertex 6.204586530803578 2.821623949118365 11.105
      vertex 6.309253958031117 3.0434756916197614 11.109801714032958
      vertex 6.204378491676744 2.821735148348371 11.109801714032958
    endloop
  endfacet
  facet normal 0 0 1
    outer loop
      vertex 6.204803160870888 2.8215081579350056 11.105
      vertex 6.309698831278217 3.0432914190872755 11.105
      vertex 6.204586530803578 2.821623949118365 11.105
    endloop
  endfacet
  facet normal 0.8942281509288591 -0.42293841699977636 0.14655752970105873
    outer loop
      vertex 6.204378491676744 2.821735148348371 11.109801714032958
      vertex 6.307923622662377 3.0440267345719976 11.119509032201615
      vertex 6.2031085738908 2.8224139335467 11.119509032201615
    endloop
  endfacet
  facet normal 0.8769601970036063 -0.4147712830414218 0.24270474992378838
    outer loop
      vertex 6.2031085738908 2.8224139335467 11.119509032201615
      vertex 6.305720637028836 3.044939241099124 11.129028467725448
      vertex 6.201005637515541 2.8235379764574717 11.129028467725448
    endloop
  endfacet
  facet normal 0.8173765354203182 -0.3865903098938907 0.4271340909368192
    outer loop
      vertex 6.198089934977844 2.825096451932991 11.138268343236511
      vertex 6.29878977856888 3.0478100966721255 11.147139673682602
      vertex 6.194389546087033 2.8270743510024783 11.147139673682602
    endloop
  endfacet
  facet normal 0.7756243003927428 -0.3668429734111167 0.51364693856691
    outer loop
      vertex 6.194389546087033 2.8270743510024783 11.147139673682602
      vertex 6.29412865369823 3.0497407978094637 11.155557023301961
      vertex 6.189940107610962 2.829452625416666 11.155557023301961
    endloop
  endfacet
  facet normal 0.8512620673336744 -0.40261697290125564 0.3365300370704352
    outer loop
      vertex 6.201005637515541 2.8235379764574717 11.129028467725448
      vertex 6.302666217086416 3.0462044232644567 11.138268343236511
      vertex 6.198089934977844 2.825096451932991 11.138268343236511
    endloop
  endfacet
  facet normal 0.46515552258304743 -0.22000217749310136 0.8574551776674895
    outer loop
      vertex 6.165607954669948 2.8424584321252953 11.183146961230257
      vertex 6.260862257711704 3.0635201901983566 11.188192126434837
      vertex 6.15818451505118 2.8464263432685852 11.188192126434837
    endloop
  endfacet
  facet normal 0.5389245030238852 -0.25489230679503266 0.8028638066180124
    outer loop
      vertex 6.165607954669948 2.8424584321252953 11.183146961230257
      vertex 6.172559527162424 2.8387427392156983 11.177301045336275
      vertex 6.268638874743022 3.060299009954603 11.183146961230257
    endloop
  endfacet
  facet normal 0.6701758292032838 -0.3169695608669073 0.6711144875768448
    outer loop
      vertex 6.184784470074469 2.8322083710928476 11.163439328416366
      vertex 6.282639026270907 3.054499957316475 11.170710678118656
      vertex 6.178972285085386 2.835315048693718 11.170710678118656
    endloop
  endfacet
  facet normal 0.6074837276378776 -0.28731840509987117 0.7405482123035985
    outer loop
      vertex 6.178972285085386 2.835315048693718 11.170710678118656
      vertex 6.2759211751072295 3.0572825823784737 11.177301045336275
      vertex 6.172559527162424 2.8387427392156983 11.177301045336275
    endloop
  endfacet
  facet normal 0.7264013820849177 -0.34356226688493946 0.595236088353187
    outer loop
      vertex 6.184784470074469 2.8322083710928476 11.163439328416366
      vertex 6.189940107610962 2.829452625416666 11.155557023301961
      vertex 6.288727731654999 3.0519779329690895 11.163439328416366
    endloop
  endfacet
  facet normal 0.3868860156300182 -0.1829834576779377 0.9037899452451083
    outer loop
      vertex 6.15818451505118 2.8464263432685852 11.188192126434837
      vertex 6.260862257711704 3.0635201901983566 11.188192126434837
      vertex 6.252666217086416 3.0669151013831115 11.19238795325113
    endloop
  endfacet
  facet normal 0.13279929444973443 -0.06280938853794396 0.9891508116081907
    outer loop
      vertex 6.133816464781511 2.8594513374991317 11.198078528040323
      vertex 6.235334873577262 3.07409397891875 11.198078528040323
      vertex 6.226366481005666 3.0778088087545914 11.199518472667222
    endloop
  endfacet
  facet normal 0.2199007138914021 -0.10400529186398905 0.9699621514751688
    outer loop
      vertex 6.142211857394573 2.8549639066567716 11.195694033573222
      vertex 6.244129685218793 3.0704510486583114 11.195694033573222
      vertex 6.235334873577262 3.07409397891875 11.198078528040323
    endloop
  endfacet
  facet normal 0.3048703491889872 -0.144192936380078 0.9414151407766266
    outer loop
      vertex 6.150360700087711 2.850608259492178 11.19238795325113
      vertex 6.252666217086416 3.0669151013831115 11.19238795325113
      vertex 6.244129685218793 3.0704510486583114 11.195694033573222
    endloop
  endfacet
  facet normal 0.4651555225830588 -0.2200021774931061 0.8574551776674821
    outer loop
      vertex 6.165607954669948 2.8424584321252953 11.183146961230257
      vertex 6.268638874743022 3.060299009954603 11.183146961230257
      vertex 6.260862257711704 3.0635201901983566 11.188192126434837
    endloop
  endfacet
  facet normal 0.5389245030239004 -0.25489230679503894 0.8028638066180002
    outer loop
      vertex 6.172559527162424 2.8387427392156983 11.177301045336275
      vertex 6.2759211751072295 3.0572825823784737 11.177301045336275
      vertex 6.268638874743022 3.060299009954603 11.183146961230257
    endloop
  endfacet
  facet normal 0.6074837276379051 -0.28731840509988243 0.7405482123035713
    outer loop
      vertex 6.178972285085386 2.835315048693718 11.170710678118656
      vertex 6.282639026270907 3.054499957316475 11.170710678118656
      vertex 6.2759211751072295 3.0572825823784737 11.177301045336275
    endloop
  endfacet
  facet normal 0.6701758292032209 -0.31696956086688205 0.6711144875769194
    outer loop
      vertex 6.184784470074469 2.8322083710928476 11.163439328416366
      vertex 6.288727731654999 3.0519779329690895 11.163439328416366
      vertex 6.282639026270907 3.054499957316475 11.170710678118656
    endloop
  endfacet
  facet normal 0 0 1
    outer loop
      vertex 6.204586530803578 2.821623949118365 11.105
      vertex 6.309698831278217 3.0432914190872755 11.105
      vertex 6.309471894823224 3.0433854192447307 11.105
    endloop
  endfacet
  facet normal 0.9029030153690233 -0.4270413223156058 0.049008712209813864
    outer loop
      vertex 6.204586530803578 2.821623949118365 11.105
      vertex 6.309471894823224 3.0433854192447307 11.105
      vertex 6.309253958031117 3.0434756916197614 11.109801714032958
    endloop
  endfacet
  facet normal 0.8512620673336696 -0.40261697290125403 0.33653003707044904
    outer loop
      vertex 6.201005637515541 2.8235379764574717 11.129028467725448
      vertex 6.305720637028836 3.044939241099124 11.129028467725448
      vertex 6.302666217086416 3.0462044232644567 11.138268343236511
    endloop
  endfacet
  facet normal 0.8173765354202625 -0.3865903098938705 0.42713409093694404
    outer loop
      vertex 6.198089934977844 2.825096451932991 11.138268343236511
      vertex 6.302666217086416 3.0462044232644567 11.138268343236511
      vertex 6.29878977856888 3.0478100966721255 11.147139673682602
    endloop
  endfacet
  facet normal 0.7756243003927934 -0.366842973411136 0.5136469385668196
    outer loop
      vertex 6.194389546087033 2.8270743510024783 11.147139673682602
      vertex 6.29878977856888 3.0478100966721255 11.147139673682602
      vertex 6.29412865369823 3.0497407978094637 11.155557023301961
    endloop
  endfacet
  facet normal 0.8942281509288568 -0.42293841699977597 0.1465575297010742
    outer loop
      vertex 6.204378491676744 2.821735148348371 11.109801714032958
      vertex 6.309253958031117 3.0434756916197614 11.109801714032958
      vertex 6.307923622662377 3.0440267345719976 11.119509032201615
    endloop
  endfacet
  facet normal 0.8769601970036291 -0.41477128304142835 0.24270474992369462
    outer loop
      vertex 6.2031085738908 2.8224139335467 11.119509032201615
      vertex 6.307923622662377 3.0440267345719976 11.119509032201615
      vertex 6.305720637028836 3.044939241099124 11.129028467725448
    endloop
  endfacet
  facet normal 0.7264013820849183 -0.3435622668849397 0.5952360883531862
    outer loop
      vertex 6.189940107610962 2.829452625416666 11.155557023301961
      vertex 6.29412865369823 3.0497407978094637 11.155557023301961
      vertex 6.288727731654999 3.0519779329690895 11.163439328416366
    endloop
  endfacet
  facet normal 0.9415440651830211 -0.33688985339221916 0
    outer loop
      vertex 6.309698831278217 3.0432914190872755 10.305000000000001
      vertex 6.309698831278217 3.0432914190872755 9.600000000000001
      vertex 6.392350839330522 3.274288306863844 10.305000000000001
    endloop
  endfacet
  facet normal 0.9415440651830211 -0.33688985339221916 0
    outer loop
      vertex 6.392350839330522 3.274288306863844 10.305000000000001
      vertex 6.309698831278217 3.0432914190872755 9.600000000000001
      vertex 6.392350839330522 3.274288306863844 9.600000000000001
    endloop
  endfacet
  facet normal 0.9700312531945429 -0.24298017990326795 0
    outer loop
      vertex 6.392350839330522 3.274288306863844 10.305000000000001
      vertex 6.392350839330522 3.274288306863844 9.600000000000001
      vertex 6.451963201008077 3.512274194959679 10.305000000000001
    endloop
  endfacet
  facet normal 0.9700312531945429 -0.24298017990326795 0
    outer loop
      vertex 6.451963201008077 3.512274194959679 10.305000000000001
      vertex 6.392350839330522 3.274288306863844 9.600000000000001
      vertex 6.451963201008077 3.512274194959679 9.600000000000001
    endloop
  endfacet
  facet normal 0.941544065183021 -0.3368898533922191 0
    outer loop
      vertex 6.309698831278217 3.0432914190872755 10.305000000000001
      vertex 6.392350839330522 3.274288306863844 11.105
      vertex 6.309698831278217 3.0432914190872755 11.105
    endloop
  endfacet
  facet normal 0.941544065183021 -0.3368898533922191 0
    outer loop
      vertex 6.309698831278217 3.0432914190872755 10.305000000000001
      vertex 6.392350839330522 3.274288306863844 10.305000000000001
      vertex 6.392350839330522 3.274288306863844 11.105
    endloop
  endfacet
  facet normal 0.31753569440779755 -0.11361608818069067 0.9414151407766264
    outer loop
      vertex 6.244129685218793 3.0704510486583114 11.195694033573222
      vertex 6.252666217086416 3.0669151013831115 11.19238795325113
      vertex 6.324435317408282 3.2948902552044177 11.195694033573222
    endloop
  endfacet
  facet normal 0.402958568967261 -0.14418088142919921 0.9037899452451085
    outer loop
      vertex 6.260862257711704 3.0635201901983566 11.188192126434837
      vertex 6.333277326981962 3.2922080609238176 11.19238795325113
      vertex 6.252666217086416 3.0669151013831115 11.19238795325113
    endloop
  endfacet
  facet normal 0.484479655906035 -0.1733495927436716 0.857455177667482
    outer loop
      vertex 6.268638874743022 3.060299009954603 11.183146961230257
      vertex 6.341766660917436 3.289632849628456 11.188192126434837
      vertex 6.260862257711704 3.0635201901983566 11.188192126434837
    endloop
  endfacet
  facet normal 0.5613132492428453 -0.20084109202873462 0.8028638066179997
    outer loop
      vertex 6.268638874743022 3.060299009954603 11.183146961230257
      vertex 6.2759211751072295 3.0572825823784737 11.177301045336275
      vertex 6.349821562288161 3.2871894220108624 11.183146961230257
    endloop
  endfacet
  facet normal 0.6980171993356098 -0.24975454749822137 0.6711144875769189
    outer loop
      vertex 6.288727731654999 3.0519779329690895 11.163439328416366
      vertex 6.3643227058160186 3.2827905482131725 11.170710678118656
      vertex 6.282639026270907 3.054499957316475 11.170710678118656
    endloop
  endfacet
  facet normal 0.6327206558790752 -0.22639107066741054 0.740548212303572
    outer loop
      vertex 6.282639026270907 3.054499957316475 11.170710678118656
      vertex 6.357364457990683 3.284901309614706 11.177301045336275
      vertex 6.2759211751072295 3.0572825823784737 11.177301045336275
    endloop
  endfacet
  facet normal 0.04625495945469415 -0.016550289132060827 0.9987925543652644
    outer loop
      vertex 6.217310878027089 3.0815597623237845 11.200000000000001
      vertex 6.226366481005666 3.0778088087545914 11.199518472667222
      vertex 6.296656805757301 3.30331677458929 11.200000000000001
    endloop
  endfacet
  facet normal 0.13831622619955744 -0.04949033708483504 0.9891508116081906
    outer loop
      vertex 6.226366481005666 3.0778088087545914 11.199518472667222
      vertex 6.235334873577262 3.07409397891875 11.198078528040323
      vertex 6.30603646127475 3.300471487194693 11.199518472667222
    endloop
  endfacet
  facet normal 0.22903613313668525 -0.08195043882406108 0.9699621514751688
    outer loop
      vertex 6.235334873577262 3.07409397891875 11.198078528040323
      vertex 6.244129685218793 3.0704510486583114 11.195694033573222
      vertex 6.315325785582123 3.2976536014730984 11.198078528040323
    endloop
  endfacet
  facet normal 0.046254959454696015 -0.016550289132061406 0.9987925543652643
    outer loop
      vertex 6.226366481005666 3.0778088087545914 11.199518472667222
      vertex 6.30603646127475 3.300471487194693 11.199518472667222
      vertex 6.296656805757301 3.30331677458929 11.200000000000001
    endloop
  endfacet
  facet normal 0.22903613313668092 -0.08195043882405975 0.9699621514751701
    outer loop
      vertex 6.244129685218793 3.0704510486583114 11.195694033573222
      vertex 6.324435317408282 3.2948902552044177 11.195694033573222
      vertex 6.315325785582123 3.2976536014730984 11.198078528040323
    endloop
  endfacet
  facet normal 0.1383162261995461 -0.0494903370848315 0.9891508116081924
    outer loop
      vertex 6.235334873577262 3.07409397891875 11.198078528040323
      vertex 6.315325785582123 3.2976536014730984 11.198078528040323
      vertex 6.30603646127475 3.300471487194693 11.199518472667222
    endloop
  endfacet
  facet normal 0.3175356944078056 -0.11361608818069314 0.9414151407766235
    outer loop
      vertex 6.252666217086416 3.0669151013831115 11.19238795325113
      vertex 6.333277326981962 3.2922080609238176 11.19238795325113
      vertex 6.324435317408282 3.2948902552044177 11.195694033573222
    endloop
  endfacet
  facet normal 0.4029585689672553 -0.14418088142919744 0.9037899452451115
    outer loop
      vertex 6.260862257711704 3.0635201901983566 11.188192126434837
      vertex 6.341766660917436 3.289632849628456 11.188192126434837
      vertex 6.333277326981962 3.2922080609238176 11.19238795325113
    endloop
  endfacet
  facet normal 0 0 1
    outer loop
      vertex 6.309471894823224 3.0433854192447307 11.105
      vertex 6.309698831278217 3.0432914190872755 11.105
      vertex 6.392350839330522 3.274288306863844 11.105
    endloop
  endfacet
  facet normal 0.9404126597774533 -0.33648503006498093 0.04900871220981781
    outer loop
      vertex 6.309471894823224 3.0433854192447307 11.105
      vertex 6.391890046403027 3.2744280868702296 11.109801714032958
      vertex 6.309253958031117 3.0434756916197614 11.109801714032958
    endloop
  endfacet
  facet normal 0.8078463565904705 -0.2890520483311625 0.513646938566815
    outer loop
      vertex 6.29878977856888 3.0478100966721255 11.147139673682602
      vertex 6.376223486752094 3.2791804857838764 11.155557023301961
      vertex 6.29412865369823 3.0497407978094637 11.155557023301961
    endloop
  endfacet
  facet normal 0.8513331206453969 -0.30461186131147366 0.4271340909369441
    outer loop
      vertex 6.302666217086416 3.0462044232644567 11.138268343236511
      vertex 6.3810514088367905 3.2777159516307695 11.147139673682602
      vertex 6.29878977856888 3.0478100966721255 11.147139673682602
    endloop
  endfacet
  facet normal 0.9313774121345475 -0.3332521667648565 0.1465575297010756
    outer loop
      vertex 6.309253958031117 3.0434756916197614 11.109801714032958
      vertex 6.390512105308329 3.2748460807315123 11.119509032201615
      vertex 6.307923622662377 3.0440267345719976 11.119509032201615
    endloop
  endfacet
  facet normal 0.9133920890119979 -0.3268169152519153 0.24270474992369048
    outer loop
      vertex 6.307923622662377 3.0440267345719976 11.119509032201615
      vertex 6.388230286372429 3.2755382629383103 11.129028467725448
      vertex 6.305720637028836 3.044939241099124 11.129028467725448
    endloop
  endfacet
  facet normal 0.8866263721377916 -0.31723998861924285 0.3365300370704537
    outer loop
      vertex 6.305720637028836 3.044939241099124 11.129028467725448
      vertex 6.3850665647590485 3.276497967397586 11.138268343236511
      vertex 6.302666217086416 3.0462044232644567 11.138268343236511
    endloop
  endfacet
  facet normal 0.7565785518096891 -0.2707081344613595 0.595236088353188
    outer loop
      vertex 6.29412865369823 3.0497407978094637 11.155557023301961
      vertex 6.370629294033845 3.2808774655924173 11.163439328416366
      vertex 6.288727731654999 3.0519779329690895 11.163439328416366
    endloop
  endfacet
  facet normal 0 0 1
    outer loop
      vertex 6.309471894823224 3.0433854192447307 11.105
      vertex 6.392350839330522 3.274288306863844 11.105
      vertex 6.392115782009963 3.2743596107224935 11.105
    endloop
  endfacet
  facet normal 0.9404126597774582 -0.3364850300649807 0.04900871220972579
    outer loop
      vertex 6.309471894823224 3.0433854192447307 11.105
      vertex 6.392115782009963 3.2743596107224935 11.105
      vertex 6.391890046403027 3.2744280868702296 11.109801714032958
    endloop
  endfacet
  facet normal 0.6327206558790694 -0.2263910706674088 0.7405482123035775
    outer loop
      vertex 6.282639026270907 3.054499957316475 11.170710678118656
      vertex 6.3643227058160186 3.2827905482131725 11.170710678118656
      vertex 6.357364457990683 3.284901309614706 11.177301045336275
    endloop
  endfacet
  facet normal 0.6980171993356635 -0.249754547498237 0.6711144875768571
    outer loop
      vertex 6.288727731654999 3.0519779329690895 11.163439328416366
      vertex 6.370629294033845 3.2808774655924173 11.163439328416366
      vertex 6.3643227058160186 3.2827905482131725 11.170710678118656
    endloop
  endfacet
  facet normal 0.8866263721378169 -0.3172399886192487 0.3365300370703815
    outer loop
      vertex 6.305720637028836 3.044939241099124 11.129028467725448
      vertex 6.388230286372429 3.2755382629383103 11.129028467725448
      vertex 6.3850665647590485 3.276497967397586 11.138268343236511
    endloop
  endfacet
  facet normal 0.8078463565904281 -0.28905204833115095 0.5136469385668885
    outer loop
      vertex 6.29878977856888 3.0478100966721255 11.147139673682602
      vertex 6.3810514088367905 3.2777159516307695 11.147139673682602
      vertex 6.376223486752094 3.2791804857838764 11.155557023301961
    endloop
  endfacet
  facet normal 0.8513331206454159 -0.30461186131147855 0.4271340909369027
    outer loop
      vertex 6.302666217086416 3.0462044232644567 11.138268343236511
      vertex 6.3850665647590485 3.276497967397586 11.138268343236511
      vertex 6.3810514088367905 3.2777159516307695 11.147139673682602
    endloop
  endfacet
  facet normal 0.9313774121345504 -0.3332521667648567 0.14655752970105576
    outer loop
      vertex 6.309253958031117 3.0434756916197614 11.109801714032958
      vertex 6.391890046403027 3.2744280868702296 11.109801714032958
      vertex 6.390512105308329 3.2748460807315123 11.119509032201615
    endloop
  endfacet
  facet normal 0.913392089011983 -0.3268169152519125 0.24270474992374966
    outer loop
      vertex 6.307923622662377 3.0440267345719976 11.119509032201615
      vertex 6.390512105308329 3.2748460807315123 11.119509032201615
      vertex 6.388230286372429 3.2755382629383103 11.129028467725448
    endloop
  endfacet
  facet normal 0.7565785518096442 -0.2707081344613468 0.5952360883532507
    outer loop
      vertex 6.29412865369823 3.0497407978094637 11.155557023301961
      vertex 6.376223486752094 3.2791804857838764 11.155557023301961
      vertex 6.370629294033845 3.2808774655924173 11.163439328416366
    endloop
  endfacet
  facet normal 0.4844796559060547 -0.1733495927436776 0.8574551776674697
    outer loop
      vertex 6.268638874743022 3.060299009954603 11.183146961230257
      vertex 6.349821562288161 3.2871894220108624 11.183146961230257
      vertex 6.341766660917436 3.289632849628456 11.188192126434837
    endloop
  endfacet
  facet normal 0.5613132492428421 -0.20084109202873365 0.802863806618002
    outer loop
      vertex 6.2759211751072295 3.0572825823784737 11.177301045336275
      vertex 6.357364457990683 3.284901309614706 11.177301045336275
      vertex 6.349821562288161 3.2871894220108624 11.183146961230257
    endloop
  endfacet
  facet normal 0.970031253194543 -0.24298017990326795 0
    outer loop
      vertex 6.392350839330522 3.274288306863844 10.305000000000001
      vertex 6.451963201008077 3.512274194959679 11.105
      vertex 6.392350839330522 3.274288306863844 11.105
    endloop
  endfacet
  facet normal 0.970031253194543 -0.24298017990326795 0
    outer loop
      vertex 6.392350839330522 3.274288306863844 10.305000000000001
      vertex 6.451963201008077 3.512274194959679 10.305000000000001
      vertex 6.451963201008077 3.512274194959679 11.105
    endloop
  endfacet
  facet normal 0.04765444119450721 -0.011936816114427465 0.9987925543652644
    outer loop
      vertex 6.296656805757301 3.30331677458929 11.200000000000001
      vertex 6.30603646127475 3.300471487194693 11.199518472667222
      vertex 6.353884672967753 3.5317832271612923 11.200000000000001
    endloop
  endfacet
  facet normal 0.14250109707972586 -0.03569466663142639 0.9891508116081925
    outer loop
      vertex 6.30603646127475 3.300471487194693 11.199518472667222
      vertex 6.315325785582123 3.2976536014730984 11.198078528040323
      vertex 6.363498049813998 3.5298710076142927 11.199518472667222
    endloop
  endfacet
  facet normal 0.23596580921597113 -0.05910635825959059 0.9699621514751702
    outer loop
      vertex 6.324435317408282 3.2948902552044177 11.195694033573222
      vertex 6.373018844586008 3.5279772037868566 11.198078528040323
      vertex 6.315325785582123 3.2976536014730984 11.198078528040323
    endloop
  endfacet
  facet normal 0.32714299730680085 -0.08194505494325237 0.9414151407766236
    outer loop
      vertex 6.324435317408282 3.2948902552044177 11.195694033573222
      vertex 6.333277326981962 3.2922080609238176 11.19238795325113
      vertex 6.382355366825531 3.5261200540451 11.195694033573222
    endloop
  endfacet
  facet normal 0.4151504110057839 -0.10398976447500932 0.903789945245111
    outer loop
      vertex 6.341766660917436 3.289632849628456 11.188192126434837
      vertex 6.39141770071954 3.524317443756258 11.19238795325113
      vertex 6.333277326981962 3.2922080609238176 11.19238795325113
    endloop
  endfacet
  facet normal 0.4991379852991366 -0.12502755665359214 0.8574551776674694
    outer loop
      vertex 6.341766660917436 3.289632849628456 11.188192126434837
      vertex 6.349821562288161 3.2871894220108624 11.183146961230257
      vertex 6.400118571038659 3.5225867330428184 11.188192126434837
    endloop
  endfacet
  facet normal 0.5782962420265441 -0.14485566775528622 0.8028638066180008
    outer loop
      vertex 6.349821562288161 3.2871894220108624 11.183146961230257
      vertex 6.357364457990683 3.284901309614706 11.177301045336275
      vertex 6.408374183645336 3.520944589595055 11.183146961230257
    endloop
  endfacet
  facet normal 0 0 1
    outer loop
      vertex 6.392350839330522 3.274288306863844 11.105
      vertex 6.451963201008077 3.512274194959679 11.105
      vertex 6.392115782009963 3.2743596107224935 11.105
    endloop
  endfacet
  facet normal 0.968865616190378 -0.24268820303340627 0.049008712209723346
    outer loop
      vertex 6.392115782009963 3.2743596107224935 11.105
      vertex 6.451490926087974 3.512368136282091 11.109801714032958
      vertex 6.391890046403027 3.2744280868702296 11.109801714032958
    endloop
  endfacet
  facet normal 0.8322884107603957 -0.2084773940138268 0.51364693856689
    outer loop
      vertex 6.3810514088367905 3.2777159516307695 11.147139673682602
      vertex 6.435433988652646 3.515562059720219 11.155557023301961
      vertex 6.376223486752094 3.2791804857838764 11.155557023301961
    endloop
  endfacet
  facet normal 0.9134519802989759 -0.2288078098258171 0.33653003707038137
    outer loop
      vertex 6.388230286372429 3.2755382629383103 11.129028467725448
      vertex 6.444497417603042 3.5137592316111186 11.138268343236511
      vertex 6.3850665647590485 3.276497967397586 11.138268343236511
    endloop
  endfacet
  facet normal 0.8770909025327132 -0.2196998339868676 0.42713409093690174
    outer loop
      vertex 6.3810514088367905 3.2777159516307695 11.147139673682602
      vertex 6.3850665647590485 3.276497967397586 11.138268343236511
      vertex 6.4403822124225005 3.514577796815833 11.147139673682602
    endloop
  endfacet
  facet normal 0.7794694564925765 -0.19524693471879714 0.5952360883532528
    outer loop
      vertex 6.376223486752094 3.2791804857838764 11.155557023301961
      vertex 6.4297004003933536 3.516702541334455 11.163439328416366
      vertex 6.370629294033845 3.2808774655924173 11.163439328416366
    endloop
  endfacet
  facet normal 0.651864138323831 -0.1632834664664629 0.7405482123035777
    outer loop
      vertex 6.357364457990683 3.284901309614706 11.177301045336275
      vertex 6.3643227058160186 3.2827905482131725 11.170710678118656
      vertex 6.416105032477191 3.5194068281520567 11.177301045336275
    endloop
  endfacet
  facet normal 0.7191362822634355 -0.18013426130744492 0.6711144875768557
    outer loop
      vertex 6.370629294033845 3.2808774655924173 11.163439328416366
      vertex 6.42323666523386 3.517988258197145 11.170710678118656
      vertex 6.3643227058160186 3.2827905482131725 11.170710678118656
    endloop
  endfacet
  facet normal 0.9595569997187019 -0.24035651598982483 0.1465575297010571
    outer loop
      vertex 6.391890046403027 3.2744280868702296 11.109801714032958
      vertex 6.450078649593317 3.5126490555430374 11.119509032201615
      vertex 6.390512105308329 3.2748460807315123 11.119509032201615
    endloop
  endfacet
  facet normal 0.9410275158922591 -0.23571512191222518 0.24270474992374763
    outer loop
      vertex 6.390512105308329 3.2748460807315123 11.119509032201615
      vertex 6.4477399725187805 3.5131142473364703 11.129028467725448
      vertex 6.388230286372429 3.2755382629383103 11.129028467725448
    endloop
  endfacet
  facet normal 0.23596580921599117 -0.059106358259594725 0.9699621514751651
    outer loop
      vertex 6.324435317408282 3.2948902552044177 11.195694033573222
      vertex 6.382355366825531 3.5261200540451 11.195694033573222
      vertex 6.373018844586008 3.5279772037868566 11.198078528040323
    endloop
  endfacet
  facet normal 0.3271429973067977 -0.08194505494325173 0.9414151407766246
    outer loop
      vertex 6.333277326981962 3.2922080609238176 11.19238795325113
      vertex 6.39141770071954 3.524317443756258 11.19238795325113
      vertex 6.382355366825531 3.5261200540451 11.195694033573222
    endloop
  endfacet
  facet normal 0.04765444119450993 -0.011936816114428027 0.9987925543652642
    outer loop
      vertex 6.30603646127475 3.300471487194693 11.199518472667222
      vertex 6.363498049813998 3.5298710076142927 11.199518472667222
      vertex 6.353884672967753 3.5317832271612923 11.200000000000001
    endloop
  endfacet
  facet normal 0.14250109707971365 -0.035694666631423864 0.9891508116081943
    outer loop
      vertex 6.315325785582123 3.2976536014730984 11.198078528040323
      vertex 6.373018844586008 3.5279772037868566 11.198078528040323
      vertex 6.363498049813998 3.5298710076142927 11.199518472667222
    endloop
  endfacet
  facet normal 0 0 1
    outer loop
      vertex 6.392115782009963 3.2743596107224935 11.105
      vertex 6.451963201008077 3.512274194959679 11.105
      vertex 6.451722286552444 3.512322115824385 11.105
    endloop
  endfacet
  facet normal 0.9688656161903804 -0.24268820303340594 0.04900871220967743
    outer loop
      vertex 6.392115782009963 3.2743596107224935 11.105
      vertex 6.451722286552444 3.512322115824385 11.105
      vertex 6.451490926087974 3.512368136282091 11.109801714032958
    endloop
  endfacet
  facet normal 0.41515041100579086 -0.10398976447501072 0.9037899452451076
    outer loop
      vertex 6.341766660917436 3.289632849628456 11.188192126434837
      vertex 6.400118571038659 3.5225867330428184 11.188192126434837
      vertex 6.39141770071954 3.524317443756258 11.19238795325113
    endloop
  endfacet
  facet normal 0.49913798529908465 -0.12502755665358173 0.8574551776675013
    outer loop
      vertex 6.349821562288161 3.2871894220108624 11.183146961230257
      vertex 6.408374183645336 3.520944589595055 11.183146961230257
      vertex 6.400118571038659 3.5225867330428184 11.188192126434837
    endloop
  endfacet
  facet normal 0.6518641383238573 -0.16328346646646796 0.7405482123035534
    outer loop
      vertex 6.3643227058160186 3.2827905482131725 11.170710678118656
      vertex 6.42323666523386 3.517988258197145 11.170710678118656
      vertex 6.416105032477191 3.5194068281520567 11.177301045336275
    endloop
  endfacet
  facet normal 0.578296242026547 -0.14485566775528683 0.8028638066179988
    outer loop
      vertex 6.357364457990683 3.284901309614706 11.177301045336275
      vertex 6.416105032477191 3.5194068281520567 11.177301045336275
      vertex 6.408374183645336 3.520944589595055 11.183146961230257
    endloop
  endfacet
  facet normal 0.8322884107604319 -0.20847739401383292 0.5136469385668287
    outer loop
      vertex 6.3810514088367905 3.2777159516307695 11.147139673682602
      vertex 6.4403822124225005 3.514577796815833 11.147139673682602
      vertex 6.435433988652646 3.515562059720219 11.155557023301961
    endloop
  endfacet
  facet normal 0.9410275158922585 -0.23571512191222513 0.24270474992374957
    outer loop
      vertex 6.390512105308329 3.2748460807315123 11.119509032201615
      vertex 6.450078649593317 3.5126490555430374 11.119509032201615
      vertex 6.4477399725187805 3.5131142473364703 11.129028467725448
    endloop
  endfacet
  facet normal 0.9134519802989801 -0.22880780982581764 0.3365300370703691
    outer loop
      vertex 6.388230286372429 3.2755382629383103 11.129028467725448
      vertex 6.4477399725187805 3.5131142473364703 11.129028467725448
      vertex 6.444497417603042 3.5137592316111186 11.138268343236511
    endloop
  endfacet
  facet normal 0.9595569997186851 -0.24035651598982521 0.14655752970116673
    outer loop
      vertex 6.391890046403027 3.2744280868702296 11.109801714032958
      vertex 6.451490926087974 3.512368136282091 11.109801714032958
      vertex 6.450078649593317 3.5126490555430374 11.119509032201615
    endloop
  endfacet
  facet normal 0.8770909025327264 -0.21969983398686968 0.42713409093687377
    outer loop
      vertex 6.3850665647590485 3.276497967397586 11.138268343236511
      vertex 6.444497417603042 3.5137592316111186 11.138268343236511
      vertex 6.4403822124225005 3.514577796815833 11.147139673682602
    endloop
  endfacet
  facet normal 0.7794694564925777 -0.19524693471879734 0.595236088353251
    outer loop
      vertex 6.376223486752094 3.2791804857838764 11.155557023301961
      vertex 6.435433988652646 3.515562059720219 11.155557023301961
      vertex 6.4297004003933536 3.516702541334455 11.163439328416366
    endloop
  endfacet
  facet normal 0.7191362822634024 -0.1801342613074387 0.6711144875768927
    outer loop
      vertex 6.370629294033845 3.2808774655924173 11.163439328416366
      vertex 6.4297004003933536 3.516702541334455 11.163439328416366
      vertex 6.42323666523386 3.517988258197145 11.170710678118656
    endloop
  endfacet
  facet normal 0 0 1
    outer loop
      vertex 5.9955270695261085 2.6666314407529548 11.200000000000001
      vertex 6.116611034436053 2.868647831617605 11.200000000000001
      vertex 5.9955270695261085 5.333368559247045 11.200000000000001
    endloop
  endfacet
  facet normal 0 0 1
    outer loop
      vertex 6.116611034436053 2.868647831617605 11.200000000000001
      vertex 6.217310878027089 3.0815597623237845 11.200000000000001
      vertex 6.116611034436053 5.131352168382395 11.200000000000001
    endloop
  endfacet
  facet normal 0.04859498461505078 -0.007208385032284506 0.9987925543652643
    outer loop
      vertex 6.363498049813998 3.5298710076142927 11.199518472667222
      vertex 6.3884433440132735 3.7647588632090545 11.200000000000001
      vertex 6.353884672967753 3.5317832271612923 11.200000000000001
    endloop
  endfacet
  facet normal 0.42334412764203333 -0.0627971692423419 0.9037899452451077
    outer loop
      vertex 6.400118571038659 3.5225867330428184 11.188192126434837
      vertex 6.426527414717296 3.761007909639862 11.19238795325113
      vertex 6.39141770071954 3.524317443756258 11.19238795325113
    endloop
  endfacet
  facet normal 0.14531360449599168 -0.021555237025669954 0.9891508116081944
    outer loop
      vertex 6.363498049813998 3.5298710076142927 11.199518472667222
      vertex 6.373018844586008 3.5279772037868566 11.198078528040323
      vertex 6.398197860114079 3.763798127229216 11.199518472667222
    endloop
  endfacet
  facet normal 0.24062300556050048 -0.035693051154261815 0.9699621514751648
    outer loop
      vertex 6.373018844586008 3.5279772037868566 11.198078528040323
      vertex 6.382355366825531 3.5261200540451 11.195694033573222
      vertex 6.407858434892474 3.762846643662055 11.198078528040323
    endloop
  endfacet
  facet normal 0.3335997343071749 -0.0494848460309857 0.9414151407766247
    outer loop
      vertex 6.382355366825531 3.5261200540451 11.195694033573222
      vertex 6.39141770071954 3.524317443756258 11.19238795325113
      vertex 6.417332031732334 3.7619135758144573 11.195694033573222
    endloop
  endfacet
  facet normal 0.5089893430371568 -0.07550143684591089 0.8574551776675013
    outer loop
      vertex 6.408374183645336 3.520944589595055 11.183146961230257
      vertex 6.435356027282507 3.7601383671986173 11.188192126434837
      vertex 6.400118571038659 3.5225867330428184 11.188192126434837
    endloop
  endfacet
  facet normal 0.7333296896730968 -0.1087791837088506 0.6711144875768931
    outer loop
      vertex 6.4297004003933536 3.516702541334455 11.163439328416366
      vertex 6.458813530889592 3.7578280047490997 11.170710678118656
      vertex 6.42323666523386 3.517988258197145 11.170710678118656
    endloop
  endfacet
  facet normal 0.6647298127713781 -0.09860335322362283 0.7405482123035517
    outer loop
      vertex 6.416105032477191 3.5194068281520567 11.177301045336275
      vertex 6.42323666523386 3.517988258197145 11.170710678118656
      vertex 6.451577194723581 3.7585407216532545 11.177301045336275
    endloop
  endfacet
  facet normal 0.5897099258706491 -0.08747520421518663 0.8028638066179998
    outer loop
      vertex 6.408374183645336 3.520944589595055 11.183146961230257
      vertex 6.416105032477191 3.5194068281520567 11.177301045336275
      vertex 6.443732845062755 3.7593133226597737 11.183146961230257
    endloop
  endfacet
  facet normal 0.04859498461505284 -0.0072083850322847256 0.9987925543652642
    outer loop
      vertex 6.363498049813998 3.5298710076142927 11.199518472667222
      vertex 6.398197860114079 3.763798127229216 11.199518472667222
      vertex 6.3884433440132735 3.7647588632090545 11.200000000000001
    endloop
  endfacet
  facet normal 0.14531360449600011 -0.02155523702567085 0.9891508116081931
    outer loop
      vertex 6.373018844586008 3.5279772037868566 11.198078528040323
      vertex 6.407858434892474 3.762846643662055 11.198078528040323
      vertex 6.398197860114079 3.763798127229216 11.199518472667222
    endloop
  endfacet
  facet normal 0.2406230055604838 -0.03569305115426006 0.9699621514751691
    outer loop
      vertex 6.382355366825531 3.5261200540451 11.195694033573222
      vertex 6.417332031732334 3.7619135758144573 11.195694033573222
      vertex 6.407858434892474 3.762846643662055 11.198078528040323
    endloop
  endfacet
  facet normal 0.3335997343071762 -0.04948484603098584 0.9414151407766242
    outer loop
      vertex 6.39141770071954 3.524317443756258 11.19238795325113
      vertex 6.426527414717296 3.761007909639862 11.19238795325113
      vertex 6.417332031732334 3.7619135758144573 11.195694033573222
    endloop
  endfacet
  facet normal 0.4233441276420559 -0.06279716924234421 0.9037899452450968
    outer loop
      vertex 6.400118571038659 3.5225867330428184 11.188192126434837
      vertex 6.435356027282507 3.7601383671986173 11.188192126434837
      vertex 6.426527414717296 3.761007909639862 11.19238795325113
    endloop
  endfacet
  facet normal 0.5897099258706208 -0.08747520421518389 0.8028638066180208
    outer loop
      vertex 6.416105032477191 3.5194068281520567 11.177301045336275
      vertex 6.451577194723581 3.7585407216532545 11.177301045336275
      vertex 6.443732845062755 3.7593133226597737 11.183146961230257
    endloop
  endfacet
  facet normal 0.5089893430371791 -0.07550143684591314 0.857455177667488
    outer loop
      vertex 6.408374183645336 3.520944589595055 11.183146961230257
      vertex 6.443732845062755 3.7593133226597737 11.183146961230257
      vertex 6.435356027282507 3.7601383671986173 11.188192126434837
    endloop
  endfacet
  facet normal 0 0 1
    outer loop
      vertex 6.217310878027089 3.0815597623237845 11.200000000000001
      vertex 6.296656805757301 3.30331677458929 11.200000000000001
      vertex 6.217310878027089 4.918440237676216 11.200000000000001
    endloop
  endfacet
  facet normal 0 0 1
    outer loop
      vertex 6.296656805757301 3.30331677458929 11.200000000000001
      vertex 6.353884672967753 3.5317832271612923 11.200000000000001
      vertex 6.296656805757301 4.69668322541071 11.200000000000001
    endloop
  endfacet
  facet normal 0.04906753176902999 -0.002410533261775565 0.9987925543652642
    outer loop
      vertex 6.3884433440132735 3.7647588632090545 11.200000000000001
      vertex 6.398197860114079 3.763798127229216 11.199518472667222
      vertex 6.4 4 11.200000000000001
    endloop
  endfacet
  facet normal 0.14672666246448593 -0.007208218704068589 0.9891508116081932
    outer loop
      vertex 6.398197860114079 3.763798127229216 11.199518472667222
      vertex 6.407858434892474 3.762846643662055 11.198078528040323
      vertex 6.409801714032957 4 11.199518472667222
    endloop
  endfacet
  facet normal 0.24296287082352938 -0.01193600045450627 0.9699621514751692
    outer loop
      vertex 6.407858434892474 3.762846643662055 11.198078528040323
      vertex 6.417332031732334 3.7619135758144573 11.195694033573222
      vertex 6.4195090322016135 4 11.198078528040323
    endloop
  endfacet
  facet normal 0.3368437235020103 -0.016548071000270687 0.9414151407766241
    outer loop
      vertex 6.417332031732334 3.7619135758144573 11.195694033573222
      vertex 6.426527414717296 3.761007909639862 11.19238795325113
      vertex 6.429028467725447 4 11.195694033573222
    endloop
  endfacet
  facet normal 0.4274608089056661 -0.020999802941443085 0.9037899452450964
    outer loop
      vertex 6.435356027282507 3.7601383671986173 11.188192126434837
      vertex 6.438268343236509 4 11.19238795325113
      vertex 6.426527414717296 3.761007909639862 11.19238795325113
    endloop
  endfacet
  facet normal 0 0 1
    outer loop
      vertex 6.353884672967753 3.5317832271612923 11.200000000000001
      vertex 6.3884433440132735 3.7647588632090545 11.200000000000001
      vertex 6.353884672967753 4.468216772838708 11.200000000000001
    endloop
  endfacet
  facet normal 0.04906753176902311 -0.002410533261775513 0.9987925543652645
    outer loop
      vertex 6.398197860114079 3.763798127229216 11.199518472667222
      vertex 6.409801714032957 4 11.199518472667222
      vertex 6.4 4 11.200000000000001
    endloop
  endfacet
  facet normal 0.14672666246449304 -0.007208218704068639 0.9891508116081921
    outer loop
      vertex 6.407858434892474 3.762846643662055 11.198078528040323
      vertex 6.4195090322016135 4 11.198078528040323
      vertex 6.409801714032957 4 11.199518472667222
    endloop
  endfacet
  facet normal 0.24296287082354476 -0.011936000454506374 0.9699621514751653
    outer loop
      vertex 6.417332031732334 3.7619135758144573 11.195694033573222
      vertex 6.429028467725447 4 11.195694033573222
      vertex 6.4195090322016135 4 11.198078528040323
    endloop
  endfacet
  facet normal 0.3368437235020075 -0.016548071000270677 0.9414151407766254
    outer loop
      vertex 6.426527414717296 3.761007909639862 11.19238795325113
      vertex 6.438268343236509 4 11.19238795325113
      vertex 6.429028467725447 4 11.195694033573222
    endloop
  endfacet
  facet normal 0.9891765099647812 -0.1467304744553593 0
    outer loop
      vertex 6.451963201008077 3.512274194959679 10.305000000000001
      vertex 6.451963201008077 3.512274194959679 9.600000000000001
      vertex 6.487961816680492 3.7549571491760982 10.305000000000001
    endloop
  endfacet
  facet normal 0.9891765099647812 -0.1467304744553593 0
    outer loop
      vertex 6.487961816680492 3.7549571491760982 10.305000000000001
      vertex 6.451963201008077 3.512274194959679 9.600000000000001
      vertex 6.487961816680492 3.7549571491760982 9.600000000000001
    endloop
  endfacet
  facet normal 0.9987954562051724 -0.04906767432741708 0
    outer loop
      vertex 6.487961816680492 3.7549571491760982 10.305000000000001
      vertex 6.487961816680492 3.7549571491760982 9.600000000000001
      vertex 6.5 4 10.305000000000001
    endloop
  endfacet
  facet normal 0.9987954562051724 -0.04906767432741708 0
    outer loop
      vertex 6.5 4 10.305000000000001
      vertex 6.487961816680492 3.7549571491760982 9.600000000000001
      vertex 6.5 4 9.600000000000001
    endloop
  endfacet
  facet normal 0.9891765099647812 -0.14673047445535933 0
    outer loop
      vertex 6.451963201008077 3.512274194959679 10.305000000000001
      vertex 6.487961816680492 3.7549571491760982 11.105
      vertex 6.451963201008077 3.512274194959679 11.105
    endloop
  endfacet
  facet normal 0.9891765099647812 -0.14673047445535933 0
    outer loop
      vertex 6.451963201008077 3.512274194959679 10.305000000000001
      vertex 6.487961816680492 3.7549571491760982 10.305000000000001
      vertex 6.487961816680492 3.7549571491760982 11.105
    endloop
  endfacet
  facet normal 0 0 1
    outer loop
      vertex 6.451963201008077 3.512274194959679 11.105
      vertex 6.487961816680492 3.7549571491760982 11.105
      vertex 6.451722286552444 3.512322115824385 11.105
    endloop
  endfacet
  facet normal 0.9879878670835676 -0.14655415593974827 0.04900871220967423
    outer loop
      vertex 6.451722286552444 3.512322115824385 11.105
      vertex 6.487482608033435 3.755004347108248 11.109801714032958
      vertex 6.451490926087974 3.512368136282091 11.109801714032958
    endloop
  endfacet
  facet normal 0.8487150725596531 -0.1258949884268131 0.5136469385668287
    outer loop
      vertex 6.4403822124225005 3.514577796815833 11.147139673682602
      vertex 6.471189929898827 3.756609035842172 11.155557023301961
      vertex 6.435433988652646 3.515562059720219 11.155557023301961
    endloop
  endfacet
  facet normal 0.9784955288483314 -0.14514610057357688 0.14655752970116967
    outer loop
      vertex 6.451490926087974 3.512368136282091 11.109801714032958
      vertex 6.486049597133493 3.7551454863628093 11.119509032201615
      vertex 6.450078649593317 3.5126490555430374 11.119509032201615
    endloop
  endfacet
  facet normal 0.9596003333765233 -0.1423432630935387 0.24270474992374794
    outer loop
      vertex 6.450078649593317 3.5126490555430374 11.119509032201615
      vertex 6.483676584658999 3.7553792076916066 11.129028467725448
      vertex 6.4477399725187805 3.5131142473364703 11.129028467725448
    endloop
  endfacet
  facet normal 0.9314805465462147 -0.13817208674469122 0.3365300370703671
    outer loop
      vertex 6.4477399725187805 3.5131142473364703 11.129028467725448
      vertex 6.480386424017301 3.7557032602304776 11.138268343236511
      vertex 6.444497417603042 3.5137592316111186 11.138268343236511
    endloop
  endfacet
  facet normal 0.8944018195619725 -0.1326719771608208 0.4271340909368757
    outer loop
      vertex 6.4403822124225005 3.514577796815833 11.147139673682602
      vertex 6.444497417603042 3.5137592316111186 11.138268343236511
      vertex 6.4762108012539645 3.756114523176329 11.147139673682602
    endloop
  endfacet
  facet normal 0.794853644208141 -0.11790540026206918 0.5952360883532513
    outer loop
      vertex 6.435433988652646 3.515562059720219 11.155557023301961
      vertex 6.465372163687728 3.757182035800707 11.163439328416366
      vertex 6.4297004003933536 3.516702541334455 11.163439328416366
    endloop
  endfacet
  facet normal 0 0 1
    outer loop
      vertex 6.451722286552444 3.512322115824385 11.105
      vertex 6.487961816680492 3.7549571491760982 11.105
      vertex 6.4877173652276925 3.7549812255427373 11.105
    endloop
  endfacet
  facet normal 0.9879878670835688 -0.146554155939748 0.04900871220965242
    outer loop
      vertex 6.451722286552444 3.512322115824385 11.105
      vertex 6.4877173652276925 3.7549812255427373 11.105
      vertex 6.487482608033435 3.755004347108248 11.109801714032958
    endloop
  endfacet
  facet normal 0.8944018195619926 -0.13267197716082188 0.4271340909368339
    outer loop
      vertex 6.444497417603042 3.5137592316111186 11.138268343236511
      vertex 6.480386424017301 3.7557032602304776 11.138268343236511
      vertex 6.4762108012539645 3.756114523176329 11.147139673682602
    endloop
  endfacet
  facet normal 0.848715072559603 -0.12589498842680963 0.5136469385669123
    outer loop
      vertex 6.4403822124225005 3.514577796815833 11.147139673682602
      vertex 6.4762108012539645 3.756114523176329 11.147139673682602
      vertex 6.471189929898827 3.756609035842172 11.155557023301961
    endloop
  endfacet
  facet normal 0.66472981277134 -0.09860335322361928 0.740548212303586
    outer loop
      vertex 6.42323666523386 3.517988258197145 11.170710678118656
      vertex 6.458813530889592 3.7578280047490997 11.170710678118656
      vertex 6.451577194723581 3.7585407216532545 11.177301045336275
    endloop
  endfacet
  facet normal 0.7333296896731236 -0.10877918370885296 0.6711144875768634
    outer loop
      vertex 6.4297004003933536 3.516702541334455 11.163439328416366
      vertex 6.465372163687728 3.757182035800707 11.163439328416366
      vertex 6.458813530889592 3.7578280047490997 11.170710678118656
    endloop
  endfacet
  facet normal 0.79485364420819 -0.11790540026207309 0.5952360883531845
    outer loop
      vertex 6.435433988652646 3.515562059720219 11.155557023301961
      vertex 6.471189929898827 3.756609035842172 11.155557023301961
      vertex 6.465372163687728 3.757182035800707 11.163439328416366
    endloop
  endfacet
  facet normal 0.9784955288483329 -0.1451461005735767 0.1465575297011603
    outer loop
      vertex 6.451490926087974 3.512368136282091 11.109801714032958
      vertex 6.487482608033435 3.755004347108248 11.109801714032958
      vertex 6.486049597133493 3.7551454863628093 11.119509032201615
    endloop
  endfacet
  facet normal 0.9596003333765394 -0.14234326309353845 0.242704749923684
    outer loop
      vertex 6.450078649593317 3.5126490555430374 11.119509032201615
      vertex 6.486049597133493 3.7551454863628093 11.119509032201615
      vertex 6.483676584658999 3.7553792076916066 11.129028467725448
    endloop
  endfacet
  facet normal 0.9314805465461669 -0.13817208674468984 0.3365300370705003
    outer loop
      vertex 6.4477399725187805 3.5131142473364703 11.129028467725448
      vertex 6.483676584658999 3.7553792076916066 11.129028467725448
      vertex 6.480386424017301 3.7557032602304776 11.138268343236511
    endloop
  endfacet
  facet normal 0.9987954562051724 -0.04906767432741707 0
    outer loop
      vertex 6.487961816680492 3.7549571491760982 10.305000000000001
      vertex 6.5 4 11.105
      vertex 6.487961816680492 3.7549571491760982 11.105
    endloop
  endfacet
  facet normal 0.9987954562051724 -0.04906767432741707 0
    outer loop
      vertex 6.487961816680492 3.7549571491760982 10.305000000000001
      vertex 6.5 4 10.305000000000001
      vertex 6.5 4 11.105
    endloop
  endfacet
  facet normal 0 0 1
    outer loop
      vertex 6.487961816680492 3.7549571491760982 11.105
      vertex 6.5 4 11.105
      vertex 6.4877173652276925 3.7549812255427373 11.105
    endloop
  endfacet
  facet normal 0.9975952547276349 -0.049008712209735426 0.049008712209651334
    outer loop
      vertex 6.4877173652276925 3.7549812255427373 11.105
      vertex 6.49951847266722 4 11.109801714032958
      vertex 6.487482608033435 3.755004347108248 11.109801714032958
    endloop
  endfacet
  facet normal 0.5139388551599244 -0.025248196928134105 0.8574551776674885
    outer loop
      vertex 6.443732845062755 3.7593133226597737 11.183146961230257
      vertex 6.4471396736826 4 11.188192126434837
      vertex 6.435356027282507 3.7601383671986173 11.188192126434837
    endloop
  endfacet
  facet normal 0.5954443807603526 -0.02925230663968709 0.8028638066180204
    outer loop
      vertex 6.443732845062755 3.7593133226597737 11.183146961230257
      vertex 6.451577194723581 3.7585407216532545 11.177301045336275
      vertex 6.45555702330196 4 11.183146961230257
    endloop
  endfacet
  facet normal 0.6711937757435921 -0.032973635787157264 0.7405482123035857
    outer loop
      vertex 6.458813530889592 3.7578280047490997 11.170710678118656
      vertex 6.463439328416365 4 11.177301045336275
      vertex 6.451577194723581 3.7585407216532545 11.177301045336275
    endloop
  endfacet
  facet normal 0.7404607312924797 -0.036376503106395126 0.6711144875768641
    outer loop
      vertex 6.465372163687728 3.757182035800707 11.163439328416366
      vertex 6.470710678118655 4 11.170710678118656
      vertex 6.458813530889592 3.7578280047490997 11.170710678118656
    endloop
  endfacet
  facet normal 0.9030991581390911 -0.044366416668830636 0.4271340909368306
    outer loop
      vertex 6.480386424017301 3.7557032602304776 11.138268343236511
      vertex 6.488192126434836 4 11.147139673682602
      vertex 6.4762108012539645 3.756114523176329 11.147139673682602
    endloop
  endfacet
  facet normal 0.8569681442552194 -0.04210014528004702 0.5136469385669152
    outer loop
      vertex 6.4762108012539645 3.756114523176329 11.147139673682602
      vertex 6.483146961230255 4 11.155557023301961
      vertex 6.471189929898827 3.756609035842172 11.155557023301961
    endloop
  endfacet
  facet normal 0.9880106111351037 -0.048537848863875466 0.14655752970116015
    outer loop
      vertex 6.487482608033435 3.755004347108248 11.109801714032958
      vertex 6.498078528040324 4 11.119509032201615
      vertex 6.486049597133493 3.7551454863628093 11.119509032201615
    endloop
  endfacet
  facet normal 0.9689316750794883 -0.04760056083850442 0.24270474992368138
    outer loop
      vertex 6.486049597133493 3.7551454863628093 11.119509032201615
      vertex 6.495694033573221 4 11.129028467725448
      vertex 6.483676584658999 3.7553792076916066 11.129028467725448
    endloop
  endfacet
  facet normal 0.940538445931097 -0.04620569093566544 0.33653003707050366
    outer loop
      vertex 6.483676584658999 3.7553792076916066 11.129028467725448
      vertex 6.492387953251129 4 11.138268343236511
      vertex 6.480386424017301 3.7557032602304776 11.138268343236511
    endloop
  endfacet
  facet normal 0.802582956818828 -0.0394283723471727 0.5952360883531846
    outer loop
      vertex 6.471189929898827 3.756609035842172 11.155557023301961
      vertex 6.477301045336274 4 11.163439328416366
      vertex 6.465372163687728 3.757182035800707 11.163439328416366
    endloop
  endfacet
  facet normal 0 0 1
    outer loop
      vertex 6.4877173652276925 3.7549812255427373 11.105
      vertex 6.5 4 11.105
      vertex 6.499754365751153 4 11.105
    endloop
  endfacet
  facet normal 0.9975952547276311 -0.049008712209736766 0.04900871220972906
    outer loop
      vertex 6.4877173652276925 3.7549812255427373 11.105
      vertex 6.499754365751153 4 11.105
      vertex 6.49951847266722 4 11.109801714032958
    endloop
  endfacet
  facet normal 0.42746080890564514 -0.020999802941443 0.9037899452451063
    outer loop
      vertex 6.435356027282507 3.7601383671986173 11.188192126434837
      vertex 6.4471396736826 4 11.188192126434837
      vertex 6.438268343236509 4 11.19238795325113
    endloop
  endfacet
  facet normal 0.513938855159939 -0.025248196928134133 0.8574551776674799
    outer loop
      vertex 6.443732845062755 3.7593133226597737 11.183146961230257
      vertex 6.45555702330196 4 11.183146961230257
      vertex 6.4471396736826 4 11.188192126434837
    endloop
  endfacet
  facet normal 0.6711937757436043 -0.03297363578715719 0.7405482123035745
    outer loop
      vertex 6.458813530889592 3.7578280047490997 11.170710678118656
      vertex 6.470710678118655 4 11.170710678118656
      vertex 6.463439328416365 4 11.177301045336275
    endloop
  endfacet
  facet normal 0.5954443807603429 -0.029252306639687104 0.8028638066180277
    outer loop
      vertex 6.451577194723581 3.7585407216532545 11.177301045336275
      vertex 6.463439328416365 4 11.177301045336275
      vertex 6.45555702330196 4 11.183146961230257
    endloop
  endfacet
  facet normal 0.8569681442552515 -0.042100145280046075 0.5136469385668617
    outer loop
      vertex 6.4762108012539645 3.756114523176329 11.147139673682602
      vertex 6.488192126434836 4 11.147139673682602
      vertex 6.483146961230255 4 11.155557023301961
    endloop
  endfacet
  facet normal 0.9405384459311307 -0.0462056909356631 0.33653003707041007
    outer loop
      vertex 6.483676584658999 3.7553792076916066 11.129028467725448
      vertex 6.495694033573221 4 11.129028467725448
      vertex 6.492387953251129 4 11.138268343236511
    endloop
  endfacet
  facet normal 0.9880106111351192 -0.04853784886387204 0.14655752970105668
    outer loop
      vertex 6.487482608033435 3.755004347108248 11.109801714032958
      vertex 6.49951847266722 4 11.109801714032958
      vertex 6.498078528040324 4 11.119509032201615
    endloop
  endfacet
  facet normal 0.9689316750794545 -0.04760056083850829 0.24270474992381516
    outer loop
      vertex 6.486049597133493 3.7551454863628093 11.119509032201615
      vertex 6.498078528040324 4 11.119509032201615
      vertex 6.495694033573221 4 11.129028467725448
    endloop
  endfacet
  facet normal 0.9030991581390797 -0.04436641666883115 0.42713409093685484
    outer loop
      vertex 6.480386424017301 3.7557032602304776 11.138268343236511
      vertex 6.492387953251129 4 11.138268343236511
      vertex 6.488192126434836 4 11.147139673682602
    endloop
  endfacet
  facet normal 0.7404607312924839 -0.03637650310639507 0.6711144875768594
    outer loop
      vertex 6.465372163687728 3.757182035800707 11.163439328416366
      vertex 6.477301045336274 4 11.163439328416366
      vertex 6.470710678118655 4 11.170710678118656
    endloop
  endfacet
  facet normal 0.8025829568187939 -0.039428372347173314 0.5952360883532304
    outer loop
      vertex 6.471189929898827 3.756609035842172 11.155557023301961
      vertex 6.483146961230255 4 11.155557023301961
      vertex 6.477301045336274 4 11.163439328416366
    endloop
  endfacet
  facet normal 0 0 1
    outer loop
      vertex 4.235241136790945 1.611556655986727 11.200000000000001
      vertex 4.235241136790945 6.3884433440132735 11.200000000000001
      vertex 4 6.4 11.200000000000001
    endloop
  endfacet
  facet normal 0 0 1
    outer loop
      vertex 4.468216772838708 1.6461153270322466 11.200000000000001
      vertex 4.468216772838708 6.353884672967753 11.200000000000001
      vertex 4.235241136790945 6.3884433440132735 11.200000000000001
    endloop
  endfacet
  facet normal 0 0 1
    outer loop
      vertex 4.69668322541071 1.7033431942426986 11.200000000000001
      vertex 4.69668322541071 6.296656805757301 11.200000000000001
      vertex 4.468216772838708 6.353884672967753 11.200000000000001
    endloop
  endfacet
  facet normal 0 0 1
    outer loop
      vertex 4.918440237676216 1.7826891219729113 11.200000000000001
      vertex 4.918440237676216 6.217310878027089 11.200000000000001
      vertex 4.69668322541071 6.296656805757301 11.200000000000001
    endloop
  endfacet
  facet normal 0 0 1
    outer loop
      vertex 5.131352168382395 1.8833889655639475 11.200000000000001
      vertex 5.131352168382395 6.116611034436053 11.200000000000001
      vertex 4.918440237676216 6.217310878027089 11.200000000000001
    endloop
  endfacet
  facet normal 0 0 1
    outer loop
      vertex 5.333368559247045 2.004472930473891 11.200000000000001
      vertex 5.333368559247045 5.9955270695261085 11.200000000000001
      vertex 5.131352168382395 6.116611034436053 11.200000000000001
    endloop
  endfacet
  facet normal 0 0 1
    outer loop
      vertex 5.52254388199275 2.144774911929431 11.200000000000001
      vertex 5.52254388199275 5.8552250880705685 11.200000000000001
      vertex 5.333368559247045 5.9955270695261085 11.200000000000001
    endloop
  endfacet
  facet normal 0 0 1
    outer loop
      vertex 5.697056274847714 2.3029437251522857 11.200000000000001
      vertex 5.697056274847714 5.697056274847714 11.200000000000001
      vertex 5.52254388199275 5.8552250880705685 11.200000000000001
    endloop
  endfacet
  facet normal 0 0 1
    outer loop
      vertex 5.8552250880705685 2.4774561180072503 11.200000000000001
      vertex 5.8552250880705685 5.52254388199275 11.200000000000001
      vertex 5.697056274847714 5.697056274847714 11.200000000000001
    endloop
  endfacet
  facet normal 0 0 1
    outer loop
      vertex 5.9955270695261085 2.6666314407529548 11.200000000000001
      vertex 5.9955270695261085 5.333368559247045 11.200000000000001
      vertex 5.8552250880705685 5.52254388199275 11.200000000000001
    endloop
  endfacet
  facet normal 0.029264745215223573 0.03945894109068642 0.9987925543652646
    outer loop
      vertex 5.52254388199275 5.8552250880705685 11.200000000000001
      vertex 5.528762023548549 5.862801915478917 11.199518472667222
      vertex 5.333368559247045 5.9955270695261085 11.200000000000001
    endloop
  endfacet
  facet normal 0.6715589548470198 0.7409511253549578 0
    outer loop
      vertex 5.585983210409114 5.932526133406843 10.305000000000001
      vertex 5.767766952966369 5.767766952966369 9.600000000000001
      vertex 5.585983210409114 5.932526133406843 9.600000000000001
    endloop
  endfacet
  facet normal 0.7409511253549578 0.6715589548470198 0
    outer loop
      vertex 5.767766952966369 5.767766952966369 10.305000000000001
      vertex 5.932526133406843 5.585983210409114 10.305000000000001
      vertex 5.932526133406843 5.585983210409114 9.600000000000001
    endloop
  endfacet
  facet normal 0.7409511253549578 0.6715589548470198 0
    outer loop
      vertex 5.767766952966369 5.767766952966369 10.305000000000001
      vertex 5.932526133406843 5.585983210409114 9.600000000000001
      vertex 5.767766952966369 5.767766952966369 9.600000000000001
    endloop
  endfacet
  facet normal 0.6715589548470198 0.7409511253549578 0
    outer loop
      vertex 5.767766952966369 5.767766952966369 10.305000000000001
      vertex 5.767766952966369 5.767766952966369 9.600000000000001
      vertex 5.585983210409114 5.932526133406843 10.305000000000001
    endloop
  endfacet
  facet normal 0.6715589548470199 0.7409511253549578 0
    outer loop
      vertex 5.767766952966369 5.767766952966369 10.305000000000001
      vertex 5.585983210409114 5.932526133406843 10.305000000000001
      vertex 5.585983210409114 5.932526133406843 11.105
    endloop
  endfacet
  facet normal 0.08751038086685296 0.11799408940872594 0.9891508116081914
    outer loop
      vertex 5.528762023548549 5.862801915478917 11.199518472667222
      vertex 5.534920281001985 5.870305773897406 11.198078528040323
      vertex 5.338814099796327 6.003676896892991 11.199518472667222
    endloop
  endfacet
  facet normal 0.1449073604288949 0.19538495745372708 0.9699621514751674
    outer loop
      vertex 5.534920281001985 5.870305773897406 11.198078528040323
      vertex 5.540959346967334 5.877664397067441 11.195694033573222
      vertex 5.344207196813282 6.011748236967182 11.198078528040323
    endloop
  endfacet
  facet normal 0.20089956413614826 0.2708817045251106 0.941415140776627
    outer loop
      vertex 5.349495911825474 6.019663358331522 11.195694033573222
      vertex 5.540959346967334 5.877664397067441 11.195694033573222
      vertex 5.54682106193806 5.884806917425264 11.19238795325113
    endloop
  endfacet
  facet normal 0.25494519922061154 0.3437538076417707 0.9037899452451036
    outer loop
      vertex 5.354629311616227 6.02734603404043 11.19238795325113
      vertex 5.54682106193806 5.884806917425264 11.19238795325113
      vertex 5.552448974394657 5.891664548595327 11.188192126434837
    endloop
  endfacet
  facet normal 0.3065222380301963 0.41329739399634374 0.8574551776674921
    outer loop
      vertex 5.359557958739355 6.034722275727049 11.188192126434837
      vertex 5.552448974394657 5.891664548595327 11.188192126434837
      vertex 5.557788884463636 5.898171247840701 11.183146961230257
    endloop
  endfacet
  facet normal 0.35513357742992224 0.4788421976023993 0.8028638066179905
    outer loop
      vertex 5.364234387628791 6.0417210461516735 11.183146961230257
      vertex 5.557788884463636 5.898171247840701 11.183146961230257
      vertex 5.562789365891943 5.90426435209073 11.177301045336275
    endloop
  endfacet
  facet normal 0.03299148003428882 0.03640048886564335 0.9987925543652643
    outer loop
      vertex 5.52254388199275 5.8552250880705685 11.200000000000001
      vertex 5.697056274847714 5.697056274847714 11.200000000000001
      vertex 5.703987133307669 5.703987133307669 11.199518472667222
    endloop
  endfacet
  facet normal 0.0329914800342859 0.03640048886563985 0.9987925543652645
    outer loop
      vertex 5.52254388199275 5.8552250880705685 11.200000000000001
      vertex 5.703987133307669 5.703987133307669 11.199518472667222
      vertex 5.528762023548549 5.862801915478917 11.199518472667222
    endloop
  endfacet
  facet normal 0.09865443768359239 0.10884839833543754 0.9891508116081916
    outer loop
      vertex 5.528762023548549 5.862801915478917 11.199518472667222
      vertex 5.710851243811861 5.710851243811861 11.198078528040323
      vertex 5.534920281001985 5.870305773897406 11.198078528040323
    endloop
  endfacet
  facet normal 0.1633606666742456 0.18024072039750036 0.9699621514751676
    outer loop
      vertex 5.534920281001985 5.870305773897406 11.198078528040323
      vertex 5.717582501223832 5.717582501223832 11.195694033573222
      vertex 5.540959346967334 5.877664397067441 11.195694033573222
    endloop
  endfacet
  facet normal 0.0986544376835861 0.10884839833542999 0.989150811608193
    outer loop
      vertex 5.528762023548549 5.862801915478917 11.199518472667222
      vertex 5.703987133307669 5.703987133307669 11.199518472667222
      vertex 5.710851243811861 5.710851243811861 11.198078528040323
    endloop
  endfacet
  facet normal 0.16336066667423743 0.18024072039749056 0.969962151475171
    outer loop
      vertex 5.534920281001985 5.870305773897406 11.198078528040323
      vertex 5.710851243811861 5.710851243811861 11.198078528040323
      vertex 5.717582501223832 5.717582501223832 11.195694033573222
    endloop
  endfacet
  facet normal 0.22648322786854796 0.24988573430824504 0.9414151407766249
    outer loop
      vertex 5.717582501223832 5.717582501223832 11.195694033573222
      vertex 5.724116079855024 5.724116079855024 11.19238795325113
      vertex 5.540959346967334 5.877664397067441 11.195694033573222
    endloop
  endfacet
  facet normal 0.28741133360521276 0.31710953973216605 0.9037899452450924
    outer loop
      vertex 5.7303890577716015 5.7303890577716015 11.188192126434837
      vertex 5.54682106193806 5.884806917425264 11.19238795325113
      vertex 5.724116079855024 5.724116079855024 11.19238795325113
    endloop
  endfacet
  facet normal 0.34555647833819747 0.38126282085942753 0.8574551776675065
    outer loop
      vertex 5.7363410227670695 5.7363410227670695 11.183146961230257
      vertex 5.552448974394657 5.891664548595327 11.188192126434837
      vertex 5.7303890577716015 5.7303890577716015 11.188192126434837
    endloop
  endfacet
  facet normal 0.4003582550648184 0.4417272638453633 0.8028638066179983
    outer loop
      vertex 5.7363410227670695 5.7363410227670695 11.183146961230257
      vertex 5.741914654164846 5.741914654164846 11.177301045336275
      vertex 5.557788884463636 5.898171247840701 11.183146961230257
    endloop
  endfacet
  facet normal 0.5761986878472944 0.6357372842802171 0.5136469385668238
    outer loop
      vertex 5.755850054968683 5.755850054968683 11.155557023301961
      vertex 5.759417525497048 5.759417525497048 11.147139673682602
      vertex 5.575291755795838 5.919498558266902 11.155557023301961
    endloop
  endfacet
  facet normal 0.651479478597948 0.7187968373123333 0.2427047499237144
    outer loop
      vertex 5.766408267113822 5.766408267113822 11.119509032201615
      vertex 5.5832515342261315 5.929197576347113 11.129028467725448
      vertex 5.764722174906432 5.764722174906432 11.129028467725448
    endloop
  endfacet
  facet normal 0.6643075609420512 0.7329504450937575 0.14655752970108915
    outer loop
      vertex 5.767426461724034 5.767426461724034 11.109801714032958
      vertex 5.584764241502186 5.93104081549617 11.119509032201615
      vertex 5.766408267113822 5.766408267113822 11.119509032201615
    endloop
  endfacet
  facet normal 0.6323887556945348 0.6977334704745751 0.33653003707042745
    outer loop
      vertex 5.764722174906432 5.764722174906432 11.129028467725448
      vertex 5.5811541790728905 5.926641941698479 11.138268343236511
      vertex 5.762384423091533 5.762384423091533 11.138268343236511
    endloop
  endfacet
  facet normal 0.6072157447205082 0.6699593328874592 0.42713409093691995
    outer loop
      vertex 5.762384423091533 5.762384423091533 11.138268343236511
      vertex 5.57849237471912 5.923398523708985 11.147139673682602
      vertex 5.759417525497048 5.759417525497048 11.147139673682602
    endloop
  endfacet
  facet normal 0.497862732276879 0.5493068763216493 0.6711144875768612
    outer loop
      vertex 5.751716368197802 5.751716368197802 11.163439328416366
      vertex 5.567402261309881 5.909885181420657 11.170710678118656
      vertex 5.747056274847714 5.747056274847714 11.170710678118656
    endloop
  endfacet
  facet normal 0.4512897888530267 0.49792155178397685 0.7405482123035793
    outer loop
      vertex 5.747056274847714 5.747056274847714 11.170710678118656
      vertex 5.562789365891943 5.90426435209073 11.177301045336275
      vertex 5.741914654164846 5.741914654164846 11.177301045336275
    endloop
  endfacet
  facet normal 0.5396317817734673 0.5953919206891339 0.5952360883532658
    outer loop
      vertex 5.755850054968683 5.755850054968683 11.155557023301961
      vertex 5.571583146012911 5.914979604171375 11.163439328416366
      vertex 5.751716368197802 5.751716368197802 11.163439328416366
    endloop
  endfacet
  facet normal 0.22648322786854636 0.2498857343082431 0.9414151407766258
    outer loop
      vertex 5.724116079855024 5.724116079855024 11.19238795325113
      vertex 5.54682106193806 5.884806917425264 11.19238795325113
      vertex 5.540959346967334 5.877664397067441 11.195694033573222
    endloop
  endfacet
  facet normal 0.28741133360519605 0.3171095397321459 0.9037899452451048
    outer loop
      vertex 5.7303890577716015 5.7303890577716015 11.188192126434837
      vertex 5.552448974394657 5.891664548595327 11.188192126434837
      vertex 5.54682106193806 5.884806917425264 11.19238795325113
    endloop
  endfacet
  facet normal 0.34555647833821307 0.3812628208594465 0.8574551776674917
    outer loop
      vertex 5.7363410227670695 5.7363410227670695 11.183146961230257
      vertex 5.557788884463636 5.898171247840701 11.183146961230257
      vertex 5.552448974394657 5.891664548595327 11.188192126434837
    endloop
  endfacet
  facet normal 0.4512897888530052 0.4979215517839503 0.7405482123036101
    outer loop
      vertex 5.747056274847714 5.747056274847714 11.170710678118656
      vertex 5.567402261309881 5.909885181420657 11.170710678118656
      vertex 5.562789365891943 5.90426435209073 11.177301045336275
    endloop
  endfacet
  facet normal 0.4003582550648248 0.44172726384537114 0.8028638066179907
    outer loop
      vertex 5.741914654164846 5.741914654164846 11.177301045336275
      vertex 5.562789365891943 5.90426435209073 11.177301045336275
      vertex 5.557788884463636 5.898171247840701 11.183146961230257
    endloop
  endfacet
  facet normal 0.6323887556945379 0.6977334704745795 0.33653003707041257
    outer loop
      vertex 5.764722174906432 5.764722174906432 11.129028467725448
      vertex 5.5832515342261315 5.929197576347113 11.129028467725448
      vertex 5.5811541790728905 5.926641941698479 11.138268343236511
    endloop
  endfacet
  facet normal 0.6072157447205274 0.6699593328874849 0.4271340909368528
    outer loop
      vertex 5.762384423091533 5.762384423091533 11.138268343236511
      vertex 5.5811541790728905 5.926641941698479 11.138268343236511
      vertex 5.57849237471912 5.923398523708985 11.147139673682602
    endloop
  endfacet
  facet normal 0.5761986878472712 0.635737284280187 0.5136469385668871
    outer loop
      vertex 5.759417525497048 5.759417525497048 11.147139673682602
      vertex 5.57849237471912 5.923398523708985 11.147139673682602
      vertex 5.575291755795838 5.919498558266902 11.155557023301961
    endloop
  endfacet
  facet normal 0.651479478597943 0.7187968373123256 0.2427047499237509
    outer loop
      vertex 5.766408267113822 5.766408267113822 11.119509032201615
      vertex 5.584764241502186 5.93104081549617 11.119509032201615
      vertex 5.5832515342261315 5.929197576347113 11.129028467725448
    endloop
  endfacet
  facet normal 0.5396317817734609 0.5953919206891259 0.5952360883532798
    outer loop
      vertex 5.755850054968683 5.755850054968683 11.155557023301961
      vertex 5.575291755795838 5.919498558266902 11.155557023301961
      vertex 5.571583146012911 5.914979604171375 11.163439328416366
    endloop
  endfacet
  facet normal 0.4978627322769023 0.5493068763216785 0.67111448757682
    outer loop
      vertex 5.751716368197802 5.751716368197802 11.163439328416366
      vertex 5.571583146012911 5.914979604171375 11.163439328416366
      vertex 5.567402261309881 5.909885181420657 11.170710678118656
    endloop
  endfacet
  facet normal 0 0 1
    outer loop
      vertex 5.767593263323318 5.767593263323318 11.105
      vertex 5.585983210409114 5.932526133406843 11.105
      vertex 5.585827381691285 5.93233625556478 11.105
    endloop
  endfacet
  facet normal 0.6707519767567011 0.7400607622381495 0.04900871220984021
    outer loop
      vertex 5.767593263323318 5.767593263323318 11.105
      vertex 5.585827381691285 5.93233625556478 11.105
      vertex 5.585677732703057 5.932153907745024 11.109801714032958
    endloop
  endfacet
  facet normal 0.6643075609420533 0.7329504450937618 0.1465575297010587
    outer loop
      vertex 5.767426461724034 5.767426461724034 11.109801714032958
      vertex 5.585677732703057 5.932153907745024 11.109801714032958
      vertex 5.584764241502186 5.93104081549617 11.119509032201615
    endloop
  endfacet
  facet normal 0.7409511253549578 0.6715589548470199 0
    outer loop
      vertex 5.932526133406843 5.585983210409114 10.305000000000001
      vertex 5.767766952966369 5.767766952966369 11.105
      vertex 5.932526133406843 5.585983210409114 11.105
    endloop
  endfacet
  facet normal 0.036400488865639985 0.03299148003428576 0.9987925543652646
    outer loop
      vertex 5.8552250880705685 5.52254388199275 11.200000000000001
      vertex 5.862801915478917 5.528762023548549 11.199518472667222
      vertex 5.697056274847714 5.697056274847714 11.200000000000001
    endloop
  endfacet
  facet normal 0.03640048886564319 0.03299148003428892 0.9987925543652642
    outer loop
      vertex 5.862801915478917 5.528762023548549 11.199518472667222
      vertex 5.703987133307669 5.703987133307669 11.199518472667222
      vertex 5.697056274847714 5.697056274847714 11.200000000000001
    endloop
  endfacet
  facet normal 0.10884839833543011 0.09865443768358566 0.9891508116081931
    outer loop
      vertex 5.870305773897406 5.534920281001985 11.198078528040323
      vertex 5.710851243811861 5.710851243811861 11.198078528040323
      vertex 5.703987133307669 5.703987133307669 11.199518472667222
    endloop
  endfacet
  facet normal 0.10884839833543727 0.09865443768359271 0.9891508116081915
    outer loop
      vertex 5.862801915478917 5.528762023548549 11.199518472667222
      vertex 5.870305773897406 5.534920281001985 11.198078528040323
      vertex 5.703987133307669 5.703987133307669 11.199518472667222
    endloop
  endfacet
  facet normal 0.18024072039750005 0.163360666674246 0.9699621514751676
    outer loop
      vertex 5.870305773897406 5.534920281001985 11.198078528040323
      vertex 5.877664397067441 5.540959346967334 11.195694033573222
      vertex 5.710851243811861 5.710851243811861 11.198078528040323
    endloop
  endfacet
  facet normal 0.24988573430824318 0.2264832278685463 0.9414151407766259
    outer loop
      vertex 5.717582501223832 5.717582501223832 11.195694033573222
      vertex 5.877664397067441 5.540959346967334 11.195694033573222
      vertex 5.884806917425264 5.54682106193806 11.19238795325113
    endloop
  endfacet
  facet normal 0.1802407203974911 0.16336066667423718 0.9699621514751708
    outer loop
      vertex 5.717582501223832 5.717582501223832 11.195694033573222
      vertex 5.710851243811861 5.710851243811861 11.198078528040323
      vertex 5.877664397067441 5.540959346967334 11.195694033573222
    endloop
  endfacet
  facet normal 0.24988573430824498 0.226483227868548 0.9414151407766249
    outer loop
      vertex 5.717582501223832 5.717582501223832 11.195694033573222
      vertex 5.884806917425264 5.54682106193806 11.19238795325113
      vertex 5.724116079855024 5.724116079855024 11.19238795325113
    endloop
  endfacet
  facet normal 0.31710953973216516 0.28741133360521354 0.9037899452450924
    outer loop
      vertex 5.7303890577716015 5.7303890577716015 11.188192126434837
      vertex 5.724116079855024 5.724116079855024 11.19238795325113
      vertex 5.891664548595327 5.552448974394657 11.188192126434837
    endloop
  endfacet
  facet normal 0.3812628208594283 0.3455564783381966 0.8574551776675065
    outer loop
      vertex 5.7363410227670695 5.7363410227670695 11.183146961230257
      vertex 5.7303890577716015 5.7303890577716015 11.188192126434837
      vertex 5.898171247840701 5.557788884463636 11.183146961230257
    endloop
  endfacet
  facet normal 0.4417272638453637 0.4003582550648181 0.8028638066179983
    outer loop
      vertex 5.7363410227670695 5.7363410227670695 11.183146961230257
      vertex 5.90426435209073 5.562789365891943 11.177301045336275
      vertex 5.741914654164846 5.741914654164846 11.177301045336275
    endloop
  endfacet
  facet normal 0.6357372842802151 0.5761986878472967 0.5136469385668239
    outer loop
      vertex 5.755850054968683 5.755850054968683 11.155557023301961
      vertex 5.923398523708985 5.57849237471912 11.147139673682602
      vertex 5.759417525497048 5.759417525497048 11.147139673682602
    endloop
  endfacet
  facet normal 0.6977334704745755 0.6323887556945343 0.33653003707042745
    outer loop
      vertex 5.764722174906432 5.764722174906432 11.129028467725448
      vertex 5.762384423091533 5.762384423091533 11.138268343236511
      vertex 5.929197576347113 5.5832515342261315 11.129028467725448
    endloop
  endfacet
  facet normal 0.7187968373123323 0.6514794785979491 0.24270474992371444
    outer loop
      vertex 5.766408267113822 5.766408267113822 11.119509032201615
      vertex 5.764722174906432 5.764722174906432 11.129028467725448
      vertex 5.93104081549617 5.584764241502186 11.119509032201615
    endloop
  endfacet
  facet normal 0.6699593328874613 0.6072157447205061 0.42713409093692
    outer loop
      vertex 5.762384423091533 5.762384423091533 11.138268343236511
      vertex 5.759417525497048 5.759417525497048 11.147139673682602
      vertex 5.926641941698479 5.5811541790728905 11.138268343236511
    endloop
  endfacet
  facet normal 0.549306876321651 0.49786273227687733 0.6711144875768611
    outer loop
      vertex 5.751716368197802 5.751716368197802 11.163439328416366
      vertex 5.747056274847714 5.747056274847714 11.170710678118656
      vertex 5.914979604171375 5.571583146012911 11.163439328416366
    endloop
  endfacet
  facet normal 0.4979215517839755 0.4512897888530281 0.7405482123035793
    outer loop
      vertex 5.747056274847714 5.747056274847714 11.170710678118656
      vertex 5.741914654164846 5.741914654164846 11.177301045336275
      vertex 5.909885181420657 5.567402261309881 11.170710678118656
    endloop
  endfacet
  facet normal 0.5953919206891335 0.5396317817734678 0.5952360883532659
    outer loop
      vertex 5.755850054968683 5.755850054968683 11.155557023301961
      vertex 5.751716368197802 5.751716368197802 11.163439328416366
      vertex 5.919498558266902 5.575291755795838 11.155557023301961
    endloop
  endfacet
  facet normal 0.03945894109068639 0.02926474521522362 0.9987925543652645
    outer loop
      vertex 5.8552250880705685 5.52254388199275 11.200000000000001
      vertex 6.003676896892991 5.338814099796327 11.199518472667222
      vertex 5.862801915478917 5.528762023548549 11.199518472667222
    endloop
  endfacet
  facet normal 0.11799408940872602 0.08751038086685291 0.9891508116081915
    outer loop
      vertex 5.862801915478917 5.528762023548549 11.199518472667222
      vertex 6.011748236967182 5.344207196813282 11.198078528040323
      vertex 5.870305773897406 5.534920281001985 11.198078528040323
    endloop
  endfacet
  facet normal 0.19538495745372703 0.14490736042889496 0.9699621514751674
    outer loop
      vertex 5.870305773897406 5.534920281001985 11.198078528040323
      vertex 6.019663358331522 5.349495911825474 11.195694033573222
      vertex 5.877664397067441 5.540959346967334 11.195694033573222
    endloop
  endfacet
  facet normal 0.27088170452511023 0.20089956413614815 0.941415140776627
    outer loop
      vertex 6.02734603404043 5.354629311616227 11.19238795325113
      vertex 5.884806917425264 5.54682106193806 11.19238795325113
      vertex 5.877664397067441 5.540959346967334 11.195694033573222
    endloop
  endfacet
  facet normal 0.3437538076417712 0.2549451992206112 0.9037899452451035
    outer loop
      vertex 5.891664548595327 5.552448974394657 11.188192126434837
      vertex 5.884806917425264 5.54682106193806 11.19238795325113
      vertex 6.034722275727049 5.359557958739355 11.188192126434837
    endloop
  endfacet
  facet normal 0.41329739399634313 0.30652223803019735 0.8574551776674922
    outer loop
      vertex 5.898171247840701 5.557788884463636 11.183146961230257
      vertex 5.891664548595327 5.552448974394657 11.188192126434837
      vertex 6.0417210461516735 5.364234387628791 11.183146961230257
    endloop
  endfacet
  facet normal 0.31710953973214684 0.28741133360519533 0.9037899452451045
    outer loop
      vertex 5.724116079855024 5.724116079855024 11.19238795325113
      vertex 5.884806917425264 5.54682106193806 11.19238795325113
      vertex 5.891664548595327 5.552448974394657 11.188192126434837
    endloop
  endfacet
  facet normal 0.3812628208594455 0.34555647833821374 0.8574551776674918
    outer loop
      vertex 5.7303890577716015 5.7303890577716015 11.188192126434837
      vertex 5.891664548595327 5.552448974394657 11.188192126434837
      vertex 5.898171247840701 5.557788884463636 11.183146961230257
    endloop
  endfacet
  facet normal 0.5493068763216769 0.49786273227690386 0.6711144875768201
    outer loop
      vertex 5.747056274847714 5.747056274847714 11.170710678118656
      vertex 5.909885181420657 5.567402261309881 11.170710678118656
      vertex 5.914979604171375 5.571583146012911 11.163439328416366
    endloop
  endfacet
  facet normal 0.4979215517839516 0.4512897888530038 0.7405482123036101
    outer loop
      vertex 5.741914654164846 5.741914654164846 11.177301045336275
      vertex 5.90426435209073 5.562789365891943 11.177301045336275
      vertex 5.909885181420657 5.567402261309881 11.170710678118656
    endloop
  endfacet
  facet normal 0.44172726384537037 0.4003582550648248 0.8028638066179913
    outer loop
      vertex 5.7363410227670695 5.7363410227670695 11.183146961230257
      vertex 5.898171247840701 5.557788884463636 11.183146961230257
      vertex 5.90426435209073 5.562789365891943 11.177301045336275
    endloop
  endfacet
  facet normal 0.6357372842801889 0.576198687847269 0.5136469385668874
    outer loop
      vertex 5.755850054968683 5.755850054968683 11.155557023301961
      vertex 5.919498558266902 5.575291755795838 11.155557023301961
      vertex 5.923398523708985 5.57849237471912 11.147139673682602
    endloop
  endfacet
  facet normal 0.697733470474579 0.6323887556945385 0.3365300370704122
    outer loop
      vertex 5.762384423091533 5.762384423091533 11.138268343236511
      vertex 5.926641941698479 5.5811541790728905 11.138268343236511
      vertex 5.929197576347113 5.5832515342261315 11.129028467725448
    endloop
  endfacet
  facet normal 0.6699593328874829 0.6072157447205296 0.4271340909368527
    outer loop
      vertex 5.759417525497048 5.759417525497048 11.147139673682602
      vertex 5.923398523708985 5.57849237471912 11.147139673682602
      vertex 5.926641941698479 5.5811541790728905 11.138268343236511
    endloop
  endfacet
  facet normal 0.7187968373123267 0.6514794785979419 0.24270474992375066
    outer loop
      vertex 5.764722174906432 5.764722174906432 11.129028467725448
      vertex 5.929197576347113 5.5832515342261315 11.129028467725448
      vertex 5.93104081549617 5.584764241502186 11.119509032201615
    endloop
  endfacet
  facet normal 0.5953919206891266 0.5396317817734605 0.5952360883532796
    outer loop
      vertex 5.751716368197802 5.751716368197802 11.163439328416366
      vertex 5.914979604171375 5.571583146012911 11.163439328416366
      vertex 5.919498558266902 5.575291755795838 11.155557023301961
    endloop
  endfacet
  facet normal 0 0 1
    outer loop
      vertex 5.767766952966369 5.767766952966369 11.105
      vertex 5.93233625556478 5.585827381691285 11.105
      vertex 5.932526133406843 5.585983210409114 11.105
    endloop
  endfacet
  facet normal 0.7400607622381514 0.6707519767566992 0.04900871220983728
    outer loop
      vertex 5.767426461724034 5.767426461724034 11.109801714032958
      vertex 5.932153907745024 5.585677732703057 11.109801714032958
      vertex 5.93233625556478 5.585827381691285 11.105
    endloop
  endfacet
  facet normal 0.732950445093761 0.6643075609420543 0.14655752970105823
    outer loop
      vertex 5.766408267113822 5.766408267113822 11.119509032201615
      vertex 5.93104081549617 5.584764241502186 11.119509032201615
      vertex 5.932153907745024 5.585677732703057 11.109801714032958
    endloop
  endfacet
  facet normal 0.7409511253549578 0.6715589548470199 0
    outer loop
      vertex 5.767766952966369 5.767766952966369 10.305000000000001
      vertex 5.767766952966369 5.767766952966369 11.105
      vertex 5.932526133406843 5.585983210409114 10.305000000000001
    endloop
  endfacet
  facet normal 0.6715589548470199 0.7409511253549578 0
    outer loop
      vertex 5.767766952966369 5.767766952966369 10.305000000000001
      vertex 5.585983210409114 5.932526133406843 11.105
      vertex 5.767766952966369 5.767766952966369 11.105
    endloop
  endfacet
  facet normal 0 0 1
    outer loop
      vertex 5.767766952966369 5.767766952966369 11.105
      vertex 5.585983210409114 5.932526133406843 11.105
      vertex 5.767593263323318 5.767593263323318 11.105
    endloop
  endfacet
  facet normal 0.6707519767567037 0.7400607622381565 0.04900871220970219
    outer loop
      vertex 5.767593263323318 5.767593263323318 11.105
      vertex 5.585677732703057 5.932153907745024 11.109801714032958
      vertex 5.767426461724034 5.767426461724034 11.109801714032958
    endloop
  endfacet
  facet normal 0 0 1
    outer loop
      vertex 5.767766952966369 5.767766952966369 11.105
      vertex 5.767593263323318 5.767593263323318 11.105
      vertex 5.93233625556478 5.585827381691285 11.105
    endloop
  endfacet
  facet normal 0.7400607622381545 0.6707519767567056 0.04900871220970219
    outer loop
      vertex 5.767593263323318 5.767593263323318 11.105
      vertex 5.767426461724034 5.767426461724034 11.109801714032958
      vertex 5.93233625556478 5.585827381691285 11.105
    endloop
  endfacet
  facet normal 0.7329504450937584 0.6643075609420502 0.14655752970108915
    outer loop
      vertex 5.767426461724034 5.767426461724034 11.109801714032958
      vertex 5.766408267113822 5.766408267113822 11.119509032201615
      vertex 5.932153907745024 5.585677732703057 11.109801714032958
    endloop
  endfacet
  facet normal 0.0024105332617755126 0.0490675317690231 0.9987925543652645
    outer loop
      vertex 4 6.4 11.200000000000001
      vertex 4.236201872770784 6.398197860114079 11.199518472667222
      vertex 4 6.409801714032957 11.199518472667222
    endloop
  endfacet
  facet normal 0.007208218704068639 0.14672666246449304 0.9891508116081921
    outer loop
      vertex 4 6.409801714032957 11.199518472667222
      vertex 4.237153356337945 6.407858434892474 11.198078528040323
      vertex 4 6.4195090322016135 11.198078528040323
    endloop
  endfacet
  facet normal 0.011936000454506372 0.24296287082354473 0.9699621514751653
    outer loop
      vertex 4 6.4195090322016135 11.198078528040323
      vertex 4.238086424185543 6.417332031732334 11.195694033573222
      vertex 4 6.429028467725447 11.195694033573222
    endloop
  endfacet
  facet normal 0.016548071000270642 0.3368437235020075 0.9414151407766252
    outer loop
      vertex 4 6.429028467725447 11.195694033573222
      vertex 4.238992090360139 6.426527414717296 11.19238795325113
      vertex 4 6.438268343236509 11.19238795325113
    endloop
  endfacet
  facet normal 0.002410533261775564 0.04906753176902987 0.9987925543652642
    outer loop
      vertex 4 6.4 11.200000000000001
      vertex 4.235241136790945 6.3884433440132735 11.200000000000001
      vertex 4.236201872770784 6.398197860114079 11.199518472667222
    endloop
  endfacet
  facet normal 0.007208218704068589 0.14672666246448593 0.9891508116081932
    outer loop
      vertex 4 6.409801714032957 11.199518472667222
      vertex 4.236201872770784 6.398197860114079 11.199518472667222
      vertex 4.237153356337945 6.407858434892474 11.198078528040323
    endloop
  endfacet
  facet normal 0.01193600045450627 0.24296287082352938 0.9699621514751692
    outer loop
      vertex 4 6.4195090322016135 11.198078528040323
      vertex 4.237153356337945 6.407858434892474 11.198078528040323
      vertex 4.238086424185543 6.417332031732334 11.195694033573222
    endloop
  endfacet
  facet normal 0.016548071000270653 0.3368437235020096 0.9414151407766245
    outer loop
      vertex 4 6.429028467725447 11.195694033573222
      vertex 4.238086424185543 6.417332031732334 11.195694033573222
      vertex 4.238992090360139 6.426527414717296 11.19238795325113
    endloop
  endfacet
  facet normal 0.020999802941443126 0.42746080890566773 0.9037899452450955
    outer loop
      vertex 4 6.438268343236509 11.19238795325113
      vertex 4.238992090360139 6.426527414717296 11.19238795325113
      vertex 4.239861632801382 6.435356027282507 11.188192126434837
    endloop
  endfacet
  facet normal 0.007208385032284664 0.048594984615052524 0.9987925543652642
    outer loop
      vertex 4.235241136790945 6.3884433440132735 11.200000000000001
      vertex 4.470128992385708 6.363498049813998 11.199518472667222
      vertex 4.236201872770784 6.398197860114079 11.199518472667222
    endloop
  endfacet
  facet normal 0.021555237025670845 0.1453136044960001 0.9891508116081931
    outer loop
      vertex 4.236201872770784 6.398197860114079 11.199518472667222
      vertex 4.472022796213143 6.373018844586008 11.198078528040323
      vertex 4.237153356337945 6.407858434892474 11.198078528040323
    endloop
  endfacet
  facet normal 0.03569305115426 0.24062300556048383 0.969962151475169
    outer loop
      vertex 4.237153356337945 6.407858434892474 11.198078528040323
      vertex 4.4738799459549 6.382355366825531 11.195694033573222
      vertex 4.238086424185543 6.417332031732334 11.195694033573222
    endloop
  endfacet
  facet normal 0.04948484603098572 0.33359973430717416 0.9414151407766249
    outer loop
      vertex 4.238086424185543 6.417332031732334 11.195694033573222
      vertex 4.475682556243742 6.39141770071954 11.19238795325113
      vertex 4.238992090360139 6.426527414717296 11.19238795325113
    endloop
  endfacet
  facet normal 0.06279716924234496 0.423344127642061 0.9037899452450944
    outer loop
      vertex 4.239861632801382 6.435356027282507 11.188192126434837
      vertex 4.238992090360139 6.426527414717296 11.19238795325113
      vertex 4.477413266957181 6.400118571038659 11.188192126434837
    endloop
  endfacet
  facet normal 0.07550143684591255 0.5089893430371734 0.8574551776674915
    outer loop
      vertex 4.240686677340227 6.443732845062755 11.183146961230257
      vertex 4.239861632801382 6.435356027282507 11.188192126434837
      vertex 4.4790554104049445 6.408374183645336 11.183146961230257
    endloop
  endfacet
  facet normal 0.08747520421518419 0.5897099258706239 0.8028638066180186
    outer loop
      vertex 4.240686677340227 6.443732845062755 11.183146961230257
      vertex 4.480593171847944 6.416105032477191 11.177301045336275
      vertex 4.2414592783467455 6.451577194723581 11.177301045336275
    endloop
  endfacet
  facet normal 0.007208385032284446 0.04859498461505047 0.9987925543652643
    outer loop
      vertex 4.235241136790945 6.3884433440132735 11.200000000000001
      vertex 4.468216772838708 6.353884672967753 11.200000000000001
      vertex 4.470128992385708 6.363498049813998 11.199518472667222
    endloop
  endfacet
  facet normal 0.021555237025670054 0.14531360449599265 0.9891508116081943
    outer loop
      vertex 4.236201872770784 6.398197860114079 11.199518472667222
      vertex 4.470128992385708 6.363498049813998 11.199518472667222
      vertex 4.472022796213143 6.373018844586008 11.198078528040323
    endloop
  endfacet
  facet normal 0.035693051154261586 0.2406230055604989 0.9699621514751653
    outer loop
      vertex 4.237153356337945 6.407858434892474 11.198078528040323
      vertex 4.472022796213143 6.373018844586008 11.198078528040323
      vertex 4.4738799459549 6.382355366825531 11.195694033573222
    endloop
  endfacet
  facet normal 0.04948484603098623 0.3335997343071791 0.9414151407766231
    outer loop
      vertex 4.238086424185543 6.417332031732334 11.195694033573222
      vertex 4.4738799459549 6.382355366825531 11.195694033573222
      vertex 4.475682556243742 6.39141770071954 11.19238795325113
    endloop
  endfacet
  facet normal 0.06279716924234213 0.4233441276420332 0.9037899452451076
    outer loop
      vertex 4.238992090360139 6.426527414717296 11.19238795325113
      vertex 4.475682556243742 6.39141770071954 11.19238795325113
      vertex 4.477413266957181 6.400118571038659 11.188192126434837
    endloop
  endfacet
  facet normal 0.07550143684591089 0.5089893430371568 0.8574551776675016
    outer loop
      vertex 4.239861632801382 6.435356027282507 11.188192126434837
      vertex 4.477413266957181 6.400118571038659 11.188192126434837
      vertex 4.4790554104049445 6.408374183645336 11.183146961230257
    endloop
  endfacet
  facet normal 0.10877918370885033 0.7333296896730935 0.6711144875768967
    outer loop
      vertex 4.2421719952509 6.458813530889592 11.170710678118656
      vertex 4.482011741802855 6.42323666523386 11.170710678118656
      vertex 4.483297458665545 6.4297004003933536 11.163439328416366
    endloop
  endfacet
  facet normal 0.09860335322362362 0.6647298127713847 0.7405482123035456
    outer loop
      vertex 4.2414592783467455 6.451577194723581 11.177301045336275
      vertex 4.480593171847944 6.416105032477191 11.177301045336275
      vertex 4.482011741802855 6.42323666523386 11.170710678118656
    endloop
  endfacet
  facet normal 0.08747520421518601 0.5897099258706427 0.8028638066180046
    outer loop
      vertex 4.240686677340227 6.443732845062755 11.183146961230257
      vertex 4.4790554104049445 6.408374183645336 11.183146961230257
      vertex 4.480593171847944 6.416105032477191 11.177301045336275
    endloop
  endfacet
  facet normal 0.04906767432741708 0.9987954562051724 0
    outer loop
      vertex 4 6.5 10.305000000000001
      vertex 4.245042850823902 6.487961816680492 9.600000000000001
      vertex 4 6.5 9.600000000000001
    endloop
  endfacet
  facet normal 0.04906767432741708 0.9987954562051724 0
    outer loop
      vertex 4 6.5 10.305000000000001
      vertex 4.245042850823902 6.487961816680492 10.305000000000001
      vertex 4.245042850823902 6.487961816680492 9.600000000000001
    endloop
  endfacet
  facet normal 0.1467304744553593 0.9891765099647812 0
    outer loop
      vertex 4.245042850823902 6.487961816680492 10.305000000000001
      vertex 4.487725805040321 6.451963201008077 9.600000000000001
      vertex 4.245042850823902 6.487961816680492 9.600000000000001
    endloop
  endfacet
  facet normal 0.1467304744553593 0.9891765099647812 0
    outer loop
      vertex 4.245042850823902 6.487961816680492 10.305000000000001
      vertex 4.487725805040321 6.451963201008077 10.305000000000001
      vertex 4.487725805040321 6.451963201008077 9.600000000000001
    endloop
  endfacet
  facet normal 0.04906767432741707 0.9987954562051724 0
    outer loop
      vertex 4 6.5 10.305000000000001
      vertex 4 6.5 11.105
      vertex 4.245042850823902 6.487961816680492 10.305000000000001
    endloop
  endfacet
  facet normal 0.04906767432741707 0.9987954562051724 0
    outer loop
      vertex 4.245042850823902 6.487961816680492 10.305000000000001
      vertex 4 6.5 11.105
      vertex 4.245042850823902 6.487961816680492 11.105
    endloop
  endfacet
  facet normal 0 0 1
    outer loop
      vertex 4 6.5 11.105
      vertex 4 6.499754365751153 11.105
      vertex 4.245018774457263 6.4877173652276925 11.105
    endloop
  endfacet
  facet normal 0.049008712209736766 0.9975952547276311 0.049008712209729105
    outer loop
      vertex 4 6.499754365751153 11.105
      vertex 4 6.49951847266722 11.109801714032958
      vertex 4.245018774457263 6.4877173652276925 11.105
    endloop
  endfacet
  facet normal 0.020999802941443043 0.4274608089056452 0.9037899452451061
    outer loop
      vertex 4 6.438268343236509 11.19238795325113
      vertex 4.239861632801382 6.435356027282507 11.188192126434837
      vertex 4 6.4471396736826 11.188192126434837
    endloop
  endfacet
  facet normal 0.025248196928134084 0.513938855159939 0.8574551776674798
    outer loop
      vertex 4 6.45555702330196 11.183146961230257
      vertex 4 6.4471396736826 11.188192126434837
      vertex 4.240686677340227 6.443732845062755 11.183146961230257
    endloop
  endfacet
  facet normal 0.03297363578715719 0.6711937757436043 0.7405482123035745
    outer loop
      vertex 4 6.470710678118655 11.170710678118656
      vertex 4 6.463439328416365 11.177301045336275
      vertex 4.2421719952509 6.458813530889592 11.170710678118656
    endloop
  endfacet
  facet normal 0.02925230663968711 0.5954443807603429 0.8028638066180277
    outer loop
      vertex 4 6.45555702330196 11.183146961230257
      vertex 4.2414592783467455 6.451577194723581 11.177301045336275
      vertex 4 6.463439328416365 11.177301045336275
    endloop
  endfacet
  facet normal 0.04210014528004608 0.8569681442552516 0.5136469385668617
    outer loop
      vertex 4 6.488192126434836 11.147139673682602
      vertex 4 6.483146961230255 11.155557023301961
      vertex 4.243885476823671 6.4762108012539645 11.147139673682602
    endloop
  endfacet
  facet normal 0.0462056909356631 0.9405384459311307 0.33653003707041007
    outer loop
      vertex 4 6.495694033573221 11.129028467725448
      vertex 4 6.492387953251129 11.138268343236511
      vertex 4.244620792308393 6.483676584658999 11.129028467725448
    endloop
  endfacet
  facet normal 0.04853784886387213 0.9880106111351192 0.14655752970105665
    outer loop
      vertex 4 6.49951847266722 11.109801714032958
      vertex 4 6.498078528040324 11.119509032201615
      vertex 4.244995652891752 6.487482608033435 11.109801714032958
    endloop
  endfacet
  facet normal 0.04760056083850829 0.9689316750794545 0.24270474992381522
    outer loop
      vertex 4 6.498078528040324 11.119509032201615
      vertex 4 6.495694033573221 11.129028467725448
      vertex 4.244854513637191 6.486049597133493 11.119509032201615
    endloop
  endfacet
  facet normal 0.04436641666883115 0.9030991581390797 0.42713409093685484
    outer loop
      vertex 4 6.492387953251129 11.138268343236511
      vertex 4 6.488192126434836 11.147139673682602
      vertex 4.244296739769522 6.480386424017301 11.138268343236511
    endloop
  endfacet
  facet normal 0.03637650310639514 0.7404607312924839 0.6711144875768594
    outer loop
      vertex 4 6.477301045336274 11.163439328416366
      vertex 4 6.470710678118655 11.170710678118656
      vertex 4.2428179641992925 6.465372163687728 11.163439328416366
    endloop
  endfacet
  facet normal 0.039428372347173314 0.8025829568187939 0.5952360883532303
    outer loop
      vertex 4 6.477301045336274 11.163439328416366
      vertex 4.243390964157828 6.471189929898827 11.155557023301961
      vertex 4 6.483146961230255 11.155557023301961
    endloop
  endfacet
  facet normal 0 0 1
    outer loop
      vertex 4 6.5 11.105
      vertex 4.245018774457263 6.4877173652276925 11.105
      vertex 4.245042850823902 6.487961816680492 11.105
    endloop
  endfacet
  facet normal 0.049008712209735496 0.9975952547276347 0.0490087122096561
    outer loop
      vertex 4 6.49951847266722 11.109801714032958
      vertex 4.244995652891752 6.487482608033435 11.109801714032958
      vertex 4.245018774457263 6.4877173652276925 11.105
    endloop
  endfacet
  facet normal 0.025248196928134053 0.5139388551599225 0.8574551776674896
    outer loop
      vertex 4 6.4471396736826 11.188192126434837
      vertex 4.239861632801382 6.435356027282507 11.188192126434837
      vertex 4.240686677340227 6.443732845062755 11.183146961230257
    endloop
  endfacet
  facet normal 0.029252306639687087 0.5954443807603536 0.8028638066180195
    outer loop
      vertex 4 6.45555702330196 11.183146961230257
      vertex 4.240686677340227 6.443732845062755 11.183146961230257
      vertex 4.2414592783467455 6.451577194723581 11.177301045336275
    endloop
  endfacet
  facet normal 0.03297363578715726 0.671193775743592 0.7405482123035856
    outer loop
      vertex 4 6.463439328416365 11.177301045336275
      vertex 4.2414592783467455 6.451577194723581 11.177301045336275
      vertex 4.2421719952509 6.458813530889592 11.170710678118656
    endloop
  endfacet
  facet normal 0.03637650310639517 0.7404607312924807 0.6711144875768629
    outer loop
      vertex 4 6.470710678118655 11.170710678118656
      vertex 4.2421719952509 6.458813530889592 11.170710678118656
      vertex 4.2428179641992925 6.465372163687728 11.163439328416366
    endloop
  endfacet
  facet normal 0.04436641666883063 0.9030991581390911 0.4271340909368304
    outer loop
      vertex 4 6.488192126434836 11.147139673682602
      vertex 4.243885476823671 6.4762108012539645 11.147139673682602
      vertex 4.244296739769522 6.480386424017301 11.138268343236511
    endloop
  endfacet
  facet normal 0.04210014528004702 0.8569681442552194 0.5136469385669153
    outer loop
      vertex 4 6.483146961230255 11.155557023301961
      vertex 4.243390964157828 6.471189929898827 11.155557023301961
      vertex 4.243885476823671 6.4762108012539645 11.147139673682602
    endloop
  endfacet
  facet normal 0.048537848863875487 0.988010611135104 0.14655752970115807
    outer loop
      vertex 4 6.498078528040324 11.119509032201615
      vertex 4.244854513637191 6.486049597133493 11.119509032201615
      vertex 4.244995652891752 6.487482608033435 11.109801714032958
    endloop
  endfacet
  facet normal 0.04760056083850442 0.9689316750794883 0.24270474992368138
    outer loop
      vertex 4 6.495694033573221 11.129028467725448
      vertex 4.244620792308393 6.483676584658999 11.129028467725448
      vertex 4.244854513637191 6.486049597133493 11.119509032201615
    endloop
  endfacet
  facet normal 0.04620569093566544 0.940538445931097 0.3365300370705036
    outer loop
      vertex 4 6.492387953251129 11.138268343236511
      vertex 4.244296739769522 6.480386424017301 11.138268343236511
      vertex 4.244620792308393 6.483676584658999 11.129028467725448
    endloop
  endfacet
  facet normal 0.03942837234717271 0.8025829568188267 0.5952360883531859
    outer loop
      vertex 4 6.477301045336274 11.163439328416366
      vertex 4.2428179641992925 6.465372163687728 11.163439328416366
      vertex 4.243390964157828 6.471189929898827 11.155557023301961
    endloop
  endfacet
  facet normal 0.14673047445535933 0.9891765099647812 0
    outer loop
      vertex 4.245042850823902 6.487961816680492 10.305000000000001
      vertex 4.245042850823902 6.487961816680492 11.105
      vertex 4.487725805040321 6.451963201008077 10.305000000000001
    endloop
  endfacet
  facet normal 0.14673047445535933 0.9891765099647812 0
    outer loop
      vertex 4.487725805040321 6.451963201008077 10.305000000000001
      vertex 4.245042850823902 6.487961816680492 11.105
      vertex 4.487725805040321 6.451963201008077 11.105
    endloop
  endfacet
  facet normal 0 0 1
    outer loop
      vertex 4.245042850823902 6.487961816680492 11.105
      vertex 4.245018774457263 6.4877173652276925 11.105
      vertex 4.487677884175615 6.451722286552444 11.105
    endloop
  endfacet
  facet normal 0.1465541559397479 0.987987867083568 0.04900871220966596
    outer loop
      vertex 4.245018774457263 6.4877173652276925 11.105
      vertex 4.244995652891752 6.487482608033435 11.109801714032958
      vertex 4.487677884175615 6.451722286552444 11.105
    endloop
  endfacet
  facet normal 0.13267197716082166 0.8944018195619926 0.4271340909368338
    outer loop
      vertex 4.244296739769522 6.480386424017301 11.138268343236511
      vertex 4.243885476823671 6.4762108012539645 11.147139673682602
      vertex 4.486240768388882 6.444497417603042 11.138268343236511
    endloop
  endfacet
  facet normal 0.12589498842680963 0.848715072559603 0.5136469385669123
    outer loop
      vertex 4.243885476823671 6.4762108012539645 11.147139673682602
      vertex 4.243390964157828 6.471189929898827 11.155557023301961
      vertex 4.485422203184167 6.4403822124225005 11.147139673682602
    endloop
  endfacet
  facet normal 0.09860335322361947 0.6647298127713401 0.740548212303586
    outer loop
      vertex 4.2421719952509 6.458813530889592 11.170710678118656
      vertex 4.2414592783467455 6.451577194723581 11.177301045336275
      vertex 4.482011741802855 6.42323666523386 11.170710678118656
    endloop
  endfacet
  facet normal 0.10877918370885323 0.7333296896731267 0.67111448757686
    outer loop
      vertex 4.2428179641992925 6.465372163687728 11.163439328416366
      vertex 4.2421719952509 6.458813530889592 11.170710678118656
      vertex 4.483297458665545 6.4297004003933536 11.163439328416366
    endloop
  endfacet
  facet normal 0.11790540026207263 0.7948536442081869 0.5952360883531892
    outer loop
      vertex 4.243390964157828 6.471189929898827 11.155557023301961
      vertex 4.2428179641992925 6.465372163687728 11.163439328416366
      vertex 4.484437940279781 6.435433988652646 11.155557023301961
    endloop
  endfacet
  facet normal 0.1451461005735766 0.978495528848334 0.14655752970115365
    outer loop
      vertex 4.244995652891752 6.487482608033435 11.109801714032958
      vertex 4.244854513637191 6.486049597133493 11.119509032201615
      vertex 4.487631863717909 6.451490926087974 11.109801714032958
    endloop
  endfacet
  facet normal 0.14234326309353842 0.9596003333765393 0.2427047499236845
    outer loop
      vertex 4.244854513637191 6.486049597133493 11.119509032201615
      vertex 4.244620792308393 6.483676584658999 11.129028467725448
      vertex 4.487350944456963 6.450078649593317 11.119509032201615
    endloop
  endfacet
  facet normal 0.13817208674468984 0.9314805465461669 0.3365300370705
    outer loop
      vertex 4.244620792308393 6.483676584658999 11.129028467725448
      vertex 4.244296739769522 6.480386424017301 11.138268343236511
      vertex 4.48688575266353 6.4477399725187805 11.129028467725448
    endloop
  endfacet
  facet normal 0 0 1
    outer loop
      vertex 4.245042850823902 6.487961816680492 11.105
      vertex 4.487677884175615 6.451722286552444 11.105
      vertex 4.487725805040321 6.451963201008077 11.105
    endloop
  endfacet
  facet normal 0.146554155939748 0.9879878670835676 0.049008712209674316
    outer loop
      vertex 4.244995652891752 6.487482608033435 11.109801714032958
      vertex 4.487631863717909 6.451490926087974 11.109801714032958
      vertex 4.487677884175615 6.451722286552444 11.105
    endloop
  endfacet
  facet normal 0.12589498842681313 0.8487150725596532 0.5136469385668284
    outer loop
      vertex 4.243390964157828 6.471189929898827 11.155557023301961
      vertex 4.484437940279781 6.435433988652646 11.155557023301961
      vertex 4.485422203184167 6.4403822124225005 11.147139673682602
    endloop
  endfacet
  facet normal 0.14514610057357685 0.9784955288483314 0.14655752970116986
    outer loop
      vertex 4.244854513637191 6.486049597133493 11.119509032201615
      vertex 4.487350944456963 6.450078649593317 11.119509032201615
      vertex 4.487631863717909 6.451490926087974 11.109801714032958
    endloop
  endfacet
  facet normal 0.1423432630935387 0.9596003333765233 0.24270474992374816
    outer loop
      vertex 4.244620792308393 6.483676584658999 11.129028467725448
      vertex 4.48688575266353 6.4477399725187805 11.129028467725448
      vertex 4.487350944456963 6.450078649593317 11.119509032201615
    endloop
  endfacet
  facet normal 0.13817208674469128 0.931480546546217 0.3365300370703606
    outer loop
      vertex 4.244296739769522 6.480386424017301 11.138268343236511
      vertex 4.486240768388882 6.444497417603042 11.138268343236511
      vertex 4.48688575266353 6.4477399725187805 11.129028467725448
    endloop
  endfacet
  facet normal 0.13267197716082044 0.8944018195619701 0.427134090936881
    outer loop
      vertex 4.243885476823671 6.4762108012539645 11.147139673682602
      vertex 4.485422203184167 6.4403822124225005 11.147139673682602
      vertex 4.486240768388882 6.444497417603042 11.138268343236511
    endloop
  endfacet
  facet normal 0.11790540026206894 0.7948536442081409 0.5952360883532513
    outer loop
      vertex 4.2428179641992925 6.465372163687728 11.163439328416366
      vertex 4.483297458665545 6.4297004003933536 11.163439328416366
      vertex 4.484437940279781 6.435433988652646 11.155557023301961
    endloop
  endfacet
  facet normal 0.24298017990326795 0.9700312531945429 0
    outer loop
      vertex 4.487725805040321 6.451963201008077 10.305000000000001
      vertex 4.725711693136156 6.392350839330522 9.600000000000001
      vertex 4.487725805040321 6.451963201008077 9.600000000000001
    endloop
  endfacet
  facet normal 0.24298017990326795 0.9700312531945429 0
    outer loop
      vertex 4.487725805040321 6.451963201008077 10.305000000000001
      vertex 4.725711693136156 6.392350839330522 10.305000000000001
      vertex 4.725711693136156 6.392350839330522 9.600000000000001
    endloop
  endfacet
  facet normal 0.3368898533922185 0.9415440651830213 0
    outer loop
      vertex 4.725711693136156 6.392350839330522 10.305000000000001
      vertex 4.956708580912725 6.309698831278217 9.600000000000001
      vertex 4.725711693136156 6.392350839330522 9.600000000000001
    endloop
  endfacet
  facet normal 0.3368898533922185 0.9415440651830213 0
    outer loop
      vertex 4.725711693136156 6.392350839330522 10.305000000000001
      vertex 4.956708580912725 6.309698831278217 10.305000000000001
      vertex 4.956708580912725 6.309698831278217 9.600000000000001
    endloop
  endfacet
  facet normal 0.24298017990326795 0.970031253194543 0
    outer loop
      vertex 4.487725805040321 6.451963201008077 10.305000000000001
      vertex 4.487725805040321 6.451963201008077 11.105
      vertex 4.725711693136156 6.392350839330522 10.305000000000001
    endloop
  endfacet
  facet normal 0.24298017990326795 0.970031253194543 0
    outer loop
      vertex 4.725711693136156 6.392350839330522 10.305000000000001
      vertex 4.487725805040321 6.451963201008077 11.105
      vertex 4.725711693136156 6.392350839330522 11.105
    endloop
  endfacet
  facet normal 0.011936816114427942 0.047654441194509393 0.9987925543652642
    outer loop
      vertex 4.468216772838708 6.353884672967753 11.200000000000001
      vertex 4.699528512805307 6.30603646127475 11.199518472667222
      vertex 4.470128992385708 6.363498049813998 11.199518472667222
    endloop
  endfacet
  facet normal 0.03569466663142425 0.14250109707971517 0.9891508116081942
    outer loop
      vertex 4.470128992385708 6.363498049813998 11.199518472667222
      vertex 4.702346398526902 6.315325785582123 11.198078528040323
      vertex 4.472022796213143 6.373018844586008 11.198078528040323
    endloop
  endfacet
  facet normal 0.0591063582595941 0.23596580921598867 0.9699621514751655
    outer loop
      vertex 4.472022796213143 6.373018844586008 11.198078528040323
      vertex 4.705109744795583 6.324435317408282 11.195694033573222
      vertex 4.4738799459549 6.382355366825531 11.195694033573222
    endloop
  endfacet
  facet normal 0.08194505494325326 0.32714299730680435 0.9414151407766223
    outer loop
      vertex 4.4738799459549 6.382355366825531 11.195694033573222
      vertex 4.707791939076182 6.333277326981962 11.19238795325113
      vertex 4.475682556243742 6.39141770071954 11.19238795325113
    endloop
  endfacet
  facet normal 0 0 1
    outer loop
      vertex 4.487725805040321 6.451963201008077 11.105
      vertex 4.487677884175615 6.451722286552444 11.105
      vertex 4.7256403892775065 6.392115782009963 11.105
    endloop
  endfacet
  facet normal 0.24268820303340594 0.9688656161903804 0.049008712209677244
    outer loop
      vertex 4.487677884175615 6.451722286552444 11.105
      vertex 4.487631863717909 6.451490926087974 11.109801714032958
      vertex 4.7256403892775065 6.392115782009963 11.105
    endloop
  endfacet
  facet normal 0.10398976447501036 0.415150411005791 0.9037899452451076
    outer loop
      vertex 4.477413266957181 6.400118571038659 11.188192126434837
      vertex 4.475682556243742 6.39141770071954 11.19238795325113
      vertex 4.710367150371544 6.341766660917436 11.188192126434837
    endloop
  endfacet
  facet normal 0.12502755665358148 0.4991379852990846 0.8574551776675015
    outer loop
      vertex 4.4790554104049445 6.408374183645336 11.183146961230257
      vertex 4.477413266957181 6.400118571038659 11.188192126434837
      vertex 4.712810577989138 6.349821562288161 11.183146961230257
    endloop
  endfacet
  facet normal 0.16328346646647066 0.6518641383238679 0.7405482123035434
    outer loop
      vertex 4.480593171847944 6.416105032477191 11.177301045336275
      vertex 4.717209451786827 6.3643227058160186 11.170710678118656
      vertex 4.482011741802855 6.42323666523386 11.170710678118656
    endloop
  endfacet
  facet normal 0.14485566775528447 0.5782962420265364 0.8028638066180068
    outer loop
      vertex 4.4790554104049445 6.408374183645336 11.183146961230257
      vertex 4.715098690385294 6.357364457990683 11.177301045336275
      vertex 4.480593171847944 6.416105032477191 11.177301045336275
    endloop
  endfacet
  facet normal 0.20847739401383292 0.8322884107604319 0.5136469385668289
    outer loop
      vertex 4.485422203184167 6.4403822124225005 11.147139673682602
      vertex 4.484437940279781 6.435433988652646 11.155557023301961
      vertex 4.7222840483692305 6.3810514088367905 11.147139673682602
    endloop
  endfacet
  facet normal 0.23571512191222513 0.9410275158922585 0.24270474992374977
    outer loop
      vertex 4.487350944456963 6.450078649593317 11.119509032201615
      vertex 4.48688575266353 6.4477399725187805 11.129028467725448
      vertex 4.725153919268488 6.390512105308329 11.119509032201615
    endloop
  endfacet
  facet normal 0.2288078098258185 0.9134519802989836 0.33653003707035944
    outer loop
      vertex 4.48688575266353 6.4477399725187805 11.129028467725448
      vertex 4.486240768388882 6.444497417603042 11.138268343236511
      vertex 4.72446173706169 6.388230286372429 11.129028467725448
    endloop
  endfacet
  facet normal 0.2403565159898252 0.959556999718685 0.146557529701167
    outer loop
      vertex 4.487631863717909 6.451490926087974 11.109801714032958
      vertex 4.487350944456963 6.450078649593317 11.119509032201615
      vertex 4.72557191312977 6.391890046403027 11.109801714032958
    endloop
  endfacet
  facet normal 0.21969983398686896 0.8770909025327218 0.42713409093688326
    outer loop
      vertex 4.485422203184167 6.4403822124225005 11.147139673682602
      vertex 4.723502032602414 6.3850665647590485 11.138268343236511
      vertex 4.486240768388882 6.444497417603042 11.138268343236511
    endloop
  endfacet
  facet normal 0.19524693471879737 0.7794694564925778 0.5952360883532508
    outer loop
      vertex 4.484437940279781 6.435433988652646 11.155557023301961
      vertex 4.483297458665545 6.4297004003933536 11.163439328416366
      vertex 4.720819514216124 6.376223486752094 11.155557023301961
    endloop
  endfacet
  facet normal 0.18013426130743743 0.7191362822633973 0.6711144875768985
    outer loop
      vertex 4.483297458665545 6.4297004003933536 11.163439328416366
      vertex 4.482011741802855 6.42323666523386 11.170710678118656
      vertex 4.719122534407583 6.370629294033845 11.163439328416366
    endloop
  endfacet
  facet normal 0.011936816114427602 0.047654441194507756 0.9987925543652643
    outer loop
      vertex 4.468216772838708 6.353884672967753 11.200000000000001
      vertex 4.69668322541071 6.296656805757301 11.200000000000001
      vertex 4.699528512805307 6.30603646127475 11.199518472667222
    endloop
  endfacet
  facet normal 0.035694666631426133 0.1425010970797243 0.9891508116081927
    outer loop
      vertex 4.470128992385708 6.363498049813998 11.199518472667222
      vertex 4.699528512805307 6.30603646127475 11.199518472667222
      vertex 4.702346398526902 6.315325785582123 11.198078528040323
    endloop
  endfacet
  facet normal 0.059106358259589965 0.2359658092159686 0.9699621514751707
    outer loop
      vertex 4.472022796213143 6.373018844586008 11.198078528040323
      vertex 4.702346398526902 6.315325785582123 11.198078528040323
      vertex 4.705109744795583 6.324435317408282 11.195694033573222
    endloop
  endfacet
  facet normal 0.08194505494325319 0.32714299730680413 0.9414151407766223
    outer loop
      vertex 4.4738799459549 6.382355366825531 11.195694033573222
      vertex 4.705109744795583 6.324435317408282 11.195694033573222
      vertex 4.707791939076182 6.333277326981962 11.19238795325113
    endloop
  endfacet
  facet normal 0.10398976447500811 0.41515041100577993 0.9037899452451131
    outer loop
      vertex 4.475682556243742 6.39141770071954 11.19238795325113
      vertex 4.707791939076182 6.333277326981962 11.19238795325113
      vertex 4.710367150371544 6.341766660917436 11.188192126434837
    endloop
  endfacet
  facet normal 0.12502755665359291 0.4991379852991416 0.8574551776674664
    outer loop
      vertex 4.477413266957181 6.400118571038659 11.188192126434837
      vertex 4.710367150371544 6.341766660917436 11.188192126434837
      vertex 4.712810577989138 6.349821562288161 11.183146961230257
    endloop
  endfacet
  facet normal 0.14485566775528597 0.5782962420265442 0.8028638066180009
    outer loop
      vertex 4.4790554104049445 6.408374183645336 11.183146961230257
      vertex 4.712810577989138 6.349821562288161 11.183146961230257
      vertex 4.715098690385294 6.357364457990683 11.177301045336275
    endloop
  endfacet
  facet normal 0 0 1
    outer loop
      vertex 4.487725805040321 6.451963201008077 11.105
      vertex 4.7256403892775065 6.392115782009963 11.105
      vertex 4.725711693136156 6.392350839330522 11.105
    endloop
  endfacet
  facet normal 0.2426882030334062 0.9688656161903778 0.04900871220972432
    outer loop
      vertex 4.487631863717909 6.451490926087974 11.109801714032958
      vertex 4.72557191312977 6.391890046403027 11.109801714032958
      vertex 4.7256403892775065 6.392115782009963 11.105
    endloop
  endfacet
  facet normal 0.16328346646646452 0.6518641383238362 0.7405482123035728
    outer loop
      vertex 4.480593171847944 6.416105032477191 11.177301045336275
      vertex 4.715098690385294 6.357364457990683 11.177301045336275
      vertex 4.717209451786827 6.3643227058160186 11.170710678118656
    endloop
  endfacet
  facet normal 0.18013426130744356 0.7191362822634301 0.6711144875768617
    outer loop
      vertex 4.482011741802855 6.42323666523386 11.170710678118656
      vertex 4.717209451786827 6.3643227058160186 11.170710678118656
      vertex 4.719122534407583 6.370629294033845 11.163439328416366
    endloop
  endfacet
  facet normal 0.20847739401382684 0.8322884107603957 0.51364693856689
    outer loop
      vertex 4.484437940279781 6.435433988652646 11.155557023301961
      vertex 4.720819514216124 6.376223486752094 11.155557023301961
      vertex 4.7222840483692305 6.3810514088367905 11.147139673682602
    endloop
  endfacet
  facet normal 0.22880780982581753 0.9134519802989759 0.33653003707038104
    outer loop
      vertex 4.486240768388882 6.444497417603042 11.138268343236511
      vertex 4.723502032602414 6.3850665647590485 11.138268343236511
      vertex 4.72446173706169 6.388230286372429 11.129028467725448
    endloop
  endfacet
  facet normal 0.2196998339868676 0.8770909025327132 0.42713409093690147
    outer loop
      vertex 4.485422203184167 6.4403822124225005 11.147139673682602
      vertex 4.7222840483692305 6.3810514088367905 11.147139673682602
      vertex 4.723502032602414 6.3850665647590485 11.138268343236511
    endloop
  endfacet
  facet normal 0.19524693471879714 0.7794694564925765 0.5952360883532528
    outer loop
      vertex 4.483297458665545 6.4297004003933536 11.163439328416366
      vertex 4.719122534407583 6.370629294033845 11.163439328416366
      vertex 4.720819514216124 6.376223486752094 11.155557023301961
    endloop
  endfacet
  facet normal 0.24035651598982488 0.9595569997187019 0.14655752970105654
    outer loop
      vertex 4.487350944456963 6.450078649593317 11.119509032201615
      vertex 4.725153919268488 6.390512105308329 11.119509032201615
      vertex 4.72557191312977 6.391890046403027 11.109801714032958
    endloop
  endfacet
  facet normal 0.23571512191222513 0.9410275158922589 0.242704749923748
    outer loop
      vertex 4.48688575266353 6.4477399725187805 11.129028467725448
      vertex 4.72446173706169 6.388230286372429 11.129028467725448
      vertex 4.725153919268488 6.390512105308329 11.119509032201615
    endloop
  endfacet
  facet normal 0.3368898533922185 0.9415440651830213 0
    outer loop
      vertex 4.725711693136156 6.392350839330522 10.305000000000001
      vertex 4.725711693136156 6.392350839330522 11.105
      vertex 4.956708580912725 6.309698831278217 10.305000000000001
    endloop
  endfacet
  facet normal 0.3368898533922185 0.9415440651830213 0
    outer loop
      vertex 4.956708580912725 6.309698831278217 10.305000000000001
      vertex 4.725711693136156 6.392350839330522 11.105
      vertex 4.956708580912725 6.309698831278217 11.105
    endloop
  endfacet
  facet normal 0.016550289132061632 0.04625495945469674 0.9987925543652644
    outer loop
      vertex 4.69668322541071 6.296656805757301 11.200000000000001
      vertex 4.922191191245409 6.226366481005666 11.199518472667222
      vertex 4.699528512805307 6.30603646127475 11.199518472667222
    endloop
  endfacet
  facet normal 0.049490337084830735 0.13831622619954398 0.9891508116081927
    outer loop
      vertex 4.699528512805307 6.30603646127475 11.199518472667222
      vertex 4.92590602108125 6.235334873577262 11.198078528040323
      vertex 4.702346398526902 6.315325785582123 11.198078528040323
    endloop
  endfacet
  facet normal 0.08195043882405861 0.22903613313667728 0.969962151475171
    outer loop
      vertex 4.702346398526902 6.315325785582123 11.198078528040323
      vertex 4.929548951341689 6.244129685218793 11.195694033573222
      vertex 4.705109744795583 6.324435317408282 11.195694033573222
    endloop
  endfacet
  facet normal 0.1136160881806948 0.3175356944078102 0.9414151407766217
    outer loop
      vertex 4.705109744795583 6.324435317408282 11.195694033573222
      vertex 4.9330848986168885 6.252666217086416 11.19238795325113
      vertex 4.707791939076182 6.333277326981962 11.19238795325113
    endloop
  endfacet
  facet normal 0.14418088142919608 0.4029585689672499 0.903789945245114
    outer loop
      vertex 4.710367150371544 6.341766660917436 11.188192126434837
      vertex 4.707791939076182 6.333277326981962 11.19238795325113
      vertex 4.936479809801643 6.260862257711704 11.188192126434837
    endloop
  endfacet
  facet normal 0.01655028913206106 0.0462549594546949 0.9987925543652645
    outer loop
      vertex 4.69668322541071 6.296656805757301 11.200000000000001
      vertex 4.918440237676216 6.217310878027089 11.200000000000001
      vertex 4.922191191245409 6.226366481005666 11.199518472667222
    endloop
  endfacet
  facet normal 0.049490337084834954 0.1383162261995575 0.9891508116081906
    outer loop
      vertex 4.699528512805307 6.30603646127475 11.199518472667222
      vertex 4.922191191245409 6.226366481005666 11.199518472667222
      vertex 4.92590602108125 6.235334873577262 11.198078528040323
    endloop
  endfacet
  facet normal 0.08195043882406103 0.22903613313668506 0.9699621514751688
    outer loop
      vertex 4.702346398526902 6.315325785582123 11.198078528040323
      vertex 4.92590602108125 6.235334873577262 11.198078528040323
      vertex 4.929548951341689 6.244129685218793 11.195694033573222
    endloop
  endfacet
  facet normal 0.17334959274367995 0.4844796559060611 0.8574551776674656
    outer loop
      vertex 4.710367150371544 6.341766660917436 11.188192126434837
      vertex 4.939700990045397 6.268638874743022 11.183146961230257
      vertex 4.712810577989138 6.349821562288161 11.183146961230257
    endloop
  endfacet
  facet normal 0.20084109202873404 0.561313249242842 0.8028638066180022
    outer loop
      vertex 4.712810577989138 6.349821562288161 11.183146961230257
      vertex 4.942717417621526 6.2759211751072295 11.177301045336275
      vertex 4.715098690385294 6.357364457990683 11.177301045336275
    endloop
  endfacet
  facet normal 0 0 1
    outer loop
      vertex 4.725711693136156 6.392350839330522 11.105
      vertex 4.7256403892775065 6.392115782009963 11.105
      vertex 4.95661458075527 6.309471894823224 11.105
    endloop
  endfacet
  facet normal 0.33648503006498015 0.9404126597774585 0.04900871220972415
    outer loop
      vertex 4.7256403892775065 6.392115782009963 11.105
      vertex 4.72557191312977 6.391890046403027 11.109801714032958
      vertex 4.95661458075527 6.309471894823224 11.105
    endloop
  endfacet
  facet normal 0.226391070667411 0.6327206558790769 0.7405482123035706
    outer loop
      vertex 4.715098690385294 6.357364457990683 11.177301045336275
      vertex 4.945500042683525 6.282639026270907 11.170710678118656
      vertex 4.717209451786827 6.3643227058160186 11.170710678118656
    endloop
  endfacet
  facet normal 0.24975454749823442 0.6980171993356563 0.6711144875768656
    outer loop
      vertex 4.719122534407583 6.370629294033845 11.163439328416366
      vertex 4.717209451786827 6.3643227058160186 11.170710678118656
      vertex 4.9480220670309105 6.288727731654999 11.163439328416366
    endloop
  endfacet
  facet normal 0.3172399886192488 0.8866263721378173 0.33653003707038076
    outer loop
      vertex 4.72446173706169 6.388230286372429 11.129028467725448
      vertex 4.723502032602414 6.3850665647590485 11.138268343236511
      vertex 4.955060758900876 6.305720637028836 11.129028467725448
    endloop
  endfacet
  facet normal 0.28905204833115106 0.8078463565904284 0.5136469385668879
    outer loop
      vertex 4.7222840483692305 6.3810514088367905 11.147139673682602
      vertex 4.720819514216124 6.376223486752094 11.155557023301961
      vertex 4.9521899033278745 6.29878977856888 11.147139673682602
    endloop
  endfacet
  facet normal 0.3046118613114786 0.8513331206454162 0.4271340909369021
    outer loop
      vertex 4.7222840483692305 6.3810514088367905 11.147139673682602
      vertex 4.953795576735543 6.302666217086416 11.138268343236511
      vertex 4.723502032602414 6.3850665647590485 11.138268343236511
    endloop
  endfacet
  facet normal 0.3332521667648567 0.9313774121345504 0.1465575297010556
    outer loop
      vertex 4.72557191312977 6.391890046403027 11.109801714032958
      vertex 4.725153919268488 6.390512105308329 11.119509032201615
      vertex 4.956524308380239 6.309253958031117 11.109801714032958
    endloop
  endfacet
  facet normal 0.32681691525191253 0.9133920890119831 0.2427047499237493
    outer loop
      vertex 4.725153919268488 6.390512105308329 11.119509032201615
      vertex 4.72446173706169 6.388230286372429 11.129028467725448
      vertex 4.955973265428002 6.307923622662377 11.119509032201615
    endloop
  endfacet
  facet normal 0.2707081344613466 0.7565785518096438 0.5952360883532514
    outer loop
      vertex 4.720819514216124 6.376223486752094 11.155557023301961
      vertex 4.719122534407583 6.370629294033845 11.163439328416366
      vertex 4.950259202190536 6.29412865369823 11.155557023301961
    endloop
  endfacet
  facet normal 0.11361608818069091 0.3175356944077976 0.9414151407766262
    outer loop
      vertex 4.705109744795583 6.324435317408282 11.195694033573222
      vertex 4.929548951341689 6.244129685218793 11.195694033573222
      vertex 4.9330848986168885 6.252666217086416 11.19238795325113
    endloop
  endfacet
  facet normal 0.14418088142920135 0.402958568967267 0.9037899452451056
    outer loop
      vertex 4.707791939076182 6.333277326981962 11.19238795325113
      vertex 4.9330848986168885 6.252666217086416 11.19238795325113
      vertex 4.936479809801643 6.260862257711704 11.188192126434837
    endloop
  endfacet
  facet normal 0.17334959274366996 0.4844796559060285 0.8574551776674861
    outer loop
      vertex 4.710367150371544 6.341766660917436 11.188192126434837
      vertex 4.936479809801643 6.260862257711704 11.188192126434837
      vertex 4.939700990045397 6.268638874743022 11.183146961230257
    endloop
  endfacet
  facet normal 0.20084109202873715 0.5613132492428524 0.8028638066179942
    outer loop
      vertex 4.712810577989138 6.349821562288161 11.183146961230257
      vertex 4.939700990045397 6.268638874743022 11.183146961230257
      vertex 4.942717417621526 6.2759211751072295 11.177301045336275
    endloop
  endfacet
  facet normal 0.22639107066740835 0.6327206558790679 0.7405482123035788
    outer loop
      vertex 4.715098690385294 6.357364457990683 11.177301045336275
      vertex 4.942717417621526 6.2759211751072295 11.177301045336275
      vertex 4.945500042683525 6.282639026270907 11.170710678118656
    endloop
  endfacet
  facet normal 0.249754547498221 0.6980171993356102 0.6711144875769184
    outer loop
      vertex 4.717209451786827 6.3643227058160186 11.170710678118656
      vertex 4.945500042683525 6.282639026270907 11.170710678118656
      vertex 4.9480220670309105 6.288727731654999 11.163439328416366
    endloop
  endfacet
  facet normal 0 0 1
    outer loop
      vertex 4.725711693136156 6.392350839330522 11.105
      vertex 4.95661458075527 6.309471894823224 11.105
      vertex 4.956708580912725 6.309698831278217 11.105
    endloop
  endfacet
  facet normal 0.33648503006498043 0.9404126597774519 0.04900871220984899
    outer loop
      vertex 4.72557191312977 6.391890046403027 11.109801714032958
      vertex 4.956524308380239 6.309253958031117 11.109801714032958
      vertex 4.95661458075527 6.309471894823224 11.105
    endloop
  endfacet
  facet normal 0.28905204833116255 0.8078463565904708 0.5136469385668148
    outer loop
      vertex 4.720819514216124 6.376223486752094 11.155557023301961
      vertex 4.950259202190536 6.29412865369823 11.155557023301961
      vertex 4.9521899033278745 6.29878977856888 11.147139673682602
    endloop
  endfacet
  facet normal 0.3046118613114737 0.8513331206453969 0.4271340909369443
    outer loop
      vertex 4.7222840483692305 6.3810514088367905 11.147139673682602
      vertex 4.9521899033278745 6.29878977856888 11.147139673682602
      vertex 4.953795576735543 6.302666217086416 11.138268343236511
    endloop
  endfacet
  facet normal 0.3332521667648565 0.9313774121345475 0.14655752970107522
    outer loop
      vertex 4.725153919268488 6.390512105308329 11.119509032201615
      vertex 4.955973265428002 6.307923622662377 11.119509032201615
      vertex 4.956524308380239 6.309253958031117 11.109801714032958
    endloop
  endfacet
  facet normal 0.32681691525191525 0.9133920890119978 0.24270474992369065
    outer loop
      vertex 4.72446173706169 6.388230286372429 11.129028467725448
      vertex 4.955060758900876 6.305720637028836 11.129028467725448
      vertex 4.955973265428002 6.307923622662377 11.119509032201615
    endloop
  endfacet
  facet normal 0.31723998861924296 0.8866263721377917 0.33653003707045376
    outer loop
      vertex 4.723502032602414 6.3850665647590485 11.138268343236511
      vertex 4.953795576735543 6.302666217086416 11.138268343236511
      vertex 4.955060758900876 6.305720637028836 11.129028467725448
    endloop
  endfacet
  facet normal 0.2707081344613595 0.7565785518096891 0.5952360883531876
    outer loop
      vertex 4.719122534407583 6.370629294033845 11.163439328416366
      vertex 4.9480220670309105 6.288727731654999 11.163439328416366
      vertex 4.950259202190536 6.29412865369823 11.155557023301961
    endloop
  endfacet
  facet normal 0.4275550934302798 0.9039892931234443 0
    outer loop
      vertex 4.956708580912725 6.309698831278217 10.305000000000001
      vertex 5.178491842064995 6.204803160870888 9.600000000000001
      vertex 4.956708580912725 6.309698831278217 9.600000000000001
    endloop
  endfacet
  facet normal 0.4275550934302798 0.9039892931234443 0
    outer loop
      vertex 4.956708580912725 6.309698831278217 10.305000000000001
      vertex 5.178491842064995 6.204803160870888 10.305000000000001
      vertex 5.178491842064995 6.204803160870888 9.600000000000001
    endloop
  endfacet
  facet normal 0.5141027441932216 0.8577286100002722 0
    outer loop
      vertex 5.178491842064995 6.204803160870888 10.305000000000001
      vertex 5.388925582549006 6.078674030756364 9.600000000000001
      vertex 5.178491842064995 6.204803160870888 9.600000000000001
    endloop
  endfacet
  facet normal 0.5141027441932216 0.8577286100002722 0
    outer loop
      vertex 5.178491842064995 6.204803160870888 10.305000000000001
      vertex 5.388925582549006 6.078674030756364 10.305000000000001
      vertex 5.388925582549006 6.078674030756364 9.600000000000001
    endloop
  endfacet
  facet normal 0.5956993044924345 0.8032075314806442 0
    outer loop
      vertex 5.388925582549006 6.078674030756364 10.305000000000001
      vertex 5.585983210409114 5.932526133406843 9.600000000000001
      vertex 5.388925582549006 6.078674030756364 9.600000000000001
    endloop
  endfacet
  facet normal 0.02100437381804518 0.044410017169802085 0.9987925543652645
    outer loop
      vertex 4.918440237676216 6.217310878027089 11.200000000000001
      vertex 5.135972664392831 6.125255374468779 11.199518472667222
      vertex 4.922191191245409 6.226366481005666 11.199518472667222
    endloop
  endfacet
  facet normal 0.021004373818046325 0.04441001716980479 0.9987925543652643
    outer loop
      vertex 4.918440237676216 6.217310878027089 11.200000000000001
      vertex 5.131352168382395 6.116611034436053 11.200000000000001
      vertex 5.135972664392831 6.125255374468779 11.199518472667222
    endloop
  endfacet
  facet normal 0.0628093885379416 0.13279929444972882 0.9891508116081916
    outer loop
      vertex 4.922191191245409 6.226366481005666 11.199518472667222
      vertex 5.135972664392831 6.125255374468779 11.199518472667222
      vertex 5.140548662500868 6.133816464781511 11.198078528040323
    endloop
  endfacet
  facet normal 0.10400529186399671 0.2199007138914202 0.9699621514751638
    outer loop
      vertex 4.92590602108125 6.235334873577262 11.198078528040323
      vertex 5.140548662500868 6.133816464781511 11.198078528040323
      vertex 5.145036093343228 6.142211857394573 11.195694033573222
    endloop
  endfacet
  facet normal 0.14419293638007089 0.3048703491889703 0.9414151407766331
    outer loop
      vertex 4.929548951341689 6.244129685218793 11.195694033573222
      vertex 5.145036093343228 6.142211857394573 11.195694033573222
      vertex 5.149391740507822 6.150360700087711 11.19238795325113
    endloop
  endfacet
  facet normal 0.18298345767793897 0.3868860156300212 0.9037899452451067
    outer loop
      vertex 4.9330848986168885 6.252666217086416 11.19238795325113
      vertex 5.149391740507822 6.150360700087711 11.19238795325113
      vertex 5.153573656731415 6.15818451505118 11.188192126434837
    endloop
  endfacet
  facet normal 0.025256174902004283 0.04213738214258205 0.9987925543652642
    outer loop
      vertex 5.131352168382395 6.116611034436053 11.200000000000001
      vertex 5.338814099796327 6.003676896892991 11.199518472667222
      vertex 5.135972664392831 6.125255374468779 11.199518472667222
    endloop
  endfacet
  facet normal 0.07552355124432418 0.1260034328988755 0.9891508116081916
    outer loop
      vertex 5.135972664392831 6.125255374468779 11.199518472667222
      vertex 5.344207196813282 6.011748236967182 11.198078528040323
      vertex 5.140548662500868 6.133816464781511 11.198078528040323
    endloop
  endfacet
  facet normal 0.12505851708819946 0.20864753056140425 0.9699621514751635
    outer loop
      vertex 5.140548662500868 6.133816464781511 11.198078528040323
      vertex 5.349495911825474 6.019663358331522 11.195694033573222
      vertex 5.145036093343228 6.142211857394573 11.195694033573222
    endloop
  endfacet
  facet normal 0.17338112777823977 0.2892689358483879 0.9414151407766326
    outer loop
      vertex 5.145036093343228 6.142211857394573 11.195694033573222
      vertex 5.354629311616227 6.02734603404043 11.19238795325113
      vertex 5.149391740507822 6.150360700087711 11.19238795325113
    endloop
  endfacet
  facet normal 0.4275550934302798 0.9039892931234444 0
    outer loop
      vertex 4.956708580912725 6.309698831278217 10.305000000000001
      vertex 4.956708580912725 6.309698831278217 11.105
      vertex 5.178491842064995 6.204803160870888 10.305000000000001
    endloop
  endfacet
  facet normal 0.4275550934302798 0.9039892931234444 0
    outer loop
      vertex 5.178491842064995 6.204803160870888 10.305000000000001
      vertex 4.956708580912725 6.309698831278217 11.105
      vertex 5.178491842064995 6.204803160870888 11.105
    endloop
  endfacet
  facet normal 0.06280938853794395 0.13279929444973437 0.9891508116081907
    outer loop
      vertex 4.922191191245409 6.226366481005666 11.199518472667222
      vertex 5.140548662500868 6.133816464781511 11.198078528040323
      vertex 4.92590602108125 6.235334873577262 11.198078528040323
    endloop
  endfacet
  facet normal 0.10400529186398907 0.2199007138914022 0.9699621514751688
    outer loop
      vertex 4.92590602108125 6.235334873577262 11.198078528040323
      vertex 5.145036093343228 6.142211857394573 11.195694033573222
      vertex 4.929548951341689 6.244129685218793 11.195694033573222
    endloop
  endfacet
  facet normal 0.144192936380078 0.3048703491889872 0.9414151407766266
    outer loop
      vertex 4.929548951341689 6.244129685218793 11.195694033573222
      vertex 5.149391740507822 6.150360700087711 11.19238795325113
      vertex 4.9330848986168885 6.252666217086416 11.19238795325113
    endloop
  endfacet
  facet normal 0.18298345767794064 0.3868860156300252 0.9037899452451045
    outer loop
      vertex 4.936479809801643 6.260862257711704 11.188192126434837
      vertex 4.9330848986168885 6.252666217086416 11.19238795325113
      vertex 5.153573656731415 6.15818451505118 11.188192126434837
    endloop
  endfacet
  facet normal 0.22000217749310255 0.4651555225830513 0.8574551776674871
    outer loop
      vertex 4.936479809801643 6.260862257711704 11.188192126434837
      vertex 5.157541567874705 6.165607954669948 11.183146961230257
      vertex 4.939700990045397 6.268638874743022 11.183146961230257
    endloop
  endfacet
  facet normal 0.2548923067950424 0.5389245030239087 0.8028638066179935
    outer loop
      vertex 5.161257260784302 6.172559527162424 11.177301045336275
      vertex 4.942717417621526 6.2759211751072295 11.177301045336275
      vertex 4.939700990045397 6.268638874743022 11.183146961230257
    endloop
  endfacet
  facet normal 0.2873184050998781 0.6074837276378959 0.7405482123035805
    outer loop
      vertex 5.164684951306282 6.178972285085386 11.170710678118656
      vertex 4.945500042683525 6.282639026270907 11.170710678118656
      vertex 4.942717417621526 6.2759211751072295 11.177301045336275
    endloop
  endfacet
  facet normal 0.31696956086688205 0.6701758292032209 0.6711144875769194
    outer loop
      vertex 5.167791628907152 6.184784470074469 11.163439328416366
      vertex 4.9480220670309105 6.288727731654999 11.163439328416366
      vertex 4.945500042683525 6.282639026270907 11.170710678118656
    endloop
  endfacet
  facet normal 0 0 1
    outer loop
      vertex 4.95661458075527 6.309471894823224 11.105
      vertex 5.178376050881635 6.204586530803578 11.105
      vertex 4.956708580912725 6.309698831278217 11.105
    endloop
  endfacet
  facet normal 0.42704132231560565 0.9029030153690211 0.049008712209853755
    outer loop
      vertex 4.95661458075527 6.309471894823224 11.105
      vertex 4.956524308380239 6.309253958031117 11.109801714032958
      vertex 5.178376050881635 6.204586530803578 11.105
    endloop
  endfacet
  facet normal 0.4026169729012535 0.85126206733367 0.3365300370704491
    outer loop
      vertex 4.955060758900876 6.305720637028836 11.129028467725448
      vertex 4.953795576735543 6.302666217086416 11.138268343236511
      vertex 5.176462023542529 6.201005637515541 11.129028467725448
    endloop
  endfacet
  facet normal 0.3865903098938706 0.8173765354202626 0.4271340909369435
    outer loop
      vertex 4.953795576735543 6.302666217086416 11.138268343236511
      vertex 4.9521899033278745 6.29878977856888 11.147139673682602
      vertex 5.174903548067009 6.198089934977844 11.138268343236511
    endloop
  endfacet
  facet normal 0.3668429734111361 0.7756243003927936 0.5136469385668196
    outer loop
      vertex 4.9521899033278745 6.29878977856888 11.147139673682602
      vertex 4.950259202190536 6.29412865369823 11.155557023301961
      vertex 5.172925648997522 6.194389546087033 11.147139673682602
    endloop
  endfacet
  facet normal 0.42293841699977536 0.8942281509288573 0.14655752970107344
    outer loop
      vertex 4.956524308380239 6.309253958031117 11.109801714032958
      vertex 4.955973265428002 6.307923622662377 11.119509032201615
      vertex 5.17826485165163 6.204378491676744 11.109801714032958
    endloop
  endfacet
  facet normal 0.414771283041429 0.8769601970036287 0.24270474992369492
    outer loop
      vertex 4.955973265428002 6.307923622662377 11.119509032201615
      vertex 4.955060758900876 6.305720637028836 11.129028467725448
      vertex 5.1775860664532996 6.2031085738908 11.119509032201615
    endloop
  endfacet
  facet normal 0.3435622668849397 0.7264013820849183 0.5952360883531861
    outer loop
      vertex 4.950259202190536 6.29412865369823 11.155557023301961
      vertex 4.9480220670309105 6.288727731654999 11.163439328416366
      vertex 5.170547374583334 6.189940107610962 11.155557023301961
    endloop
  endfacet
  facet normal 0.2200021774931012 0.465155522583048 0.8574551776674892
    outer loop
      vertex 4.936479809801643 6.260862257711704 11.188192126434837
      vertex 5.153573656731415 6.15818451505118 11.188192126434837
      vertex 5.157541567874705 6.165607954669948 11.183146961230257
    endloop
  endfacet
  facet normal 0.25489230679503266 0.5389245030238852 0.8028638066180124
    outer loop
      vertex 5.157541567874705 6.165607954669948 11.183146961230257
      vertex 5.161257260784302 6.172559527162424 11.177301045336275
      vertex 4.939700990045397 6.268638874743022 11.183146961230257
    endloop
  endfacet
  facet normal 0.3169695608669073 0.6701758292032838 0.6711144875768448
    outer loop
      vertex 5.167791628907152 6.184784470074469 11.163439328416366
      vertex 4.945500042683525 6.282639026270907 11.170710678118656
      vertex 5.164684951306282 6.178972285085386 11.170710678118656
    endloop
  endfacet
  facet normal 0.2873184050998707 0.6074837276378778 0.7405482123035985
    outer loop
      vertex 5.164684951306282 6.178972285085386 11.170710678118656
      vertex 4.942717417621526 6.2759211751072295 11.177301045336275
      vertex 5.161257260784302 6.172559527162424 11.177301045336275
    endloop
  endfacet
  facet normal 0.34356226688493946 0.7264013820849177 0.595236088353187
    outer loop
      vertex 5.167791628907152 6.184784470074469 11.163439328416366
      vertex 5.170547374583334 6.189940107610962 11.155557023301961
      vertex 4.9480220670309105 6.288727731654999 11.163439328416366
    endloop
  endfacet
  facet normal 0.4270413223156056 0.9029030153690225 0.04900871220982545
    outer loop
      vertex 4.956524308380239 6.309253958031117 11.109801714032958
      vertex 5.17826485165163 6.204378491676744 11.109801714032958
      vertex 5.178376050881635 6.204586530803578 11.105
    endloop
  endfacet
  facet normal 0 0 1
    outer loop
      vertex 4.956708580912725 6.309698831278217 11.105
      vertex 5.178376050881635 6.204586530803578 11.105
      vertex 5.178491842064995 6.204803160870888 11.105
    endloop
  endfacet
  facet normal 0.4229384169997747 0.8942281509288535 0.146557529701097
    outer loop
      vertex 4.955973265428002 6.307923622662377 11.119509032201615
      vertex 5.1775860664532996 6.2031085738908 11.119509032201615
      vertex 5.17826485165163 6.204378491676744 11.109801714032958
    endloop
  endfacet
  facet normal 0.4147712830414252 0.876960197003615 0.24270474992375118
    outer loop
      vertex 4.955060758900876 6.305720637028836 11.129028467725448
      vertex 5.176462023542529 6.201005637515541 11.129028467725448
      vertex 5.1775860664532996 6.2031085738908 11.119509032201615
    endloop
  endfacet
  facet normal 0.3865903098938908 0.8173765354203182 0.42713409093681914
    outer loop
      vertex 4.9521899033278745 6.29878977856888 11.147139673682602
      vertex 5.172925648997522 6.194389546087033 11.147139673682602
      vertex 5.174903548067009 6.198089934977844 11.138268343236511
    endloop
  endfacet
  facet normal 0.3668429734111167 0.7756243003927428 0.5136469385669101
    outer loop
      vertex 4.950259202190536 6.29412865369823 11.155557023301961
      vertex 5.170547374583334 6.189940107610962 11.155557023301961
      vertex 5.172925648997522 6.194389546087033 11.147139673682602
    endloop
  endfacet
  facet normal 0.40261697290125303 0.8512620673336688 0.3365300370704521
    outer loop
      vertex 4.953795576735543 6.302666217086416 11.138268343236511
      vertex 5.174903548067009 6.198089934977844 11.138268343236511
      vertex 5.176462023542529 6.201005637515541 11.129028467725448
    endloop
  endfacet
  facet normal 0.5141027441932214 0.8577286100002722 0
    outer loop
      vertex 5.178491842064995 6.204803160870888 10.305000000000001
      vertex 5.178491842064995 6.204803160870888 11.105
      vertex 5.388925582549006 6.078674030756364 10.305000000000001
    endloop
  endfacet
  facet normal 0.5141027441932214 0.8577286100002722 0
    outer loop
      vertex 5.178491842064995 6.204803160870888 11.105
      vertex 5.388925582549006 6.078674030756364 11.105
      vertex 5.388925582549006 6.078674030756364 10.305000000000001
    endloop
  endfacet
  facet normal 0.5956993044924345 0.8032075314806442 0
    outer loop
      vertex 5.388925582549006 6.078674030756364 10.305000000000001
      vertex 5.388925582549006 6.078674030756364 11.105
      vertex 5.585983210409114 5.932526133406843 10.305000000000001
    endloop
  endfacet
  facet normal 0.025256174902001684 0.04213738214257727 0.9987925543652646
    outer loop
      vertex 5.131352168382395 6.116611034436053 11.200000000000001
      vertex 5.333368559247045 5.9955270695261085 11.200000000000001
      vertex 5.338814099796327 6.003676896892991 11.199518472667222
    endloop
  endfacet
  facet normal 0.07552355124432567 0.1260034328988782 0.9891508116081912
    outer loop
      vertex 5.135972664392831 6.125255374468779 11.199518472667222
      vertex 5.338814099796327 6.003676896892991 11.199518472667222
      vertex 5.344207196813282 6.011748236967182 11.198078528040323
    endloop
  endfacet
  facet normal 0.12505851708819213 0.2086475305613907 0.9699621514751675
    outer loop
      vertex 5.140548662500868 6.133816464781511 11.198078528040323
      vertex 5.344207196813282 6.011748236967182 11.198078528040323
      vertex 5.349495911825474 6.019663358331522 11.195694033573222
    endloop
  endfacet
  facet normal 0.17338112777824538 0.28926893584839825 0.9414151407766285
    outer loop
      vertex 5.145036093343228 6.142211857394573 11.195694033573222
      vertex 5.349495911825474 6.019663358331522 11.195694033573222
      vertex 5.354629311616227 6.02734603404043 11.19238795325113
    endloop
  endfacet
  facet normal 0.22002380320031373 0.3670875384688655 0.9037899452450988
    outer loop
      vertex 5.149391740507822 6.150360700087711 11.19238795325113
      vertex 5.354629311616227 6.02734603404043 11.19238795325113
      vertex 5.359557958739355 6.034722275727049 11.188192126434837
    endloop
  endfacet
  facet normal 0.2200238032003048 0.36708753846884895 0.9037899452451077
    outer loop
      vertex 5.149391740507822 6.150360700087711 11.19238795325113
      vertex 5.359557958739355 6.034722275727049 11.188192126434837
      vertex 5.153573656731415 6.15818451505118 11.188192126434837
    endloop
  endfacet
  facet normal 0.264536021007852 0.441351687297723 0.8574551776674896
    outer loop
      vertex 5.157541567874705 6.165607954669948 11.183146961230257
      vertex 5.153573656731415 6.15818451505118 11.188192126434837
      vertex 5.364234387628791 6.0417210461516735 11.183146961230257
    endloop
  endfacet
  facet normal 0.30648876930859353 0.5113456192347215 0.802863806618011
    outer loop
      vertex 5.157541567874705 6.165607954669948 11.183146961230257
      vertex 5.3686135617179325 6.048274943329197 11.177301045336275
      vertex 5.161257260784302 6.172559527162424 11.177301045336275
    endloop
  endfacet
  facet normal 0 0 1
    outer loop
      vertex 5.178491842064995 6.204803160870888 11.105
      vertex 5.178376050881635 6.204586530803578 11.105
      vertex 5.388789115472136 6.078469793342706 11.105
    endloop
  endfacet
  facet normal 0.5134849731878015 0.8566979213455924 0.04900871220980933
    outer loop
      vertex 5.178376050881635 6.204586530803578 11.105
      vertex 5.17826485165163 6.204378491676744 11.109801714032958
      vertex 5.388789115472136 6.078469793342706 11.105
    endloop
  endfacet
  facet normal 0.5085515390773274 0.8484669837948857 0.14655752970110625
    outer loop
      vertex 5.17826485165163 6.204378491676744 11.109801714032958
      vertex 5.1775860664532996 6.2031085738908 11.119509032201615
      vertex 5.388658060296528 6.078273655411664 11.109801714032958
    endloop
  endfacet
  facet normal 0.4987311766381983 0.8320826989028983 0.24270474992374325
    outer loop
      vertex 5.1775860664532996 6.2031085738908 11.119509032201615
      vertex 5.176462023542529 6.201005637515541 11.129028467725448
      vertex 5.3878580699246275 6.077076385211001 11.119509032201615
    endloop
  endfacet
  facet normal 0.48411653564139573 0.8076996434739404 0.336530037070456
    outer loop
      vertex 5.176462023542529 6.201005637515541 11.129028467725448
      vertex 5.174903548067009 6.198089934977844 11.138268343236511
      vertex 5.386533315777905 6.075093750520901 11.129028467725448
    endloop
  endfacet
  facet normal 0.46484568246025737 0.7755481673356166 0.42713409093682037
    outer loop
      vertex 5.174903548067009 6.198089934977844 11.138268343236511
      vertex 5.172925648997522 6.194389546087033 11.147139673682602
      vertex 5.384696555962979 6.07234484519725 11.138268343236511
    endloop
  endfacet
  facet normal 0.4411010001203711 0.7359325581829156 0.5136469385669091
    outer loop
      vertex 5.170547374583334 6.189940107610962 11.155557023301961
      vertex 5.382365479480941 6.068856142701018 11.147139673682602
      vertex 5.172925648997522 6.194389546087033 11.147139673682602
    endloop
  endfacet
  facet normal 0.34547870622701504 0.5763963990151671 0.7405482123035987
    outer loop
      vertex 5.164684951306282 6.178972285085386 11.170710678118656
      vertex 5.161257260784302 6.172559527162424 11.177301045336275
      vertex 5.3726533071664 6.054320849647077 11.170710678118656
    endloop
  endfacet
  facet normal 0.4131077068681684 0.6892285699592833 0.5952360883531884
    outer loop
      vertex 5.167791628907152 6.184784470074469 11.163439328416366
      vertex 5.37956253587261 6.064661241144364 11.155557023301961
      vertex 5.170547374583334 6.189940107610962 11.155557023301961
    endloop
  endfacet
  facet normal 0.38113198409124066 0.635880299480291 0.6711144875768437
    outer loop
      vertex 5.167791628907152 6.184784470074469 11.163439328416366
      vertex 5.164684951306282 6.178972285085386 11.170710678118656
      vertex 5.376314719017178 6.059800539722442 11.163439328416366
    endloop
  endfacet
  facet normal 0 0 1
    outer loop
      vertex 5.178491842064995 6.204803160870888 11.105
      vertex 5.388789115472136 6.078469793342706 11.105
      vertex 5.388925582549006 6.078674030756364 11.105
    endloop
  endfacet
  facet normal 0.513484973187803 0.8566979213456019 0.049008712209628956
    outer loop
      vertex 5.17826485165163 6.204378491676744 11.109801714032958
      vertex 5.388658060296528 6.078273655411664 11.109801714032958
      vertex 5.388789115472136 6.078469793342706 11.105
    endloop
  endfacet
  facet normal 0.26453602100783846 0.4413516872976978 0.8574551776675067
    outer loop
      vertex 5.153573656731415 6.15818451505118 11.188192126434837
      vertex 5.359557958739355 6.034722275727049 11.188192126434837
      vertex 5.364234387628791 6.0417210461516735 11.183146961230257
    endloop
  endfacet
  facet normal 0.30648876930861096 0.5113456192347543 0.8028638066179835
    outer loop
      vertex 5.157541567874705 6.165607954669948 11.183146961230257
      vertex 5.364234387628791 6.0417210461516735 11.183146961230257
      vertex 5.3686135617179325 6.048274943329197 11.177301045336275
    endloop
  endfacet
  facet normal 0.3454787062270133 0.5763963990151639 0.7405482123036022
    outer loop
      vertex 5.161257260784302 6.172559527162424 11.177301045336275
      vertex 5.3686135617179325 6.048274943329197 11.177301045336275
      vertex 5.3726533071664 6.054320849647077 11.170710678118656
    endloop
  endfacet
  facet normal 0.3811319840912323 0.635880299480275 0.6711144875768636
    outer loop
      vertex 5.164684951306282 6.178972285085386 11.170710678118656
      vertex 5.3726533071664 6.054320849647077 11.170710678118656
      vertex 5.376314719017178 6.059800539722442 11.163439328416366
    endloop
  endfacet
  facet normal 0.41310770686814197 0.6892285699592317 0.5952360883532668
    outer loop
      vertex 5.167791628907152 6.184784470074469 11.163439328416366
      vertex 5.376314719017178 6.059800539722442 11.163439328416366
      vertex 5.37956253587261 6.064661241144364 11.155557023301961
    endloop
  endfacet
  facet normal 0.4411010001203987 0.735932558182971 0.5136469385668058
    outer loop
      vertex 5.170547374583334 6.189940107610962 11.155557023301961
      vertex 5.37956253587261 6.064661241144364 11.155557023301961
      vertex 5.382365479480941 6.068856142701018 11.147139673682602
    endloop
  endfacet
  facet normal 0.4841165356414026 0.8076996434739556 0.33653003707040974
    outer loop
      vertex 5.174903548067009 6.198089934977844 11.138268343236511
      vertex 5.384696555962979 6.07234484519725 11.138268343236511
      vertex 5.386533315777905 6.075093750520901 11.129028467725448
    endloop
  endfacet
  facet normal 0.46484568246025176 0.7755481673356049 0.4271340909368477
    outer loop
      vertex 5.172925648997522 6.194389546087033 11.147139673682602
      vertex 5.382365479480941 6.068856142701018 11.147139673682602
      vertex 5.384696555962979 6.07234484519725 11.138268343236511
    endloop
  endfacet
  facet normal 0.4987311766381931 0.8320826989028853 0.24270474992379854
    outer loop
      vertex 5.176462023542529 6.201005637515541 11.129028467725448
      vertex 5.386533315777905 6.075093750520901 11.129028467725448
      vertex 5.3878580699246275 6.077076385211001 11.119509032201615
    endloop
  endfacet
  facet normal 0.5085515390773261 0.8484669837948814 0.14655752970113584
    outer loop
      vertex 5.1775860664532996 6.2031085738908 11.119509032201615
      vertex 5.3878580699246275 6.077076385211001 11.119509032201615
      vertex 5.388658060296528 6.078273655411664 11.109801714032958
    endloop
  endfacet
  facet normal 0.02926474521522281 0.0394589410906853 0.9987925543652645
    outer loop
      vertex 5.528762023548549 5.862801915478917 11.199518472667222
      vertex 5.338814099796327 6.003676896892991 11.199518472667222
      vertex 5.333368559247045 5.9955270695261085 11.200000000000001
    endloop
  endfacet
  facet normal 0.08751038086685409 0.1179940894087276 0.9891508116081912
    outer loop
      vertex 5.534920281001985 5.870305773897406 11.198078528040323
      vertex 5.344207196813282 6.011748236967182 11.198078528040323
      vertex 5.338814099796327 6.003676896892991 11.199518472667222
    endloop
  endfacet
  facet normal 0.14490736042889357 0.19538495745372514 0.9699621514751681
    outer loop
      vertex 5.344207196813282 6.011748236967182 11.198078528040323
      vertex 5.540959346967334 5.877664397067441 11.195694033573222
      vertex 5.349495911825474 6.019663358331522 11.195694033573222
    endloop
  endfacet
  facet normal 0.2008995641361464 0.27088170452510785 0.9414151407766282
    outer loop
      vertex 5.349495911825474 6.019663358331522 11.195694033573222
      vertex 5.54682106193806 5.884806917425264 11.19238795325113
      vertex 5.354629311616227 6.02734603404043 11.19238795325113
    endloop
  endfacet
  facet normal 0.25494519922061815 0.34375380764178054 0.9037899452450979
    outer loop
      vertex 5.354629311616227 6.02734603404043 11.19238795325113
      vertex 5.552448974394657 5.891664548595327 11.188192126434837
      vertex 5.359557958739355 6.034722275727049 11.188192126434837
    endloop
  endfacet
  facet normal 0.3065222380301825 0.4132973939963232 0.8574551776675071
    outer loop
      vertex 5.364234387628791 6.0417210461516735 11.183146961230257
      vertex 5.359557958739355 6.034722275727049 11.188192126434837
      vertex 5.557788884463636 5.898171247840701 11.183146961230257
    endloop
  endfacet
  facet normal 0.35513357742992624 0.4788421976024053 0.8028638066179852
    outer loop
      vertex 5.364234387628791 6.0417210461516735 11.183146961230257
      vertex 5.562789365891943 5.90426435209073 11.177301045336275
      vertex 5.3686135617179325 6.048274943329197 11.177301045336275
    endloop
  endfacet
  facet normal 0.4003118585553169 0.539758057979619 0.7405482123036001
    outer loop
      vertex 5.3686135617179325 6.048274943329197 11.177301045336275
      vertex 5.567402261309881 5.909885181420657 11.170710678118656
      vertex 5.3726533071664 6.054320849647077 11.170710678118656
    endloop
  endfacet
  facet normal 0.4416238979608262 0.5954608948657566 0.671114487576865
    outer loop
      vertex 5.376314719017178 6.059800539722442 11.163439328416366
      vertex 5.3726533071664 6.054320849647077 11.170710678118656
      vertex 5.571583146012911 5.914979604171375 11.163439328416366
    endloop
  endfacet
  facet normal 0 0 1
    outer loop
      vertex 5.388925582549006 6.078674030756364 11.105
      vertex 5.388789115472136 6.078469793342706 11.105
      vertex 5.585827381691285 5.93233625556478 11.105
    endloop
  endfacet
  facet normal 0.5949834830687589 0.802242358020893 0.04900871220961974
    outer loop
      vertex 5.388789115472136 6.078469793342706 11.105
      vertex 5.388658060296528 6.078273655411664 11.109801714032958
      vertex 5.585827381691285 5.93233625556478 11.105
    endloop
  endfacet
  facet normal 0.5111109830681655 0.6891533831361785 0.5136469385668071
    outer loop
      vertex 5.382365479480941 6.068856142701018 11.147139673682602
      vertex 5.37956253587261 6.064661241144364 11.155557023301961
      vertex 5.57849237471912 5.923398523708985 11.147139673682602
    endloop
  endfacet
  facet normal 0.5609537914983005 0.7563586305140363 0.33653003707041174
    outer loop
      vertex 5.386533315777905 6.075093750520901 11.129028467725448
      vertex 5.384696555962979 6.07234484519725 11.138268343236511
      vertex 5.5832515342261315 5.929197576347113 11.129028467725448
    endloop
  endfacet
  facet normal 0.538624336994022 0.7262508464417136 0.4271340909368447
    outer loop
      vertex 5.382365479480941 6.068856142701018 11.147139673682602
      vertex 5.5811541790728905 5.926641941698479 11.138268343236511
      vertex 5.384696555962979 6.07234484519725 11.138268343236511
    endloop
  endfacet
  facet normal 0.5892670318310179 0.7945346157877342 0.14655752970113728
    outer loop
      vertex 5.388658060296528 6.078273655411664 11.109801714032958
      vertex 5.3878580699246275 6.077076385211001 11.119509032201615
      vertex 5.585677732703057 5.932153907745024 11.109801714032958
    endloop
  endfacet
  facet normal 0.5778880163697449 0.7791917895490609 0.24270474992379848
    outer loop
      vertex 5.3878580699246275 6.077076385211001 11.119509032201615
      vertex 5.386533315777905 6.075093750520901 11.129028467725448
      vertex 5.584764241502186 5.93104081549617 11.119509032201615
    endloop
  endfacet
  facet normal 0.47867469380658795 0.6454181099342293 0.5952360883532655
    outer loop
      vertex 5.37956253587261 6.064661241144364 11.155557023301961
      vertex 5.376314719017178 6.059800539722442 11.163439328416366
      vertex 5.575291755795838 5.919498558266902 11.155557023301961
    endloop
  endfacet
  facet normal 0.5956993044924345 0.8032075314806442 0
    outer loop
      vertex 5.388925582549006 6.078674030756364 10.305000000000001
      vertex 5.585983210409114 5.932526133406843 10.305000000000001
      vertex 5.585983210409114 5.932526133406843 9.600000000000001
    endloop
  endfacet
  facet normal 0.5956993044924345 0.8032075314806442 0
    outer loop
      vertex 5.585983210409114 5.932526133406843 10.305000000000001
      vertex 5.388925582549006 6.078674030756364 11.105
      vertex 5.585983210409114 5.932526133406843 11.105
    endloop
  endfacet
  facet normal 0 0 1
    outer loop
      vertex 5.388925582549006 6.078674030756364 11.105
      vertex 5.585827381691285 5.93233625556478 11.105
      vertex 5.585983210409114 5.932526133406843 11.105
    endloop
  endfacet
  facet normal 0.5949834830687559 0.8022423580208817 0.04900871220984025
    outer loop
      vertex 5.388658060296528 6.078273655411664 11.109801714032958
      vertex 5.585677732703057 5.932153907745024 11.109801714032958
      vertex 5.585827381691285 5.93233625556478 11.105
    endloop
  endfacet
  facet normal 0.5892670318310226 0.7945346157877461 0.14655752970105443
    outer loop
      vertex 5.3878580699246275 6.077076385211001 11.119509032201615
      vertex 5.584764241502186 5.93104081549617 11.119509032201615
      vertex 5.585677732703057 5.932153907745024 11.109801714032958
    endloop
  endfacet
  facet normal 0.5778880163697494 0.77919178954907 0.2427047499237583
    outer loop
      vertex 5.386533315777905 6.075093750520901 11.129028467725448
      vertex 5.5832515342261315 5.929197576347113 11.129028467725448
      vertex 5.584764241502186 5.93104081549617 11.119509032201615
    endloop
  endfacet
  facet normal 0.5111109830681393 0.6891533831361365 0.5136469385668894
    outer loop
      vertex 5.37956253587261 6.064661241144364 11.155557023301961
      vertex 5.575291755795838 5.919498558266902 11.155557023301961
      vertex 5.57849237471912 5.923398523708985 11.147139673682602
    endloop
  endfacet
  facet normal 0.5386243369940203 0.7262508464417109 0.42713409093685156
    outer loop
      vertex 5.382365479480941 6.068856142701018 11.147139673682602
      vertex 5.57849237471912 5.923398523708985 11.147139673682602
      vertex 5.5811541790728905 5.926641941698479 11.138268343236511
    endloop
  endfacet
  facet normal 0.5609537914983005 0.7563586305140363 0.3365300370704115
    outer loop
      vertex 5.384696555962979 6.07234484519725 11.138268343236511
      vertex 5.5811541790728905 5.926641941698479 11.138268343236511
      vertex 5.5832515342261315 5.929197576347113 11.129028467725448
    endloop
  endfacet
  facet normal 0.40031185855530915 0.5397580579796072 0.7405482123036129
    outer loop
      vertex 5.3686135617179325 6.048274943329197 11.177301045336275
      vertex 5.562789365891943 5.90426435209073 11.177301045336275
      vertex 5.567402261309881 5.909885181420657 11.170710678118656
    endloop
  endfacet
  facet normal 0.4786746938065827 0.6454181099342211 0.5952360883532785
    outer loop
      vertex 5.376314719017178 6.059800539722442 11.163439328416366
      vertex 5.571583146012911 5.914979604171375 11.163439328416366
      vertex 5.575291755795838 5.919498558266902 11.155557023301961
    endloop
  endfacet
  facet normal 0.4416238979608501 0.5954608948657932 0.6711144875768167
    outer loop
      vertex 5.3726533071664 6.054320849647077 11.170710678118656
      vertex 5.567402261309881 5.909885181420657 11.170710678118656
      vertex 5.571583146012911 5.914979604171375 11.163439328416366
    endloop
  endfacet
  facet normal 0 0 1
    outer loop
      vertex 6.116611034436053 2.868647831617605 11.200000000000001
      vertex 6.116611034436053 5.131352168382395 11.200000000000001
      vertex 5.9955270695261085 5.333368559247045 11.200000000000001
    endloop
  endfacet
  facet normal 0 0 1
    outer loop
      vertex 6.217310878027089 3.0815597623237845 11.200000000000001
      vertex 6.217310878027089 4.918440237676216 11.200000000000001
      vertex 6.116611034436053 5.131352168382395 11.200000000000001
    endloop
  endfacet
  facet normal 0 0 1
    outer loop
      vertex 6.3884433440132735 3.7647588632090545 11.200000000000001
      vertex 6.4 4 11.200000000000001
      vertex 6.3884433440132735 4.235241136790945 11.200000000000001
    endloop
  endfacet
  facet normal 0.0490675317690231 0.0024105332617752316 0.9987925543652646
    outer loop
      vertex 6.4 4 11.200000000000001
      vertex 6.409801714032957 4 11.199518472667222
      vertex 6.3884433440132735 4.235241136790945 11.200000000000001
    endloop
  endfacet
  facet normal 0.14672666246449306 0.007208218704068939 0.9891508116081921
    outer loop
      vertex 6.409801714032957 4 11.199518472667222
      vertex 6.4195090322016135 4 11.198078528040323
      vertex 6.398197860114079 4.236201872770784 11.199518472667222
    endloop
  endfacet
  facet normal 0.24296287082354479 0.011936000454507026 0.9699621514751654
    outer loop
      vertex 6.4195090322016135 4 11.198078528040323
      vertex 6.429028467725447 4 11.195694033573222
      vertex 6.407858434892474 4.237153356337945 11.198078528040323
    endloop
  endfacet
  facet normal 0.3368437235020074 0.016548071000270545 0.9414151407766252
    outer loop
      vertex 6.429028467725447 4 11.195694033573222
      vertex 6.438268343236509 4 11.19238795325113
      vertex 6.417332031732334 4.238086424185543 11.195694033573222
    endloop
  endfacet
  facet normal 0.4274608089056452 0.02099980294144202 0.9037899452451063
    outer loop
      vertex 6.438268343236509 4 11.19238795325113
      vertex 6.4471396736826 4 11.188192126434837
      vertex 6.426527414717296 4.238992090360139 11.19238795325113
    endloop
  endfacet
  facet normal 0 0 1
    outer loop
      vertex 6.353884672967753 3.5317832271612923 11.200000000000001
      vertex 6.353884672967753 4.468216772838708 11.200000000000001
      vertex 6.296656805757301 4.69668322541071 11.200000000000001
    endloop
  endfacet
  facet normal 0 0 1
    outer loop
      vertex 6.3884433440132735 3.7647588632090545 11.200000000000001
      vertex 6.3884433440132735 4.235241136790945 11.200000000000001
      vertex 6.353884672967753 4.468216772838708 11.200000000000001
    endloop
  endfacet
  facet normal 0.04906753176902984 0.0024105332617758435 0.9987925543652642
    outer loop
      vertex 6.409801714032957 4 11.199518472667222
      vertex 6.398197860114079 4.236201872770784 11.199518472667222
      vertex 6.3884433440132735 4.235241136790945 11.200000000000001
    endloop
  endfacet
  facet normal 0.14672666246448596 0.007208218704068291 0.9891508116081931
    outer loop
      vertex 6.4195090322016135 4 11.198078528040323
      vertex 6.407858434892474 4.237153356337945 11.198078528040323
      vertex 6.398197860114079 4.236201872770784 11.199518472667222
    endloop
  endfacet
  facet normal 0.24296287082352944 0.011936000454505621 0.9699621514751692
    outer loop
      vertex 6.429028467725447 4 11.195694033573222
      vertex 6.417332031732334 4.238086424185543 11.195694033573222
      vertex 6.407858434892474 4.237153356337945 11.198078528040323
    endloop
  endfacet
  facet normal 0.3368437235020097 0.016548071000270753 0.9414151407766245
    outer loop
      vertex 6.438268343236509 4 11.19238795325113
      vertex 6.426527414717296 4.238992090360139 11.19238795325113
      vertex 6.417332031732334 4.238086424185543 11.195694033573222
    endloop
  endfacet
  facet normal 0.4274608089056676 0.020999802941444146 0.9037899452450956
    outer loop
      vertex 6.4471396736826 4 11.188192126434837
      vertex 6.435356027282507 4.239861632801382 11.188192126434837
      vertex 6.426527414717296 4.238992090360139 11.19238795325113
    endloop
  endfacet
  facet normal 0 0 1
    outer loop
      vertex 6.296656805757301 3.30331677458929 11.200000000000001
      vertex 6.296656805757301 4.69668322541071 11.200000000000001
      vertex 6.217310878027089 4.918440237676216 11.200000000000001
    endloop
  endfacet
  facet normal 0.04859498461505251 0.007208385032284748 0.9987925543652643
    outer loop
      vertex 6.3884433440132735 4.235241136790945 11.200000000000001
      vertex 6.398197860114079 4.236201872770784 11.199518472667222
      vertex 6.353884672967753 4.468216772838708 11.200000000000001
    endloop
  endfacet
  facet normal 0.14531360449600006 0.021555237025671158 0.9891508116081932
    outer loop
      vertex 6.398197860114079 4.236201872770784 11.199518472667222
      vertex 6.407858434892474 4.237153356337945 11.198078528040323
      vertex 6.363498049813998 4.470128992385708 11.199518472667222
    endloop
  endfacet
  facet normal 0.24062300556048394 0.035693051154259366 0.9699621514751691
    outer loop
      vertex 6.407858434892474 4.237153356337945 11.198078528040323
      vertex 6.417332031732334 4.238086424185543 11.195694033573222
      vertex 6.373018844586008 4.472022796213143 11.198078528040323
    endloop
  endfacet
  facet normal 0.3335997343071742 0.04948484603098551 0.9414151407766249
    outer loop
      vertex 6.417332031732334 4.238086424185543 11.195694033573222
      vertex 6.426527414717296 4.238992090360139 11.19238795325113
      vertex 6.382355366825531 4.4738799459549 11.195694033573222
    endloop
  endfacet
  facet normal 0.423344127642061 0.06279716924234623 0.9037899452450944
    outer loop
      vertex 6.435356027282507 4.239861632801382 11.188192126434837
      vertex 6.39141770071954 4.475682556243742 11.19238795325113
      vertex 6.426527414717296 4.238992090360139 11.19238795325113
    endloop
  endfacet
  facet normal 0.5089893430371732 0.07550143684591334 0.8574551776674915
    outer loop
      vertex 6.443732845062755 4.240686677340227 11.183146961230257
      vertex 6.400118571038659 4.477413266957181 11.188192126434837
      vertex 6.435356027282507 4.239861632801382 11.188192126434837
    endloop
  endfacet
  facet normal 0.589709925870624 0.08747520421518323 0.8028638066180186
    outer loop
      vertex 6.443732845062755 4.240686677340227 11.183146961230257
      vertex 6.451577194723581 4.2414592783467455 11.177301045336275
      vertex 6.408374183645336 4.4790554104049445 11.183146961230257
    endloop
  endfacet
  facet normal 0.048594984615050504 0.007208385032284365 0.9987925543652642
    outer loop
      vertex 6.398197860114079 4.236201872770784 11.199518472667222
      vertex 6.363498049813998 4.470128992385708 11.199518472667222
      vertex 6.353884672967753 4.468216772838708 11.200000000000001
    endloop
  endfacet
  facet normal 0.1453136044959928 0.02155523702566976 0.9891508116081942
    outer loop
      vertex 6.407858434892474 4.237153356337945 11.198078528040323
      vertex 6.373018844586008 4.472022796213143 11.198078528040323
      vertex 6.363498049813998 4.470128992385708 11.199518472667222
    endloop
  endfacet
  facet normal 0.2406230055604988 0.03569305115426221 0.9699621514751653
    outer loop
      vertex 6.417332031732334 4.238086424185543 11.195694033573222
      vertex 6.382355366825531 4.4738799459549 11.195694033573222
      vertex 6.373018844586008 4.472022796213143 11.198078528040323
    endloop
  endfacet
  facet normal 0.3335997343071789 0.04948484603098643 0.9414151407766232
    outer loop
      vertex 6.426527414717296 4.238992090360139 11.19238795325113
      vertex 6.39141770071954 4.475682556243742 11.19238795325113
      vertex 6.382355366825531 4.4738799459549 11.195694033573222
    endloop
  endfacet
  facet normal 0.4233441276420336 0.06279716924234091 0.9037899452451074
    outer loop
      vertex 6.435356027282507 4.239861632801382 11.188192126434837
      vertex 6.400118571038659 4.477413266957181 11.188192126434837
      vertex 6.39141770071954 4.475682556243742 11.19238795325113
    endloop
  endfacet
  facet normal 0.5089893430371569 0.07550143684591011 0.8574551776675015
    outer loop
      vertex 6.443732845062755 4.240686677340227 11.183146961230257
      vertex 6.408374183645336 4.4790554104049445 11.183146961230257
      vertex 6.400118571038659 4.477413266957181 11.188192126434837
    endloop
  endfacet
  facet normal 0.6647298127713841 0.09860335322362601 0.7405482123035457
    outer loop
      vertex 6.458813530889592 4.2421719952509 11.170710678118656
      vertex 6.42323666523386 4.482011741802855 11.170710678118656
      vertex 6.416105032477191 4.480593171847944 11.177301045336275
    endloop
  endfacet
  facet normal 0.5897099258706424 0.08747520421518695 0.8028638066180046
    outer loop
      vertex 6.451577194723581 4.2414592783467455 11.177301045336275
      vertex 6.416105032477191 4.480593171847944 11.177301045336275
      vertex 6.408374183645336 4.4790554104049445 11.183146961230257
    endloop
  endfacet
  facet normal 0.9700312531945429 0.24298017990326795 0
    outer loop
      vertex 6.451963201008077 4.487725805040321 10.305000000000001
      vertex 6.451963201008077 4.487725805040321 9.600000000000001
      vertex 6.392350839330522 4.725711693136156 10.305000000000001
    endloop
  endfacet
  facet normal 0.9700312531945429 0.24298017990326795 0
    outer loop
      vertex 6.392350839330522 4.725711693136156 10.305000000000001
      vertex 6.451963201008077 4.487725805040321 9.600000000000001
      vertex 6.392350839330522 4.725711693136156 9.600000000000001
    endloop
  endfacet
  facet normal 0.9415440651830213 0.3368898533922185 0
    outer loop
      vertex 6.392350839330522 4.725711693136156 10.305000000000001
      vertex 6.392350839330522 4.725711693136156 9.600000000000001
      vertex 6.309698831278217 4.956708580912725 10.305000000000001
    endloop
  endfacet
  facet normal 0.9415440651830213 0.3368898533922185 0
    outer loop
      vertex 6.309698831278217 4.956708580912725 10.305000000000001
      vertex 6.392350839330522 4.725711693136156 9.600000000000001
      vertex 6.309698831278217 4.956708580912725 9.600000000000001
    endloop
  endfacet
  facet normal 0.970031253194543 0.24298017990326795 0
    outer loop
      vertex 6.451963201008077 4.487725805040321 10.305000000000001
      vertex 6.392350839330522 4.725711693136156 11.105
      vertex 6.451963201008077 4.487725805040321 11.105
    endloop
  endfacet
  facet normal 0.970031253194543 0.24298017990326795 0
    outer loop
      vertex 6.451963201008077 4.487725805040321 10.305000000000001
      vertex 6.392350839330522 4.725711693136156 10.305000000000001
      vertex 6.392350839330522 4.725711693136156 11.105
    endloop
  endfacet
  facet normal 0.04765444119450937 0.011936816114428008 0.9987925543652643
    outer loop
      vertex 6.353884672967753 4.468216772838708 11.200000000000001
      vertex 6.363498049813998 4.470128992385708 11.199518472667222
      vertex 6.296656805757301 4.69668322541071 11.200000000000001
    endloop
  endfacet
  facet normal 0.14250109707971526 0.03569466663142387 0.989150811608194
    outer loop
      vertex 6.363498049813998 4.470128992385708 11.199518472667222
      vertex 6.373018844586008 4.472022796213143 11.198078528040323
      vertex 6.30603646127475 4.699528512805307 11.199518472667222
    endloop
  endfacet
  facet normal 0.23596580921598848 0.05910635825959494 0.9699621514751655
    outer loop
      vertex 6.373018844586008 4.472022796213143 11.198078528040323
      vertex 6.382355366825531 4.4738799459549 11.195694033573222
      vertex 6.315325785582123 4.702346398526902 11.198078528040323
    endloop
  endfacet
  facet normal 0.3271429973068044 0.08194505494325326 0.9414151407766221
    outer loop
      vertex 6.382355366825531 4.4738799459549 11.195694033573222
      vertex 6.39141770071954 4.475682556243742 11.19238795325113
      vertex 6.324435317408282 4.705109744795583 11.195694033573222
    endloop
  endfacet
  facet normal 0.4151504110057909 0.10398976447501088 0.9037899452451076
    outer loop
      vertex 6.400118571038659 4.477413266957181 11.188192126434837
      vertex 6.333277326981962 4.707791939076182 11.19238795325113
      vertex 6.39141770071954 4.475682556243742 11.19238795325113
    endloop
  endfacet
  facet normal 0 0 1
    outer loop
      vertex 6.451963201008077 4.487725805040321 11.105
      vertex 6.392350839330522 4.725711693136156 11.105
      vertex 6.451722286552444 4.487677884175615 11.105
    endloop
  endfacet
  facet normal 0.9688656161903801 0.24268820303340685 0.049008712209677244
    outer loop
      vertex 6.451722286552444 4.487677884175615 11.105
      vertex 6.391890046403027 4.72557191312977 11.109801714032958
      vertex 6.451490926087974 4.487631863717909 11.109801714032958
    endloop
  endfacet
  facet normal 0.49913798529908504 0.12502755665357876 0.8574551776675015
    outer loop
      vertex 6.408374183645336 4.4790554104049445 11.183146961230257
      vertex 6.341766660917436 4.710367150371544 11.188192126434837
      vertex 6.400118571038659 4.477413266957181 11.188192126434837
    endloop
  endfacet
  facet normal 0.5782962420265365 0.14485566775528405 0.8028638066180068
    outer loop
      vertex 6.408374183645336 4.4790554104049445 11.183146961230257
      vertex 6.416105032477191 4.480593171847944 11.177301045336275
      vertex 6.349821562288161 4.712810577989138 11.183146961230257
    endloop
  endfacet
  facet normal 0.6518641383238676 0.16328346646647238 0.7405482123035435
    outer loop
      vertex 6.416105032477191 4.480593171847944 11.177301045336275
      vertex 6.42323666523386 4.482011741802855 11.170710678118656
      vertex 6.357364457990683 4.715098690385294 11.177301045336275
    endloop
  endfacet
  facet normal 0.7191362822633979 0.18013426130743548 0.6711144875768986
    outer loop
      vertex 6.4297004003933536 4.483297458665545 11.163439328416366
      vertex 6.3643227058160186 4.717209451786827 11.170710678118656
      vertex 6.42323666523386 4.482011741802855 11.170710678118656
    endloop
  endfacet
  facet normal 0.8322884107604313 0.2084773940138357 0.5136469385668289
    outer loop
      vertex 6.4403822124225005 4.485422203184167 11.147139673682602
      vertex 6.376223486752094 4.720819514216124 11.155557023301961
      vertex 6.435433988652646 4.484437940279781 11.155557023301961
    endloop
  endfacet
  facet normal 0.8770909025327216 0.2196998339868697 0.42713409093688315
    outer loop
      vertex 6.4403822124225005 4.485422203184167 11.147139673682602
      vertex 6.444497417603042 4.486240768388882 11.138268343236511
      vertex 6.3810514088367905 4.7222840483692305 11.147139673682602
    endloop
  endfacet
  facet normal 0.9410275158922585 0.2357151219122251 0.2427047499237498
    outer loop
      vertex 6.450078649593317 4.487350944456963 11.119509032201615
      vertex 6.388230286372429 4.72446173706169 11.129028467725448
      vertex 6.4477399725187805 4.48688575266353 11.129028467725448
    endloop
  endfacet
  facet normal 0.959556999718686 0.24035651598982083 0.14655752970116698
    outer loop
      vertex 6.451490926087974 4.487631863717909 11.109801714032958
      vertex 6.390512105308329 4.725153919268488 11.119509032201615
      vertex 6.450078649593317 4.487350944456963 11.119509032201615
    endloop
  endfacet
  facet normal 0.9134519802989833 0.2288078098258194 0.33653003707035944
    outer loop
      vertex 6.4477399725187805 4.48688575266353 11.129028467725448
      vertex 6.3850665647590485 4.723502032602414 11.138268343236511
      vertex 6.444497417603042 4.486240768388882 11.138268343236511
    endloop
  endfacet
  facet normal 0.7794694564925778 0.19524693471879742 0.5952360883532509
    outer loop
      vertex 6.435433988652646 4.484437940279781 11.155557023301961
      vertex 6.370629294033845 4.719122534407583 11.163439328416366
      vertex 6.4297004003933536 4.483297458665545 11.163439328416366
    endloop
  endfacet
  facet normal 0.04765444119450774 0.011936816114427528 0.9987925543652643
    outer loop
      vertex 6.363498049813998 4.470128992385708 11.199518472667222
      vertex 6.30603646127475 4.699528512805307 11.199518472667222
      vertex 6.296656805757301 4.69668322541071 11.200000000000001
    endloop
  endfacet
  facet normal 0.14250109707972416 0.0356946666314265 0.9891508116081927
    outer loop
      vertex 6.373018844586008 4.472022796213143 11.198078528040323
      vertex 6.315325785582123 4.702346398526902 11.198078528040323
      vertex 6.30603646127475 4.699528512805307 11.199518472667222
    endloop
  endfacet
  facet normal 0.23596580921596888 0.059106358259589147 0.9699621514751707
    outer loop
      vertex 6.382355366825531 4.4738799459549 11.195694033573222
      vertex 6.324435317408282 4.705109744795583 11.195694033573222
      vertex 6.315325785582123 4.702346398526902 11.198078528040323
    endloop
  endfacet
  facet normal 0.3271429973068042 0.08194505494325319 0.9414151407766223
    outer loop
      vertex 6.39141770071954 4.475682556243742 11.19238795325113
      vertex 6.333277326981962 4.707791939076182 11.19238795325113
      vertex 6.324435317408282 4.705109744795583 11.195694033573222
    endloop
  endfacet
  facet normal 0.41515041100578 0.1039897644750076 0.9037899452451129
    outer loop
      vertex 6.400118571038659 4.477413266957181 11.188192126434837
      vertex 6.341766660917436 4.710367150371544 11.188192126434837
      vertex 6.333277326981962 4.707791939076182 11.19238795325113
    endloop
  endfacet
  facet normal 0.4991379852991407 0.12502755665359552 0.8574551776674667
    outer loop
      vertex 6.408374183645336 4.4790554104049445 11.183146961230257
      vertex 6.349821562288161 4.712810577989138 11.183146961230257
      vertex 6.341766660917436 4.710367150371544 11.188192126434837
    endloop
  endfacet
  facet normal 0.5782962420265441 0.14485566775528638 0.8028638066180009
    outer loop
      vertex 6.416105032477191 4.480593171847944 11.177301045336275
      vertex 6.357364457990683 4.715098690385294 11.177301045336275
      vertex 6.349821562288161 4.712810577989138 11.183146961230257
    endloop
  endfacet
  facet normal 0 0 1
    outer loop
      vertex 6.451722286552444 4.487677884175615 11.105
      vertex 6.392350839330522 4.725711693136156 11.105
      vertex 6.392115782009963 4.7256403892775065 11.105
    endloop
  endfacet
  facet normal 0.9688656161903783 0.2426882030334054 0.049008712209722916
    outer loop
      vertex 6.451722286552444 4.487677884175615 11.105
      vertex 6.392115782009963 4.7256403892775065 11.105
      vertex 6.391890046403027 4.72557191312977 11.109801714032958
    endloop
  endfacet
  facet normal 0.6518641383238367 0.16328346646646286 0.7405482123035725
    outer loop
      vertex 6.42323666523386 4.482011741802855 11.170710678118656
      vertex 6.3643227058160186 4.717209451786827 11.170710678118656
      vertex 6.357364457990683 4.715098690385294 11.177301045336275
    endloop
  endfacet
  facet normal 0.9134519802989757 0.22880780982581653 0.3365300370703819
    outer loop
      vertex 6.4477399725187805 4.48688575266353 11.129028467725448
      vertex 6.388230286372429 4.72446173706169 11.129028467725448
      vertex 6.3850665647590485 4.723502032602414 11.138268343236511
    endloop
  endfacet
  facet normal 0.8322884107603966 0.2084773940138241 0.5136469385668896
    outer loop
      vertex 6.4403822124225005 4.485422203184167 11.147139673682602
      vertex 6.3810514088367905 4.7222840483692305 11.147139673682602
      vertex 6.376223486752094 4.720819514216124 11.155557023301961
    endloop
  endfacet
  facet normal 0.8770909025327135 0.21969983398686685 0.4271340909369016
    outer loop
      vertex 6.444497417603042 4.486240768388882 11.138268343236511
      vertex 6.3850665647590485 4.723502032602414 11.138268343236511
      vertex 6.3810514088367905 4.7222840483692305 11.147139673682602
    endloop
  endfacet
  facet normal 0.7191362822634297 0.18013426130744556 0.6711144875768615
    outer loop
      vertex 6.4297004003933536 4.483297458665545 11.163439328416366
      vertex 6.370629294033845 4.719122534407583 11.163439328416366
      vertex 6.3643227058160186 4.717209451786827 11.170710678118656
    endloop
  endfacet
  facet normal 0.7794694564925763 0.19524693471879698 0.5952360883532528
    outer loop
      vertex 6.435433988652646 4.484437940279781 11.155557023301961
      vertex 6.376223486752094 4.720819514216124 11.155557023301961
      vertex 6.370629294033845 4.719122534407583 11.163439328416366
    endloop
  endfacet
  facet normal 0.9595569997187007 0.24035651598982913 0.1465575297010574
    outer loop
      vertex 6.451490926087974 4.487631863717909 11.109801714032958
      vertex 6.391890046403027 4.72557191312977 11.109801714032958
      vertex 6.390512105308329 4.725153919268488 11.119509032201615
    endloop
  endfacet
  facet normal 0.9410275158922592 0.23571512191222532 0.2427047499237476
    outer loop
      vertex 6.450078649593317 4.487350944456963 11.119509032201615
      vertex 6.390512105308329 4.725153919268488 11.119509032201615
      vertex 6.388230286372429 4.72446173706169 11.129028467725448
    endloop
  endfacet
  facet normal 0.9415440651830213 0.3368898533922185 0
    outer loop
      vertex 6.392350839330522 4.725711693136156 10.305000000000001
      vertex 6.309698831278217 4.956708580912725 11.105
      vertex 6.392350839330522 4.725711693136156 11.105
    endloop
  endfacet
  facet normal 0.9415440651830213 0.3368898533922185 0
    outer loop
      vertex 6.392350839330522 4.725711693136156 10.305000000000001
      vertex 6.309698831278217 4.956708580912725 10.305000000000001
      vertex 6.309698831278217 4.956708580912725 11.105
    endloop
  endfacet
  facet normal 0.04625495945469487 0.016550289132060966 0.9987925543652645
    outer loop
      vertex 6.30603646127475 4.699528512805307 11.199518472667222
      vertex 6.226366481005666 4.922191191245409 11.199518472667222
      vertex 6.217310878027089 4.918440237676216 11.200000000000001
    endloop
  endfacet
  facet normal 0.0462549594546967 0.016550289132061708 0.9987925543652643
    outer loop
      vertex 6.296656805757301 4.69668322541071 11.200000000000001
      vertex 6.30603646127475 4.699528512805307 11.199518472667222
      vertex 6.217310878027089 4.918440237676216 11.200000000000001
    endloop
  endfacet
  facet normal 0.13831622619954417 0.04949033708483019 0.9891508116081928
    outer loop
      vertex 6.30603646127475 4.699528512805307 11.199518472667222
      vertex 6.315325785582123 4.702346398526902 11.198078528040323
      vertex 6.226366481005666 4.922191191245409 11.199518472667222
    endloop
  endfacet
  facet normal 0.2290361331366774 0.08195043882405828 0.969962151475171
    outer loop
      vertex 6.315325785582123 4.702346398526902 11.198078528040323
      vertex 6.324435317408282 4.705109744795583 11.195694033573222
      vertex 6.235334873577262 4.92590602108125 11.198078528040323
    endloop
  endfacet
  facet normal 0.31753569440781004 0.11361608818069535 0.9414151407766218
    outer loop
      vertex 6.324435317408282 4.705109744795583 11.195694033573222
      vertex 6.333277326981962 4.707791939076182 11.19238795325113
      vertex 6.244129685218793 4.929548951341689 11.195694033573222
    endloop
  endfacet
  facet normal 0.4029585689672501 0.1441808814291953 0.903789945245114
    outer loop
      vertex 6.341766660917436 4.710367150371544 11.188192126434837
      vertex 6.252666217086416 4.9330848986168885 11.19238795325113
      vertex 6.333277326981962 4.707791939076182 11.19238795325113
    endloop
  endfacet
  facet normal 0.1383162261995573 0.04949033708483551 0.9891508116081906
    outer loop
      vertex 6.315325785582123 4.702346398526902 11.198078528040323
      vertex 6.235334873577262 4.92590602108125 11.198078528040323
      vertex 6.226366481005666 4.922191191245409 11.199518472667222
    endloop
  endfacet
  facet normal 0.22903613313668508 0.08195043882406142 0.9699621514751688
    outer loop
      vertex 6.324435317408282 4.705109744795583 11.195694033573222
      vertex 6.244129685218793 4.929548951341689 11.195694033573222
      vertex 6.235334873577262 4.92590602108125 11.198078528040323
    endloop
  endfacet
  facet normal 0.31753569440779805 0.11361608818069045 0.9414151407766264
    outer loop
      vertex 6.333277326981962 4.707791939076182 11.19238795325113
      vertex 6.252666217086416 4.9330848986168885 11.19238795325113
      vertex 6.244129685218793 4.929548951341689 11.195694033573222
    endloop
  endfacet
  facet normal 0.4029585689672668 0.14418088142920213 0.9037899452451056
    outer loop
      vertex 6.341766660917436 4.710367150371544 11.188192126434837
      vertex 6.260862257711704 4.936479809801643 11.188192126434837
      vertex 6.252666217086416 4.9330848986168885 11.19238795325113
    endloop
  endfacet
  facet normal 0.48447965590602904 0.1733495927436684 0.8574551776674859
    outer loop
      vertex 6.260862257711704 4.936479809801643 11.188192126434837
      vertex 6.349821562288161 4.712810577989138 11.183146961230257
      vertex 6.268638874743022 4.939700990045397 11.183146961230257
    endloop
  endfacet
  facet normal 0.5613132492428519 0.20084109202873757 0.8028638066179943
    outer loop
      vertex 6.357364457990683 4.715098690385294 11.177301045336275
      vertex 6.2759211751072295 4.942717417621526 11.177301045336275
      vertex 6.268638874743022 4.939700990045397 11.183146961230257
    endloop
  endfacet
  facet normal 0.6327206558790681 0.22639107066740788 0.7405482123035789
    outer loop
      vertex 6.3643227058160186 4.717209451786827 11.170710678118656
      vertex 6.282639026270907 4.945500042683525 11.170710678118656
      vertex 6.2759211751072295 4.942717417621526 11.177301045336275
    endloop
  endfacet
  facet normal 0.698017199335611 0.24975454749821824 0.6711144875769187
    outer loop
      vertex 6.370629294033845 4.719122534407583 11.163439328416366
      vertex 6.288727731654999 4.9480220670309105 11.163439328416366
      vertex 6.282639026270907 4.945500042683525 11.170710678118656
    endloop
  endfacet
  facet normal 0.4844796559060606 0.17334959274368145 0.8574551776674656
    outer loop
      vertex 6.341766660917436 4.710367150371544 11.188192126434837
      vertex 6.349821562288161 4.712810577989138 11.183146961230257
      vertex 6.260862257711704 4.936479809801643 11.188192126434837
    endloop
  endfacet
  facet normal 0.5613132492428422 0.20084109202873351 0.8028638066180022
    outer loop
      vertex 6.349821562288161 4.712810577989138 11.183146961230257
      vertex 6.357364457990683 4.715098690385294 11.177301045336275
      vertex 6.268638874743022 4.939700990045397 11.183146961230257
    endloop
  endfacet
  facet normal 0.6327206558790766 0.22639107066741146 0.7405482123035705
    outer loop
      vertex 6.357364457990683 4.715098690385294 11.177301045336275
      vertex 6.3643227058160186 4.717209451786827 11.170710678118656
      vertex 6.2759211751072295 4.942717417621526 11.177301045336275
    endloop
  endfacet
  facet normal 0 0 1
    outer loop
      vertex 6.392350839330522 4.725711693136156 11.105
      vertex 6.309698831278217 4.956708580912725 11.105
      vertex 6.392115782009963 4.7256403892775065 11.105
    endloop
  endfacet
  facet normal 0.9404126597774576 0.3364850300649825 0.049008712209724144
    outer loop
      vertex 6.392115782009963 4.7256403892775065 11.105
      vertex 6.309253958031117 4.956524308380239 11.109801714032958
      vertex 6.391890046403027 4.72557191312977 11.109801714032958
    endloop
  endfacet
  facet normal 0.7565785518096448 0.2707081344613437 0.5952360883532514
    outer loop
      vertex 6.376223486752094 4.720819514216124 11.155557023301961
      vertex 6.288727731654999 4.9480220670309105 11.163439328416366
      vertex 6.370629294033845 4.719122534407583 11.163439328416366
    endloop
  endfacet
  facet normal 0.6980171993356553 0.24975454749823714 0.6711144875768654
    outer loop
      vertex 6.370629294033845 4.719122534407583 11.163439328416366
      vertex 6.282639026270907 4.945500042683525 11.170710678118656
      vertex 6.3643227058160186 4.717209451786827 11.170710678118656
    endloop
  endfacet
  facet normal 0.8078463565904296 0.28905204833114784 0.5136469385668879
    outer loop
      vertex 6.3810514088367905 4.7222840483692305 11.147139673682602
      vertex 6.29412865369823 4.950259202190536 11.155557023301961
      vertex 6.376223486752094 4.720819514216124 11.155557023301961
    endloop
  endfacet
  facet normal 0.8513331206454156 0.3046118613114804 0.4271340909369021
    outer loop
      vertex 6.3810514088367905 4.7222840483692305 11.147139673682602
      vertex 6.3850665647590485 4.723502032602414 11.138268343236511
      vertex 6.29878977856888 4.9521899033278745 11.147139673682602
    endloop
  endfacet
  facet normal 0.8866263721378163 0.31723998861925173 0.3365300370703807
    outer loop
      vertex 6.388230286372429 4.72446173706169 11.129028467725448
      vertex 6.302666217086416 4.953795576735543 11.138268343236511
      vertex 6.3850665647590485 4.723502032602414 11.138268343236511
    endloop
  endfacet
  facet normal 0.9313774121345502 0.33325216676485747 0.1465575297010556
    outer loop
      vertex 6.391890046403027 4.72557191312977 11.109801714032958
      vertex 6.307923622662377 4.955973265428002 11.119509032201615
      vertex 6.390512105308329 4.725153919268488 11.119509032201615
    endloop
  endfacet
  facet normal 0.9133920890119839 0.32681691525191026 0.24270474992374938
    outer loop
      vertex 6.390512105308329 4.725153919268488 11.119509032201615
      vertex 6.305720637028836 4.955060758900876 11.129028467725448
      vertex 6.388230286372429 4.72446173706169 11.129028467725448
    endloop
  endfacet
  facet normal 0 0 1
    outer loop
      vertex 6.392115782009963 4.7256403892775065 11.105
      vertex 6.309698831278217 4.956708580912725 11.105
      vertex 6.309471894823224 4.956614580755269 11.105
    endloop
  endfacet
  facet normal 0.9404126597774551 0.33648503006498026 0.0490087122097875
    outer loop
      vertex 6.392115782009963 4.7256403892775065 11.105
      vertex 6.309471894823224 4.956614580755269 11.105
      vertex 6.309253958031117 4.956524308380239 11.109801714032958
    endloop
  endfacet
  facet normal 0.8078463565904697 0.2890520483311658 0.5136469385668149
    outer loop
      vertex 6.3810514088367905 4.7222840483692305 11.147139673682602
      vertex 6.29878977856888 4.9521899033278745 11.147139673682602
      vertex 6.29412865369823 4.950259202190536 11.155557023301961
    endloop
  endfacet
  facet normal 0.8513331206453975 0.30461186131147194 0.427134090936944
    outer loop
      vertex 6.3850665647590485 4.723502032602414 11.138268343236511
      vertex 6.302666217086416 4.953795576735543 11.138268343236511
      vertex 6.29878977856888 4.9521899033278745 11.147139673682602
    endloop
  endfacet
  facet normal 0.9313774121345477 0.33325216676485575 0.1465575297010755
    outer loop
      vertex 6.391890046403027 4.72557191312977 11.109801714032958
      vertex 6.309253958031117 4.956524308380239 11.109801714032958
      vertex 6.307923622662377 4.955973265428002 11.119509032201615
    endloop
  endfacet
  facet normal 0.9133920890119971 0.32681691525191753 0.24270474992368996
    outer loop
      vertex 6.390512105308329 4.725153919268488 11.119509032201615
      vertex 6.307923622662377 4.955973265428002 11.119509032201615
      vertex 6.305720637028836 4.955060758900876 11.129028467725448
    endloop
  endfacet
  facet normal 0.8866263721377927 0.31723998861924 0.33653003707045315
    outer loop
      vertex 6.388230286372429 4.72446173706169 11.129028467725448
      vertex 6.305720637028836 4.955060758900876 11.129028467725448
      vertex 6.302666217086416 4.953795576735543 11.138268343236511
    endloop
  endfacet
  facet normal 0.756578551809688 0.27070813446136244 0.595236088353188
    outer loop
      vertex 6.376223486752094 4.720819514216124 11.155557023301961
      vertex 6.29412865369823 4.950259202190536 11.155557023301961
      vertex 6.288727731654999 4.9480220670309105 11.163439328416366
    endloop
  endfacet
  facet normal 0.9987954562051724 0.04906767432741708 0
    outer loop
      vertex 6.5 4 10.305000000000001
      vertex 6.5 4 9.600000000000001
      vertex 6.487961816680492 4.245042850823902 10.305000000000001
    endloop
  endfacet
  facet normal 0.9987954562051724 0.04906767432741708 0
    outer loop
      vertex 6.487961816680492 4.245042850823902 10.305000000000001
      vertex 6.5 4 9.600000000000001
      vertex 6.487961816680492 4.245042850823902 9.600000000000001
    endloop
  endfacet
  facet normal 0.9891765099647812 0.1467304744553593 0
    outer loop
      vertex 6.487961816680492 4.245042850823902 10.305000000000001
      vertex 6.487961816680492 4.245042850823902 9.600000000000001
      vertex 6.451963201008077 4.487725805040321 10.305000000000001
    endloop
  endfacet
  facet normal 0.9891765099647812 0.1467304744553593 0
    outer loop
      vertex 6.451963201008077 4.487725805040321 10.305000000000001
      vertex 6.487961816680492 4.245042850823902 9.600000000000001
      vertex 6.451963201008077 4.487725805040321 9.600000000000001
    endloop
  endfacet
  facet normal 0.9987954562051724 0.04906767432741707 0
    outer loop
      vertex 6.5 4 10.305000000000001
      vertex 6.487961816680492 4.245042850823902 11.105
      vertex 6.5 4 11.105
    endloop
  endfacet
  facet normal 0.9987954562051724 0.04906767432741707 0
    outer loop
      vertex 6.5 4 10.305000000000001
      vertex 6.487961816680492 4.245042850823902 10.305000000000001
      vertex 6.487961816680492 4.245042850823902 11.105
    endloop
  endfacet
  facet normal 0 0 1
    outer loop
      vertex 6.5 4 11.105
      vertex 6.487961816680492 4.245042850823902 11.105
      vertex 6.499754365751153 4 11.105
    endloop
  endfacet
  facet normal 0.9975952547276312 0.04900871220973532 0.0490087122097291
    outer loop
      vertex 6.499754365751153 4 11.105
      vertex 6.487482608033435 4.244995652891752 11.109801714032958
      vertex 6.49951847266722 4 11.109801714032958
    endloop
  endfacet
  facet normal 0.513938855159939 0.025248196928134865 0.8574551776674799
    outer loop
      vertex 6.45555702330196 4 11.183146961230257
      vertex 6.435356027282507 4.239861632801382 11.188192126434837
      vertex 6.4471396736826 4 11.188192126434837
    endloop
  endfacet
  facet normal 0.6711937757436043 0.03297363578715787 0.7405482123035745
    outer loop
      vertex 6.470710678118655 4 11.170710678118656
      vertex 6.451577194723581 4.2414592783467455 11.177301045336275
      vertex 6.463439328416365 4 11.177301045336275
    endloop
  endfacet
  facet normal 0.5954443807603429 0.02925230663968656 0.8028638066180276
    outer loop
      vertex 6.45555702330196 4 11.183146961230257
      vertex 6.463439328416365 4 11.177301045336275
      vertex 6.443732845062755 4.240686677340227 11.183146961230257
    endloop
  endfacet
  facet normal 0.8569681442552515 0.042100145280048594 0.5136469385668615
    outer loop
      vertex 6.488192126434836 4 11.147139673682602
      vertex 6.471189929898827 4.243390964157828 11.155557023301961
      vertex 6.483146961230255 4 11.155557023301961
    endloop
  endfacet
  facet normal 0.988010611135119 0.04853784886387622 0.14655752970105662
    outer loop
      vertex 6.49951847266722 4 11.109801714032958
      vertex 6.486049597133493 4.244854513637191 11.119509032201615
      vertex 6.498078528040324 4 11.119509032201615
    endloop
  endfacet
  facet normal 0.968931675079455 0.047600560838502774 0.2427047499238153
    outer loop
      vertex 6.498078528040324 4 11.119509032201615
      vertex 6.483676584658999 4.244620792308393 11.129028467725448
      vertex 6.495694033573221 4 11.129028467725448
    endloop
  endfacet
  facet normal 0.9405384459311306 0.04620569093566708 0.33653003707041007
    outer loop
      vertex 6.495694033573221 4 11.129028467725448
      vertex 6.480386424017301 4.244296739769522 11.138268343236511
      vertex 6.492387953251129 4 11.138268343236511
    endloop
  endfacet
  facet normal 0.9030991581390797 0.04436641666883006 0.4271340909368547
    outer loop
      vertex 6.492387953251129 4 11.138268343236511
      vertex 6.4762108012539645 4.243885476823671 11.147139673682602
      vertex 6.488192126434836 4 11.147139673682602
    endloop
  endfacet
  facet normal 0.802582956818794 0.039428372347171094 0.5952360883532304
    outer loop
      vertex 6.477301045336274 4 11.163439328416366
      vertex 6.483146961230255 4 11.155557023301961
      vertex 6.465372163687728 4.2428179641992925 11.163439328416366
    endloop
  endfacet
  facet normal 0.7404607312924839 0.03637650310639533 0.6711144875768594
    outer loop
      vertex 6.477301045336274 4 11.163439328416366
      vertex 6.458813530889592 4.2421719952509 11.170710678118656
      vertex 6.470710678118655 4 11.170710678118656
    endloop
  endfacet
  facet normal 0 0 1
    outer loop
      vertex 6.499754365751153 4 11.105
      vertex 6.487961816680492 4.245042850823902 11.105
      vertex 6.4877173652276925 4.245018774457263 11.105
    endloop
  endfacet
  facet normal 0.9975952547276348 0.049008712209736946 0.049008712209656066
    outer loop
      vertex 6.499754365751153 4 11.105
      vertex 6.4877173652276925 4.245018774457263 11.105
      vertex 6.487482608033435 4.244995652891752 11.109801714032958
    endloop
  endfacet
  facet normal 0.5139388551599227 0.025248196928133283 0.8574551776674897
    outer loop
      vertex 6.45555702330196 4 11.183146961230257
      vertex 6.443732845062755 4.240686677340227 11.183146961230257
      vertex 6.435356027282507 4.239861632801382 11.188192126434837
    endloop
  endfacet
  facet normal 0.7404607312924808 0.03637650310639499 0.6711144875768629
    outer loop
      vertex 6.477301045336274 4 11.163439328416366
      vertex 6.465372163687728 4.2428179641992925 11.163439328416366
      vertex 6.458813530889592 4.2421719952509 11.170710678118656
    endloop
  endfacet
  facet normal 0.6711937757435921 0.03297363578715659 0.7405482123035856
    outer loop
      vertex 6.470710678118655 4 11.170710678118656
      vertex 6.458813530889592 4.2421719952509 11.170710678118656
      vertex 6.451577194723581 4.2414592783467455 11.177301045336275
    endloop
  endfacet
  facet normal 0.5954443807603536 0.02925230663968763 0.8028638066180195
    outer loop
      vertex 6.463439328416365 4 11.177301045336275
      vertex 6.451577194723581 4.2414592783467455 11.177301045336275
      vertex 6.443732845062755 4.240686677340227 11.183146961230257
    endloop
  endfacet
  facet normal 0.903099158139091 0.044366416668831704 0.42713409093683063
    outer loop
      vertex 6.492387953251129 4 11.138268343236511
      vertex 6.480386424017301 4.244296739769522 11.138268343236511
      vertex 6.4762108012539645 4.243885476823671 11.147139673682602
    endloop
  endfacet
  facet normal 0.8569681442552195 0.04210014528004451 0.5136469385669153
    outer loop
      vertex 6.488192126434836 4 11.147139673682602
      vertex 6.4762108012539645 4.243885476823671 11.147139673682602
      vertex 6.471189929898827 4.243390964157828 11.155557023301961
    endloop
  endfacet
  facet normal 0.9689316750794882 0.04760056083850994 0.24270474992368132
    outer loop
      vertex 6.498078528040324 4 11.119509032201615
      vertex 6.486049597133493 4.244854513637191 11.119509032201615
      vertex 6.483676584658999 4.244620792308393 11.129028467725448
    endloop
  endfacet
  facet normal 0.9405384459310974 0.046205690935661466 0.33653003707050355
    outer loop
      vertex 6.495694033573221 4 11.129028467725448
      vertex 6.483676584658999 4.244620792308393 11.129028467725448
      vertex 6.480386424017301 4.244296739769522 11.138268343236511
    endloop
  endfacet
  facet normal 0.9880106111351042 0.04853784886387139 0.14655752970115796
    outer loop
      vertex 6.49951847266722 4 11.109801714032958
      vertex 6.487482608033435 4.244995652891752 11.109801714032958
      vertex 6.486049597133493 4.244854513637191 11.119509032201615
    endloop
  endfacet
  facet normal 0.8025829568188267 0.03942837234717493 0.5952360883531861
    outer loop
      vertex 6.483146961230255 4 11.155557023301961
      vertex 6.471189929898827 4.243390964157828 11.155557023301961
      vertex 6.465372163687728 4.2428179641992925 11.163439328416366
    endloop
  endfacet
  facet normal 0.9891765099647812 0.14673047445535933 0
    outer loop
      vertex 6.487961816680492 4.245042850823902 10.305000000000001
      vertex 6.451963201008077 4.487725805040321 11.105
      vertex 6.487961816680492 4.245042850823902 11.105
    endloop
  endfacet
  facet normal 0.9891765099647812 0.14673047445535933 0
    outer loop
      vertex 6.487961816680492 4.245042850823902 10.305000000000001
      vertex 6.451963201008077 4.487725805040321 10.305000000000001
      vertex 6.451963201008077 4.487725805040321 11.105
    endloop
  endfacet
  facet normal 0.987987867083568 0.14655415593974805 0.04900871220966596
    outer loop
      vertex 6.4877173652276925 4.245018774457263 11.105
      vertex 6.451490926087974 4.487631863717909 11.109801714032958
      vertex 6.487482608033435 4.244995652891752 11.109801714032958
    endloop
  endfacet
  facet normal 0 0 1
    outer loop
      vertex 6.487961816680492 4.245042850823902 11.105
      vertex 6.451963201008077 4.487725805040321 11.105
      vertex 6.4877173652276925 4.245018774457263 11.105
    endloop
  endfacet
  facet normal 0.8944018195619923 0.1326719771608237 0.4271340909368337
    outer loop
      vertex 6.480386424017301 4.244296739769522 11.138268343236511
      vertex 6.4403822124225005 4.485422203184167 11.147139673682602
      vertex 6.4762108012539645 4.243885476823671 11.147139673682602
    endloop
  endfacet
  facet normal 0.8487150725596035 0.12589498842680574 0.5136469385669125
    outer loop
      vertex 6.4762108012539645 4.243885476823671 11.147139673682602
      vertex 6.435433988652646 4.484437940279781 11.155557023301961
      vertex 6.471189929898827 4.243390964157828 11.155557023301961
    endloop
  endfacet
  facet normal 0.6647298127713406 0.09860335322361707 0.7405482123035861
    outer loop
      vertex 6.458813530889592 4.2421719952509 11.170710678118656
      vertex 6.416105032477191 4.480593171847944 11.177301045336275
      vertex 6.451577194723581 4.2414592783467455 11.177301045336275
    endloop
  endfacet
  facet normal 0.7333296896731264 0.10877918370885523 0.6711144875768599
    outer loop
      vertex 6.465372163687728 4.2428179641992925 11.163439328416366
      vertex 6.42323666523386 4.482011741802855 11.170710678118656
      vertex 6.458813530889592 4.2421719952509 11.170710678118656
    endloop
  endfacet
  facet normal 0.7948536442081865 0.11790540026207573 0.5952360883531891
    outer loop
      vertex 6.471189929898827 4.243390964157828 11.155557023301961
      vertex 6.4297004003933536 4.483297458665545 11.163439328416366
      vertex 6.465372163687728 4.2428179641992925 11.163439328416366
    endloop
  endfacet
  facet normal 0.9784955288483339 0.14514610057357724 0.14655752970115365
    outer loop
      vertex 6.487482608033435 4.244995652891752 11.109801714032958
      vertex 6.450078649593317 4.487350944456963 11.119509032201615
      vertex 6.486049597133493 4.244854513637191 11.119509032201615
    endloop
  endfacet
  facet normal 0.959600333376539 0.14234326309354103 0.24270474992368446
    outer loop
      vertex 6.486049597133493 4.244854513637191 11.119509032201615
      vertex 6.4477399725187805 4.48688575266353 11.129028467725448
      vertex 6.483676584658999 4.244620792308393 11.129028467725448
    endloop
  endfacet
  facet normal 0.9314805465461677 0.13817208674468395 0.33653003707050005
    outer loop
      vertex 6.483676584658999 4.244620792308393 11.129028467725448
      vertex 6.444497417603042 4.486240768388882 11.138268343236511
      vertex 6.480386424017301 4.244296739769522 11.138268343236511
    endloop
  endfacet
  facet normal 0 0 1
    outer loop
      vertex 6.4877173652276925 4.245018774457263 11.105
      vertex 6.451963201008077 4.487725805040321 11.105
      vertex 6.451722286552444 4.487677884175615 11.105
    endloop
  endfacet
  facet normal 0.9879878670835677 0.14655415593974785 0.049008712209674433
    outer loop
      vertex 6.4877173652276925 4.245018774457263 11.105
      vertex 6.451722286552444 4.487677884175615 11.105
      vertex 6.451490926087974 4.487631863717909 11.109801714032958
    endloop
  endfacet
  facet normal 0.8487150725596522 0.12589498842681693 0.5136469385668291
    outer loop
      vertex 6.4762108012539645 4.243885476823671 11.147139673682602
      vertex 6.4403822124225005 4.485422203184167 11.147139673682602
      vertex 6.435433988652646 4.484437940279781 11.155557023301961
    endloop
  endfacet
  facet normal 0.9314805465462159 0.1381720867446971 0.33653003707036133
    outer loop
      vertex 6.483676584658999 4.244620792308393 11.129028467725448
      vertex 6.4477399725187805 4.48688575266353 11.129028467725448
      vertex 6.444497417603042 4.486240768388882 11.138268343236511
    endloop
  endfacet
  facet normal 0.9784955288483317 0.14514610057357624 0.14655752970116923
    outer loop
      vertex 6.487482608033435 4.244995652891752 11.109801714032958
      vertex 6.451490926087974 4.487631863717909 11.109801714032958
      vertex 6.450078649593317 4.487350944456963 11.119509032201615
    endloop
  endfacet
  facet normal 0.9596003333765236 0.14234326309353612 0.2427047499237478
    outer loop
      vertex 6.486049597133493 4.244854513637191 11.119509032201615
      vertex 6.450078649593317 4.487350944456963 11.119509032201615
      vertex 6.4477399725187805 4.48688575266353 11.129028467725448
    endloop
  endfacet
  facet normal 0.8944018195619703 0.13267197716081836 0.4271340909368814
    outer loop
      vertex 6.480386424017301 4.244296739769522 11.138268343236511
      vertex 6.444497417603042 4.486240768388882 11.138268343236511
      vertex 6.4403822124225005 4.485422203184167 11.147139673682602
    endloop
  endfacet
  facet normal 0.7333296896730939 0.10877918370884836 0.6711144875768965
    outer loop
      vertex 6.465372163687728 4.2428179641992925 11.163439328416366
      vertex 6.4297004003933536 4.483297458665545 11.163439328416366
      vertex 6.42323666523386 4.482011741802855 11.170710678118656
    endloop
  endfacet
  facet normal 0.7948536442081416 0.11790540026206592 0.5952360883532509
    outer loop
      vertex 6.471189929898827 4.243390964157828 11.155557023301961
      vertex 6.435433988652646 4.484437940279781 11.155557023301961
      vertex 6.4297004003933536 4.483297458665545 11.163439328416366
    endloop
  endfacet
  facet normal 0.8032075314806442 0.5956993044924345 0
    outer loop
      vertex 6.078674030756364 5.388925582549006 10.305000000000001
      vertex 6.078674030756364 5.388925582549006 9.600000000000001
      vertex 5.932526133406843 5.585983210409114 10.305000000000001
    endloop
  endfacet
  facet normal 0.8577286100002722 0.5141027441932216 0
    outer loop
      vertex 6.078674030756364 5.388925582549006 10.305000000000001
      vertex 6.204803160870888 5.178491842064995 9.600000000000001
      vertex 6.078674030756364 5.388925582549006 9.600000000000001
    endloop
  endfacet
  facet normal 0.8577286100002722 0.5141027441932216 0
    outer loop
      vertex 6.204803160870888 5.178491842064995 10.305000000000001
      vertex 6.204803160870888 5.178491842064995 9.600000000000001
      vertex 6.078674030756364 5.388925582549006 10.305000000000001
    endloop
  endfacet
  facet normal 0.9039892931234443 0.4275550934302798 0
    outer loop
      vertex 6.309698831278217 4.956708580912725 10.305000000000001
      vertex 6.309698831278217 4.956708580912725 9.600000000000001
      vertex 6.204803160870888 5.178491842064995 10.305000000000001
    endloop
  endfacet
  facet normal 0.9039892931234443 0.4275550934302798 0
    outer loop
      vertex 6.204803160870888 5.178491842064995 10.305000000000001
      vertex 6.309698831278217 4.956708580912725 9.600000000000001
      vertex 6.204803160870888 5.178491842064995 9.600000000000001
    endloop
  endfacet
  facet normal 0.04441001716980213 0.021004373818045062 0.9987925543652644
    outer loop
      vertex 6.116611034436053 5.131352168382395 11.200000000000001
      vertex 6.217310878027089 4.918440237676216 11.200000000000001
      vertex 6.226366481005666 4.922191191245409 11.199518472667222
    endloop
  endfacet
  facet normal 0.04441001716980474 0.021004373818046436 0.9987925543652642
    outer loop
      vertex 6.116611034436053 5.131352168382395 11.200000000000001
      vertex 6.226366481005666 4.922191191245409 11.199518472667222
      vertex 6.125255374468779 5.135972664392831 11.199518472667222
    endloop
  endfacet
  facet normal 0.13279929444972893 0.06280938853794135 0.9891508116081916
    outer loop
      vertex 6.125255374468779 5.135972664392831 11.199518472667222
      vertex 6.235334873577262 4.92590602108125 11.198078528040323
      vertex 6.133816464781511 5.140548662500868 11.198078528040323
    endloop
  endfacet
  facet normal 0.21990071389141996 0.1040052918639975 0.9699621514751637
    outer loop
      vertex 6.133816464781511 5.140548662500868 11.198078528040323
      vertex 6.244129685218793 4.929548951341689 11.195694033573222
      vertex 6.142211857394573 5.145036093343228 11.195694033573222
    endloop
  endfacet
  facet normal 0.30487034918897105 0.14419293638007039 0.941415140776633
    outer loop
      vertex 6.142211857394573 5.145036093343228 11.195694033573222
      vertex 6.252666217086416 4.9330848986168885 11.19238795325113
      vertex 6.150360700087711 5.149391740507822 11.19238795325113
    endloop
  endfacet
  facet normal 0.38688601563002123 0.18298345767793875 0.9037899452451066
    outer loop
      vertex 6.150360700087711 5.149391740507822 11.19238795325113
      vertex 6.260862257711704 4.936479809801643 11.188192126434837
      vertex 6.15818451505118 5.153573656731415 11.188192126434837
    endloop
  endfacet
  facet normal 0.04213738214258194 0.025256174902004484 0.9987925543652643
    outer loop
      vertex 6.116611034436053 5.131352168382395 11.200000000000001
      vertex 6.125255374468779 5.135972664392831 11.199518472667222
      vertex 5.9955270695261085 5.333368559247045 11.200000000000001
    endloop
  endfacet
  facet normal 0.12600343289887556 0.07552355124432408 0.9891508116081918
    outer loop
      vertex 6.125255374468779 5.135972664392831 11.199518472667222
      vertex 6.133816464781511 5.140548662500868 11.198078528040323
      vertex 6.003676896892991 5.338814099796327 11.199518472667222
    endloop
  endfacet
  facet normal 0.20864753056140398 0.12505851708820007 0.9699621514751637
    outer loop
      vertex 6.133816464781511 5.140548662500868 11.198078528040323
      vertex 6.142211857394573 5.145036093343228 11.195694033573222
      vertex 6.011748236967182 5.344207196813282 11.198078528040323
    endloop
  endfacet
  facet normal 0.28926893584838814 0.17338112777823933 0.9414151407766326
    outer loop
      vertex 6.142211857394573 5.145036093343228 11.195694033573222
      vertex 6.150360700087711 5.149391740507822 11.19238795325113
      vertex 6.019663358331522 5.349495911825474 11.195694033573222
    endloop
  endfacet
  facet normal 0.8032075314806442 0.5956993044924345 0
    outer loop
      vertex 6.078674030756364 5.388925582549006 10.305000000000001
      vertex 5.932526133406843 5.585983210409114 11.105
      vertex 6.078674030756364 5.388925582549006 11.105
    endloop
  endfacet
  facet normal 0.8577286100002722 0.5141027441932214 0
    outer loop
      vertex 6.204803160870888 5.178491842064995 10.305000000000001
      vertex 6.078674030756364 5.388925582549006 10.305000000000001
      vertex 6.078674030756364 5.388925582549006 11.105
    endloop
  endfacet
  facet normal 0.8577286100002722 0.5141027441932214 0
    outer loop
      vertex 6.204803160870888 5.178491842064995 10.305000000000001
      vertex 6.078674030756364 5.388925582549006 11.105
      vertex 6.204803160870888 5.178491842064995 11.105
    endloop
  endfacet
  facet normal 0.04213738214257735 0.025256174902001466 0.9987925543652645
    outer loop
      vertex 6.125255374468779 5.135972664392831 11.199518472667222
      vertex 6.003676896892991 5.338814099796327 11.199518472667222
      vertex 5.9955270695261085 5.333368559247045 11.200000000000001
    endloop
  endfacet
  facet normal 0.12600343289887805 0.07552355124432573 0.9891508116081913
    outer loop
      vertex 6.133816464781511 5.140548662500868 11.198078528040323
      vertex 6.011748236967182 5.344207196813282 11.198078528040323
      vertex 6.003676896892991 5.338814099796327 11.199518472667222
    endloop
  endfacet
  facet normal 0.2086475305613911 0.12505851708819157 0.9699621514751675
    outer loop
      vertex 6.142211857394573 5.145036093343228 11.195694033573222
      vertex 6.019663358331522 5.349495911825474 11.195694033573222
      vertex 6.011748236967182 5.344207196813282 11.198078528040323
    endloop
  endfacet
  facet normal 0.289268935848398 0.17338112777824582 0.9414151407766282
    outer loop
      vertex 6.150360700087711 5.149391740507822 11.19238795325113
      vertex 6.02734603404043 5.354629311616227 11.19238795325113
      vertex 6.019663358331522 5.349495911825474 11.195694033573222
    endloop
  endfacet
  facet normal 0.03945894109068528 0.029264745215222727 0.9987925543652646
    outer loop
      vertex 5.8552250880705685 5.52254388199275 11.200000000000001
      vertex 5.9955270695261085 5.333368559247045 11.200000000000001
      vertex 6.003676896892991 5.338814099796327 11.199518472667222
    endloop
  endfacet
  facet normal 0.11799408940872753 0.08751038086685414 0.9891508116081911
    outer loop
      vertex 5.862801915478917 5.528762023548549 11.199518472667222
      vertex 6.003676896892991 5.338814099796327 11.199518472667222
      vertex 6.011748236967182 5.344207196813282 11.198078528040323
    endloop
  endfacet
  facet normal 0.1953849574537254 0.14490736042889363 0.9699621514751678
    outer loop
      vertex 5.870305773897406 5.534920281001985 11.198078528040323
      vertex 6.011748236967182 5.344207196813282 11.198078528040323
      vertex 6.019663358331522 5.349495911825474 11.195694033573222
    endloop
  endfacet
  facet normal 0.27088170452510796 0.2008995641361463 0.9414151407766281
    outer loop
      vertex 6.019663358331522 5.349495911825474 11.195694033573222
      vertex 6.02734603404043 5.354629311616227 11.19238795325113
      vertex 5.877664397067441 5.540959346967334 11.195694033573222
    endloop
  endfacet
  facet normal 0.34375380764178026 0.2549451992206186 0.903789945245098
    outer loop
      vertex 6.02734603404043 5.354629311616227 11.19238795325113
      vertex 6.034722275727049 5.359557958739355 11.188192126434837
      vertex 5.884806917425264 5.54682106193806 11.19238795325113
    endloop
  endfacet
  facet normal 0.4132973939963239 0.30652223803018164 0.857455177667507
    outer loop
      vertex 5.891664548595327 5.552448974394657 11.188192126434837
      vertex 6.034722275727049 5.359557958739355 11.188192126434837
      vertex 6.0417210461516735 5.364234387628791 11.183146961230257
    endloop
  endfacet
  facet normal 0.47884219760240493 0.3551335774299264 0.8028638066179853
    outer loop
      vertex 5.898171247840701 5.557788884463636 11.183146961230257
      vertex 6.0417210461516735 5.364234387628791 11.183146961230257
      vertex 6.048274943329197 5.3686135617179325 11.177301045336275
    endloop
  endfacet
  facet normal 0.5397580579796186 0.40031185855531765 0.7405482123036002
    outer loop
      vertex 6.048274943329197 5.3686135617179325 11.177301045336275
      vertex 6.054320849647077 5.3726533071664 11.170710678118656
      vertex 5.90426435209073 5.562789365891943 11.177301045336275
    endloop
  endfacet
  facet normal 0.595460894865758 0.441623897960824 0.671114487576865
    outer loop
      vertex 6.059800539722442 5.376314719017178 11.163439328416366
      vertex 5.909885181420657 5.567402261309881 11.170710678118656
      vertex 6.054320849647077 5.3726533071664 11.170710678118656
    endloop
  endfacet
  facet normal 0 0 1
    outer loop
      vertex 6.078674030756364 5.388925582549006 11.105
      vertex 5.932526133406843 5.585983210409114 11.105
      vertex 6.078469793342706 5.388789115472136 11.105
    endloop
  endfacet
  facet normal 0.8022423580208905 0.5949834830687624 0.049008712209619734
    outer loop
      vertex 6.078469793342706 5.388789115472136 11.105
      vertex 5.932153907745024 5.585677732703057 11.109801714032958
      vertex 6.078273655411664 5.388658060296528 11.109801714032958
    endloop
  endfacet
  facet normal 0.689153383136176 0.5111109830681686 0.513646938566807
    outer loop
      vertex 6.068856142701018 5.382365479480941 11.147139673682602
      vertex 5.919498558266902 5.575291755795838 11.155557023301961
      vertex 6.064661241144364 5.37956253587261 11.155557023301961
    endloop
  endfacet
  facet normal 0.7563586305140363 0.5609537914983005 0.3365300370704118
    outer loop
      vertex 6.075093750520901 5.386533315777905 11.129028467725448
      vertex 5.926641941698479 5.5811541790728905 11.138268343236511
      vertex 6.07234484519725 5.384696555962979 11.138268343236511
    endloop
  endfacet
  facet normal 0.7262508464417133 0.5386243369940222 0.4271340909368447
    outer loop
      vertex 6.068856142701018 5.382365479480941 11.147139673682602
      vertex 6.07234484519725 5.384696555962979 11.138268343236511
      vertex 5.923398523708985 5.57849237471912 11.147139673682602
    endloop
  endfacet
  facet normal 0.7945346157877361 0.5892670318310151 0.14655752970113728
    outer loop
      vertex 6.078273655411664 5.388658060296528 11.109801714032958
      vertex 5.93104081549617 5.584764241502186 11.119509032201615
      vertex 6.077076385211001 5.3878580699246275 11.119509032201615
    endloop
  endfacet
  facet normal 0.7791917895490619 0.5778880163697434 0.2427047499237985
    outer loop
      vertex 6.077076385211001 5.3878580699246275 11.119509032201615
      vertex 5.929197576347113 5.5832515342261315 11.129028467725448
      vertex 6.075093750520901 5.386533315777905 11.129028467725448
    endloop
  endfacet
  facet normal 0.6454181099342289 0.4786746938065884 0.5952360883532654
    outer loop
      vertex 6.064661241144364 5.37956253587261 11.155557023301961
      vertex 5.914979604171375 5.571583146012911 11.163439328416366
      vertex 6.059800539722442 5.376314719017178 11.163439328416366
    endloop
  endfacet
  facet normal 0.36708753846884934 0.22002380320030407 0.9037899452451078
    outer loop
      vertex 6.150360700087711 5.149391740507822 11.19238795325113
      vertex 6.15818451505118 5.153573656731415 11.188192126434837
      vertex 6.02734603404043 5.354629311616227 11.19238795325113
    endloop
  endfacet
  facet normal 0.44135168729772234 0.2645360210078532 0.8574551776674896
    outer loop
      vertex 6.165607954669948 5.157541567874705 11.183146961230257
      vertex 6.034722275727049 5.359557958739355 11.188192126434837
      vertex 6.15818451505118 5.153573656731415 11.188192126434837
    endloop
  endfacet
  facet normal 0.5113456192347223 0.3064887693085918 0.802863806618011
    outer loop
      vertex 6.165607954669948 5.157541567874705 11.183146961230257
      vertex 6.172559527162424 5.161257260784302 11.177301045336275
      vertex 6.0417210461516735 5.364234387628791 11.183146961230257
    endloop
  endfacet
  facet normal 0 0 1
    outer loop
      vertex 6.204586530803578 5.178376050881635 11.105
      vertex 6.078674030756364 5.388925582549006 11.105
      vertex 6.078469793342706 5.388789115472136 11.105
    endloop
  endfacet
  facet normal 0.8566979213456 0.5134849731878061 0.04900871220962892
    outer loop
      vertex 6.204586530803578 5.178376050881635 11.105
      vertex 6.078469793342706 5.388789115472136 11.105
      vertex 6.078273655411664 5.388658060296528 11.109801714032958
    endloop
  endfacet
  facet normal 0.36708753846886516 0.22002380320031453 0.9037899452450989
    outer loop
      vertex 6.15818451505118 5.153573656731415 11.188192126434837
      vertex 6.034722275727049 5.359557958739355 11.188192126434837
      vertex 6.02734603404043 5.354629311616227 11.19238795325113
    endloop
  endfacet
  facet normal 0.4413516872976983 0.2645360210078372 0.8574551776675069
    outer loop
      vertex 6.165607954669948 5.157541567874705 11.183146961230257
      vertex 6.0417210461516735 5.364234387628791 11.183146961230257
      vertex 6.034722275727049 5.359557958739355 11.188192126434837
    endloop
  endfacet
  facet normal 0.5763963990151637 0.345478706227013 0.7405482123036026
    outer loop
      vertex 6.178972285085386 5.164684951306282 11.170710678118656
      vertex 6.054320849647077 5.3726533071664 11.170710678118656
      vertex 6.048274943329197 5.3686135617179325 11.177301045336275
    endloop
  endfacet
  facet normal 0.6358802994802751 0.38113198409123117 0.6711144875768643
    outer loop
      vertex 6.184784470074469 5.167791628907152 11.163439328416366
      vertex 6.059800539722442 5.376314719017178 11.163439328416366
      vertex 6.054320849647077 5.3726533071664 11.170710678118656
    endloop
  endfacet
  facet normal 0.5113456192347527 0.3064887693086123 0.8028638066179841
    outer loop
      vertex 6.172559527162424 5.161257260784302 11.177301045336275
      vertex 6.048274943329197 5.3686135617179325 11.177301045336275
      vertex 6.0417210461516735 5.364234387628791 11.183146961230257
    endloop
  endfacet
  facet normal 0.6892285699592339 0.4131077068681388 0.5952360883532664
    outer loop
      vertex 6.189940107610962 5.170547374583334 11.155557023301961
      vertex 6.064661241144364 5.37956253587261 11.155557023301961
      vertex 6.059800539722442 5.376314719017178 11.163439328416366
    endloop
  endfacet
  facet normal 0.8076996434739544 0.4841165356414041 0.33653003707041035
    outer loop
      vertex 6.201005637515541 5.176462023542529 11.129028467725448
      vertex 6.075093750520901 5.386533315777905 11.129028467725448
      vertex 6.07234484519725 5.384696555962979 11.138268343236511
    endloop
  endfacet
  facet normal 0.7359325581829685 0.44110100012040293 0.5136469385668058
    outer loop
      vertex 6.194389546087033 5.172925648997522 11.147139673682602
      vertex 6.068856142701018 5.382365479480941 11.147139673682602
      vertex 6.064661241144364 5.37956253587261 11.155557023301961
    endloop
  endfacet
  facet normal 0.7755481673356058 0.4648456824602509 0.427134090936847
    outer loop
      vertex 6.198089934977844 5.174903548067009 11.138268343236511
      vertex 6.07234484519725 5.384696555962979 11.138268343236511
      vertex 6.068856142701018 5.382365479480941 11.147139673682602
    endloop
  endfacet
  facet normal 0.8320826989028866 0.4987311766381913 0.24270474992379842
    outer loop
      vertex 6.2031085738908 5.1775860664532996 11.119509032201615
      vertex 6.077076385211001 5.3878580699246275 11.119509032201615
      vertex 6.075093750520901 5.386533315777905 11.129028467725448
    endloop
  endfacet
  facet normal 0.8484669837948821 0.5085515390773252 0.14655752970113503
    outer loop
      vertex 6.204378491676744 5.17826485165163 11.109801714032958
      vertex 6.078273655411664 5.388658060296528 11.109801714032958
      vertex 6.077076385211001 5.3878580699246275 11.119509032201615
    endloop
  endfacet
  facet normal 0 0 1
    outer loop
      vertex 6.204803160870888 5.178491842064995 11.105
      vertex 6.078674030756364 5.388925582549006 11.105
      vertex 6.204586530803578 5.178376050881635 11.105
    endloop
  endfacet
  facet normal 0.8566979213455942 0.5134849731877985 0.04900871220980935
    outer loop
      vertex 6.204586530803578 5.178376050881635 11.105
      vertex 6.078273655411664 5.388658060296528 11.109801714032958
      vertex 6.204378491676744 5.17826485165163 11.109801714032958
    endloop
  endfacet
  facet normal 0.848466983794885 0.5085515390773284 0.14655752970110625
    outer loop
      vertex 6.204378491676744 5.17826485165163 11.109801714032958
      vertex 6.077076385211001 5.3878580699246275 11.119509032201615
      vertex 6.2031085738908 5.1775860664532996 11.119509032201615
    endloop
  endfacet
  facet normal 0.8320826989028972 0.4987311766382002 0.2427047499237432
    outer loop
      vertex 6.2031085738908 5.1775860664532996 11.119509032201615
      vertex 6.075093750520901 5.386533315777905 11.129028467725448
      vertex 6.201005637515541 5.176462023542529 11.129028467725448
    endloop
  endfacet
  facet normal 0.7359325581829178 0.44110100012036685 0.5136469385669092
    outer loop
      vertex 6.189940107610962 5.170547374583334 11.155557023301961
      vertex 6.194389546087033 5.172925648997522 11.147139673682602
      vertex 6.064661241144364 5.37956253587261 11.155557023301961
    endloop
  endfacet
  facet normal 0.775548167335616 0.46484568246025837 0.4271340909368203
    outer loop
      vertex 6.198089934977844 5.174903548067009 11.138268343236511
      vertex 6.068856142701018 5.382365479480941 11.147139673682602
      vertex 6.194389546087033 5.172925648997522 11.147139673682602
    endloop
  endfacet
  facet normal 0.8076996434739416 0.4841165356413941 0.33653003707045603
    outer loop
      vertex 6.201005637515541 5.176462023542529 11.129028467725448
      vertex 6.07234484519725 5.384696555962979 11.138268343236511
      vertex 6.198089934977844 5.174903548067009 11.138268343236511
    endloop
  endfacet
  facet normal 0.5763963990151669 0.3454787062270152 0.7405482123035988
    outer loop
      vertex 6.178972285085386 5.164684951306282 11.170710678118656
      vertex 6.048274943329197 5.3686135617179325 11.177301045336275
      vertex 6.172559527162424 5.161257260784302 11.177301045336275
    endloop
  endfacet
  facet normal 0.6358802994802906 0.38113198409124166 0.6711144875768438
    outer loop
      vertex 6.184784470074469 5.167791628907152 11.163439328416366
      vertex 6.054320849647077 5.3726533071664 11.170710678118656
      vertex 6.178972285085386 5.164684951306282 11.170710678118656
    endloop
  endfacet
  facet normal 0.6892285699592814 0.41310770686817183 0.5952360883531883
    outer loop
      vertex 6.184784470074469 5.167791628907152 11.163439328416366
      vertex 6.189940107610962 5.170547374583334 11.155557023301961
      vertex 6.059800539722442 5.376314719017178 11.163439328416366
    endloop
  endfacet
  facet normal 0.9039892931234444 0.4275550934302798 0
    outer loop
      vertex 6.309698831278217 4.956708580912725 10.305000000000001
      vertex 6.204803160870888 5.178491842064995 11.105
      vertex 6.309698831278217 4.956708580912725 11.105
    endloop
  endfacet
  facet normal 0.9039892931234444 0.4275550934302798 0
    outer loop
      vertex 6.309698831278217 4.956708580912725 10.305000000000001
      vertex 6.204803160870888 5.178491842064995 10.305000000000001
      vertex 6.204803160870888 5.178491842064995 11.105
    endloop
  endfacet
  facet normal 0.13279929444973432 0.0628093885379442 0.9891508116081906
    outer loop
      vertex 6.125255374468779 5.135972664392831 11.199518472667222
      vertex 6.226366481005666 4.922191191245409 11.199518472667222
      vertex 6.235334873577262 4.92590602108125 11.198078528040323
    endloop
  endfacet
  facet normal 0.21990071389140273 0.10400529186398842 0.9699621514751687
    outer loop
      vertex 6.133816464781511 5.140548662500868 11.198078528040323
      vertex 6.235334873577262 4.92590602108125 11.198078528040323
      vertex 6.244129685218793 4.929548951341689 11.195694033573222
    endloop
  endfacet
  facet normal 0.304870349188987 0.14419293638007877 0.9414151407766266
    outer loop
      vertex 6.142211857394573 5.145036093343228 11.195694033573222
      vertex 6.244129685218793 4.929548951341689 11.195694033573222
      vertex 6.252666217086416 4.9330848986168885 11.19238795325113
    endloop
  endfacet
  facet normal 0.38688601563002534 0.1829834576779409 0.9037899452451046
    outer loop
      vertex 6.150360700087711 5.149391740507822 11.19238795325113
      vertex 6.252666217086416 4.9330848986168885 11.19238795325113
      vertex 6.260862257711704 4.936479809801643 11.188192126434837
    endloop
  endfacet
  facet normal 0.46515552258305154 0.22000217749310286 0.8574551776674868
    outer loop
      vertex 6.15818451505118 5.153573656731415 11.188192126434837
      vertex 6.260862257711704 4.936479809801643 11.188192126434837
      vertex 6.268638874743022 4.939700990045397 11.183146961230257
    endloop
  endfacet
  facet normal 0.5389245030239088 0.2548923067950439 0.8028638066179931
    outer loop
      vertex 6.165607954669948 5.157541567874705 11.183146961230257
      vertex 6.268638874743022 4.939700990045397 11.183146961230257
      vertex 6.2759211751072295 4.942717417621526 11.177301045336275
    endloop
  endfacet
  facet normal 0.607483727637896 0.2873184050998793 0.7405482123035799
    outer loop
      vertex 6.172559527162424 5.161257260784302 11.177301045336275
      vertex 6.2759211751072295 4.942717417621526 11.177301045336275
      vertex 6.282639026270907 4.945500042683525 11.170710678118656
    endloop
  endfacet
  facet normal 0.6701758292032226 0.3169695608668784 0.6711144875769196
    outer loop
      vertex 6.178972285085386 5.164684951306282 11.170710678118656
      vertex 6.282639026270907 4.945500042683525 11.170710678118656
      vertex 6.288727731654999 4.9480220670309105 11.163439328416366
    endloop
  endfacet
  facet normal 0.4651555225830477 0.22000217749310083 0.8574551776674896
    outer loop
      vertex 6.165607954669948 5.157541567874705 11.183146961230257
      vertex 6.15818451505118 5.153573656731415 11.188192126434837
      vertex 6.268638874743022 4.939700990045397 11.183146961230257
    endloop
  endfacet
  facet normal 0.5389245030238857 0.2548923067950315 0.8028638066180124
    outer loop
      vertex 6.165607954669948 5.157541567874705 11.183146961230257
      vertex 6.2759211751072295 4.942717417621526 11.177301045336275
      vertex 6.172559527162424 5.161257260784302 11.177301045336275
    endloop
  endfacet
  facet normal 0.6074837276378783 0.2873184050998697 0.7405482123035982
    outer loop
      vertex 6.178972285085386 5.164684951306282 11.170710678118656
      vertex 6.172559527162424 5.161257260784302 11.177301045336275
      vertex 6.282639026270907 4.945500042683525 11.170710678118656
    endloop
  endfacet
  facet normal 0.6701758292032819 0.3169695608669109 0.6711144875768449
    outer loop
      vertex 6.184784470074469 5.167791628907152 11.163439328416366
      vertex 6.178972285085386 5.164684951306282 11.170710678118656
      vertex 6.288727731654999 4.9480220670309105 11.163439328416366
    endloop
  endfacet
  facet normal 0.7264013820849178 0.34356226688493935 0.5952360883531869
    outer loop
      vertex 6.184784470074469 5.167791628907152 11.163439328416366
      vertex 6.29412865369823 4.950259202190536 11.155557023301961
      vertex 6.189940107610962 5.170547374583334 11.155557023301961
    endloop
  endfacet
  facet normal 0 0 1
    outer loop
      vertex 6.309471894823224 4.956614580755269 11.105
      vertex 6.309698831278217 4.956708580912725 11.105
      vertex 6.204803160870888 5.178491842064995 11.105
    endloop
  endfacet
  facet normal 0.9029030153690247 0.4270413223156069 0.04900871220977496
    outer loop
      vertex 6.309471894823224 4.956614580755269 11.105
      vertex 6.204378491676744 5.17826485165163 11.109801714032958
      vertex 6.309253958031117 4.956524308380239 11.109801714032958
    endloop
  endfacet
  facet normal 0.7756243003927917 0.36684297341113986 0.5136469385668195
    outer loop
      vertex 6.29878977856888 4.9521899033278745 11.147139673682602
      vertex 6.189940107610962 5.170547374583334 11.155557023301961
      vertex 6.29412865369823 4.950259202190536 11.155557023301961
    endloop
  endfacet
  facet normal 0.8512620673336699 0.40261697290125353 0.336530037070449
    outer loop
      vertex 6.305720637028836 4.955060758900876 11.129028467725448
      vertex 6.198089934977844 5.174903548067009 11.138268343236511
      vertex 6.302666217086416 4.953795576735543 11.138268343236511
    endloop
  endfacet
  facet normal 0.8173765354202649 0.3865903098938656 0.4271340909369436
    outer loop
      vertex 6.302666217086416 4.953795576735543 11.138268343236511
      vertex 6.194389546087033 5.172925648997522 11.147139673682602
      vertex 6.29878977856888 4.9521899033278745 11.147139673682602
    endloop
  endfacet
  facet normal 0.8942281509288568 0.4229384169997762 0.14655752970107344
    outer loop
      vertex 6.309253958031117 4.956524308380239 11.109801714032958
      vertex 6.2031085738908 5.1775860664532996 11.119509032201615
      vertex 6.307923622662377 4.955973265428002 11.119509032201615
    endloop
  endfacet
  facet normal 0.8769601970036277 0.4147712830414312 0.24270474992369492
    outer loop
      vertex 6.307923622662377 4.955973265428002 11.119509032201615
      vertex 6.201005637515541 5.176462023542529 11.129028467725448
      vertex 6.305720637028836 4.955060758900876 11.129028467725448
    endloop
  endfacet
  facet normal 0.7264013820849178 0.3435622668849395 0.5952360883531868
    outer loop
      vertex 6.184784470074469 5.167791628907152 11.163439328416366
      vertex 6.288727731654999 4.9480220670309105 11.163439328416366
      vertex 6.29412865369823 4.950259202190536 11.155557023301961
    endloop
  endfacet
  facet normal 0.9029030153690231 0.4270413223156049 0.04900871220982258
    outer loop
      vertex 6.309471894823224 4.956614580755269 11.105
      vertex 6.204586530803578 5.178376050881635 11.105
      vertex 6.204378491676744 5.17826485165163 11.109801714032958
    endloop
  endfacet
  facet normal 0 0 1
    outer loop
      vertex 6.309471894823224 4.956614580755269 11.105
      vertex 6.204803160870888 5.178491842064995 11.105
      vertex 6.204586530803578 5.178376050881635 11.105
    endloop
  endfacet
  facet normal 0.8942281509288542 0.4229384169997739 0.14655752970109653
    outer loop
      vertex 6.309253958031117 4.956524308380239 11.109801714032958
      vertex 6.204378491676744 5.17826485165163 11.109801714032958
      vertex 6.2031085738908 5.1775860664532996 11.119509032201615
    endloop
  endfacet
  facet normal 0.8769601970036158 0.4147712830414229 0.24270474992375202
    outer loop
      vertex 6.307923622662377 4.955973265428002 11.119509032201615
      vertex 6.2031085738908 5.1775860664532996 11.119509032201615
      vertex 6.201005637515541 5.176462023542529 11.129028467725448
    endloop
  endfacet
  facet normal 0.8512620673336688 0.40261697290125287 0.3365300370704524
    outer loop
      vertex 6.305720637028836 4.955060758900876 11.129028467725448
      vertex 6.201005637515541 5.176462023542529 11.129028467725448
      vertex 6.198089934977844 5.174903548067009 11.138268343236511
    endloop
  endfacet
  facet normal 0.8173765354203155 0.3865903098938956 0.4271340909368199
    outer loop
      vertex 6.302666217086416 4.953795576735543 11.138268343236511
      vertex 6.198089934977844 5.174903548067009 11.138268343236511
      vertex 6.194389546087033 5.172925648997522 11.147139673682602
    endloop
  endfacet
  facet normal 0.7756243003927444 0.3668429734111128 0.5136469385669102
    outer loop
      vertex 6.29878977856888 4.9521899033278745 11.147139673682602
      vertex 6.194389546087033 5.172925648997522 11.147139673682602
      vertex 6.189940107610962 5.170547374583334 11.155557023301961
    endloop
  endfacet
  facet normal 0.8032075314806442 0.5956993044924345 0
    outer loop
      vertex 5.932526133406843 5.585983210409114 10.305000000000001
      vertex 6.078674030756364 5.388925582549006 9.600000000000001
      vertex 5.932526133406843 5.585983210409114 9.600000000000001
    endloop
  endfacet
  facet normal 0.8032075314806442 0.5956993044924345 0
    outer loop
      vertex 6.078674030756364 5.388925582549006 10.305000000000001
      vertex 5.932526133406843 5.585983210409114 10.305000000000001
      vertex 5.932526133406843 5.585983210409114 11.105
    endloop
  endfacet
  facet normal 0 0 1
    outer loop
      vertex 6.078469793342706 5.388789115472136 11.105
      vertex 5.932526133406843 5.585983210409114 11.105
      vertex 5.93233625556478 5.585827381691285 11.105
    endloop
  endfacet
  facet normal 0.8022423580208843 0.5949834830687524 0.04900871220984021
    outer loop
      vertex 6.078469793342706 5.388789115472136 11.105
      vertex 5.93233625556478 5.585827381691285 11.105
      vertex 5.932153907745024 5.585677732703057 11.109801714032958
    endloop
  endfacet
  facet normal 0.7791917895490691 0.577888016369751 0.24270474992375704
    outer loop
      vertex 6.077076385211001 5.3878580699246275 11.119509032201615
      vertex 5.93104081549617 5.584764241502186 11.119509032201615
      vertex 5.929197576347113 5.5832515342261315 11.129028467725448
    endloop
  endfacet
  facet normal 0.7563586305140363 0.5609537914983005 0.3365300370704118
    outer loop
      vertex 6.075093750520901 5.386533315777905 11.129028467725448
      vertex 5.929197576347113 5.5832515342261315 11.129028467725448
      vertex 5.926641941698479 5.5811541790728905 11.138268343236511
    endloop
  endfacet
  facet normal 0.6891533831361388 0.5111109830681362 0.5136469385668893
    outer loop
      vertex 6.068856142701018 5.382365479480941 11.147139673682602
      vertex 5.923398523708985 5.57849237471912 11.147139673682602
      vertex 5.919498558266902 5.575291755795838 11.155557023301961
    endloop
  endfacet
  facet normal 0.7262508464417113 0.5386243369940203 0.4271340909368508
    outer loop
      vertex 6.07234484519725 5.384696555962979 11.138268343236511
      vertex 5.926641941698479 5.5811541790728905 11.138268343236511
      vertex 5.923398523708985 5.57849237471912 11.147139673682602
    endloop
  endfacet
  facet normal 0.539758057979608 0.40031185855530876 0.7405482123036127
    outer loop
      vertex 6.054320849647077 5.3726533071664 11.170710678118656
      vertex 5.909885181420657 5.567402261309881 11.170710678118656
      vertex 5.90426435209073 5.562789365891943 11.177301045336275
    endloop
  endfacet
  facet normal 0.5954608948657911 0.44162389796085183 0.6711144875768175
    outer loop
      vertex 6.059800539722442 5.376314719017178 11.163439328416366
      vertex 5.914979604171375 5.571583146012911 11.163439328416366
      vertex 5.909885181420657 5.567402261309881 11.170710678118656
    endloop
  endfacet
  facet normal 0.47884219760239927 0.3551335774299218 0.8028638066179907
    outer loop
      vertex 5.898171247840701 5.557788884463636 11.183146961230257
      vertex 6.048274943329197 5.3686135617179325 11.177301045336275
      vertex 5.90426435209073 5.562789365891943 11.177301045336275
    endloop
  endfacet
  facet normal 0.645418109934222 0.47867469380658256 0.5952360883532775
    outer loop
      vertex 6.064661241144364 5.37956253587261 11.155557023301961
      vertex 5.919498558266902 5.575291755795838 11.155557023301961
      vertex 5.914979604171375 5.571583146012911 11.163439328416366
    endloop
  endfacet
  facet normal 0.7945346157877439 0.589267031831025 0.14655752970105596
    outer loop
      vertex 6.078273655411664 5.388658060296528 11.109801714032958
      vertex 5.932153907745024 5.585677732703057 11.109801714032958
      vertex 5.93104081549617 5.584764241502186 11.119509032201615
    endloop
  endfacet
endsolid OpenSCAD_Model
