solid OpenSCAD_Model
  facet normal 1 0 0
    outer loop
      vertex 1.5 1.5 1.2000000000000002
      vertex 1.5 7.6 2
      vertex 1.5 1.5 2
    endloop
  endfacet
  facet normal 0 0 -1
    outer loop
      vertex 1.5 1.5 2
      vertex 1.5 7.6 2
      vertex 1.9 1.9000000000000004 2
    endloop
  endfacet
  facet normal 1 0 0
    outer loop
      vertex 1.9 1.9000000000000004 2
      vertex 1.9 7.6 2
      vertex 1.9 1.9000000000000004 2.2
    endloop
  endfacet
  facet normal 1 0 0
    outer loop
      vertex 1.5 1.5 1.2000000000000002
      vertex 1.5 7.6 1.4000000000000004
      vertex 1.5 7.6 2
    endloop
  endfacet
  facet normal 0 0 -1
    outer loop
      vertex 1.9 1.9000000000000004 2
      vertex 1.5 7.6 2
      vertex 1.9 7.6 2
    endloop
  endfacet
  facet normal 1 0 0
    outer loop
      vertex 1.9 1.9000000000000004 2.2
      vertex 1.9 7.6 2
      vertex 1.9 7.6 2.2
    endloop
  endfacet
  facet normal 0 -1 0
    outer loop
      vertex 1.5 7.6 1.4000000000000004
      vertex 1.9 7.6 2
      vertex 1.5 7.6 2
    endloop
  endfacet
  facet normal 0 0 -1
    outer loop
      vertex 1.5 7.6 1.4000000000000004
      vertex 1.5 8.4 1.4000000000000004
      vertex 2.4307435513548312 7.687855484774195 1.4000000000000004
    endloop
  endfacet
  facet normal 0 -1 0
    outer loop
      vertex 1.5 7.6 1.4000000000000004
      vertex 2.452750204672053 7.6 1.4000000000000004
      vertex 1.9 7.6 2
    endloop
  endfacet
  facet normal 0 -1 0
    outer loop
      vertex 0.09999999999999964 0.10000000000000142 0
      vertex 1.6000000014901161 0.10000000000000142 3.2
      vertex 0.09999999999999964 0.10000000000000142 9.600000000000001
    endloop
  endfacet
  facet normal -1 0 0
    outer loop
      vertex 0.09999999999999964 0.10000000000000142 0
      vertex 0.09999999999999964 11.198062263429165 4.882232524454594
      vertex 0.09999999999999964 12.554958134889603 3.800144173204899
    endloop
  endfacet
  facet normal 1 0 0
    outer loop
      vertex 1.6000000014901161 0.10000000000000142 3.2
      vertex 1.6000000014901161 12.554958134889603 3.800144173204899
      vertex 1.6000000014901161 11.198062263429165 4.882232524454594
    endloop
  endfacet
  facet normal 0 0 -1
    outer loop
      vertex 0.09999999999999964 0.10000000000000142 0
      vertex 0.09999999999999964 31.9 0
      vertex 1.5 1.5 0
    endloop
  endfacet
  facet normal 1 0 0
    outer loop
      vertex 1.5 1.5 0
      vertex 1.5 30.5 0.40000000000000036
      vertex 1.5 1.5 0.40000000000000036
    endloop
  endfacet
  facet normal 0 0 -1
    outer loop
      vertex 1.5 1.5 0.40000000000000036
      vertex 1.6 30.4 0.40000000000000036
      vertex 1.6 1.5999999999999996 0.40000000000000036
    endloop
  endfacet
  facet normal 1 0 0
    outer loop
      vertex 1.6 1.5999999999999996 0.40000000000000036
      vertex 1.6 30.4 0.40000000000000036
      vertex 1.6 1.5999999999999996 1.2000000000000002
    endloop
  endfacet
  facet normal 1 0 0
    outer loop
      vertex 1.5 8.4 1.4000000000000004
      vertex 1.5 15.6 1.4000000000000004
      vertex 1.5 8.4 2
    endloop
  endfacet
  facet normal 0 0 1
    outer loop
      vertex 1.5 1.5 1.2000000000000002
      vertex 1.6 1.5999999999999996 1.2000000000000002
      vertex 1.5 30.5 1.2000000000000002
    endloop
  endfacet
  facet normal 0 1 0
    outer loop
      vertex 1.5 8.4 1.4000000000000004
      vertex 1.5 8.4 2
      vertex 2.452750204672053 8.4 1.4000000000000004
    endloop
  endfacet
  facet normal 0 1 0
    outer loop
      vertex 1.5 8.4 2
      vertex 1.9 8.4 2
      vertex 2.452750204672053 8.4 1.4000000000000004
    endloop
  endfacet
  facet normal 1 0 0
    outer loop
      vertex 1.9 8.4 2
      vertex 1.9 12 2.2
      vertex 1.9 8.4 2.2
    endloop
  endfacet
  facet normal 0 0 -1
    outer loop
      vertex 1.5 8.4 2
      vertex 1.5 15.6 2
      vertex 1.9 8.4 2
    endloop
  endfacet
  facet normal 1 0 0
    outer loop
      vertex 1.9 8.4 2
      vertex 1.9 15.6 2
      vertex 1.9 12 2.2
    endloop
  endfacet
  facet normal 1 0 0
    outer loop
      vertex 1.5 1.5 1.2000000000000002
      vertex 1.5 30.5 1.2000000000000002
      vertex 1.5 7.6 1.4000000000000004
    endloop
  endfacet
  facet normal 1 0 0
    outer loop
      vertex 1.5 8.4 2
      vertex 1.5 15.6 1.4000000000000004
      vertex 1.5 15.6 2
    endloop
  endfacet
  facet normal 1 0 0
    outer loop
      vertex 1.5 7.6 1.4000000000000004
      vertex 1.5 30.5 1.2000000000000002
      vertex 1.5 8.4 1.4000000000000004
    endloop
  endfacet
  facet normal 0 0 -1
    outer loop
      vertex 1.9 8.4 2
      vertex 1.5 15.6 2
      vertex 1.9 15.6 2
    endloop
  endfacet
  facet normal 0 -1 0
    outer loop
      vertex 1.5 15.6 1.4000000000000004
      vertex 1.9 15.6 2
      vertex 1.5 15.6 2
    endloop
  endfacet
  facet normal 0 0 -1
    outer loop
      vertex 1.5 15.6 1.4000000000000004
      vertex 1.5 16.4 1.4000000000000004
      vertex 2.4307435513548312 15.687855484774195 1.4000000000000004
    endloop
  endfacet
  facet normal 0 -1 0
    outer loop
      vertex 1.5 15.6 1.4000000000000004
      vertex 2.4527502046720526 15.6 1.4000000000000004
      vertex 1.9 15.6 2
    endloop
  endfacet
  facet normal 1 0 0
    outer loop
      vertex 1.9 12 2.2
      vertex 1.9 15.6 2
      vertex 1.9 15.6 2.2
    endloop
  endfacet
  facet normal -1 0 0
    outer loop
      vertex 0.09999999999999964 0.10000000000000142 0
      vertex 0.09999999999999964 12.554958134889603 3.800144173204899
      vertex 0.09999999999999964 18.554958134889603 3.800144173204899
    endloop
  endfacet
  facet normal 1 0 0
    outer loop
      vertex 1.6000000014901161 0.10000000000000142 3.2
      vertex 1.6000000014901161 31.9 3.2
      vertex 1.6000000014901161 12.554958134889603 3.800144173204899
    endloop
  endfacet
  facet normal 0 0 -1
    outer loop
      vertex 0.09999999999999964 0.10000000000000142 0
      vertex 1.5 1.5 0
      vertex 6.5 1.5 0
    endloop
  endfacet
  facet normal -0.9987954562051724 -0.04906767432741823 0
    outer loop
      vertex 2.407704437324485 7.843172575472703 0
      vertex 2.407704437324485 7.843172575472703 0.40000000000000036
      vertex 2.4 8 0
    endloop
  endfacet
  facet normal -0.9891765099647808 -0.14673047445536166 0
    outer loop
      vertex 2.407704437324485 7.843172575472703 0
      vertex 2.4307435513548312 7.687855484774195 0.40000000000000036
      vertex 2.407704437324485 7.843172575472703 0.40000000000000036
    endloop
  endfacet
  facet normal -0.9987954562051724 -0.04906767432741823 0
    outer loop
      vertex 2.4 8 0
      vertex 2.407704437324485 7.843172575472703 0.40000000000000036
      vertex 2.4 8 0.40000000000000036
    endloop
  endfacet
  facet normal -0.9415440651830221 -0.33688985339221633 0
    outer loop
      vertex 2.468895462828466 7.535544516392861 0
      vertex 2.521792747981941 7.387706508215857 0
      vertex 2.521792747981941 7.387706508215857 0.40000000000000036
    endloop
  endfacet
  facet normal -0.9415440651830221 -0.33688985339221633 0
    outer loop
      vertex 2.468895462828466 7.535544516392861 0
      vertex 2.521792747981941 7.387706508215857 0.40000000000000036
      vertex 2.468895462828466 7.535544516392861 0.40000000000000036
    endloop
  endfacet
  facet normal -0.9891765099647808 -0.14673047445536166 0
    outer loop
      vertex 2.407704437324485 7.843172575472703 0
      vertex 2.4307435513548312 7.687855484774195 0
      vertex 2.4307435513548312 7.687855484774195 0.40000000000000036
    endloop
  endfacet
  facet normal -0.9700312531945433 -0.24298017990326623 0
    outer loop
      vertex 2.468895462828466 7.535544516392861 0
      vertex 2.468895462828466 7.535544516392861 0.40000000000000036
      vertex 2.4307435513548312 7.687855484774195 0
    endloop
  endfacet
  facet normal -0.9700312531945433 -0.24298017990326623 0
    outer loop
      vertex 2.4307435513548312 7.687855484774195 0
      vertex 2.468895462828466 7.535544516392861 0.40000000000000036
      vertex 2.4307435513548312 7.687855484774195 0.40000000000000036
    endloop
  endfacet
  facet normal 0 0 -1
    outer loop
      vertex 2.308185964657265 7.833370861439747 0.40000000000000036
      vertex 2.3 8 0.40000000000000036
      vertex 2.308185964657265 8.166629138560253 0.40000000000000036
    endloop
  endfacet
  facet normal 0 0 -1
    outer loop
      vertex 2.332665023314508 7.668346452572582 0.40000000000000036
      vertex 2.308185964657265 7.833370861439747 0.40000000000000036
      vertex 2.332665023314508 8.331653547427418 0.40000000000000036
    endloop
  endfacet
  facet normal 0 0 -1
    outer loop
      vertex 2.3732014292552446 7.5065160486674145 0.40000000000000036
      vertex 2.407704437324485 7.843172575472703 0.40000000000000036
      vertex 2.4294047947308126 7.349438164979347 0.40000000000000036
    endloop
  endfacet
  facet normal 0 0 -1
    outer loop
      vertex 2.3732014292552446 7.5065160486674145 0.40000000000000036
      vertex 2.4 8 0.40000000000000036
      vertex 2.407704437324485 7.843172575472703 0.40000000000000036
    endloop
  endfacet
  facet normal 0 0 -1
    outer loop
      vertex 2.3732014292552446 7.5065160486674145 0.40000000000000036
      vertex 2.332665023314508 7.668346452572582 0.40000000000000036
      vertex 2.3732014292552446 8.493483951332585 0.40000000000000036
    endloop
  endfacet
  facet normal 0 0 -1
    outer loop
      vertex 2.4294047947308126 7.349438164979347 0.40000000000000036
      vertex 2.4307435513548312 7.687855484774195 0.40000000000000036
      vertex 2.468895462828466 7.535544516392861 0.40000000000000036
    endloop
  endfacet
  facet normal 0 0 -1
    outer loop
      vertex 2.4294047947308126 7.349438164979347 0.40000000000000036
      vertex 2.468895462828466 7.535544516392861 0.40000000000000036
      vertex 2.500733850607796 7.198625547395803 0.40000000000000036
    endloop
  endfacet
  facet normal 0 0 -1
    outer loop
      vertex 2.500733850607796 7.198625547395803 0.40000000000000036
      vertex 2.521792747981941 7.387706508215857 0.40000000000000036
      vertex 2.586501659085673 7.055530603866677 0.40000000000000036
    endloop
  endfacet
  facet normal 0 0 -1
    outer loop
      vertex 2.468895462828466 7.535544516392861 0.40000000000000036
      vertex 2.521792747981941 7.387706508215857 0.40000000000000036
      vertex 2.500733850607796 7.198625547395803 0.40000000000000036
    endloop
  endfacet
  facet normal 0 0 -1
    outer loop
      vertex 2.407704437324485 7.843172575472703 0.40000000000000036
      vertex 2.4307435513548312 7.687855484774195 0.40000000000000036
      vertex 2.4294047947308126 7.349438164979347 0.40000000000000036
    endloop
  endfacet
  facet normal -0.9415440651830207 -0.3368898533922202 0
    outer loop
      vertex 2.3732014292552446 7.5065160486674145 0.40000000000000036
      vertex 2.4294047947308126 7.349438164979347 0.40000000000000036
      vertex 2.3732014292552446 7.5065160486674145 1.2000000000000002
    endloop
  endfacet
  facet normal -0.9891765099647808 -0.1467304744553621 0
    outer loop
      vertex 2.332665023314508 7.668346452572582 0.40000000000000036
      vertex 2.308185964657265 7.833370861439747 1.2000000000000002
      vertex 2.308185964657265 7.833370861439747 0.40000000000000036
    endloop
  endfacet
  facet normal -0.9700312531945441 -0.2429801799032638 0
    outer loop
      vertex 2.3732014292552446 7.5065160486674145 0.40000000000000036
      vertex 2.332665023314508 7.668346452572582 1.2000000000000002
      vertex 2.332665023314508 7.668346452572582 0.40000000000000036
    endloop
  endfacet
  facet normal -0.9987954562051724 -0.04906767432741786 0
    outer loop
      vertex 2.308185964657265 7.833370861439747 0.40000000000000036
      vertex 2.3 8 1.2000000000000002
      vertex 2.3 8 0.40000000000000036
    endloop
  endfacet
  facet normal -0.9039892931234448 -0.42755509343027936 0
    outer loop
      vertex 2.4294047947308126 7.349438164979347 0.40000000000000036
      vertex 2.500733850607796 7.198625547395803 0.40000000000000036
      vertex 2.4294047947308126 7.349438164979347 1.2000000000000002
    endloop
  endfacet
  facet normal -0.8577286100002695 -0.5141027441932259 0
    outer loop
      vertex 2.500733850607796 7.198625547395803 0.40000000000000036
      vertex 2.586501659085673 7.055530603866677 0.40000000000000036
      vertex 2.500733850607796 7.198625547395803 1.2000000000000002
    endloop
  endfacet
  facet normal -0.9415440651830207 -0.3368898533922202 0
    outer loop
      vertex 2.4294047947308126 7.349438164979347 0.40000000000000036
      vertex 2.4294047947308126 7.349438164979347 1.2000000000000002
      vertex 2.3732014292552446 7.5065160486674145 1.2000000000000002
    endloop
  endfacet
  facet normal -0.9891765099647808 -0.1467304744553621 0
    outer loop
      vertex 2.332665023314508 7.668346452572582 0.40000000000000036
      vertex 2.332665023314508 7.668346452572582 1.2000000000000002
      vertex 2.308185964657265 7.833370861439747 1.2000000000000002
    endloop
  endfacet
  facet normal -0.9987954562051724 -0.04906767432741786 0
    outer loop
      vertex 2.308185964657265 7.833370861439747 0.40000000000000036
      vertex 2.308185964657265 7.833370861439747 1.2000000000000002
      vertex 2.3 8 1.2000000000000002
    endloop
  endfacet
  facet normal -0.9700312531945441 -0.2429801799032638 0
    outer loop
      vertex 2.3732014292552446 7.5065160486674145 0.40000000000000036
      vertex 2.3732014292552446 7.5065160486674145 1.2000000000000002
      vertex 2.332665023314508 7.668346452572582 1.2000000000000002
    endloop
  endfacet
  facet normal -0.9039892931234448 -0.42755509343027936 0
    outer loop
      vertex 2.500733850607796 7.198625547395803 0.40000000000000036
      vertex 2.500733850607796 7.198625547395803 1.2000000000000002
      vertex 2.4294047947308126 7.349438164979347 1.2000000000000002
    endloop
  endfacet
  facet normal -0.8032075314806452 -0.5956993044924329 0
    outer loop
      vertex 2.763183274619621 6.984970745338167 0
      vertex 2.763183274619621 6.984970745338167 0.40000000000000036
      vertex 2.6696486203159275 7.1110876271686365 0
    endloop
  endfacet
  facet normal 0 0 -1
    outer loop
      vertex 2.586501659085673 7.055530603866677 0.40000000000000036
      vertex 2.6696486203159275 7.1110876271686365 0.40000000000000036
      vertex 2.6858822292833473 6.921531416921802 0.40000000000000036
    endloop
  endfacet
  facet normal 0 0 -1
    outer loop
      vertex 2.6858822292833473 6.921531416921802 0.40000000000000036
      vertex 2.6696486203159275 7.1110876271686365 0.40000000000000036
      vertex 2.763183274619621 6.984970745338167 0.40000000000000036
    endloop
  endfacet
  facet normal 0 0 -1
    outer loop
      vertex 2.6858822292833473 6.921531416921802 0.40000000000000036
      vertex 2.763183274619621 6.984970745338167 0.40000000000000036
      vertex 2.797918471982869 6.797918471982868 0.40000000000000036
    endloop
  endfacet
  facet normal -0.9039892931234427 -0.4275550934302832 0
    outer loop
      vertex 2.521792747981941 7.387706508215857 0
      vertex 2.588925977042632 7.245765221078404 0
      vertex 2.588925977042632 7.245765221078404 0.40000000000000036
    endloop
  endfacet
  facet normal -0.8577286100002722 -0.5141027441932212 0
    outer loop
      vertex 2.588925977042632 7.245765221078404 0
      vertex 2.6696486203159275 7.1110876271686365 0
      vertex 2.6696486203159275 7.1110876271686365 0.40000000000000036
    endloop
  endfacet
  facet normal -0.9039892931234427 -0.4275550934302832 0
    outer loop
      vertex 2.521792747981941 7.387706508215857 0
      vertex 2.588925977042632 7.245765221078404 0.40000000000000036
      vertex 2.521792747981941 7.387706508215857 0.40000000000000036
    endloop
  endfacet
  facet normal -0.8577286100002722 -0.5141027441932212 0
    outer loop
      vertex 2.588925977042632 7.245765221078404 0
      vertex 2.6696486203159275 7.1110876271686365 0.40000000000000036
      vertex 2.588925977042632 7.245765221078404 0.40000000000000036
    endloop
  endfacet
  facet normal 0 0 -1
    outer loop
      vertex 2.407704437324485 7.843172575472703 0
      vertex 2.4 8 0
      vertex 3.5355445163928603 6.468895462828465 0
    endloop
  endfacet
  facet normal 0 0 -1
    outer loop
      vertex 2.4 8 0
      vertex 2.407704437324485 8.156827424527297 0
      vertex 3.5355445163928603 6.468895462828465 0
    endloop
  endfacet
  facet normal -0.8032075314806452 -0.5956993044924329 0
    outer loop
      vertex 2.763183274619621 6.984970745338167 0.40000000000000036
      vertex 2.6696486203159275 7.1110876271686365 0.40000000000000036
      vertex 2.6696486203159275 7.1110876271686365 0
    endloop
  endfacet
  facet normal 0 0 -1
    outer loop
      vertex 2.521792747981941 7.387706508215857 0.40000000000000036
      vertex 2.588925977042632 7.245765221078404 0.40000000000000036
      vertex 2.586501659085673 7.055530603866677 0.40000000000000036
    endloop
  endfacet
  facet normal 0 0 -1
    outer loop
      vertex 2.586501659085673 7.055530603866677 0.40000000000000036
      vertex 2.588925977042632 7.245765221078404 0.40000000000000036
      vertex 2.6696486203159275 7.1110876271686365 0.40000000000000036
    endloop
  endfacet
  facet normal -0.7409511253549587 -0.671558954847019 0
    outer loop
      vertex 2.763183274619621 6.984970745338167 0
      vertex 2.8686291501015235 6.868629150101524 0
      vertex 2.8686291501015235 6.868629150101524 0.40000000000000036
    endloop
  endfacet
  facet normal 0 0 -1
    outer loop
      vertex 2.521792747981941 7.387706508215857 0
      vertex 3.5355445163928603 6.468895462828465 0
      vertex 2.588925977042632 7.245765221078404 0
    endloop
  endfacet
  facet normal -0.7409511253549587 -0.671558954847019 0
    outer loop
      vertex 2.763183274619621 6.984970745338167 0
      vertex 2.8686291501015235 6.868629150101524 0.40000000000000036
      vertex 2.763183274619621 6.984970745338167 0.40000000000000036
    endloop
  endfacet
  facet normal -0.6715589548470192 -0.7409511253549583 0
    outer loop
      vertex 2.8686291501015235 6.868629150101524 0
      vertex 2.984970745338167 6.763183274619621 0
      vertex 2.984970745338167 6.763183274619621 0.40000000000000036
    endloop
  endfacet
  facet normal 0 0 -1
    outer loop
      vertex 2.588925977042632 7.245765221078404 0
      vertex 3.5355445163928603 6.468895462828465 0
      vertex 2.6696486203159275 7.1110876271686365 0
    endloop
  endfacet
  facet normal 0 0 -1
    outer loop
      vertex 2.763183274619621 6.984970745338167 0
      vertex 2.6696486203159275 7.1110876271686365 0
      vertex 3.5355445163928603 6.468895462828465 0
    endloop
  endfacet
  facet normal -0.6715589548470192 -0.7409511253549583 0
    outer loop
      vertex 2.8686291501015235 6.868629150101524 0
      vertex 2.984970745338167 6.763183274619621 0.40000000000000036
      vertex 2.8686291501015235 6.868629150101524 0.40000000000000036
    endloop
  endfacet
  facet normal 0 0 -1
    outer loop
      vertex 2.763183274619621 6.984970745338167 0.40000000000000036
      vertex 2.8686291501015235 6.868629150101524 0.40000000000000036
      vertex 2.797918471982869 6.797918471982868 0.40000000000000036
    endloop
  endfacet
  facet normal 0 0 -1
    outer loop
      vertex 2.797918471982869 6.797918471982868 0.40000000000000036
      vertex 2.8686291501015235 6.868629150101524 0.40000000000000036
      vertex 2.9215314169218027 6.685882229283347 0.40000000000000036
    endloop
  endfacet
  facet normal 0 0 -1
    outer loop
      vertex 2.8686291501015235 6.868629150101524 0.40000000000000036
      vertex 2.984970745338167 6.763183274619621 0.40000000000000036
      vertex 2.9215314169218027 6.685882229283347 0.40000000000000036
    endloop
  endfacet
  facet normal 0 0 -1
    outer loop
      vertex 2.9215314169218027 6.685882229283347 0.40000000000000036
      vertex 2.984970745338167 6.763183274619621 0.40000000000000036
      vertex 3.0555306038666763 6.586501659085673 0.40000000000000036
    endloop
  endfacet
  facet normal 0 0 -1
    outer loop
      vertex 2.468895462828466 7.535544516392861 0
      vertex 3.5355445163928603 6.468895462828465 0
      vertex 2.521792747981941 7.387706508215857 0
    endloop
  endfacet
  facet normal 0 0 -1
    outer loop
      vertex 2.468895462828466 7.535544516392861 0
      vertex 2.4307435513548312 7.687855484774195 0
      vertex 3.5355445163928603 6.468895462828465 0
    endloop
  endfacet
  facet normal 0 0 -1
    outer loop
      vertex 2.407704437324485 7.843172575472703 0
      vertex 3.5355445163928603 6.468895462828465 0
      vertex 2.4307435513548312 7.687855484774195 0
    endloop
  endfacet
  facet normal 0 0 -1
    outer loop
      vertex 3.5355445163928603 6.468895462828465 0
      vertex 2.407704437324485 8.156827424527297 0
      vertex 2.4307435513548312 8.312144515225805 0
    endloop
  endfacet
  facet normal 0 0 -1
    outer loop
      vertex 3.5355445163928603 6.468895462828465 0
      vertex 2.4307435513548312 8.312144515225805 0
      vertex 2.468895462828466 8.46445548360714 0
    endloop
  endfacet
  facet normal 0 0 -1
    outer loop
      vertex 3.5355445163928603 6.468895462828465 0
      vertex 2.468895462828466 8.46445548360714 0
      vertex 2.521792747981941 8.612293491784143 0
    endloop
  endfacet
  facet normal 0 0 -1
    outer loop
      vertex 3.5355445163928603 6.468895462828465 0
      vertex 2.521792747981941 8.612293491784143 0
      vertex 2.588925977042632 8.754234778921596 0
    endloop
  endfacet
  facet normal 0 0 -1
    outer loop
      vertex 3.5355445163928603 6.468895462828465 0
      vertex 2.588925977042632 8.754234778921596 0
      vertex 2.6696486203159275 8.888912372831363 0
    endloop
  endfacet
  facet normal -0.8032075314806468 -0.595699304492431 0
    outer loop
      vertex 2.586501659085673 7.055530603866677 0.40000000000000036
      vertex 2.6858822292833473 6.921531416921802 0.40000000000000036
      vertex 2.586501659085673 7.055530603866677 1.2000000000000002
    endloop
  endfacet
  facet normal -0.7409511253549614 -0.6715589548470159 0
    outer loop
      vertex 2.6858822292833473 6.921531416921802 0.40000000000000036
      vertex 2.797918471982869 6.797918471982868 0.40000000000000036
      vertex 2.6858822292833473 6.921531416921802 1.2000000000000002
    endloop
  endfacet
  facet normal -0.8032075314806468 -0.595699304492431 0
    outer loop
      vertex 2.6858822292833473 6.921531416921802 0.40000000000000036
      vertex 2.6858822292833473 6.921531416921802 1.2000000000000002
      vertex 2.586501659085673 7.055530603866677 1.2000000000000002
    endloop
  endfacet
  facet normal -0.7409511253549614 -0.6715589548470159 0
    outer loop
      vertex 2.797918471982869 6.797918471982868 0.40000000000000036
      vertex 2.797918471982869 6.797918471982868 1.2000000000000002
      vertex 2.6858822292833473 6.921531416921802 1.2000000000000002
    endloop
  endfacet
  facet normal -0.8577286100002695 -0.5141027441932259 0
    outer loop
      vertex 2.586501659085673 7.055530603866677 0.40000000000000036
      vertex 2.586501659085673 7.055530603866677 1.2000000000000002
      vertex 2.500733850607796 7.198625547395803 1.2000000000000002
    endloop
  endfacet
  facet normal -0.6715589548470129 -0.740951125354964 0
    outer loop
      vertex 2.797918471982869 6.797918471982868 0.40000000000000036
      vertex 2.9215314169218027 6.685882229283347 0.40000000000000036
      vertex 2.9215314169218027 6.685882229283347 1.2000000000000002
    endloop
  endfacet
  facet normal -0.595699304492433 -0.8032075314806452 0
    outer loop
      vertex 2.9215314169218027 6.685882229283347 0.40000000000000036
      vertex 3.0555306038666763 6.586501659085673 0.40000000000000036
      vertex 3.0555306038666763 6.586501659085673 1.2000000000000002
    endloop
  endfacet
  facet normal -0.6715589548470129 -0.740951125354964 0
    outer loop
      vertex 2.797918471982869 6.797918471982868 0.40000000000000036
      vertex 2.9215314169218027 6.685882229283347 1.2000000000000002
      vertex 2.797918471982869 6.797918471982868 1.2000000000000002
    endloop
  endfacet
  facet normal -0.595699304492433 -0.8032075314806452 0
    outer loop
      vertex 2.9215314169218027 6.685882229283347 0.40000000000000036
      vertex 3.0555306038666763 6.586501659085673 1.2000000000000002
      vertex 2.9215314169218027 6.685882229283347 1.2000000000000002
    endloop
  endfacet
  facet normal 0 0 -1
    outer loop
      vertex 1.9 1.9000000000000004 2.2
      vertex 1.9 7.6 2.2
      vertex 2.468895462828466 7.535544516392861 2.2
    endloop
  endfacet
  facet normal 0 0 -1
    outer loop
      vertex 1.9 1.9000000000000004 2.2
      vertex 2.521792747981941 7.387706508215857 2.2
      vertex 2.588925977042632 7.245765221078404 2.2
    endloop
  endfacet
  facet normal 0 0 -1
    outer loop
      vertex 1.9 1.9000000000000004 2.2
      vertex 2.588925977042632 7.245765221078404 2.2
      vertex 2.6696486203159275 7.1110876271686365 2.2
    endloop
  endfacet
  facet normal 0 0 -1
    outer loop
      vertex 1.9 1.9000000000000004 2.2
      vertex 2.468895462828466 7.535544516392861 2.2
      vertex 2.521792747981941 7.387706508215857 2.2
    endloop
  endfacet
  facet normal 0 0 -1
    outer loop
      vertex 1.9 1.9000000000000004 2.2
      vertex 2.6696486203159275 7.1110876271686365 2.2
      vertex 2.763183274619621 6.984970745338167 2.2
    endloop
  endfacet
  facet normal 0 0 -1
    outer loop
      vertex 1.9 1.9000000000000004 2.2
      vertex 2.763183274619621 6.984970745338167 2.2
      vertex 2.8686291501015235 6.868629150101524 2.2
    endloop
  endfacet
  facet normal 0 0 -1
    outer loop
      vertex 1.5 7.6 1.4000000000000004
      vertex 2.4307435513548312 7.687855484774195 1.4000000000000004
      vertex 2.452750204672053 7.6 1.4000000000000004
    endloop
  endfacet
  facet normal 0 0 -1
    outer loop
      vertex 1.5 8.4 1.4000000000000004
      vertex 2.407704437324485 7.843172575472703 1.4000000000000004
      vertex 2.4307435513548312 7.687855484774195 1.4000000000000004
    endloop
  endfacet
  facet normal 0 0 1
    outer loop
      vertex 2.332665023314508 7.668346452572582 1.2000000000000002
      vertex 2.308185964657265 8.166629138560253 1.2000000000000002
      vertex 2.308185964657265 7.833370861439747 1.2000000000000002
    endloop
  endfacet
  facet normal 0 0 1
    outer loop
      vertex 2.308185964657265 7.833370861439747 1.2000000000000002
      vertex 2.308185964657265 8.166629138560253 1.2000000000000002
      vertex 2.3 8 1.2000000000000002
    endloop
  endfacet
  facet normal 0 0 1
    outer loop
      vertex 2.3732014292552446 7.5065160486674145 1.2000000000000002
      vertex 2.332665023314508 8.331653547427418 1.2000000000000002
      vertex 2.332665023314508 7.668346452572582 1.2000000000000002
    endloop
  endfacet
  facet normal 0 0 1
    outer loop
      vertex 2.3732014292552446 7.5065160486674145 1.2000000000000002
      vertex 2.4294047947308126 7.349438164979347 1.2000000000000002
      vertex 2.3732014292552446 8.493483951332585 1.2000000000000002
    endloop
  endfacet
  facet normal 0 0 1
    outer loop
      vertex 2.407704437324485 7.843172575472703 1.2000000000000002
      vertex 2.4 8 1.2000000000000002
      vertex 2.4294047947308126 7.349438164979347 1.2000000000000002
    endloop
  endfacet
  facet normal -0.9891765099647808 -0.14673047445536166 0
    outer loop
      vertex 2.407704437324485 7.843172575472703 1.2000000000000002
      vertex 2.4307435513548312 7.687855484774195 1.2000000000000002
      vertex 2.407704437324485 7.843172575472703 1.4000000000000004
    endloop
  endfacet
  facet normal 0 0 1
    outer loop
      vertex 2.4 8 1.2000000000000002
      vertex 2.3732014292552446 8.493483951332585 1.2000000000000002
      vertex 2.4294047947308126 7.349438164979347 1.2000000000000002
    endloop
  endfacet
  facet normal -0.9987954562051724 -0.04906767432741823 0
    outer loop
      vertex 2.407704437324485 7.843172575472703 1.2000000000000002
      vertex 2.4 8 1.4000000000000004
      vertex 2.4 8 1.2000000000000002
    endloop
  endfacet
  facet normal -0.9987954562051724 -0.04906767432741823 0
    outer loop
      vertex 2.407704437324485 7.843172575472703 1.2000000000000002
      vertex 2.407704437324485 7.843172575472703 1.4000000000000004
      vertex 2.4 8 1.4000000000000004
    endloop
  endfacet
  facet normal 0 0 1
    outer loop
      vertex 2.4294047947308126 7.349438164979347 1.2000000000000002
      vertex 2.468895462828466 7.535544516392861 1.2000000000000002
      vertex 2.4307435513548312 7.687855484774195 1.2000000000000002
    endloop
  endfacet
  facet normal 0 0 1
    outer loop
      vertex 2.4294047947308126 7.349438164979347 1.2000000000000002
      vertex 2.521792747981941 7.387706508215857 1.2000000000000002
      vertex 2.468895462828466 7.535544516392861 1.2000000000000002
    endloop
  endfacet
  facet normal 0 0 1
    outer loop
      vertex 2.500733850607796 7.198625547395803 1.2000000000000002
      vertex 2.588925977042632 7.245765221078404 1.2000000000000002
      vertex 2.521792747981941 7.387706508215857 1.2000000000000002
    endloop
  endfacet
  facet normal 0 0 1
    outer loop
      vertex 2.4294047947308126 7.349438164979347 1.2000000000000002
      vertex 2.500733850607796 7.198625547395803 1.2000000000000002
      vertex 2.521792747981941 7.387706508215857 1.2000000000000002
    endloop
  endfacet
  facet normal 0 0 1
    outer loop
      vertex 2.407704437324485 7.843172575472703 1.2000000000000002
      vertex 2.4294047947308126 7.349438164979347 1.2000000000000002
      vertex 2.4307435513548312 7.687855484774195 1.2000000000000002
    endloop
  endfacet
  facet normal -0.9700312531945433 -0.24298017990326623 -3.452509045373672e-16
    outer loop
      vertex 2.468895462828466 7.535544516392861 1.2000000000000002
      vertex 2.452750204672053 7.6 1.4000000000000004
      vertex 2.4307435513548312 7.687855484774195 1.2000000000000002
    endloop
  endfacet
  facet normal -0.9700312531945436 -0.24298017990326556 0
    outer loop
      vertex 2.4307435513548312 7.687855484774195 1.2000000000000002
      vertex 2.452750204672053 7.6 1.4000000000000004
      vertex 2.4307435513548312 7.687855484774195 1.4000000000000004
    endloop
  endfacet
  facet normal -0.9891765099647808 -0.14673047445536166 0
    outer loop
      vertex 2.407704437324485 7.843172575472703 1.4000000000000004
      vertex 2.4307435513548312 7.687855484774195 1.2000000000000002
      vertex 2.4307435513548312 7.687855484774195 1.4000000000000004
    endloop
  endfacet
  facet normal -0.9415440651830221 -0.33688985339221633 0
    outer loop
      vertex 2.468895462828466 7.535544516392861 1.2000000000000002
      vertex 2.521792747981941 7.387706508215857 1.2000000000000002
      vertex 2.468895462828466 7.535544516392861 2.2
    endloop
  endfacet
  facet normal -0.9700312531945432 -0.24298017990326728 0
    outer loop
      vertex 2.468895462828466 7.535544516392861 1.2000000000000002
      vertex 2.468895462828466 7.535544516392861 2.2
      vertex 2.452750204672053 7.6 1.4000000000000004
    endloop
  endfacet
  facet normal 0 -1 0
    outer loop
      vertex 1.9 7.6 2
      vertex 2.452750204672053 7.6 1.4000000000000004
      vertex 2.452750204672053 7.6 2.2
    endloop
  endfacet
  facet normal 0 -1 0
    outer loop
      vertex 1.9 7.6 2
      vertex 2.452750204672053 7.6 2.2
      vertex 1.9 7.6 2.2
    endloop
  endfacet
  facet normal 0 0 -1
    outer loop
      vertex 1.9 7.6 2.2
      vertex 2.452750204672053 7.6 2.2
      vertex 2.468895462828466 7.535544516392861 2.2
    endloop
  endfacet
  facet normal -0.9415440651830221 -0.33688985339221633 0
    outer loop
      vertex 2.521792747981941 7.387706508215857 1.2000000000000002
      vertex 2.521792747981941 7.387706508215857 2.2
      vertex 2.468895462828466 7.535544516392861 2.2
    endloop
  endfacet
  facet normal -0.9700312531945432 -0.24298017990326728 0
    outer loop
      vertex 2.452750204672053 7.6 1.4000000000000004
      vertex 2.468895462828466 7.535544516392861 2.2
      vertex 2.452750204672053 7.6 2.2
    endloop
  endfacet
  facet normal 0 0 -1
    outer loop
      vertex 1.9 1.9000000000000004 2.2
      vertex 3.1110876271686365 6.669648620315927 2.2
      vertex 3.2457652210784036 6.588925977042631 2.2
    endloop
  endfacet
  facet normal 0 0 -1
    outer loop
      vertex 1.9 1.9000000000000004 2.2
      vertex 2.8686291501015235 6.868629150101524 2.2
      vertex 2.984970745338167 6.763183274619621 2.2
    endloop
  endfacet
  facet normal 0 0 -1
    outer loop
      vertex 1.9 1.9000000000000004 2.2
      vertex 2.984970745338167 6.763183274619621 2.2
      vertex 3.1110876271686365 6.669648620315927 2.2
    endloop
  endfacet
  facet normal 0 0 -1
    outer loop
      vertex 1.9 1.9000000000000004 2.2
      vertex 3.2457652210784036 6.588925977042631 2.2
      vertex 3.387706508215856 6.521792747981941 2.2
    endloop
  endfacet
  facet normal 0 0 -1
    outer loop
      vertex 1.9 1.9000000000000004 2.2
      vertex 3.387706508215856 6.521792747981941 2.2
      vertex 3.5355445163928603 6.468895462828465 2.2
    endloop
  endfacet
  facet normal 0 0 1
    outer loop
      vertex 2.586501659085673 7.055530603866677 1.2000000000000002
      vertex 2.763183274619621 6.984970745338167 1.2000000000000002
      vertex 2.6696486203159275 7.1110876271686365 1.2000000000000002
    endloop
  endfacet
  facet normal 0 0 1
    outer loop
      vertex 2.586501659085673 7.055530603866677 1.2000000000000002
      vertex 2.6858822292833473 6.921531416921802 1.2000000000000002
      vertex 2.763183274619621 6.984970745338167 1.2000000000000002
    endloop
  endfacet
  facet normal 0 0 1
    outer loop
      vertex 2.6858822292833473 6.921531416921802 1.2000000000000002
      vertex 2.8686291501015235 6.868629150101524 1.2000000000000002
      vertex 2.763183274619621 6.984970745338167 1.2000000000000002
    endloop
  endfacet
  facet normal 0 0 1
    outer loop
      vertex 2.500733850607796 7.198625547395803 1.2000000000000002
      vertex 2.586501659085673 7.055530603866677 1.2000000000000002
      vertex 2.588925977042632 7.245765221078404 1.2000000000000002
    endloop
  endfacet
  facet normal 0 0 1
    outer loop
      vertex 2.586501659085673 7.055530603866677 1.2000000000000002
      vertex 2.6696486203159275 7.1110876271686365 1.2000000000000002
      vertex 2.588925977042632 7.245765221078404 1.2000000000000002
    endloop
  endfacet
  facet normal -0.9039892931234428 -0.4275550934302832 0
    outer loop
      vertex 2.521792747981941 7.387706508215857 1.2000000000000002
      vertex 2.588925977042632 7.245765221078404 1.2000000000000002
      vertex 2.521792747981941 7.387706508215857 2.2
    endloop
  endfacet
  facet normal -0.8577286100002723 -0.5141027441932213 0
    outer loop
      vertex 2.588925977042632 7.245765221078404 1.2000000000000002
      vertex 2.6696486203159275 7.1110876271686365 1.2000000000000002
      vertex 2.588925977042632 7.245765221078404 2.2
    endloop
  endfacet
  facet normal -0.8032075314806452 -0.5956993044924329 0
    outer loop
      vertex 2.763183274619621 6.984970745338167 1.2000000000000002
      vertex 2.6696486203159275 7.1110876271686365 2.2
      vertex 2.6696486203159275 7.1110876271686365 1.2000000000000002
    endloop
  endfacet
  facet normal 0 0 1
    outer loop
      vertex 2.6858822292833473 6.921531416921802 1.2000000000000002
      vertex 2.797918471982869 6.797918471982868 1.2000000000000002
      vertex 2.8686291501015235 6.868629150101524 1.2000000000000002
    endloop
  endfacet
  facet normal 0 0 1
    outer loop
      vertex 2.797918471982869 6.797918471982868 1.2000000000000002
      vertex 2.9215314169218027 6.685882229283347 1.2000000000000002
      vertex 2.984970745338167 6.763183274619621 1.2000000000000002
    endloop
  endfacet
  facet normal 0 0 1
    outer loop
      vertex 2.797918471982869 6.797918471982868 1.2000000000000002
      vertex 2.984970745338167 6.763183274619621 1.2000000000000002
      vertex 2.8686291501015235 6.868629150101524 1.2000000000000002
    endloop
  endfacet
  facet normal 0 0 1
    outer loop
      vertex 2.9215314169218027 6.685882229283347 1.2000000000000002
      vertex 3.1110876271686365 6.669648620315927 1.2000000000000002
      vertex 2.984970745338167 6.763183274619621 1.2000000000000002
    endloop
  endfacet
  facet normal -0.7409511253549586 -0.671558954847019 0
    outer loop
      vertex 2.763183274619621 6.984970745338167 1.2000000000000002
      vertex 2.8686291501015235 6.868629150101524 1.2000000000000002
      vertex 2.763183274619621 6.984970745338167 2.2
    endloop
  endfacet
  facet normal -0.6715589548470192 -0.7409511253549583 0
    outer loop
      vertex 2.8686291501015235 6.868629150101524 1.2000000000000002
      vertex 2.984970745338167 6.763183274619621 1.2000000000000002
      vertex 2.8686291501015235 6.868629150101524 2.2
    endloop
  endfacet
  facet normal -0.8032075314806452 -0.5956993044924329 0
    outer loop
      vertex 2.763183274619621 6.984970745338167 1.2000000000000002
      vertex 2.763183274619621 6.984970745338167 2.2
      vertex 2.6696486203159275 7.1110876271686365 2.2
    endloop
  endfacet
  facet normal -0.9039892931234428 -0.4275550934302832 0
    outer loop
      vertex 2.521792747981941 7.387706508215857 2.2
      vertex 2.588925977042632 7.245765221078404 1.2000000000000002
      vertex 2.588925977042632 7.245765221078404 2.2
    endloop
  endfacet
  facet normal -0.8577286100002723 -0.5141027441932213 0
    outer loop
      vertex 2.6696486203159275 7.1110876271686365 1.2000000000000002
      vertex 2.6696486203159275 7.1110876271686365 2.2
      vertex 2.588925977042632 7.245765221078404 2.2
    endloop
  endfacet
  facet normal -0.7409511253549586 -0.671558954847019 0
    outer loop
      vertex 2.8686291501015235 6.868629150101524 1.2000000000000002
      vertex 2.8686291501015235 6.868629150101524 2.2
      vertex 2.763183274619621 6.984970745338167 2.2
    endloop
  endfacet
  facet normal -0.6715589548470192 -0.7409511253549583 0
    outer loop
      vertex 2.984970745338167 6.763183274619621 1.2000000000000002
      vertex 2.984970745338167 6.763183274619621 2.2
      vertex 2.8686291501015235 6.868629150101524 2.2
    endloop
  endfacet
  facet normal 0 1 0
    outer loop
      vertex 1.5 1.5 0
      vertex 1.5 1.5 0.40000000000000036
      vertex 6.5 1.5 0
    endloop
  endfacet
  facet normal 0 0 -1
    outer loop
      vertex 1.5 1.5 0.40000000000000036
      vertex 1.6 1.5999999999999996 0.40000000000000036
      vertex 6.4 1.5999999999999996 0.40000000000000036
    endloop
  endfacet
  facet normal 0 -1 0
    outer loop
      vertex 0.09999999999999964 0.10000000000000142 0
      vertex 7.9 0.10000000000000142 0
      vertex 1.6000000014901161 0.10000000000000142 3.2
    endloop
  endfacet
  facet normal 0 1 0
    outer loop
      vertex 1.6 1.5999999999999996 0.40000000000000036
      vertex 1.6 1.5999999999999996 1.2000000000000002
      vertex 6.4 1.5999999999999996 1.2000000000000002
    endloop
  endfacet
  facet normal 0 0 1
    outer loop
      vertex 1.5 1.5 1.2000000000000002
      vertex 6.5 1.5 1.2000000000000002
      vertex 1.6 1.5999999999999996 1.2000000000000002
    endloop
  endfacet
  facet normal 0 1 0
    outer loop
      vertex 1.5 1.5 1.2000000000000002
      vertex 1.5 1.5 2
      vertex 6.5 1.5 1.2000000000000002
    endloop
  endfacet
  facet normal 0 0 -1
    outer loop
      vertex 1.5 1.5 2
      vertex 1.9 1.9000000000000004 2
      vertex 6.1 1.9000000000000004 2
    endloop
  endfacet
  facet normal 0 1 0
    outer loop
      vertex 1.9 1.9000000000000004 2
      vertex 1.9 1.9000000000000004 2.2
      vertex 6.1 1.9000000000000004 2.2
    endloop
  endfacet
  facet normal 0 0 -1
    outer loop
      vertex 2.763183274619621 6.984970745338167 0
      vertex 3.5355445163928603 6.468895462828465 0
      vertex 2.8686291501015235 6.868629150101524 0
    endloop
  endfacet
  facet normal -0.5956993044924349 -0.8032075314806439 0
    outer loop
      vertex 2.984970745338167 6.763183274619621 0
      vertex 3.1110876271686365 6.669648620315927 0
      vertex 3.1110876271686365 6.669648620315927 0.40000000000000036
    endloop
  endfacet
  facet normal 0 0 -1
    outer loop
      vertex 2.8686291501015235 6.868629150101524 0
      vertex 3.5355445163928603 6.468895462828465 0
      vertex 2.984970745338167 6.763183274619621 0
    endloop
  endfacet
  facet normal -0.5956993044924349 -0.8032075314806439 0
    outer loop
      vertex 2.984970745338167 6.763183274619621 0
      vertex 3.1110876271686365 6.669648620315927 0.40000000000000036
      vertex 2.984970745338167 6.763183274619621 0.40000000000000036
    endloop
  endfacet
  facet normal -0.5141027441932227 -0.8577286100002716 0
    outer loop
      vertex 3.1110876271686365 6.669648620315927 0
      vertex 3.2457652210784036 6.588925977042631 0
      vertex 3.2457652210784036 6.588925977042631 0.40000000000000036
    endloop
  endfacet
  facet normal 0 0 -1
    outer loop
      vertex 2.984970745338167 6.763183274619621 0
      vertex 3.5355445163928603 6.468895462828465 0
      vertex 3.1110876271686365 6.669648620315927 0
    endloop
  endfacet
  facet normal -0.5141027441932227 -0.8577286100002716 0
    outer loop
      vertex 3.1110876271686365 6.669648620315927 0
      vertex 3.2457652210784036 6.588925977042631 0.40000000000000036
      vertex 3.1110876271686365 6.669648620315927 0.40000000000000036
    endloop
  endfacet
  facet normal 0 0 -1
    outer loop
      vertex 2.984970745338167 6.763183274619621 0.40000000000000036
      vertex 3.1110876271686365 6.669648620315927 0.40000000000000036
      vertex 3.0555306038666763 6.586501659085673 0.40000000000000036
    endloop
  endfacet
  facet normal 0 0 -1
    outer loop
      vertex 3.0555306038666763 6.586501659085673 0.40000000000000036
      vertex 3.1110876271686365 6.669648620315927 0.40000000000000036
      vertex 3.198625547395804 6.500733850607796 0.40000000000000036
    endloop
  endfacet
  facet normal 0 0 -1
    outer loop
      vertex 3.198625547395804 6.500733850607796 0.40000000000000036
      vertex 3.2457652210784036 6.588925977042631 0.40000000000000036
      vertex 3.349438164979347 6.429404794730813 0.40000000000000036
    endloop
  endfacet
  facet normal 0 0 -1
    outer loop
      vertex 3.1110876271686365 6.669648620315927 0.40000000000000036
      vertex 3.2457652210784036 6.588925977042631 0.40000000000000036
      vertex 3.198625547395804 6.500733850607796 0.40000000000000036
    endloop
  endfacet
  facet normal 0 0 -1
    outer loop
      vertex 3.2457652210784036 6.588925977042631 0
      vertex 3.5355445163928603 6.468895462828465 0
      vertex 3.387706508215856 6.521792747981941 0
    endloop
  endfacet
  facet normal -0.4275550934302809 -0.9039892931234439 0
    outer loop
      vertex 3.2457652210784036 6.588925977042631 0
      vertex 3.387706508215856 6.521792747981941 0
      vertex 3.387706508215856 6.521792747981941 0.40000000000000036
    endloop
  endfacet
  facet normal 0 0 -1
    outer loop
      vertex 3.1110876271686365 6.669648620315927 0
      vertex 3.5355445163928603 6.468895462828465 0
      vertex 3.2457652210784036 6.588925977042631 0
    endloop
  endfacet
  facet normal -0.4275550934302809 -0.9039892931234439 0
    outer loop
      vertex 3.2457652210784036 6.588925977042631 0
      vertex 3.387706508215856 6.521792747981941 0.40000000000000036
      vertex 3.2457652210784036 6.588925977042631 0.40000000000000036
    endloop
  endfacet
  facet normal -0.33688985339222133 -0.9415440651830203 0
    outer loop
      vertex 3.387706508215856 6.521792747981941 0
      vertex 3.5355445163928603 6.468895462828465 0
      vertex 3.5355445163928603 6.468895462828465 0.40000000000000036
    endloop
  endfacet
  facet normal -0.33688985339222133 -0.9415440651830203 0
    outer loop
      vertex 3.387706508215856 6.521792747981941 0
      vertex 3.5355445163928603 6.468895462828465 0.40000000000000036
      vertex 3.387706508215856 6.521792747981941 0.40000000000000036
    endloop
  endfacet
  facet normal 0 0 -1
    outer loop
      vertex 3.2457652210784036 6.588925977042631 0.40000000000000036
      vertex 3.387706508215856 6.521792747981941 0.40000000000000036
      vertex 3.349438164979347 6.429404794730813 0.40000000000000036
    endloop
  endfacet
  facet normal 0 0 -1
    outer loop
      vertex 3.349438164979347 6.429404794730813 0.40000000000000036
      vertex 3.387706508215856 6.521792747981941 0.40000000000000036
      vertex 3.506516048667414 6.373201429255245 0.40000000000000036
    endloop
  endfacet
  facet normal 0 0 -1
    outer loop
      vertex 3.387706508215856 6.521792747981941 0.40000000000000036
      vertex 3.5355445163928603 6.468895462828465 0.40000000000000036
      vertex 3.506516048667414 6.373201429255245 0.40000000000000036
    endloop
  endfacet
  facet normal -0.5141027441932244 -0.8577286100002706 0
    outer loop
      vertex 3.0555306038666763 6.586501659085673 0.40000000000000036
      vertex 3.198625547395804 6.500733850607796 0.40000000000000036
      vertex 3.198625547395804 6.500733850607796 1.2000000000000002
    endloop
  endfacet
  facet normal -0.5141027441932244 -0.8577286100002706 0
    outer loop
      vertex 3.0555306038666763 6.586501659085673 0.40000000000000036
      vertex 3.198625547395804 6.500733850607796 1.2000000000000002
      vertex 3.0555306038666763 6.586501659085673 1.2000000000000002
    endloop
  endfacet
  facet normal -0.4275550934302803 -0.9039892931234441 0
    outer loop
      vertex 3.198625547395804 6.500733850607796 0.40000000000000036
      vertex 3.349438164979347 6.429404794730813 1.2000000000000002
      vertex 3.198625547395804 6.500733850607796 1.2000000000000002
    endloop
  endfacet
  facet normal -0.4275550934302803 -0.9039892931234441 0
    outer loop
      vertex 3.198625547395804 6.500733850607796 0.40000000000000036
      vertex 3.349438164979347 6.429404794730813 0.40000000000000036
      vertex 3.349438164979347 6.429404794730813 1.2000000000000002
    endloop
  endfacet
  facet normal -0.3368898533922219 -0.94154406518302 0
    outer loop
      vertex 3.349438164979347 6.429404794730813 0.40000000000000036
      vertex 3.506516048667414 6.373201429255245 0.40000000000000036
      vertex 3.506516048667414 6.373201429255245 1.2000000000000002
    endloop
  endfacet
  facet normal -0.3368898533922219 -0.94154406518302 0
    outer loop
      vertex 3.349438164979347 6.429404794730813 0.40000000000000036
      vertex 3.506516048667414 6.373201429255245 1.2000000000000002
      vertex 3.349438164979347 6.429404794730813 1.2000000000000002
    endloop
  endfacet
  facet normal -0.24298017990325763 -0.9700312531945456 0
    outer loop
      vertex 3.5355445163928603 6.468895462828465 0
      vertex 3.687855484774195 6.430743551354832 0.40000000000000036
      vertex 3.5355445163928603 6.468895462828465 0.40000000000000036
    endloop
  endfacet
  facet normal -0.24298017990325763 -0.9700312531945456 0
    outer loop
      vertex 3.5355445163928603 6.468895462828465 0
      vertex 3.687855484774195 6.430743551354832 0
      vertex 3.687855484774195 6.430743551354832 0.40000000000000036
    endloop
  endfacet
  facet normal -0.14673047445536486 -0.9891765099647806 0
    outer loop
      vertex 3.687855484774195 6.430743551354832 0
      vertex 3.843172575472703 6.407704437324485 0.40000000000000036
      vertex 3.687855484774195 6.430743551354832 0.40000000000000036
    endloop
  endfacet
  facet normal 0 0 -1
    outer loop
      vertex 3.506516048667414 6.373201429255245 0.40000000000000036
      vertex 3.5355445163928603 6.468895462828465 0.40000000000000036
      vertex 3.6683464525725817 6.332665023314508 0.40000000000000036
    endloop
  endfacet
  facet normal 0 0 -1
    outer loop
      vertex 3.5355445163928603 6.468895462828465 0.40000000000000036
      vertex 3.687855484774195 6.430743551354832 0.40000000000000036
      vertex 3.6683464525725817 6.332665023314508 0.40000000000000036
    endloop
  endfacet
  facet normal 0 0 -1
    outer loop
      vertex 3.6683464525725817 6.332665023314508 0.40000000000000036
      vertex 3.687855484774195 6.430743551354832 0.40000000000000036
      vertex 3.833370861439747 6.308185964657266 0.40000000000000036
    endloop
  endfacet
  facet normal -0.14673047445536486 -0.9891765099647806 0
    outer loop
      vertex 3.687855484774195 6.430743551354832 0
      vertex 3.843172575472703 6.407704437324485 0
      vertex 3.843172575472703 6.407704437324485 0.40000000000000036
    endloop
  endfacet
  facet normal -0.04906767432741527 -0.9987954562051724 0
    outer loop
      vertex 3.843172575472703 6.407704437324485 0
      vertex 4 6.4 0
      vertex 4 6.4 0.40000000000000036
    endloop
  endfacet
  facet normal -0.04906767432741527 -0.9987954562051724 0
    outer loop
      vertex 3.843172575472703 6.407704437324485 0
      vertex 4 6.4 0.40000000000000036
      vertex 3.843172575472703 6.407704437324485 0.40000000000000036
    endloop
  endfacet
  facet normal 0 0 -1
    outer loop
      vertex 3.687855484774195 6.430743551354832 0.40000000000000036
      vertex 3.843172575472703 6.407704437324485 0.40000000000000036
      vertex 3.833370861439747 6.308185964657266 0.40000000000000036
    endloop
  endfacet
  facet normal 0 0 -1
    outer loop
      vertex 3.833370861439747 6.308185964657266 0.40000000000000036
      vertex 3.843172575472703 6.407704437324485 0.40000000000000036
      vertex 4 6.300000000000001 0.40000000000000036
    endloop
  endfacet
  facet normal 0 0 -1
    outer loop
      vertex 3.843172575472703 6.407704437324485 0.40000000000000036
      vertex 4 6.4 0.40000000000000036
      vertex 4 6.300000000000001 0.40000000000000036
    endloop
  endfacet
  facet normal 0 0 -1
    outer loop
      vertex 3.5355445163928603 6.468895462828465 0
      vertex 4.464455483607139 9.531104537171533 0
      vertex 3.687855484774195 6.430743551354832 0
    endloop
  endfacet
  facet normal -0.24298017990326312 -0.9700312531945441 0
    outer loop
      vertex 3.506516048667414 6.373201429255245 0.40000000000000036
      vertex 3.6683464525725817 6.332665023314508 0.40000000000000036
      vertex 3.6683464525725817 6.332665023314508 1.2000000000000002
    endloop
  endfacet
  facet normal -0.24298017990326312 -0.9700312531945441 0
    outer loop
      vertex 3.506516048667414 6.373201429255245 0.40000000000000036
      vertex 3.6683464525725817 6.332665023314508 1.2000000000000002
      vertex 3.506516048667414 6.373201429255245 1.2000000000000002
    endloop
  endfacet
  facet normal -0.1467304744553565 -0.9891765099647817 0
    outer loop
      vertex 3.6683464525725817 6.332665023314508 0.40000000000000036
      vertex 3.833370861439747 6.308185964657266 1.2000000000000002
      vertex 3.6683464525725817 6.332665023314508 1.2000000000000002
    endloop
  endfacet
  facet normal -0.1467304744553565 -0.9891765099647817 0
    outer loop
      vertex 3.6683464525725817 6.332665023314508 0.40000000000000036
      vertex 3.833370861439747 6.308185964657266 0.40000000000000036
      vertex 3.833370861439747 6.308185964657266 1.2000000000000002
    endloop
  endfacet
  facet normal -0.049067674327417994 -0.9987954562051724 0
    outer loop
      vertex 3.833370861439747 6.308185964657266 0.40000000000000036
      vertex 4 6.300000000000001 0.40000000000000036
      vertex 4 6.300000000000001 1.2000000000000002
    endloop
  endfacet
  facet normal -0.049067674327417994 -0.9987954562051724 0
    outer loop
      vertex 3.833370861439747 6.308185964657266 0.40000000000000036
      vertex 4 6.300000000000001 1.2000000000000002
      vertex 3.833370861439747 6.308185964657266 1.2000000000000002
    endloop
  endfacet
  facet normal 0 0 -1
    outer loop
      vertex 1.9 1.9000000000000004 2.2
      vertex 3.5355445163928603 6.468895462828465 2.2
      vertex 3.687855484774195 6.430743551354832 2.2
    endloop
  endfacet
  facet normal 0 0 -1
    outer loop
      vertex 1.9 1.9000000000000004 2.2
      vertex 3.687855484774195 6.430743551354832 2.2
      vertex 3.843172575472703 6.407704437324485 2.2
    endloop
  endfacet
  facet normal 0 0 -1
    outer loop
      vertex 1.9 1.9000000000000004 2.2
      vertex 3.843172575472703 6.407704437324485 2.2
      vertex 4 6.4 2.2
    endloop
  endfacet
  facet normal 0 0 -1
    outer loop
      vertex 1.9 1.9000000000000004 2.2
      vertex 4 6.4 2.2
      vertex 4.156827424527297 6.407704437324485 2.2
    endloop
  endfacet
  facet normal 0 0 1
    outer loop
      vertex 2.9215314169218027 6.685882229283347 1.2000000000000002
      vertex 3.0555306038666763 6.586501659085673 1.2000000000000002
      vertex 3.1110876271686365 6.669648620315927 1.2000000000000002
    endloop
  endfacet
  facet normal 0 0 1
    outer loop
      vertex 3.0555306038666763 6.586501659085673 1.2000000000000002
      vertex 3.2457652210784036 6.588925977042631 1.2000000000000002
      vertex 3.1110876271686365 6.669648620315927 1.2000000000000002
    endloop
  endfacet
  facet normal 0 0 1
    outer loop
      vertex 3.0555306038666763 6.586501659085673 1.2000000000000002
      vertex 3.198625547395804 6.500733850607796 1.2000000000000002
      vertex 3.2457652210784036 6.588925977042631 1.2000000000000002
    endloop
  endfacet
  facet normal -0.5956993044924348 -0.8032075314806439 0
    outer loop
      vertex 2.984970745338167 6.763183274619621 1.2000000000000002
      vertex 3.1110876271686365 6.669648620315927 1.2000000000000002
      vertex 2.984970745338167 6.763183274619621 2.2
    endloop
  endfacet
  facet normal -0.5141027441932227 -0.8577286100002717 0
    outer loop
      vertex 3.1110876271686365 6.669648620315927 1.2000000000000002
      vertex 3.2457652210784036 6.588925977042631 1.2000000000000002
      vertex 3.1110876271686365 6.669648620315927 2.2
    endloop
  endfacet
  facet normal 0 0 1
    outer loop
      vertex 3.198625547395804 6.500733850607796 1.2000000000000002
      vertex 3.387706508215856 6.521792747981941 1.2000000000000002
      vertex 3.2457652210784036 6.588925977042631 1.2000000000000002
    endloop
  endfacet
  facet normal 0 0 1
    outer loop
      vertex 3.198625547395804 6.500733850607796 1.2000000000000002
      vertex 3.349438164979347 6.429404794730813 1.2000000000000002
      vertex 3.387706508215856 6.521792747981941 1.2000000000000002
    endloop
  endfacet
  facet normal 0 0 1
    outer loop
      vertex 3.349438164979347 6.429404794730813 1.2000000000000002
      vertex 3.5355445163928603 6.468895462828465 1.2000000000000002
      vertex 3.387706508215856 6.521792747981941 1.2000000000000002
    endloop
  endfacet
  facet normal 0 0 1
    outer loop
      vertex 3.349438164979347 6.429404794730813 1.2000000000000002
      vertex 3.506516048667414 6.373201429255245 1.2000000000000002
      vertex 3.5355445163928603 6.468895462828465 1.2000000000000002
    endloop
  endfacet
  facet normal -0.4275550934302809 -0.9039892931234439 0
    outer loop
      vertex 3.2457652210784036 6.588925977042631 1.2000000000000002
      vertex 3.387706508215856 6.521792747981941 1.2000000000000002
      vertex 3.2457652210784036 6.588925977042631 2.2
    endloop
  endfacet
  facet normal -0.33688985339222133 -0.9415440651830204 0
    outer loop
      vertex 3.387706508215856 6.521792747981941 1.2000000000000002
      vertex 3.5355445163928603 6.468895462828465 1.2000000000000002
      vertex 3.387706508215856 6.521792747981941 2.2
    endloop
  endfacet
  facet normal -0.5956993044924348 -0.8032075314806439 0
    outer loop
      vertex 2.984970745338167 6.763183274619621 2.2
      vertex 3.1110876271686365 6.669648620315927 1.2000000000000002
      vertex 3.1110876271686365 6.669648620315927 2.2
    endloop
  endfacet
  facet normal -0.5141027441932227 -0.8577286100002717 0
    outer loop
      vertex 3.2457652210784036 6.588925977042631 1.2000000000000002
      vertex 3.2457652210784036 6.588925977042631 2.2
      vertex 3.1110876271686365 6.669648620315927 2.2
    endloop
  endfacet
  facet normal -0.4275550934302809 -0.9039892931234439 0
    outer loop
      vertex 3.387706508215856 6.521792747981941 1.2000000000000002
      vertex 3.387706508215856 6.521792747981941 2.2
      vertex 3.2457652210784036 6.588925977042631 2.2
    endloop
  endfacet
  facet normal -0.33688985339222133 -0.9415440651830204 0
    outer loop
      vertex 3.387706508215856 6.521792747981941 2.2
      vertex 3.5355445163928603 6.468895462828465 1.2000000000000002
      vertex 3.5355445163928603 6.468895462828465 2.2
    endloop
  endfacet
  facet normal 0 0 1
    outer loop
      vertex 3.506516048667414 6.373201429255245 1.2000000000000002
      vertex 3.687855484774195 6.430743551354832 1.2000000000000002
      vertex 3.5355445163928603 6.468895462828465 1.2000000000000002
    endloop
  endfacet
  facet normal 0 0 1
    outer loop
      vertex 3.506516048667414 6.373201429255245 1.2000000000000002
      vertex 3.6683464525725817 6.332665023314508 1.2000000000000002
      vertex 3.687855484774195 6.430743551354832 1.2000000000000002
    endloop
  endfacet
  facet normal 0 0 1
    outer loop
      vertex 3.6683464525725817 6.332665023314508 1.2000000000000002
      vertex 3.843172575472703 6.407704437324485 1.2000000000000002
      vertex 3.687855484774195 6.430743551354832 1.2000000000000002
    endloop
  endfacet
  facet normal -0.2429801799032576 -0.9700312531945455 0
    outer loop
      vertex 3.5355445163928603 6.468895462828465 1.2000000000000002
      vertex 3.687855484774195 6.430743551354832 1.2000000000000002
      vertex 3.5355445163928603 6.468895462828465 2.2
    endloop
  endfacet
  facet normal -0.14673047445536486 -0.9891765099647806 0
    outer loop
      vertex 3.687855484774195 6.430743551354832 1.2000000000000002
      vertex 3.843172575472703 6.407704437324485 1.2000000000000002
      vertex 3.687855484774195 6.430743551354832 2.2
    endloop
  endfacet
  facet normal 0 0 1
    outer loop
      vertex 3.6683464525725817 6.332665023314508 1.2000000000000002
      vertex 3.833370861439747 6.308185964657266 1.2000000000000002
      vertex 3.843172575472703 6.407704437324485 1.2000000000000002
    endloop
  endfacet
  facet normal 0 0 1
    outer loop
      vertex 3.833370861439747 6.308185964657266 1.2000000000000002
      vertex 4 6.4 1.2000000000000002
      vertex 3.843172575472703 6.407704437324485 1.2000000000000002
    endloop
  endfacet
  facet normal 0 0 1
    outer loop
      vertex 3.833370861439747 6.308185964657266 1.2000000000000002
      vertex 4 6.300000000000001 1.2000000000000002
      vertex 4 6.4 1.2000000000000002
    endloop
  endfacet
  facet normal -0.049067674327415274 -0.9987954562051726 0
    outer loop
      vertex 3.843172575472703 6.407704437324485 1.2000000000000002
      vertex 4 6.4 1.2000000000000002
      vertex 3.843172575472703 6.407704437324485 2.2
    endloop
  endfacet
  facet normal -0.2429801799032576 -0.9700312531945455 0
    outer loop
      vertex 3.687855484774195 6.430743551354832 1.2000000000000002
      vertex 3.687855484774195 6.430743551354832 2.2
      vertex 3.5355445163928603 6.468895462828465 2.2
    endloop
  endfacet
  facet normal -0.14673047445536486 -0.9891765099647806 0
    outer loop
      vertex 3.843172575472703 6.407704437324485 1.2000000000000002
      vertex 3.843172575472703 6.407704437324485 2.2
      vertex 3.687855484774195 6.430743551354832 2.2
    endloop
  endfacet
  facet normal -0.049067674327415274 -0.9987954562051726 0
    outer loop
      vertex 3.843172575472703 6.407704437324485 2.2
      vertex 4 6.4 1.2000000000000002
      vertex 4 6.4 2.2
    endloop
  endfacet
  facet normal -0.9987954562051724 0.04906767432741823 0
    outer loop
      vertex 2.4 8 0
      vertex 2.4 8 0.40000000000000036
      vertex 2.407704437324485 8.156827424527297 0
    endloop
  endfacet
  facet normal -0.9891765099647808 0.14673047445536166 0
    outer loop
      vertex 2.407704437324485 8.156827424527297 0
      vertex 2.407704437324485 8.156827424527297 0.40000000000000036
      vertex 2.4307435513548312 8.312144515225805 0
    endloop
  endfacet
  facet normal -0.9987954562051724 0.04906767432741823 0
    outer loop
      vertex 2.4 8 0.40000000000000036
      vertex 2.407704437324485 8.156827424527297 0.40000000000000036
      vertex 2.407704437324485 8.156827424527297 0
    endloop
  endfacet
  facet normal -0.9700312531945433 0.24298017990326623 0
    outer loop
      vertex 2.4307435513548312 8.312144515225805 0
      vertex 2.4307435513548312 8.312144515225805 0.40000000000000036
      vertex 2.468895462828466 8.46445548360714 0
    endloop
  endfacet
  facet normal -0.9415440651830221 0.33688985339221633 0
    outer loop
      vertex 2.468895462828466 8.46445548360714 0
      vertex 2.468895462828466 8.46445548360714 0.40000000000000036
      vertex 2.521792747981941 8.612293491784143 0
    endloop
  endfacet
  facet normal -0.9891765099647808 0.14673047445536166 0
    outer loop
      vertex 2.4307435513548312 8.312144515225805 0
      vertex 2.407704437324485 8.156827424527297 0.40000000000000036
      vertex 2.4307435513548312 8.312144515225805 0.40000000000000036
    endloop
  endfacet
  facet normal -0.9700312531945433 0.24298017990326623 0
    outer loop
      vertex 2.468895462828466 8.46445548360714 0
      vertex 2.4307435513548312 8.312144515225805 0.40000000000000036
      vertex 2.468895462828466 8.46445548360714 0.40000000000000036
    endloop
  endfacet
  facet normal -0.9415440651830221 0.33688985339221633 0
    outer loop
      vertex 2.521792747981941 8.612293491784143 0
      vertex 2.468895462828466 8.46445548360714 0.40000000000000036
      vertex 2.521792747981941 8.612293491784143 0.40000000000000036
    endloop
  endfacet
  facet normal 0 0 -1
    outer loop
      vertex 2.308185964657265 7.833370861439747 0.40000000000000036
      vertex 2.308185964657265 8.166629138560253 0.40000000000000036
      vertex 2.332665023314508 8.331653547427418 0.40000000000000036
    endloop
  endfacet
  facet normal 0 0 -1
    outer loop
      vertex 2.332665023314508 7.668346452572582 0.40000000000000036
      vertex 2.332665023314508 8.331653547427418 0.40000000000000036
      vertex 2.3732014292552446 8.493483951332585 0.40000000000000036
    endloop
  endfacet
  facet normal 0 0 -1
    outer loop
      vertex 2.3732014292552446 7.5065160486674145 0.40000000000000036
      vertex 2.4294047947308126 8.650561835020653 0.40000000000000036
      vertex 2.4 8 0.40000000000000036
    endloop
  endfacet
  facet normal 0 0 -1
    outer loop
      vertex 2.3732014292552446 7.5065160486674145 0.40000000000000036
      vertex 2.3732014292552446 8.493483951332585 0.40000000000000036
      vertex 2.4294047947308126 8.650561835020653 0.40000000000000036
    endloop
  endfacet
  facet normal 0 0 -1
    outer loop
      vertex 2.4 8 0.40000000000000036
      vertex 2.4294047947308126 8.650561835020653 0.40000000000000036
      vertex 2.407704437324485 8.156827424527297 0.40000000000000036
    endloop
  endfacet
  facet normal 0 0 -1
    outer loop
      vertex 2.407704437324485 8.156827424527297 0.40000000000000036
      vertex 2.4294047947308126 8.650561835020653 0.40000000000000036
      vertex 2.4307435513548312 8.312144515225805 0.40000000000000036
    endloop
  endfacet
  facet normal 0 0 -1
    outer loop
      vertex 2.4307435513548312 8.312144515225805 0.40000000000000036
      vertex 2.4294047947308126 8.650561835020653 0.40000000000000036
      vertex 2.468895462828466 8.46445548360714 0.40000000000000036
    endloop
  endfacet
  facet normal 0 0 -1
    outer loop
      vertex 2.468895462828466 8.46445548360714 0.40000000000000036
      vertex 2.4294047947308126 8.650561835020653 0.40000000000000036
      vertex 2.521792747981941 8.612293491784143 0.40000000000000036
    endloop
  endfacet
  facet normal 0 0 -1
    outer loop
      vertex 2.4294047947308126 8.650561835020653 0.40000000000000036
      vertex 2.500733850607796 8.801374452604197 0.40000000000000036
      vertex 2.521792747981941 8.612293491784143 0.40000000000000036
    endloop
  endfacet
  facet normal 0 0 -1
    outer loop
      vertex 2.521792747981941 8.612293491784143 0.40000000000000036
      vertex 2.500733850607796 8.801374452604197 0.40000000000000036
      vertex 2.588925977042632 8.754234778921596 0.40000000000000036
    endloop
  endfacet
  facet normal -0.9987954562051724 0.04906767432741786 0
    outer loop
      vertex 2.3 8 0.40000000000000036
      vertex 2.308185964657265 8.166629138560253 1.2000000000000002
      vertex 2.308185964657265 8.166629138560253 0.40000000000000036
    endloop
  endfacet
  facet normal -0.9891765099647808 0.1467304744553621 0
    outer loop
      vertex 2.308185964657265 8.166629138560253 0.40000000000000036
      vertex 2.332665023314508 8.331653547427418 1.2000000000000002
      vertex 2.332665023314508 8.331653547427418 0.40000000000000036
    endloop
  endfacet
  facet normal -0.9700312531945441 0.2429801799032638 0
    outer loop
      vertex 2.332665023314508 8.331653547427418 0.40000000000000036
      vertex 2.3732014292552446 8.493483951332585 1.2000000000000002
      vertex 2.3732014292552446 8.493483951332585 0.40000000000000036
    endloop
  endfacet
  facet normal -0.9415440651830207 0.3368898533922202 0
    outer loop
      vertex 2.3732014292552446 8.493483951332585 0.40000000000000036
      vertex 2.4294047947308126 8.650561835020653 1.2000000000000002
      vertex 2.4294047947308126 8.650561835020653 0.40000000000000036
    endloop
  endfacet
  facet normal -0.9039892931234448 0.42755509343027936 0
    outer loop
      vertex 2.4294047947308126 8.650561835020653 0.40000000000000036
      vertex 2.500733850607796 8.801374452604197 1.2000000000000002
      vertex 2.500733850607796 8.801374452604197 0.40000000000000036
    endloop
  endfacet
  facet normal -0.9987954562051724 0.04906767432741786 0
    outer loop
      vertex 2.3 8 0.40000000000000036
      vertex 2.3 8 1.2000000000000002
      vertex 2.308185964657265 8.166629138560253 1.2000000000000002
    endloop
  endfacet
  facet normal -0.9891765099647808 0.1467304744553621 0
    outer loop
      vertex 2.308185964657265 8.166629138560253 0.40000000000000036
      vertex 2.308185964657265 8.166629138560253 1.2000000000000002
      vertex 2.332665023314508 8.331653547427418 1.2000000000000002
    endloop
  endfacet
  facet normal -0.9700312531945441 0.2429801799032638 0
    outer loop
      vertex 2.332665023314508 8.331653547427418 0.40000000000000036
      vertex 2.332665023314508 8.331653547427418 1.2000000000000002
      vertex 2.3732014292552446 8.493483951332585 1.2000000000000002
    endloop
  endfacet
  facet normal -0.9415440651830207 0.3368898533922202 0
    outer loop
      vertex 2.3732014292552446 8.493483951332585 0.40000000000000036
      vertex 2.3732014292552446 8.493483951332585 1.2000000000000002
      vertex 2.4294047947308126 8.650561835020653 1.2000000000000002
    endloop
  endfacet
  facet normal -0.9039892931234448 0.42755509343027936 0
    outer loop
      vertex 2.4294047947308126 8.650561835020653 0.40000000000000036
      vertex 2.4294047947308126 8.650561835020653 1.2000000000000002
      vertex 2.500733850607796 8.801374452604197 1.2000000000000002
    endloop
  endfacet
  facet normal -0.8577286100002725 0.5141027441932213 0
    outer loop
      vertex 2.500733850607796 8.801374452604197 0.40000000000000036
      vertex 2.500733850607796 8.801374452604197 1.2000000000000002
      vertex 2.586501659085673 8.944469396133325 1.2000000000000002
    endloop
  endfacet
  facet normal -0.9039892931234427 0.4275550934302832 0
    outer loop
      vertex 2.521792747981941 8.612293491784143 0
      vertex 2.521792747981941 8.612293491784143 0.40000000000000036
      vertex 2.588925977042632 8.754234778921596 0
    endloop
  endfacet
  facet normal -0.8577286100002722 0.5141027441932212 0
    outer loop
      vertex 2.588925977042632 8.754234778921596 0
      vertex 2.588925977042632 8.754234778921596 0.40000000000000036
      vertex 2.6696486203159275 8.888912372831363 0
    endloop
  endfacet
  facet normal -0.9039892931234427 0.4275550934302832 0
    outer loop
      vertex 2.521792747981941 8.612293491784143 0.40000000000000036
      vertex 2.588925977042632 8.754234778921596 0.40000000000000036
      vertex 2.588925977042632 8.754234778921596 0
    endloop
  endfacet
  facet normal -0.8577286100002722 0.5141027441932212 0
    outer loop
      vertex 2.6696486203159275 8.888912372831363 0
      vertex 2.588925977042632 8.754234778921596 0.40000000000000036
      vertex 2.6696486203159275 8.888912372831363 0.40000000000000036
    endloop
  endfacet
  facet normal -0.8032075314806452 0.5956993044924329 0
    outer loop
      vertex 2.6696486203159275 8.888912372831363 0
      vertex 2.6696486203159275 8.888912372831363 0.40000000000000036
      vertex 2.763183274619621 9.015029254661833 0
    endloop
  endfacet
  facet normal -0.8032075314806452 0.5956993044924329 0
    outer loop
      vertex 2.763183274619621 9.015029254661833 0
      vertex 2.6696486203159275 8.888912372831363 0.40000000000000036
      vertex 2.763183274619621 9.015029254661833 0.40000000000000036
    endloop
  endfacet
  facet normal 0 0 -1
    outer loop
      vertex 2.500733850607796 8.801374452604197 0.40000000000000036
      vertex 2.586501659085673 8.944469396133325 0.40000000000000036
      vertex 2.588925977042632 8.754234778921596 0.40000000000000036
    endloop
  endfacet
  facet normal 0 0 -1
    outer loop
      vertex 2.588925977042632 8.754234778921596 0.40000000000000036
      vertex 2.586501659085673 8.944469396133325 0.40000000000000036
      vertex 2.6696486203159275 8.888912372831363 0.40000000000000036
    endloop
  endfacet
  facet normal 0 0 -1
    outer loop
      vertex 2.586501659085673 8.944469396133325 0.40000000000000036
      vertex 2.763183274619621 9.015029254661833 0.40000000000000036
      vertex 2.6696486203159275 8.888912372831363 0.40000000000000036
    endloop
  endfacet
  facet normal 0 0 -1
    outer loop
      vertex 2.586501659085673 8.944469396133325 0.40000000000000036
      vertex 2.6858822292833473 9.078468583078198 0.40000000000000036
      vertex 2.763183274619621 9.015029254661833 0.40000000000000036
    endloop
  endfacet
  facet normal 0 0 -1
    outer loop
      vertex 2.763183274619621 9.015029254661833 0.40000000000000036
      vertex 2.6858822292833473 9.078468583078198 0.40000000000000036
      vertex 2.8686291501015235 9.131370849898477 0.40000000000000036
    endloop
  endfacet
  facet normal 0 0 -1
    outer loop
      vertex 3.5355445163928603 6.468895462828465 0
      vertex 2.6696486203159275 8.888912372831363 0
      vertex 2.763183274619621 9.015029254661833 0
    endloop
  endfacet
  facet normal -0.7409511253549637 0.6715589548470133 0
    outer loop
      vertex 2.763183274619621 9.015029254661833 0
      vertex 2.763183274619621 9.015029254661833 0.40000000000000036
      vertex 2.8686291501015235 9.131370849898477 0
    endloop
  endfacet
  facet normal -0.7409511253549637 0.6715589548470133 0
    outer loop
      vertex 2.763183274619621 9.015029254661833 0.40000000000000036
      vertex 2.8686291501015235 9.131370849898477 0.40000000000000036
      vertex 2.8686291501015235 9.131370849898477 0
    endloop
  endfacet
  facet normal -0.671558954847013 0.740951125354964 0
    outer loop
      vertex 2.8686291501015235 9.131370849898477 0
      vertex 2.8686291501015235 9.131370849898477 0.40000000000000036
      vertex 2.984970745338167 9.236816725380379 0
    endloop
  endfacet
  facet normal -0.671558954847013 0.740951125354964 0
    outer loop
      vertex 2.984970745338167 9.236816725380379 0
      vertex 2.8686291501015235 9.131370849898477 0.40000000000000036
      vertex 2.984970745338167 9.236816725380379 0.40000000000000036
    endloop
  endfacet
  facet normal 0 0 -1
    outer loop
      vertex 2.6858822292833473 9.078468583078198 0.40000000000000036
      vertex 2.797918471982869 9.202081528017132 0.40000000000000036
      vertex 2.8686291501015235 9.131370849898477 0.40000000000000036
    endloop
  endfacet
  facet normal 0 0 -1
    outer loop
      vertex 2.797918471982869 9.202081528017132 0.40000000000000036
      vertex 2.984970745338167 9.236816725380379 0.40000000000000036
      vertex 2.8686291501015235 9.131370849898477 0.40000000000000036
    endloop
  endfacet
  facet normal 0 0 -1
    outer loop
      vertex 2.797918471982869 9.202081528017132 0.40000000000000036
      vertex 2.9215314169218027 9.314117770716653 0.40000000000000036
      vertex 2.984970745338167 9.236816725380379 0.40000000000000036
    endloop
  endfacet
  facet normal 0 0 -1
    outer loop
      vertex 2.9215314169218027 9.314117770716653 0.40000000000000036
      vertex 3.1110876271686365 9.330351379684073 0.40000000000000036
      vertex 2.984970745338167 9.236816725380379 0.40000000000000036
    endloop
  endfacet
  facet normal -0.8577286100002725 0.5141027441932213 0
    outer loop
      vertex 2.500733850607796 8.801374452604197 0.40000000000000036
      vertex 2.586501659085673 8.944469396133325 1.2000000000000002
      vertex 2.586501659085673 8.944469396133325 0.40000000000000036
    endloop
  endfacet
  facet normal -0.8032075314806429 0.5956993044924361 0
    outer loop
      vertex 2.586501659085673 8.944469396133325 0.40000000000000036
      vertex 2.6858822292833473 9.078468583078198 1.2000000000000002
      vertex 2.6858822292833473 9.078468583078198 0.40000000000000036
    endloop
  endfacet
  facet normal -0.8032075314806429 0.5956993044924361 0
    outer loop
      vertex 2.586501659085673 8.944469396133325 0.40000000000000036
      vertex 2.586501659085673 8.944469396133325 1.2000000000000002
      vertex 2.6858822292833473 9.078468583078198 1.2000000000000002
    endloop
  endfacet
  facet normal -0.7409511253549614 0.6715589548470159 0
    outer loop
      vertex 2.6858822292833473 9.078468583078198 0.40000000000000036
      vertex 2.797918471982869 9.202081528017132 1.2000000000000002
      vertex 2.797918471982869 9.202081528017132 0.40000000000000036
    endloop
  endfacet
  facet normal -0.7409511253549614 0.6715589548470159 0
    outer loop
      vertex 2.6858822292833473 9.078468583078198 0.40000000000000036
      vertex 2.6858822292833473 9.078468583078198 1.2000000000000002
      vertex 2.797918471982869 9.202081528017132 1.2000000000000002
    endloop
  endfacet
  facet normal -0.6715589548470129 0.740951125354964 0
    outer loop
      vertex 2.797918471982869 9.202081528017132 0.40000000000000036
      vertex 2.797918471982869 9.202081528017132 1.2000000000000002
      vertex 2.9215314169218027 9.314117770716653 0.40000000000000036
    endloop
  endfacet
  facet normal -0.595699304492433 0.8032075314806452 0
    outer loop
      vertex 2.9215314169218027 9.314117770716653 0.40000000000000036
      vertex 2.9215314169218027 9.314117770716653 1.2000000000000002
      vertex 3.0555306038666763 9.413498340914327 0.40000000000000036
    endloop
  endfacet
  facet normal -0.6715589548470129 0.740951125354964 0
    outer loop
      vertex 2.9215314169218027 9.314117770716653 0.40000000000000036
      vertex 2.797918471982869 9.202081528017132 1.2000000000000002
      vertex 2.9215314169218027 9.314117770716653 1.2000000000000002
    endloop
  endfacet
  facet normal -0.595699304492433 0.8032075314806452 0
    outer loop
      vertex 2.9215314169218027 9.314117770716653 1.2000000000000002
      vertex 3.0555306038666763 9.413498340914327 1.2000000000000002
      vertex 3.0555306038666763 9.413498340914327 0.40000000000000036
    endloop
  endfacet
  facet normal 0 0 -1
    outer loop
      vertex 1.5 8.4 1.4000000000000004
      vertex 2.4 8 1.4000000000000004
      vertex 2.407704437324485 7.843172575472703 1.4000000000000004
    endloop
  endfacet
  facet normal 0 0 -1
    outer loop
      vertex 1.5 8.4 1.4000000000000004
      vertex 2.407704437324485 8.156827424527297 1.4000000000000004
      vertex 2.4 8 1.4000000000000004
    endloop
  endfacet
  facet normal 0 0 -1
    outer loop
      vertex 1.5 8.4 1.4000000000000004
      vertex 2.4307435513548312 8.312144515225805 1.4000000000000004
      vertex 2.407704437324485 8.156827424527297 1.4000000000000004
    endloop
  endfacet
  facet normal 0 0 -1
    outer loop
      vertex 1.5 8.4 1.4000000000000004
      vertex 2.452750204672053 8.4 1.4000000000000004
      vertex 2.4307435513548312 8.312144515225805 1.4000000000000004
    endloop
  endfacet
  facet normal 0 0 1
    outer loop
      vertex 2.332665023314508 7.668346452572582 1.2000000000000002
      vertex 2.332665023314508 8.331653547427418 1.2000000000000002
      vertex 2.308185964657265 8.166629138560253 1.2000000000000002
    endloop
  endfacet
  facet normal 0 0 1
    outer loop
      vertex 2.3732014292552446 7.5065160486674145 1.2000000000000002
      vertex 2.3732014292552446 8.493483951332585 1.2000000000000002
      vertex 2.332665023314508 8.331653547427418 1.2000000000000002
    endloop
  endfacet
  facet normal -0.9987954562051724 0.04906767432741823 0
    outer loop
      vertex 2.4 8 1.2000000000000002
      vertex 2.407704437324485 8.156827424527297 1.4000000000000004
      vertex 2.407704437324485 8.156827424527297 1.2000000000000002
    endloop
  endfacet
  facet normal 0 0 1
    outer loop
      vertex 2.4 8 1.2000000000000002
      vertex 2.407704437324485 8.156827424527297 1.2000000000000002
      vertex 2.3732014292552446 8.493483951332585 1.2000000000000002
    endloop
  endfacet
  facet normal -0.9987954562051724 0.04906767432741823 0
    outer loop
      vertex 2.4 8 1.2000000000000002
      vertex 2.4 8 1.4000000000000004
      vertex 2.407704437324485 8.156827424527297 1.4000000000000004
    endloop
  endfacet
  facet normal -0.9891765099647808 0.14673047445536166 0
    outer loop
      vertex 2.407704437324485 8.156827424527297 1.2000000000000002
      vertex 2.407704437324485 8.156827424527297 1.4000000000000004
      vertex 2.4307435513548312 8.312144515225805 1.4000000000000004
    endloop
  endfacet
  facet normal 0 0 1
    outer loop
      vertex 2.407704437324485 8.156827424527297 1.2000000000000002
      vertex 2.4294047947308126 8.650561835020653 1.2000000000000002
      vertex 2.3732014292552446 8.493483951332585 1.2000000000000002
    endloop
  endfacet
  facet normal -0.9891765099647808 0.14673047445536166 0
    outer loop
      vertex 2.407704437324485 8.156827424527297 1.2000000000000002
      vertex 2.4307435513548312 8.312144515225805 1.4000000000000004
      vertex 2.4307435513548312 8.312144515225805 1.2000000000000002
    endloop
  endfacet
  facet normal 0 0 1
    outer loop
      vertex 2.407704437324485 8.156827424527297 1.2000000000000002
      vertex 2.4307435513548312 8.312144515225805 1.2000000000000002
      vertex 2.4294047947308126 8.650561835020653 1.2000000000000002
    endloop
  endfacet
  facet normal 0 0 1
    outer loop
      vertex 2.4307435513548312 8.312144515225805 1.2000000000000002
      vertex 2.468895462828466 8.46445548360714 1.2000000000000002
      vertex 2.4294047947308126 8.650561835020653 1.2000000000000002
    endloop
  endfacet
  facet normal -0.9700312531945433 0.24298017990326623 -3.3144086835587253e-16
    outer loop
      vertex 2.4307435513548312 8.312144515225805 1.2000000000000002
      vertex 2.452750204672053 8.4 1.4000000000000004
      vertex 2.468895462828466 8.46445548360714 1.2000000000000002
    endloop
  endfacet
  facet normal -0.9700312531945436 0.24298017990326556 0
    outer loop
      vertex 2.4307435513548312 8.312144515225805 1.2000000000000002
      vertex 2.4307435513548312 8.312144515225805 1.4000000000000004
      vertex 2.452750204672053 8.4 1.4000000000000004
    endloop
  endfacet
  facet normal 0 0 1
    outer loop
      vertex 2.468895462828466 8.46445548360714 1.2000000000000002
      vertex 2.500733850607796 8.801374452604197 1.2000000000000002
      vertex 2.4294047947308126 8.650561835020653 1.2000000000000002
    endloop
  endfacet
  facet normal 0 0 1
    outer loop
      vertex 2.468895462828466 8.46445548360714 1.2000000000000002
      vertex 2.521792747981941 8.612293491784143 1.2000000000000002
      vertex 2.500733850607796 8.801374452604197 1.2000000000000002
    endloop
  endfacet
  facet normal 0 0 1
    outer loop
      vertex 2.521792747981941 8.612293491784143 1.2000000000000002
      vertex 2.586501659085673 8.944469396133325 1.2000000000000002
      vertex 2.500733850607796 8.801374452604197 1.2000000000000002
    endloop
  endfacet
  facet normal -0.9700312531945432 0.24298017990326728 0
    outer loop
      vertex 2.468895462828466 8.46445548360714 1.2000000000000002
      vertex 2.452750204672053 8.4 1.4000000000000004
      vertex 2.468895462828466 8.46445548360714 2.2
    endloop
  endfacet
  facet normal -0.9415440651830221 0.33688985339221633 0
    outer loop
      vertex 2.468895462828466 8.46445548360714 1.2000000000000002
      vertex 2.521792747981941 8.612293491784143 2.2
      vertex 2.521792747981941 8.612293491784143 1.2000000000000002
    endloop
  endfacet
  facet normal 0 1 0
    outer loop
      vertex 1.9 8.4 2
      vertex 1.9 8.4 2.2
      vertex 2.452750204672053 8.4 1.4000000000000004
    endloop
  endfacet
  facet normal 0 1 0
    outer loop
      vertex 1.9 8.4 2.2
      vertex 2.452750204672053 8.4 2.2
      vertex 2.452750204672053 8.4 1.4000000000000004
    endloop
  endfacet
  facet normal 0 0 -1
    outer loop
      vertex 1.9 8.4 2.2
      vertex 2.468895462828466 8.46445548360714 2.2
      vertex 2.452750204672053 8.4 2.2
    endloop
  endfacet
  facet normal 0 0 -1
    outer loop
      vertex 1.9 8.4 2.2
      vertex 1.9 12 2.2
      vertex 2.521792747981941 8.612293491784143 2.2
    endloop
  endfacet
  facet normal -0.9700312531945432 0.24298017990326728 0
    outer loop
      vertex 2.452750204672053 8.4 1.4000000000000004
      vertex 2.452750204672053 8.4 2.2
      vertex 2.468895462828466 8.46445548360714 2.2
    endloop
  endfacet
  facet normal -0.9415440651830221 0.33688985339221633 0
    outer loop
      vertex 2.468895462828466 8.46445548360714 1.2000000000000002
      vertex 2.468895462828466 8.46445548360714 2.2
      vertex 2.521792747981941 8.612293491784143 2.2
    endloop
  endfacet
  facet normal 0 0 -1
    outer loop
      vertex 1.9 8.4 2.2
      vertex 2.521792747981941 8.612293491784143 2.2
      vertex 2.468895462828466 8.46445548360714 2.2
    endloop
  endfacet
  facet normal 0 0 -1
    outer loop
      vertex 1.9 12 2.2
      vertex 2.588925977042632 8.754234778921596 2.2
      vertex 2.521792747981941 8.612293491784143 2.2
    endloop
  endfacet
  facet normal 0 0 -1
    outer loop
      vertex 1.9 12 2.2
      vertex 2.6696486203159275 8.888912372831363 2.2
      vertex 2.588925977042632 8.754234778921596 2.2
    endloop
  endfacet
  facet normal 0 0 -1
    outer loop
      vertex 1.9 12 2.2
      vertex 2.763183274619621 9.015029254661833 2.2
      vertex 2.6696486203159275 8.888912372831363 2.2
    endloop
  endfacet
  facet normal 0 0 -1
    outer loop
      vertex 1.9 12 2.2
      vertex 2.8686291501015235 9.131370849898477 2.2
      vertex 2.763183274619621 9.015029254661833 2.2
    endloop
  endfacet
  facet normal 0 0 1
    outer loop
      vertex 2.521792747981941 8.612293491784143 1.2000000000000002
      vertex 2.588925977042632 8.754234778921596 1.2000000000000002
      vertex 2.586501659085673 8.944469396133325 1.2000000000000002
    endloop
  endfacet
  facet normal 0 0 1
    outer loop
      vertex 2.588925977042632 8.754234778921596 1.2000000000000002
      vertex 2.6696486203159275 8.888912372831363 1.2000000000000002
      vertex 2.586501659085673 8.944469396133325 1.2000000000000002
    endloop
  endfacet
  facet normal 0 0 1
    outer loop
      vertex 2.586501659085673 8.944469396133325 1.2000000000000002
      vertex 2.6696486203159275 8.888912372831363 1.2000000000000002
      vertex 2.6858822292833473 9.078468583078198 1.2000000000000002
    endloop
  endfacet
  facet normal 0 0 1
    outer loop
      vertex 2.6696486203159275 8.888912372831363 1.2000000000000002
      vertex 2.763183274619621 9.015029254661833 1.2000000000000002
      vertex 2.6858822292833473 9.078468583078198 1.2000000000000002
    endloop
  endfacet
  facet normal -0.9039892931234428 0.4275550934302832 0
    outer loop
      vertex 2.521792747981941 8.612293491784143 1.2000000000000002
      vertex 2.588925977042632 8.754234778921596 2.2
      vertex 2.588925977042632 8.754234778921596 1.2000000000000002
    endloop
  endfacet
  facet normal -0.8577286100002723 0.5141027441932213 0
    outer loop
      vertex 2.588925977042632 8.754234778921596 1.2000000000000002
      vertex 2.6696486203159275 8.888912372831363 2.2
      vertex 2.6696486203159275 8.888912372831363 1.2000000000000002
    endloop
  endfacet
  facet normal -0.8032075314806452 0.5956993044924329 0
    outer loop
      vertex 2.6696486203159275 8.888912372831363 1.2000000000000002
      vertex 2.763183274619621 9.015029254661833 2.2
      vertex 2.763183274619621 9.015029254661833 1.2000000000000002
    endloop
  endfacet
  facet normal 0 0 1
    outer loop
      vertex 2.763183274619621 9.015029254661833 1.2000000000000002
      vertex 2.797918471982869 9.202081528017132 1.2000000000000002
      vertex 2.6858822292833473 9.078468583078198 1.2000000000000002
    endloop
  endfacet
  facet normal 0 0 1
    outer loop
      vertex 2.763183274619621 9.015029254661833 1.2000000000000002
      vertex 2.8686291501015235 9.131370849898477 1.2000000000000002
      vertex 2.797918471982869 9.202081528017132 1.2000000000000002
    endloop
  endfacet
  facet normal 0 0 1
    outer loop
      vertex 2.797918471982869 9.202081528017132 1.2000000000000002
      vertex 2.8686291501015235 9.131370849898477 1.2000000000000002
      vertex 2.9215314169218027 9.314117770716653 1.2000000000000002
    endloop
  endfacet
  facet normal 0 0 1
    outer loop
      vertex 2.8686291501015235 9.131370849898477 1.2000000000000002
      vertex 2.984970745338167 9.236816725380379 1.2000000000000002
      vertex 2.9215314169218027 9.314117770716653 1.2000000000000002
    endloop
  endfacet
  facet normal 0 0 1
    outer loop
      vertex 2.9215314169218027 9.314117770716653 1.2000000000000002
      vertex 2.984970745338167 9.236816725380379 1.2000000000000002
      vertex 3.0555306038666763 9.413498340914327 1.2000000000000002
    endloop
  endfacet
  facet normal -0.7409511253549637 0.6715589548470133 0
    outer loop
      vertex 2.763183274619621 9.015029254661833 1.2000000000000002
      vertex 2.8686291501015235 9.131370849898477 2.2
      vertex 2.8686291501015235 9.131370849898477 1.2000000000000002
    endloop
  endfacet
  facet normal -0.671558954847013 0.740951125354964 0
    outer loop
      vertex 2.8686291501015235 9.131370849898477 1.2000000000000002
      vertex 2.984970745338167 9.236816725380379 2.2
      vertex 2.984970745338167 9.236816725380379 1.2000000000000002
    endloop
  endfacet
  facet normal -0.9039892931234428 0.4275550934302832 0
    outer loop
      vertex 2.521792747981941 8.612293491784143 1.2000000000000002
      vertex 2.521792747981941 8.612293491784143 2.2
      vertex 2.588925977042632 8.754234778921596 2.2
    endloop
  endfacet
  facet normal -0.8577286100002723 0.5141027441932213 0
    outer loop
      vertex 2.588925977042632 8.754234778921596 1.2000000000000002
      vertex 2.588925977042632 8.754234778921596 2.2
      vertex 2.6696486203159275 8.888912372831363 2.2
    endloop
  endfacet
  facet normal -0.8032075314806452 0.5956993044924329 0
    outer loop
      vertex 2.6696486203159275 8.888912372831363 1.2000000000000002
      vertex 2.6696486203159275 8.888912372831363 2.2
      vertex 2.763183274619621 9.015029254661833 2.2
    endloop
  endfacet
  facet normal -0.7409511253549637 0.6715589548470133 0
    outer loop
      vertex 2.763183274619621 9.015029254661833 1.2000000000000002
      vertex 2.763183274619621 9.015029254661833 2.2
      vertex 2.8686291501015235 9.131370849898477 2.2
    endloop
  endfacet
  facet normal -0.671558954847013 0.740951125354964 0
    outer loop
      vertex 2.8686291501015235 9.131370849898477 1.2000000000000002
      vertex 2.8686291501015235 9.131370849898477 2.2
      vertex 2.984970745338167 9.236816725380379 2.2
    endloop
  endfacet
  facet normal 0 0 -1
    outer loop
      vertex 1.9 12 2.2
      vertex 2.984970745338167 9.236816725380379 2.2
      vertex 2.8686291501015235 9.131370849898477 2.2
    endloop
  endfacet
  facet normal 0 0 -1
    outer loop
      vertex 1.9 12 2.2
      vertex 3.1110876271686365 9.330351379684073 2.2
      vertex 2.984970745338167 9.236816725380379 2.2
    endloop
  endfacet
  facet normal 0 0 -1
    outer loop
      vertex 1.9 12 2.2
      vertex 3.2457652210784036 9.411074022957369 2.2
      vertex 3.1110876271686365 9.330351379684073 2.2
    endloop
  endfacet
  facet normal 0 0 -1
    outer loop
      vertex 1.9 12 2.2
      vertex 3.387706508215856 9.47820725201806 2.2
      vertex 3.2457652210784036 9.411074022957369 2.2
    endloop
  endfacet
  facet normal 0 0 -1
    outer loop
      vertex 1.9 12 2.2
      vertex 3.5355445163928603 9.531104537171533 2.2
      vertex 3.387706508215856 9.47820725201806 2.2
    endloop
  endfacet
  facet normal -0.9987954562051724 -0.04906767432741823 0
    outer loop
      vertex 2.407704437324485 15.843172575472703 0
      vertex 2.407704437324485 15.843172575472703 0.40000000000000036
      vertex 2.4 16 0
    endloop
  endfacet
  facet normal -0.9891765099647808 -0.14673047445536166 0
    outer loop
      vertex 2.407704437324485 15.843172575472703 0
      vertex 2.4307435513548312 15.687855484774195 0.40000000000000036
      vertex 2.407704437324485 15.843172575472703 0.40000000000000036
    endloop
  endfacet
  facet normal -0.9987954562051724 -0.04906767432741823 0
    outer loop
      vertex 2.407704437324485 15.843172575472703 0.40000000000000036
      vertex 2.4 16 0.40000000000000036
      vertex 2.4 16 0
    endloop
  endfacet
  facet normal -0.9415440651830221 -0.33688985339221633 0
    outer loop
      vertex 2.521792747981941 15.387706508215857 0
      vertex 2.521792747981941 15.387706508215857 0.40000000000000036
      vertex 2.468895462828466 15.53554451639286 0
    endloop
  endfacet
  facet normal -0.9415440651830221 -0.33688985339221633 0
    outer loop
      vertex 2.468895462828466 15.53554451639286 0
      vertex 2.521792747981941 15.387706508215857 0.40000000000000036
      vertex 2.468895462828466 15.53554451639286 0.40000000000000036
    endloop
  endfacet
  facet normal -0.9891765099647808 -0.14673047445536166 0
    outer loop
      vertex 2.407704437324485 15.843172575472703 0
      vertex 2.4307435513548312 15.687855484774195 0
      vertex 2.4307435513548312 15.687855484774195 0.40000000000000036
    endloop
  endfacet
  facet normal -0.9700312531945433 -0.24298017990326623 0
    outer loop
      vertex 2.4307435513548312 15.687855484774195 0
      vertex 2.468895462828466 15.53554451639286 0
      vertex 2.468895462828466 15.53554451639286 0.40000000000000036
    endloop
  endfacet
  facet normal -0.9700312531945433 -0.24298017990326623 0
    outer loop
      vertex 2.4307435513548312 15.687855484774195 0
      vertex 2.468895462828466 15.53554451639286 0.40000000000000036
      vertex 2.4307435513548312 15.687855484774195 0.40000000000000036
    endloop
  endfacet
  facet normal 0 0 -1
    outer loop
      vertex 2.332665023314508 15.668346452572582 0.40000000000000036
      vertex 2.308185964657265 15.833370861439747 0.40000000000000036
      vertex 2.332665023314508 16.33165354742742 0.40000000000000036
    endloop
  endfacet
  facet normal 0 0 -1
    outer loop
      vertex 2.3732014292552446 15.506516048667415 0.40000000000000036
      vertex 2.407704437324485 15.843172575472703 0.40000000000000036
      vertex 2.4294047947308126 15.349438164979347 0.40000000000000036
    endloop
  endfacet
  facet normal 0 0 -1
    outer loop
      vertex 2.332665023314508 15.668346452572582 0.40000000000000036
      vertex 2.3732014292552446 16.493483951332585 0.40000000000000036
      vertex 2.3732014292552446 15.506516048667415 0.40000000000000036
    endloop
  endfacet
  facet normal 0 0 -1
    outer loop
      vertex 2.3732014292552446 15.506516048667415 0.40000000000000036
      vertex 2.4 16 0.40000000000000036
      vertex 2.407704437324485 15.843172575472703 0.40000000000000036
    endloop
  endfacet
  facet normal 0 0 -1
    outer loop
      vertex 2.4294047947308126 15.349438164979347 0.40000000000000036
      vertex 2.468895462828466 15.53554451639286 0.40000000000000036
      vertex 2.500733850607796 15.198625547395803 0.40000000000000036
    endloop
  endfacet
  facet normal 0 0 -1
    outer loop
      vertex 2.500733850607796 15.198625547395803 0.40000000000000036
      vertex 2.521792747981941 15.387706508215857 0.40000000000000036
      vertex 2.586501659085673 15.055530603866677 0.40000000000000036
    endloop
  endfacet
  facet normal 0 0 -1
    outer loop
      vertex 2.500733850607796 15.198625547395803 0.40000000000000036
      vertex 2.468895462828466 15.53554451639286 0.40000000000000036
      vertex 2.521792747981941 15.387706508215857 0.40000000000000036
    endloop
  endfacet
  facet normal 0 0 -1
    outer loop
      vertex 2.407704437324485 15.843172575472703 0.40000000000000036
      vertex 2.4307435513548312 15.687855484774195 0.40000000000000036
      vertex 2.4294047947308126 15.349438164979347 0.40000000000000036
    endloop
  endfacet
  facet normal 0 0 -1
    outer loop
      vertex 2.4294047947308126 15.349438164979347 0.40000000000000036
      vertex 2.4307435513548312 15.687855484774195 0.40000000000000036
      vertex 2.468895462828466 15.53554451639286 0.40000000000000036
    endloop
  endfacet
  facet normal -0.9415440651830207 -0.3368898533922202 0
    outer loop
      vertex 2.3732014292552446 15.506516048667415 0.40000000000000036
      vertex 2.4294047947308126 15.349438164979347 0.40000000000000036
      vertex 2.3732014292552446 15.506516048667415 1.2000000000000002
    endloop
  endfacet
  facet normal -0.9700312531945441 -0.2429801799032638 0
    outer loop
      vertex 2.332665023314508 15.668346452572582 0.40000000000000036
      vertex 2.3732014292552446 15.506516048667415 0.40000000000000036
      vertex 2.332665023314508 15.668346452572582 1.2000000000000002
    endloop
  endfacet
  facet normal -0.9891765099647808 -0.1467304744553621 0
    outer loop
      vertex 2.332665023314508 15.668346452572582 0.40000000000000036
      vertex 2.308185964657265 15.833370861439747 1.2000000000000002
      vertex 2.308185964657265 15.833370861439747 0.40000000000000036
    endloop
  endfacet
  facet normal -0.9987954562051724 -0.04906767432741786 0
    outer loop
      vertex 2.308185964657265 15.833370861439747 0.40000000000000036
      vertex 2.3 16 1.2000000000000002
      vertex 2.3 16 0.40000000000000036
    endloop
  endfacet
  facet normal -0.9039892931234448 -0.42755509343027936 0
    outer loop
      vertex 2.4294047947308126 15.349438164979347 0.40000000000000036
      vertex 2.500733850607796 15.198625547395803 0.40000000000000036
      vertex 2.4294047947308126 15.349438164979347 1.2000000000000002
    endloop
  endfacet
  facet normal -0.8577286100002695 -0.5141027441932259 0
    outer loop
      vertex 2.500733850607796 15.198625547395803 0.40000000000000036
      vertex 2.586501659085673 15.055530603866677 0.40000000000000036
      vertex 2.500733850607796 15.198625547395803 1.2000000000000002
    endloop
  endfacet
  facet normal -0.9415440651830207 -0.3368898533922202 0
    outer loop
      vertex 2.4294047947308126 15.349438164979347 0.40000000000000036
      vertex 2.4294047947308126 15.349438164979347 1.2000000000000002
      vertex 2.3732014292552446 15.506516048667415 1.2000000000000002
    endloop
  endfacet
  facet normal -0.9891765099647808 -0.1467304744553621 0
    outer loop
      vertex 2.332665023314508 15.668346452572582 0.40000000000000036
      vertex 2.332665023314508 15.668346452572582 1.2000000000000002
      vertex 2.308185964657265 15.833370861439747 1.2000000000000002
    endloop
  endfacet
  facet normal -0.9987954562051724 -0.04906767432741786 0
    outer loop
      vertex 2.308185964657265 15.833370861439747 0.40000000000000036
      vertex 2.308185964657265 15.833370861439747 1.2000000000000002
      vertex 2.3 16 1.2000000000000002
    endloop
  endfacet
  facet normal -0.9700312531945441 -0.2429801799032638 0
    outer loop
      vertex 2.3732014292552446 15.506516048667415 0.40000000000000036
      vertex 2.3732014292552446 15.506516048667415 1.2000000000000002
      vertex 2.332665023314508 15.668346452572582 1.2000000000000002
    endloop
  endfacet
  facet normal -0.9039892931234448 -0.42755509343027936 0
    outer loop
      vertex 2.500733850607796 15.198625547395803 0.40000000000000036
      vertex 2.500733850607796 15.198625547395803 1.2000000000000002
      vertex 2.4294047947308126 15.349438164979347 1.2000000000000002
    endloop
  endfacet
  facet normal 0 0 -1
    outer loop
      vertex 2.6858822292833473 14.921531416921802 0.40000000000000036
      vertex 2.6696486203159275 15.111087627168637 0.40000000000000036
      vertex 2.763183274619621 14.984970745338167 0.40000000000000036
    endloop
  endfacet
  facet normal 0 0 -1
    outer loop
      vertex 2.6858822292833473 14.921531416921802 0.40000000000000036
      vertex 2.763183274619621 14.984970745338167 0.40000000000000036
      vertex 2.797918471982869 14.797918471982868 0.40000000000000036
    endloop
  endfacet
  facet normal -0.9039892931234427 -0.4275550934302832 0
    outer loop
      vertex 2.521792747981941 15.387706508215857 0
      vertex 2.588925977042632 15.245765221078404 0
      vertex 2.588925977042632 15.245765221078404 0.40000000000000036
    endloop
  endfacet
  facet normal -0.8577286100002722 -0.5141027441932212 0
    outer loop
      vertex 2.588925977042632 15.245765221078404 0
      vertex 2.6696486203159275 15.111087627168637 0
      vertex 2.6696486203159275 15.111087627168637 0.40000000000000036
    endloop
  endfacet
  facet normal -0.9039892931234427 -0.4275550934302832 0
    outer loop
      vertex 2.521792747981941 15.387706508215857 0
      vertex 2.588925977042632 15.245765221078404 0.40000000000000036
      vertex 2.521792747981941 15.387706508215857 0.40000000000000036
    endloop
  endfacet
  facet normal -0.8577286100002722 -0.5141027441932212 0
    outer loop
      vertex 2.588925977042632 15.245765221078404 0
      vertex 2.6696486203159275 15.111087627168637 0.40000000000000036
      vertex 2.588925977042632 15.245765221078404 0.40000000000000036
    endloop
  endfacet
  facet normal 0 0 -1
    outer loop
      vertex 2.4307435513548312 15.687855484774195 0
      vertex 3.387706508215856 14.52179274798194 0
      vertex 2.468895462828466 15.53554451639286 0
    endloop
  endfacet
  facet normal -0.8032075314806452 -0.5956993044924329 0
    outer loop
      vertex 2.763183274619621 14.984970745338167 0
      vertex 2.763183274619621 14.984970745338167 0.40000000000000036
      vertex 2.6696486203159275 15.111087627168637 0
    endloop
  endfacet
  facet normal 0 0 -1
    outer loop
      vertex 2.407704437324485 15.843172575472703 0
      vertex 3.387706508215856 14.52179274798194 0
      vertex 2.4307435513548312 15.687855484774195 0
    endloop
  endfacet
  facet normal 0 0 -1
    outer loop
      vertex 2.407704437324485 15.843172575472703 0
      vertex 2.4 16 0
      vertex 3.387706508215856 14.52179274798194 0
    endloop
  endfacet
  facet normal -0.8032075314806452 -0.5956993044924329 0
    outer loop
      vertex 2.763183274619621 14.984970745338167 0.40000000000000036
      vertex 2.6696486203159275 15.111087627168637 0.40000000000000036
      vertex 2.6696486203159275 15.111087627168637 0
    endloop
  endfacet
  facet normal 0 0 -1
    outer loop
      vertex 3.387706508215856 14.52179274798194 0
      vertex 2.4 16 0
      vertex 2.407704437324485 16.156827424527297 0
    endloop
  endfacet
  facet normal 0 0 -1
    outer loop
      vertex 3.387706508215856 14.52179274798194 0
      vertex 2.407704437324485 16.156827424527297 0
      vertex 2.4307435513548312 16.312144515225807 0
    endloop
  endfacet
  facet normal 0 0 -1
    outer loop
      vertex 3.387706508215856 14.52179274798194 0
      vertex 2.4307435513548312 16.312144515225807 0
      vertex 2.468895462828466 16.46445548360714 0
    endloop
  endfacet
  facet normal 0 0 -1
    outer loop
      vertex 2.521792747981941 15.387706508215857 0.40000000000000036
      vertex 2.588925977042632 15.245765221078404 0.40000000000000036
      vertex 2.586501659085673 15.055530603866677 0.40000000000000036
    endloop
  endfacet
  facet normal 0 0 -1
    outer loop
      vertex 2.586501659085673 15.055530603866677 0.40000000000000036
      vertex 2.588925977042632 15.245765221078404 0.40000000000000036
      vertex 2.6696486203159275 15.111087627168637 0.40000000000000036
    endloop
  endfacet
  facet normal 0 0 -1
    outer loop
      vertex 2.6858822292833473 14.921531416921802 0.40000000000000036
      vertex 2.586501659085673 15.055530603866677 0.40000000000000036
      vertex 2.6696486203159275 15.111087627168637 0.40000000000000036
    endloop
  endfacet
  facet normal 0 0 -1
    outer loop
      vertex 2.763183274619621 14.984970745338167 0
      vertex 2.6696486203159275 15.111087627168637 0
      vertex 2.984970745338167 14.763183274619621 0
    endloop
  endfacet
  facet normal -0.7409511253549587 -0.671558954847019 0
    outer loop
      vertex 2.763183274619621 14.984970745338167 0
      vertex 2.8686291501015235 14.868629150101524 0
      vertex 2.8686291501015235 14.868629150101524 0.40000000000000036
    endloop
  endfacet
  facet normal 0 0 -1
    outer loop
      vertex 2.763183274619621 14.984970745338167 0
      vertex 2.984970745338167 14.763183274619621 0
      vertex 2.8686291501015235 14.868629150101524 0
    endloop
  endfacet
  facet normal -0.7409511253549587 -0.671558954847019 0
    outer loop
      vertex 2.763183274619621 14.984970745338167 0
      vertex 2.8686291501015235 14.868629150101524 0.40000000000000036
      vertex 2.763183274619621 14.984970745338167 0.40000000000000036
    endloop
  endfacet
  facet normal 0 0 -1
    outer loop
      vertex 2.6696486203159275 15.111087627168637 0
      vertex 3.1110876271686365 14.669648620315927 0
      vertex 2.984970745338167 14.763183274619621 0
    endloop
  endfacet
  facet normal -0.6715589548470192 -0.7409511253549583 0
    outer loop
      vertex 2.8686291501015235 14.868629150101524 0
      vertex 2.984970745338167 14.763183274619621 0
      vertex 2.984970745338167 14.763183274619621 0.40000000000000036
    endloop
  endfacet
  facet normal 0 0 -1
    outer loop
      vertex 2.588925977042632 15.245765221078404 0
      vertex 3.2457652210784036 14.588925977042631 0
      vertex 3.1110876271686365 14.669648620315927 0
    endloop
  endfacet
  facet normal -0.6715589548470192 -0.7409511253549583 0
    outer loop
      vertex 2.8686291501015235 14.868629150101524 0
      vertex 2.984970745338167 14.763183274619621 0.40000000000000036
      vertex 2.8686291501015235 14.868629150101524 0.40000000000000036
    endloop
  endfacet
  facet normal 0 0 -1
    outer loop
      vertex 2.763183274619621 14.984970745338167 0.40000000000000036
      vertex 2.8686291501015235 14.868629150101524 0.40000000000000036
      vertex 2.797918471982869 14.797918471982868 0.40000000000000036
    endloop
  endfacet
  facet normal 0 0 -1
    outer loop
      vertex 2.797918471982869 14.797918471982868 0.40000000000000036
      vertex 2.8686291501015235 14.868629150101524 0.40000000000000036
      vertex 2.9215314169218027 14.685882229283347 0.40000000000000036
    endloop
  endfacet
  facet normal 0 0 -1
    outer loop
      vertex 2.8686291501015235 14.868629150101524 0.40000000000000036
      vertex 2.984970745338167 14.763183274619621 0.40000000000000036
      vertex 2.9215314169218027 14.685882229283347 0.40000000000000036
    endloop
  endfacet
  facet normal 0 0 -1
    outer loop
      vertex 2.9215314169218027 14.685882229283347 0.40000000000000036
      vertex 2.984970745338167 14.763183274619621 0.40000000000000036
      vertex 3.0555306038666763 14.586501659085673 0.40000000000000036
    endloop
  endfacet
  facet normal 0 0 -1
    outer loop
      vertex 2.588925977042632 15.245765221078404 0
      vertex 3.1110876271686365 14.669648620315927 0
      vertex 2.6696486203159275 15.111087627168637 0
    endloop
  endfacet
  facet normal 0 0 -1
    outer loop
      vertex 2.521792747981941 15.387706508215857 0
      vertex 3.2457652210784036 14.588925977042631 0
      vertex 2.588925977042632 15.245765221078404 0
    endloop
  endfacet
  facet normal 0 0 -1
    outer loop
      vertex 2.521792747981941 15.387706508215857 0
      vertex 2.468895462828466 15.53554451639286 0
      vertex 3.387706508215856 14.52179274798194 0
    endloop
  endfacet
  facet normal 0 0 -1
    outer loop
      vertex 3.387706508215856 14.52179274798194 0
      vertex 2.468895462828466 16.46445548360714 0
      vertex 2.521792747981941 16.612293491784143 0
    endloop
  endfacet
  facet normal 0 0 -1
    outer loop
      vertex 3.387706508215856 14.52179274798194 0
      vertex 2.521792747981941 16.612293491784143 0
      vertex 2.588925977042632 16.754234778921596 0
    endloop
  endfacet
  facet normal -0.7409511253549614 -0.6715589548470159 0
    outer loop
      vertex 2.6858822292833473 14.921531416921802 0.40000000000000036
      vertex 2.797918471982869 14.797918471982868 0.40000000000000036
      vertex 2.6858822292833473 14.921531416921802 1.2000000000000002
    endloop
  endfacet
  facet normal -0.8032075314806468 -0.595699304492431 0
    outer loop
      vertex 2.6858822292833473 14.921531416921802 0.40000000000000036
      vertex 2.6858822292833473 14.921531416921802 1.2000000000000002
      vertex 2.586501659085673 15.055530603866677 1.2000000000000002
    endloop
  endfacet
  facet normal -0.7409511253549614 -0.6715589548470159 0
    outer loop
      vertex 2.797918471982869 14.797918471982868 0.40000000000000036
      vertex 2.797918471982869 14.797918471982868 1.2000000000000002
      vertex 2.6858822292833473 14.921531416921802 1.2000000000000002
    endloop
  endfacet
  facet normal -0.8032075314806468 -0.595699304492431 0
    outer loop
      vertex 2.6858822292833473 14.921531416921802 0.40000000000000036
      vertex 2.586501659085673 15.055530603866677 1.2000000000000002
      vertex 2.586501659085673 15.055530603866677 0.40000000000000036
    endloop
  endfacet
  facet normal -0.8577286100002695 -0.5141027441932259 0
    outer loop
      vertex 2.586501659085673 15.055530603866677 0.40000000000000036
      vertex 2.586501659085673 15.055530603866677 1.2000000000000002
      vertex 2.500733850607796 15.198625547395803 1.2000000000000002
    endloop
  endfacet
  facet normal -0.6715589548470129 -0.740951125354964 0
    outer loop
      vertex 2.797918471982869 14.797918471982868 0.40000000000000036
      vertex 2.9215314169218027 14.685882229283347 0.40000000000000036
      vertex 2.9215314169218027 14.685882229283347 1.2000000000000002
    endloop
  endfacet
  facet normal -0.595699304492433 -0.8032075314806452 0
    outer loop
      vertex 2.9215314169218027 14.685882229283347 0.40000000000000036
      vertex 3.0555306038666763 14.586501659085673 0.40000000000000036
      vertex 3.0555306038666763 14.586501659085673 1.2000000000000002
    endloop
  endfacet
  facet normal -0.6715589548470129 -0.740951125354964 0
    outer loop
      vertex 2.797918471982869 14.797918471982868 0.40000000000000036
      vertex 2.9215314169218027 14.685882229283347 1.2000000000000002
      vertex 2.797918471982869 14.797918471982868 1.2000000000000002
    endloop
  endfacet
  facet normal -0.595699304492433 -0.8032075314806452 0
    outer loop
      vertex 2.9215314169218027 14.685882229283347 0.40000000000000036
      vertex 3.0555306038666763 14.586501659085673 1.2000000000000002
      vertex 2.9215314169218027 14.685882229283347 1.2000000000000002
    endloop
  endfacet
  facet normal 0 0 -1
    outer loop
      vertex 1.9 12 2.2
      vertex 2.763183274619621 14.984970745338167 2.2
      vertex 2.8686291501015235 14.868629150101524 2.2
    endloop
  endfacet
  facet normal 0 0 -1
    outer loop
      vertex 1.5 15.6 1.4000000000000004
      vertex 2.4307435513548312 15.687855484774195 1.4000000000000004
      vertex 2.4527502046720526 15.6 1.4000000000000004
    endloop
  endfacet
  facet normal 0 0 -1
    outer loop
      vertex 2.407704437324485 15.843172575472703 1.4000000000000004
      vertex 2.4307435513548312 15.687855484774195 1.4000000000000004
      vertex 1.5 16.4 1.4000000000000004
    endloop
  endfacet
  facet normal 0 0 1
    outer loop
      vertex 2.332665023314508 15.668346452572582 1.2000000000000002
      vertex 2.308185964657265 16.166629138560253 1.2000000000000002
      vertex 2.308185964657265 15.833370861439747 1.2000000000000002
    endloop
  endfacet
  facet normal 0 0 1
    outer loop
      vertex 2.332665023314508 15.668346452572582 1.2000000000000002
      vertex 2.3732014292552446 15.506516048667415 1.2000000000000002
      vertex 2.332665023314508 16.33165354742742 1.2000000000000002
    endloop
  endfacet
  facet normal 0 0 1
    outer loop
      vertex 2.407704437324485 15.843172575472703 1.2000000000000002
      vertex 2.4 16 1.2000000000000002
      vertex 2.4294047947308126 15.349438164979347 1.2000000000000002
    endloop
  endfacet
  facet normal 0 0 1
    outer loop
      vertex 2.3732014292552446 15.506516048667415 1.2000000000000002
      vertex 2.4294047947308126 15.349438164979347 1.2000000000000002
      vertex 2.3732014292552446 16.493483951332585 1.2000000000000002
    endloop
  endfacet
  facet normal -0.9891765099647808 -0.14673047445536166 0
    outer loop
      vertex 2.407704437324485 15.843172575472703 1.2000000000000002
      vertex 2.4307435513548312 15.687855484774195 1.2000000000000002
      vertex 2.407704437324485 15.843172575472703 1.4000000000000004
    endloop
  endfacet
  facet normal 0 0 1
    outer loop
      vertex 2.4294047947308126 15.349438164979347 1.2000000000000002
      vertex 2.4 16 1.2000000000000002
      vertex 2.3732014292552446 16.493483951332585 1.2000000000000002
    endloop
  endfacet
  facet normal -0.9987954562051724 -0.04906767432741823 0
    outer loop
      vertex 2.407704437324485 15.843172575472703 1.2000000000000002
      vertex 2.4 16 1.4000000000000004
      vertex 2.4 16 1.2000000000000002
    endloop
  endfacet
  facet normal -0.9987954562051724 -0.04906767432741823 0
    outer loop
      vertex 2.407704437324485 15.843172575472703 1.2000000000000002
      vertex 2.407704437324485 15.843172575472703 1.4000000000000004
      vertex 2.4 16 1.4000000000000004
    endloop
  endfacet
  facet normal 0 0 1
    outer loop
      vertex 2.4294047947308126 15.349438164979347 1.2000000000000002
      vertex 2.521792747981941 15.387706508215857 1.2000000000000002
      vertex 2.468895462828466 15.53554451639286 1.2000000000000002
    endloop
  endfacet
  facet normal 0 0 1
    outer loop
      vertex 2.4294047947308126 15.349438164979347 1.2000000000000002
      vertex 2.500733850607796 15.198625547395803 1.2000000000000002
      vertex 2.521792747981941 15.387706508215857 1.2000000000000002
    endloop
  endfacet
  facet normal 0 0 1
    outer loop
      vertex 2.500733850607796 15.198625547395803 1.2000000000000002
      vertex 2.588925977042632 15.245765221078404 1.2000000000000002
      vertex 2.521792747981941 15.387706508215857 1.2000000000000002
    endloop
  endfacet
  facet normal 0 0 1
    outer loop
      vertex 2.407704437324485 15.843172575472703 1.2000000000000002
      vertex 2.4294047947308126 15.349438164979347 1.2000000000000002
      vertex 2.4307435513548312 15.687855484774195 1.2000000000000002
    endloop
  endfacet
  facet normal 0 0 1
    outer loop
      vertex 2.4294047947308126 15.349438164979347 1.2000000000000002
      vertex 2.468895462828466 15.53554451639286 1.2000000000000002
      vertex 2.4307435513548312 15.687855484774195 1.2000000000000002
    endloop
  endfacet
  facet normal -0.9700312531945433 -0.24298017990326623 -2.485806512669044e-15
    outer loop
      vertex 2.4307435513548312 15.687855484774195 1.2000000000000002
      vertex 2.468895462828466 15.53554451639286 1.2000000000000002
      vertex 2.4527502046720526 15.6 1.4000000000000004
    endloop
  endfacet
  facet normal -0.9891765099647808 -0.14673047445536166 0
    outer loop
      vertex 2.407704437324485 15.843172575472703 1.4000000000000004
      vertex 2.4307435513548312 15.687855484774195 1.2000000000000002
      vertex 2.4307435513548312 15.687855484774195 1.4000000000000004
    endloop
  endfacet
  facet normal -0.9700312531945448 -0.24298017990326096 0
    outer loop
      vertex 2.4307435513548312 15.687855484774195 1.2000000000000002
      vertex 2.4527502046720526 15.6 1.4000000000000004
      vertex 2.4307435513548312 15.687855484774195 1.4000000000000004
    endloop
  endfacet
  facet normal -0.9415440651830221 -0.33688985339221633 0
    outer loop
      vertex 2.521792747981941 15.387706508215857 1.2000000000000002
      vertex 2.468895462828466 15.53554451639286 2.2
      vertex 2.468895462828466 15.53554451639286 1.2000000000000002
    endloop
  endfacet
  facet normal -0.9700312531945416 -0.24298017990327356 0
    outer loop
      vertex 2.468895462828466 15.53554451639286 1.2000000000000002
      vertex 2.468895462828466 15.53554451639286 2.2
      vertex 2.4527502046720526 15.6 1.4000000000000004
    endloop
  endfacet
  facet normal 0 0 -1
    outer loop
      vertex 1.9 12 2.2
      vertex 1.9 15.6 2.2
      vertex 2.4527502046720526 15.6 2.2
    endloop
  endfacet
  facet normal 0 0 -1
    outer loop
      vertex 1.9 12 2.2
      vertex 2.4527502046720526 15.6 2.2
      vertex 2.468895462828466 15.53554451639286 2.2
    endloop
  endfacet
  facet normal 0 -1 0
    outer loop
      vertex 1.9 15.6 2
      vertex 2.4527502046720526 15.6 1.4000000000000004
      vertex 2.4527502046720526 15.6 2.2
    endloop
  endfacet
  facet normal 0 -1 0
    outer loop
      vertex 1.9 15.6 2
      vertex 2.4527502046720526 15.6 2.2
      vertex 1.9 15.6 2.2
    endloop
  endfacet
  facet normal 0 0 -1
    outer loop
      vertex 1.9 12 2.2
      vertex 2.521792747981941 15.387706508215857 2.2
      vertex 2.588925977042632 15.245765221078404 2.2
    endloop
  endfacet
  facet normal 0 0 -1
    outer loop
      vertex 1.9 12 2.2
      vertex 2.468895462828466 15.53554451639286 2.2
      vertex 2.521792747981941 15.387706508215857 2.2
    endloop
  endfacet
  facet normal 0 0 -1
    outer loop
      vertex 1.9 12 2.2
      vertex 2.588925977042632 15.245765221078404 2.2
      vertex 2.6696486203159275 15.111087627168637 2.2
    endloop
  endfacet
  facet normal 0 0 -1
    outer loop
      vertex 1.9 12 2.2
      vertex 2.6696486203159275 15.111087627168637 2.2
      vertex 2.763183274619621 14.984970745338167 2.2
    endloop
  endfacet
  facet normal -0.9415440651830221 -0.33688985339221633 0
    outer loop
      vertex 2.521792747981941 15.387706508215857 1.2000000000000002
      vertex 2.521792747981941 15.387706508215857 2.2
      vertex 2.468895462828466 15.53554451639286 2.2
    endloop
  endfacet
  facet normal -0.9700312531945415 -0.24298017990327356 0
    outer loop
      vertex 2.4527502046720526 15.6 1.4000000000000004
      vertex 2.468895462828466 15.53554451639286 2.2
      vertex 2.4527502046720526 15.6 2.2
    endloop
  endfacet
  facet normal 0 0 -1
    outer loop
      vertex 1.9 12 2.2
      vertex 2.8686291501015235 14.868629150101524 2.2
      vertex 2.984970745338167 14.763183274619621 2.2
    endloop
  endfacet
  facet normal 0 0 -1
    outer loop
      vertex 1.9 12 2.2
      vertex 2.984970745338167 14.763183274619621 2.2
      vertex 3.1110876271686365 14.669648620315927 2.2
    endloop
  endfacet
  facet normal 0 0 -1
    outer loop
      vertex 1.9 12 2.2
      vertex 3.1110876271686365 14.669648620315927 2.2
      vertex 3.2457652210784036 14.588925977042631 2.2
    endloop
  endfacet
  facet normal 0 0 -1
    outer loop
      vertex 1.9 12 2.2
      vertex 3.2457652210784036 14.588925977042631 2.2
      vertex 3.387706508215856 14.52179274798194 2.2
    endloop
  endfacet
  facet normal 0 0 -1
    outer loop
      vertex 1.9 12 2.2
      vertex 3.387706508215856 14.52179274798194 2.2
      vertex 3.5355445163928603 14.468895462828465 2.2
    endloop
  endfacet
  facet normal 0 0 1
    outer loop
      vertex 2.6858822292833473 14.921531416921802 1.2000000000000002
      vertex 2.763183274619621 14.984970745338167 1.2000000000000002
      vertex 2.586501659085673 15.055530603866677 1.2000000000000002
    endloop
  endfacet
  facet normal 0 0 1
    outer loop
      vertex 2.6858822292833473 14.921531416921802 1.2000000000000002
      vertex 2.8686291501015235 14.868629150101524 1.2000000000000002
      vertex 2.763183274619621 14.984970745338167 1.2000000000000002
    endloop
  endfacet
  facet normal 0 0 1
    outer loop
      vertex 2.500733850607796 15.198625547395803 1.2000000000000002
      vertex 2.586501659085673 15.055530603866677 1.2000000000000002
      vertex 2.588925977042632 15.245765221078404 1.2000000000000002
    endloop
  endfacet
  facet normal 0 0 1
    outer loop
      vertex 2.586501659085673 15.055530603866677 1.2000000000000002
      vertex 2.6696486203159275 15.111087627168637 1.2000000000000002
      vertex 2.588925977042632 15.245765221078404 1.2000000000000002
    endloop
  endfacet
  facet normal 0 0 1
    outer loop
      vertex 2.763183274619621 14.984970745338167 1.2000000000000002
      vertex 2.6696486203159275 15.111087627168637 1.2000000000000002
      vertex 2.586501659085673 15.055530603866677 1.2000000000000002
    endloop
  endfacet
  facet normal -0.9039892931234428 -0.4275550934302832 0
    outer loop
      vertex 2.521792747981941 15.387706508215857 1.2000000000000002
      vertex 2.588925977042632 15.245765221078404 1.2000000000000002
      vertex 2.521792747981941 15.387706508215857 2.2
    endloop
  endfacet
  facet normal -0.8577286100002723 -0.5141027441932213 0
    outer loop
      vertex 2.588925977042632 15.245765221078404 1.2000000000000002
      vertex 2.6696486203159275 15.111087627168637 1.2000000000000002
      vertex 2.588925977042632 15.245765221078404 2.2
    endloop
  endfacet
  facet normal -0.8032075314806452 -0.5956993044924329 0
    outer loop
      vertex 2.763183274619621 14.984970745338167 1.2000000000000002
      vertex 2.6696486203159275 15.111087627168637 2.2
      vertex 2.6696486203159275 15.111087627168637 1.2000000000000002
    endloop
  endfacet
  facet normal 0 0 1
    outer loop
      vertex 2.6858822292833473 14.921531416921802 1.2000000000000002
      vertex 2.797918471982869 14.797918471982868 1.2000000000000002
      vertex 2.8686291501015235 14.868629150101524 1.2000000000000002
    endloop
  endfacet
  facet normal 0 0 1
    outer loop
      vertex 2.797918471982869 14.797918471982868 1.2000000000000002
      vertex 2.9215314169218027 14.685882229283347 1.2000000000000002
      vertex 2.984970745338167 14.763183274619621 1.2000000000000002
    endloop
  endfacet
  facet normal 0 0 1
    outer loop
      vertex 2.797918471982869 14.797918471982868 1.2000000000000002
      vertex 2.984970745338167 14.763183274619621 1.2000000000000002
      vertex 2.8686291501015235 14.868629150101524 1.2000000000000002
    endloop
  endfacet
  facet normal 0 0 1
    outer loop
      vertex 2.9215314169218027 14.685882229283347 1.2000000000000002
      vertex 3.1110876271686365 14.669648620315927 1.2000000000000002
      vertex 2.984970745338167 14.763183274619621 1.2000000000000002
    endloop
  endfacet
  facet normal -0.7409511253549586 -0.671558954847019 0
    outer loop
      vertex 2.763183274619621 14.984970745338167 1.2000000000000002
      vertex 2.8686291501015235 14.868629150101524 1.2000000000000002
      vertex 2.763183274619621 14.984970745338167 2.2
    endloop
  endfacet
  facet normal -0.6715589548470192 -0.7409511253549583 0
    outer loop
      vertex 2.8686291501015235 14.868629150101524 1.2000000000000002
      vertex 2.984970745338167 14.763183274619621 1.2000000000000002
      vertex 2.8686291501015235 14.868629150101524 2.2
    endloop
  endfacet
  facet normal -0.9039892931234428 -0.4275550934302832 0
    outer loop
      vertex 2.521792747981941 15.387706508215857 2.2
      vertex 2.588925977042632 15.245765221078404 1.2000000000000002
      vertex 2.588925977042632 15.245765221078404 2.2
    endloop
  endfacet
  facet normal -0.8577286100002723 -0.5141027441932213 0
    outer loop
      vertex 2.6696486203159275 15.111087627168637 1.2000000000000002
      vertex 2.6696486203159275 15.111087627168637 2.2
      vertex 2.588925977042632 15.245765221078404 2.2
    endloop
  endfacet
  facet normal -0.8032075314806452 -0.5956993044924329 0
    outer loop
      vertex 2.763183274619621 14.984970745338167 1.2000000000000002
      vertex 2.763183274619621 14.984970745338167 2.2
      vertex 2.6696486203159275 15.111087627168637 2.2
    endloop
  endfacet
  facet normal -0.7409511253549586 -0.671558954847019 0
    outer loop
      vertex 2.8686291501015235 14.868629150101524 1.2000000000000002
      vertex 2.8686291501015235 14.868629150101524 2.2
      vertex 2.763183274619621 14.984970745338167 2.2
    endloop
  endfacet
  facet normal -0.6715589548470192 -0.7409511253549583 0
    outer loop
      vertex 2.984970745338167 14.763183274619621 1.2000000000000002
      vertex 2.984970745338167 14.763183274619621 2.2
      vertex 2.8686291501015235 14.868629150101524 2.2
    endloop
  endfacet
  facet normal 0 0 -1
    outer loop
      vertex 3.5355445163928603 6.468895462828465 0
      vertex 2.763183274619621 9.015029254661833 0
      vertex 2.8686291501015235 9.131370849898477 0
    endloop
  endfacet
  facet normal 0 0 -1
    outer loop
      vertex 3.5355445163928603 6.468895462828465 0
      vertex 2.8686291501015235 9.131370849898477 0
      vertex 2.984970745338167 9.236816725380379 0
    endloop
  endfacet
  facet normal 0 0 -1
    outer loop
      vertex 3.5355445163928603 6.468895462828465 0
      vertex 2.984970745338167 9.236816725380379 0
      vertex 3.1110876271686365 9.330351379684073 0
    endloop
  endfacet
  facet normal -0.5956993044924349 0.8032075314806439 0
    outer loop
      vertex 2.984970745338167 9.236816725380379 0
      vertex 2.984970745338167 9.236816725380379 0.40000000000000036
      vertex 3.1110876271686365 9.330351379684073 0
    endloop
  endfacet
  facet normal -0.5956993044924349 0.8032075314806439 0
    outer loop
      vertex 2.984970745338167 9.236816725380379 0.40000000000000036
      vertex 3.1110876271686365 9.330351379684073 0.40000000000000036
      vertex 3.1110876271686365 9.330351379684073 0
    endloop
  endfacet
  facet normal -0.5141027441932227 0.8577286100002716 0
    outer loop
      vertex 3.1110876271686365 9.330351379684073 0
      vertex 3.1110876271686365 9.330351379684073 0.40000000000000036
      vertex 3.2457652210784036 9.411074022957369 0
    endloop
  endfacet
  facet normal -0.5141027441932227 0.8577286100002716 0
    outer loop
      vertex 3.2457652210784036 9.411074022957369 0
      vertex 3.1110876271686365 9.330351379684073 0.40000000000000036
      vertex 3.2457652210784036 9.411074022957369 0.40000000000000036
    endloop
  endfacet
  facet normal 0 0 -1
    outer loop
      vertex 2.9215314169218027 9.314117770716653 0.40000000000000036
      vertex 3.0555306038666763 9.413498340914327 0.40000000000000036
      vertex 3.1110876271686365 9.330351379684073 0.40000000000000036
    endloop
  endfacet
  facet normal 0 0 -1
    outer loop
      vertex 3.0555306038666763 9.413498340914327 0.40000000000000036
      vertex 3.2457652210784036 9.411074022957369 0.40000000000000036
      vertex 3.1110876271686365 9.330351379684073 0.40000000000000036
    endloop
  endfacet
  facet normal 0 0 -1
    outer loop
      vertex 3.0555306038666763 9.413498340914327 0.40000000000000036
      vertex 3.198625547395804 9.499266149392204 0.40000000000000036
      vertex 3.2457652210784036 9.411074022957369 0.40000000000000036
    endloop
  endfacet
  facet normal 0 0 -1
    outer loop
      vertex 3.5355445163928603 6.468895462828465 0
      vertex 3.1110876271686365 9.330351379684073 0
      vertex 3.2457652210784036 9.411074022957369 0
    endloop
  endfacet
  facet normal 0 0 -1
    outer loop
      vertex 3.5355445163928603 6.468895462828465 0
      vertex 3.2457652210784036 9.411074022957369 0
      vertex 3.387706508215856 9.47820725201806 0
    endloop
  endfacet
  facet normal 0 0 -1
    outer loop
      vertex 3.5355445163928603 6.468895462828465 0
      vertex 3.387706508215856 9.47820725201806 0
      vertex 3.5355445163928603 9.531104537171533 0
    endloop
  endfacet
  facet normal -0.4275550934302809 0.9039892931234439 0
    outer loop
      vertex 3.2457652210784036 9.411074022957369 0
      vertex 3.2457652210784036 9.411074022957369 0.40000000000000036
      vertex 3.387706508215856 9.47820725201806 0
    endloop
  endfacet
  facet normal -0.4275550934302809 0.9039892931234439 0
    outer loop
      vertex 3.2457652210784036 9.411074022957369 0.40000000000000036
      vertex 3.387706508215856 9.47820725201806 0.40000000000000036
      vertex 3.387706508215856 9.47820725201806 0
    endloop
  endfacet
  facet normal -0.3368898533922113 0.9415440651830238 0
    outer loop
      vertex 3.387706508215856 9.47820725201806 0
      vertex 3.387706508215856 9.47820725201806 0.40000000000000036
      vertex 3.5355445163928603 9.531104537171533 0
    endloop
  endfacet
  facet normal -0.3368898533922113 0.9415440651830238 0
    outer loop
      vertex 3.387706508215856 9.47820725201806 0.40000000000000036
      vertex 3.5355445163928603 9.531104537171533 0.40000000000000036
      vertex 3.5355445163928603 9.531104537171533 0
    endloop
  endfacet
  facet normal 0 0 -1
    outer loop
      vertex 3.198625547395804 9.499266149392204 0.40000000000000036
      vertex 3.387706508215856 9.47820725201806 0.40000000000000036
      vertex 3.2457652210784036 9.411074022957369 0.40000000000000036
    endloop
  endfacet
  facet normal 0 0 -1
    outer loop
      vertex 3.198625547395804 9.499266149392204 0.40000000000000036
      vertex 3.349438164979347 9.570595205269187 0.40000000000000036
      vertex 3.387706508215856 9.47820725201806 0.40000000000000036
    endloop
  endfacet
  facet normal 0 0 -1
    outer loop
      vertex 3.387706508215856 9.47820725201806 0.40000000000000036
      vertex 3.349438164979347 9.570595205269187 0.40000000000000036
      vertex 3.5355445163928603 9.531104537171533 0.40000000000000036
    endloop
  endfacet
  facet normal 0 0 -1
    outer loop
      vertex 3.349438164979347 9.570595205269187 0.40000000000000036
      vertex 3.506516048667414 9.626798570744755 0.40000000000000036
      vertex 3.5355445163928603 9.531104537171533 0.40000000000000036
    endloop
  endfacet
  facet normal -0.5141027441932244 0.8577286100002706 0
    outer loop
      vertex 3.0555306038666763 9.413498340914327 0.40000000000000036
      vertex 3.0555306038666763 9.413498340914327 1.2000000000000002
      vertex 3.198625547395804 9.499266149392204 0.40000000000000036
    endloop
  endfacet
  facet normal -0.4275550934302803 0.9039892931234441 0
    outer loop
      vertex 3.198625547395804 9.499266149392204 0.40000000000000036
      vertex 3.198625547395804 9.499266149392204 1.2000000000000002
      vertex 3.349438164979347 9.570595205269187 0.40000000000000036
    endloop
  endfacet
  facet normal -0.5141027441932244 0.8577286100002706 0
    outer loop
      vertex 3.198625547395804 9.499266149392204 0.40000000000000036
      vertex 3.0555306038666763 9.413498340914327 1.2000000000000002
      vertex 3.198625547395804 9.499266149392204 1.2000000000000002
    endloop
  endfacet
  facet normal -0.3368898533922219 0.94154406518302 0
    outer loop
      vertex 3.349438164979347 9.570595205269187 0.40000000000000036
      vertex 3.349438164979347 9.570595205269187 1.2000000000000002
      vertex 3.506516048667414 9.626798570744755 0.40000000000000036
    endloop
  endfacet
  facet normal -0.4275550934302803 0.9039892931234441 0
    outer loop
      vertex 3.349438164979347 9.570595205269187 0.40000000000000036
      vertex 3.198625547395804 9.499266149392204 1.2000000000000002
      vertex 3.349438164979347 9.570595205269187 1.2000000000000002
    endloop
  endfacet
  facet normal -0.3368898533922219 0.94154406518302 0
    outer loop
      vertex 3.506516048667414 9.626798570744755 0.40000000000000036
      vertex 3.349438164979347 9.570595205269187 1.2000000000000002
      vertex 3.506516048667414 9.626798570744755 1.2000000000000002
    endloop
  endfacet
  facet normal 0 0 -1
    outer loop
      vertex 3.5355445163928603 6.468895462828465 0
      vertex 3.5355445163928603 9.531104537171533 0
      vertex 3.687855484774195 9.569256448645168 0
    endloop
  endfacet
  facet normal 0 0 -1
    outer loop
      vertex 3.5355445163928603 6.468895462828465 0
      vertex 3.687855484774195 9.569256448645168 0
      vertex 3.843172575472703 9.592295562675515 0
    endloop
  endfacet
  facet normal -0.24298017990326826 0.9700312531945429 0
    outer loop
      vertex 3.5355445163928603 9.531104537171533 0
      vertex 3.5355445163928603 9.531104537171533 0.40000000000000036
      vertex 3.687855484774195 9.569256448645168 0
    endloop
  endfacet
  facet normal -0.14673047445536486 0.9891765099647806 0
    outer loop
      vertex 3.687855484774195 9.569256448645168 0
      vertex 3.687855484774195 9.569256448645168 0.40000000000000036
      vertex 3.843172575472703 9.592295562675515 0
    endloop
  endfacet
  facet normal -0.24298017990326826 0.9700312531945429 0
    outer loop
      vertex 3.687855484774195 9.569256448645168 0
      vertex 3.5355445163928603 9.531104537171533 0.40000000000000036
      vertex 3.687855484774195 9.569256448645168 0.40000000000000036
    endloop
  endfacet
  facet normal 0 0 -1
    outer loop
      vertex 3.506516048667414 9.626798570744755 0.40000000000000036
      vertex 3.687855484774195 9.569256448645168 0.40000000000000036
      vertex 3.5355445163928603 9.531104537171533 0.40000000000000036
    endloop
  endfacet
  facet normal 0 0 -1
    outer loop
      vertex 3.506516048667414 9.626798570744755 0.40000000000000036
      vertex 3.6683464525725817 9.667334976685492 0.40000000000000036
      vertex 3.687855484774195 9.569256448645168 0.40000000000000036
    endloop
  endfacet
  facet normal 0 0 -1
    outer loop
      vertex 3.687855484774195 9.569256448645168 0.40000000000000036
      vertex 3.6683464525725817 9.667334976685492 0.40000000000000036
      vertex 3.843172575472703 9.592295562675515 0.40000000000000036
    endloop
  endfacet
  facet normal 0 0 -1
    outer loop
      vertex 3.5355445163928603 6.468895462828465 0
      vertex 3.843172575472703 9.592295562675515 0
      vertex 4 9.6 0
    endloop
  endfacet
  facet normal 0 0 -1
    outer loop
      vertex 3.5355445163928603 6.468895462828465 0
      vertex 4 9.6 0
      vertex 4.156827424527297 9.592295562675515 0
    endloop
  endfacet
  facet normal -0.14673047445536486 0.9891765099647806 0
    outer loop
      vertex 3.687855484774195 9.569256448645168 0.40000000000000036
      vertex 3.843172575472703 9.592295562675515 0.40000000000000036
      vertex 3.843172575472703 9.592295562675515 0
    endloop
  endfacet
  facet normal -0.04906767432741527 0.9987954562051724 0
    outer loop
      vertex 3.843172575472703 9.592295562675515 0
      vertex 3.843172575472703 9.592295562675515 0.40000000000000036
      vertex 4 9.6 0
    endloop
  endfacet
  facet normal -0.04906767432741527 0.9987954562051724 0
    outer loop
      vertex 3.843172575472703 9.592295562675515 0.40000000000000036
      vertex 4 9.6 0.40000000000000036
      vertex 4 9.6 0
    endloop
  endfacet
  facet normal 0 0 -1
    outer loop
      vertex 3.6683464525725817 9.667334976685492 0.40000000000000036
      vertex 3.833370861439747 9.691814035342734 0.40000000000000036
      vertex 3.843172575472703 9.592295562675515 0.40000000000000036
    endloop
  endfacet
  facet normal 0 0 -1
    outer loop
      vertex 3.843172575472703 9.592295562675515 0.40000000000000036
      vertex 3.833370861439747 9.691814035342734 0.40000000000000036
      vertex 4 9.6 0.40000000000000036
    endloop
  endfacet
  facet normal 0 0 -1
    outer loop
      vertex 3.833370861439747 9.691814035342734 0.40000000000000036
      vertex 4 9.7 0.40000000000000036
      vertex 4 9.6 0.40000000000000036
    endloop
  endfacet
  facet normal -0.24298017990326312 0.9700312531945441 0
    outer loop
      vertex 3.506516048667414 9.626798570744755 0.40000000000000036
      vertex 3.506516048667414 9.626798570744755 1.2000000000000002
      vertex 3.6683464525725817 9.667334976685492 0.40000000000000036
    endloop
  endfacet
  facet normal -0.1467304744553565 0.9891765099647817 0
    outer loop
      vertex 3.6683464525725817 9.667334976685492 0.40000000000000036
      vertex 3.6683464525725817 9.667334976685492 1.2000000000000002
      vertex 3.833370861439747 9.691814035342734 0.40000000000000036
    endloop
  endfacet
  facet normal -0.24298017990326312 0.9700312531945441 0
    outer loop
      vertex 3.6683464525725817 9.667334976685492 0.40000000000000036
      vertex 3.506516048667414 9.626798570744755 1.2000000000000002
      vertex 3.6683464525725817 9.667334976685492 1.2000000000000002
    endloop
  endfacet
  facet normal -0.049067674327417994 0.9987954562051724 0
    outer loop
      vertex 3.833370861439747 9.691814035342734 0.40000000000000036
      vertex 3.833370861439747 9.691814035342734 1.2000000000000002
      vertex 4 9.7 0.40000000000000036
    endloop
  endfacet
  facet normal -0.1467304744553565 0.9891765099647817 0
    outer loop
      vertex 3.833370861439747 9.691814035342734 0.40000000000000036
      vertex 3.6683464525725817 9.667334976685492 1.2000000000000002
      vertex 3.833370861439747 9.691814035342734 1.2000000000000002
    endloop
  endfacet
  facet normal -0.049067674327417994 0.9987954562051724 0
    outer loop
      vertex 3.833370861439747 9.691814035342734 1.2000000000000002
      vertex 4 9.7 1.2000000000000002
      vertex 4 9.7 0.40000000000000036
    endloop
  endfacet
  facet normal 0 0 1
    outer loop
      vertex 2.984970745338167 9.236816725380379 1.2000000000000002
      vertex 3.1110876271686365 9.330351379684073 1.2000000000000002
      vertex 3.0555306038666763 9.413498340914327 1.2000000000000002
    endloop
  endfacet
  facet normal 0 0 1
    outer loop
      vertex 3.0555306038666763 9.413498340914327 1.2000000000000002
      vertex 3.1110876271686365 9.330351379684073 1.2000000000000002
      vertex 3.198625547395804 9.499266149392204 1.2000000000000002
    endloop
  endfacet
  facet normal 0 0 1
    outer loop
      vertex 3.1110876271686365 9.330351379684073 1.2000000000000002
      vertex 3.2457652210784036 9.411074022957369 1.2000000000000002
      vertex 3.198625547395804 9.499266149392204 1.2000000000000002
    endloop
  endfacet
  facet normal 0 0 1
    outer loop
      vertex 3.198625547395804 9.499266149392204 1.2000000000000002
      vertex 3.2457652210784036 9.411074022957369 1.2000000000000002
      vertex 3.349438164979347 9.570595205269187 1.2000000000000002
    endloop
  endfacet
  facet normal -0.5956993044924348 0.8032075314806439 0
    outer loop
      vertex 2.984970745338167 9.236816725380379 1.2000000000000002
      vertex 3.1110876271686365 9.330351379684073 2.2
      vertex 3.1110876271686365 9.330351379684073 1.2000000000000002
    endloop
  endfacet
  facet normal -0.5141027441932227 0.8577286100002717 0
    outer loop
      vertex 3.1110876271686365 9.330351379684073 1.2000000000000002
      vertex 3.2457652210784036 9.411074022957369 2.2
      vertex 3.2457652210784036 9.411074022957369 1.2000000000000002
    endloop
  endfacet
  facet normal 0 0 1
    outer loop
      vertex 3.2457652210784036 9.411074022957369 1.2000000000000002
      vertex 3.387706508215856 9.47820725201806 1.2000000000000002
      vertex 3.349438164979347 9.570595205269187 1.2000000000000002
    endloop
  endfacet
  facet normal 0 0 1
    outer loop
      vertex 3.387706508215856 9.47820725201806 1.2000000000000002
      vertex 3.506516048667414 9.626798570744755 1.2000000000000002
      vertex 3.349438164979347 9.570595205269187 1.2000000000000002
    endloop
  endfacet
  facet normal 0 0 1
    outer loop
      vertex 3.387706508215856 9.47820725201806 1.2000000000000002
      vertex 3.5355445163928603 9.531104537171533 1.2000000000000002
      vertex 3.506516048667414 9.626798570744755 1.2000000000000002
    endloop
  endfacet
  facet normal -0.4275550934302809 0.9039892931234439 0
    outer loop
      vertex 3.2457652210784036 9.411074022957369 1.2000000000000002
      vertex 3.387706508215856 9.47820725201806 2.2
      vertex 3.387706508215856 9.47820725201806 1.2000000000000002
    endloop
  endfacet
  facet normal -0.33688985339221134 0.9415440651830239 0
    outer loop
      vertex 3.387706508215856 9.47820725201806 1.2000000000000002
      vertex 3.5355445163928603 9.531104537171533 2.2
      vertex 3.5355445163928603 9.531104537171533 1.2000000000000002
    endloop
  endfacet
  facet normal -0.5956993044924348 0.8032075314806439 0
    outer loop
      vertex 2.984970745338167 9.236816725380379 1.2000000000000002
      vertex 2.984970745338167 9.236816725380379 2.2
      vertex 3.1110876271686365 9.330351379684073 2.2
    endloop
  endfacet
  facet normal -0.5141027441932227 0.8577286100002717 0
    outer loop
      vertex 3.1110876271686365 9.330351379684073 1.2000000000000002
      vertex 3.1110876271686365 9.330351379684073 2.2
      vertex 3.2457652210784036 9.411074022957369 2.2
    endloop
  endfacet
  facet normal -0.4275550934302809 0.9039892931234439 0
    outer loop
      vertex 3.2457652210784036 9.411074022957369 1.2000000000000002
      vertex 3.2457652210784036 9.411074022957369 2.2
      vertex 3.387706508215856 9.47820725201806 2.2
    endloop
  endfacet
  facet normal -0.33688985339221134 0.9415440651830239 0
    outer loop
      vertex 3.387706508215856 9.47820725201806 1.2000000000000002
      vertex 3.387706508215856 9.47820725201806 2.2
      vertex 3.5355445163928603 9.531104537171533 2.2
    endloop
  endfacet
  facet normal 0 0 -1
    outer loop
      vertex 1.9 12 2.2
      vertex 3.687855484774195 9.569256448645168 2.2
      vertex 3.5355445163928603 9.531104537171533 2.2
    endloop
  endfacet
  facet normal 0 0 -1
    outer loop
      vertex 1.9 12 2.2
      vertex 3.687855484774195 14.430743551354832 2.2
      vertex 3.687855484774195 9.569256448645168 2.2
    endloop
  endfacet
  facet normal 0 0 1
    outer loop
      vertex 3.506516048667414 9.626798570744755 1.2000000000000002
      vertex 3.5355445163928603 9.531104537171533 1.2000000000000002
      vertex 3.6683464525725817 9.667334976685492 1.2000000000000002
    endloop
  endfacet
  facet normal 0 0 1
    outer loop
      vertex 3.5355445163928603 9.531104537171533 1.2000000000000002
      vertex 3.687855484774195 9.569256448645168 1.2000000000000002
      vertex 3.6683464525725817 9.667334976685492 1.2000000000000002
    endloop
  endfacet
  facet normal 0 0 1
    outer loop
      vertex 3.687855484774195 9.569256448645168 1.2000000000000002
      vertex 3.833370861439747 9.691814035342734 1.2000000000000002
      vertex 3.6683464525725817 9.667334976685492 1.2000000000000002
    endloop
  endfacet
  facet normal -0.24298017990326828 0.970031253194543 0
    outer loop
      vertex 3.5355445163928603 9.531104537171533 1.2000000000000002
      vertex 3.687855484774195 9.569256448645168 2.2
      vertex 3.687855484774195 9.569256448645168 1.2000000000000002
    endloop
  endfacet
  facet normal 0 0 1
    outer loop
      vertex 3.687855484774195 9.569256448645168 1.2000000000000002
      vertex 3.843172575472703 9.592295562675515 1.2000000000000002
      vertex 3.833370861439747 9.691814035342734 1.2000000000000002
    endloop
  endfacet
  facet normal 0 0 1
    outer loop
      vertex 3.843172575472703 9.592295562675515 1.2000000000000002
      vertex 4 9.7 1.2000000000000002
      vertex 3.833370861439747 9.691814035342734 1.2000000000000002
    endloop
  endfacet
  facet normal 0 0 1
    outer loop
      vertex 3.843172575472703 9.592295562675515 1.2000000000000002
      vertex 4 9.6 1.2000000000000002
      vertex 4 9.7 1.2000000000000002
    endloop
  endfacet
  facet normal -0.14673047445536486 0.9891765099647806 0
    outer loop
      vertex 3.687855484774195 9.569256448645168 1.2000000000000002
      vertex 3.843172575472703 9.592295562675515 2.2
      vertex 3.843172575472703 9.592295562675515 1.2000000000000002
    endloop
  endfacet
  facet normal -0.049067674327415274 0.9987954562051726 0
    outer loop
      vertex 3.843172575472703 9.592295562675515 1.2000000000000002
      vertex 4 9.6 2.2
      vertex 4 9.6 1.2000000000000002
    endloop
  endfacet
  facet normal -0.24298017990326828 0.970031253194543 0
    outer loop
      vertex 3.5355445163928603 9.531104537171533 1.2000000000000002
      vertex 3.5355445163928603 9.531104537171533 2.2
      vertex 3.687855484774195 9.569256448645168 2.2
    endloop
  endfacet
  facet normal -0.14673047445536486 0.9891765099647806 0
    outer loop
      vertex 3.687855484774195 9.569256448645168 1.2000000000000002
      vertex 3.687855484774195 9.569256448645168 2.2
      vertex 3.843172575472703 9.592295562675515 2.2
    endloop
  endfacet
  facet normal -0.049067674327415274 0.9987954562051726 0
    outer loop
      vertex 3.843172575472703 9.592295562675515 1.2000000000000002
      vertex 3.843172575472703 9.592295562675515 2.2
      vertex 4 9.6 2.2
    endloop
  endfacet
  facet normal 0 0 -1
    outer loop
      vertex 3.687855484774195 9.569256448645168 2.2
      vertex 3.687855484774195 14.430743551354832 2.2
      vertex 3.843172575472703 9.592295562675515 2.2
    endloop
  endfacet
  facet normal 0 0 -1
    outer loop
      vertex 3.843172575472703 9.592295562675515 2.2
      vertex 3.843172575472703 14.407704437324485 2.2
      vertex 4 9.6 2.2
    endloop
  endfacet
  facet normal -0.5956993044924349 -0.8032075314806439 0
    outer loop
      vertex 2.984970745338167 14.763183274619621 0
      vertex 3.1110876271686365 14.669648620315927 0
      vertex 3.1110876271686365 14.669648620315927 0.40000000000000036
    endloop
  endfacet
  facet normal 0 0 -1
    outer loop
      vertex 2.521792747981941 15.387706508215857 0
      vertex 3.387706508215856 14.52179274798194 0
      vertex 3.2457652210784036 14.588925977042631 0
    endloop
  endfacet
  facet normal -0.5956993044924349 -0.8032075314806439 0
    outer loop
      vertex 2.984970745338167 14.763183274619621 0
      vertex 3.1110876271686365 14.669648620315927 0.40000000000000036
      vertex 2.984970745338167 14.763183274619621 0.40000000000000036
    endloop
  endfacet
  facet normal -0.5141027441932227 -0.8577286100002716 0
    outer loop
      vertex 3.1110876271686365 14.669648620315927 0
      vertex 3.2457652210784036 14.588925977042631 0
      vertex 3.2457652210784036 14.588925977042631 0.40000000000000036
    endloop
  endfacet
  facet normal -0.5141027441932227 -0.8577286100002716 0
    outer loop
      vertex 3.1110876271686365 14.669648620315927 0
      vertex 3.2457652210784036 14.588925977042631 0.40000000000000036
      vertex 3.1110876271686365 14.669648620315927 0.40000000000000036
    endloop
  endfacet
  facet normal 0 0 -1
    outer loop
      vertex 2.984970745338167 14.763183274619621 0.40000000000000036
      vertex 3.1110876271686365 14.669648620315927 0.40000000000000036
      vertex 3.0555306038666763 14.586501659085673 0.40000000000000036
    endloop
  endfacet
  facet normal 0 0 -1
    outer loop
      vertex 3.0555306038666763 14.586501659085673 0.40000000000000036
      vertex 3.1110876271686365 14.669648620315927 0.40000000000000036
      vertex 3.198625547395804 14.500733850607796 0.40000000000000036
    endloop
  endfacet
  facet normal 0 0 -1
    outer loop
      vertex 3.198625547395804 14.500733850607796 0.40000000000000036
      vertex 3.2457652210784036 14.588925977042631 0.40000000000000036
      vertex 3.349438164979347 14.429404794730813 0.40000000000000036
    endloop
  endfacet
  facet normal 0 0 -1
    outer loop
      vertex 3.1110876271686365 14.669648620315927 0.40000000000000036
      vertex 3.2457652210784036 14.588925977042631 0.40000000000000036
      vertex 3.198625547395804 14.500733850607796 0.40000000000000036
    endloop
  endfacet
  facet normal -0.4275550934302809 -0.9039892931234439 0
    outer loop
      vertex 3.2457652210784036 14.588925977042631 0
      vertex 3.387706508215856 14.52179274798194 0
      vertex 3.387706508215856 14.52179274798194 0.40000000000000036
    endloop
  endfacet
  facet normal -0.4275550934302809 -0.9039892931234439 0
    outer loop
      vertex 3.2457652210784036 14.588925977042631 0
      vertex 3.387706508215856 14.52179274798194 0.40000000000000036
      vertex 3.2457652210784036 14.588925977042631 0.40000000000000036
    endloop
  endfacet
  facet normal -0.33688985339222133 -0.9415440651830203 0
    outer loop
      vertex 3.387706508215856 14.52179274798194 0
      vertex 3.5355445163928603 14.468895462828465 0
      vertex 3.5355445163928603 14.468895462828465 0.40000000000000036
    endloop
  endfacet
  facet normal -0.33688985339222133 -0.9415440651830203 0
    outer loop
      vertex 3.387706508215856 14.52179274798194 0
      vertex 3.5355445163928603 14.468895462828465 0.40000000000000036
      vertex 3.387706508215856 14.52179274798194 0.40000000000000036
    endloop
  endfacet
  facet normal 0 0 -1
    outer loop
      vertex 3.2457652210784036 14.588925977042631 0.40000000000000036
      vertex 3.387706508215856 14.52179274798194 0.40000000000000036
      vertex 3.349438164979347 14.429404794730813 0.40000000000000036
    endloop
  endfacet
  facet normal 0 0 -1
    outer loop
      vertex 3.349438164979347 14.429404794730813 0.40000000000000036
      vertex 3.387706508215856 14.52179274798194 0.40000000000000036
      vertex 3.506516048667414 14.373201429255245 0.40000000000000036
    endloop
  endfacet
  facet normal 0 0 -1
    outer loop
      vertex 3.387706508215856 14.52179274798194 0.40000000000000036
      vertex 3.5355445163928603 14.468895462828465 0.40000000000000036
      vertex 3.506516048667414 14.373201429255245 0.40000000000000036
    endloop
  endfacet
  facet normal -0.5141027441932244 -0.8577286100002706 0
    outer loop
      vertex 3.0555306038666763 14.586501659085673 0.40000000000000036
      vertex 3.198625547395804 14.500733850607796 0.40000000000000036
      vertex 3.198625547395804 14.500733850607796 1.2000000000000002
    endloop
  endfacet
  facet normal -0.5141027441932244 -0.8577286100002706 0
    outer loop
      vertex 3.0555306038666763 14.586501659085673 0.40000000000000036
      vertex 3.198625547395804 14.500733850607796 1.2000000000000002
      vertex 3.0555306038666763 14.586501659085673 1.2000000000000002
    endloop
  endfacet
  facet normal -0.4275550934302803 -0.9039892931234441 0
    outer loop
      vertex 3.198625547395804 14.500733850607796 0.40000000000000036
      vertex 3.349438164979347 14.429404794730813 1.2000000000000002
      vertex 3.198625547395804 14.500733850607796 1.2000000000000002
    endloop
  endfacet
  facet normal -0.4275550934302803 -0.9039892931234441 0
    outer loop
      vertex 3.198625547395804 14.500733850607796 0.40000000000000036
      vertex 3.349438164979347 14.429404794730813 0.40000000000000036
      vertex 3.349438164979347 14.429404794730813 1.2000000000000002
    endloop
  endfacet
  facet normal -0.3368898533922219 -0.94154406518302 0
    outer loop
      vertex 3.349438164979347 14.429404794730813 0.40000000000000036
      vertex 3.506516048667414 14.373201429255245 0.40000000000000036
      vertex 3.506516048667414 14.373201429255245 1.2000000000000002
    endloop
  endfacet
  facet normal -0.3368898533922219 -0.94154406518302 0
    outer loop
      vertex 3.349438164979347 14.429404794730813 0.40000000000000036
      vertex 3.506516048667414 14.373201429255245 1.2000000000000002
      vertex 3.349438164979347 14.429404794730813 1.2000000000000002
    endloop
  endfacet
  facet normal -0.24298017990325763 -0.9700312531945456 0
    outer loop
      vertex 3.5355445163928603 14.468895462828465 0
      vertex 3.687855484774195 14.430743551354832 0.40000000000000036
      vertex 3.5355445163928603 14.468895462828465 0.40000000000000036
    endloop
  endfacet
  facet normal -0.24298017990325763 -0.9700312531945456 0
    outer loop
      vertex 3.5355445163928603 14.468895462828465 0
      vertex 3.687855484774195 14.430743551354832 0
      vertex 3.687855484774195 14.430743551354832 0.40000000000000036
    endloop
  endfacet
  facet normal -0.14673047445536486 -0.9891765099647806 0
    outer loop
      vertex 3.687855484774195 14.430743551354832 0
      vertex 3.843172575472703 14.407704437324485 0.40000000000000036
      vertex 3.687855484774195 14.430743551354832 0.40000000000000036
    endloop
  endfacet
  facet normal 0 0 -1
    outer loop
      vertex 3.506516048667414 14.373201429255245 0.40000000000000036
      vertex 3.5355445163928603 14.468895462828465 0.40000000000000036
      vertex 3.6683464525725817 14.332665023314508 0.40000000000000036
    endloop
  endfacet
  facet normal 0 0 -1
    outer loop
      vertex 3.5355445163928603 14.468895462828465 0.40000000000000036
      vertex 3.687855484774195 14.430743551354832 0.40000000000000036
      vertex 3.6683464525725817 14.332665023314508 0.40000000000000036
    endloop
  endfacet
  facet normal 0 0 -1
    outer loop
      vertex 3.6683464525725817 14.332665023314508 0.40000000000000036
      vertex 3.687855484774195 14.430743551354832 0.40000000000000036
      vertex 3.833370861439747 14.308185964657266 0.40000000000000036
    endloop
  endfacet
  facet normal 0 0 -1
    outer loop
      vertex 3.387706508215856 14.52179274798194 0
      vertex 4.312144515225805 17.56925644864517 0
      vertex 3.5355445163928603 14.468895462828465 0
    endloop
  endfacet
  facet normal -0.14673047445536486 -0.9891765099647806 0
    outer loop
      vertex 3.687855484774195 14.430743551354832 0
      vertex 3.843172575472703 14.407704437324485 0
      vertex 3.843172575472703 14.407704437324485 0.40000000000000036
    endloop
  endfacet
  facet normal -0.04906767432741527 -0.9987954562051724 0
    outer loop
      vertex 3.843172575472703 14.407704437324485 0
      vertex 4 14.4 0
      vertex 4 14.4 0.40000000000000036
    endloop
  endfacet
  facet normal -0.04906767432741527 -0.9987954562051724 0
    outer loop
      vertex 3.843172575472703 14.407704437324485 0
      vertex 4 14.4 0.40000000000000036
      vertex 3.843172575472703 14.407704437324485 0.40000000000000036
    endloop
  endfacet
  facet normal 0 0 -1
    outer loop
      vertex 3.687855484774195 14.430743551354832 0.40000000000000036
      vertex 3.843172575472703 14.407704437324485 0.40000000000000036
      vertex 3.833370861439747 14.308185964657266 0.40000000000000036
    endloop
  endfacet
  facet normal 0 0 -1
    outer loop
      vertex 3.833370861439747 14.308185964657266 0.40000000000000036
      vertex 3.843172575472703 14.407704437324485 0.40000000000000036
      vertex 4 14.3 0.40000000000000036
    endloop
  endfacet
  facet normal 0 0 -1
    outer loop
      vertex 3.843172575472703 14.407704437324485 0.40000000000000036
      vertex 4 14.4 0.40000000000000036
      vertex 4 14.3 0.40000000000000036
    endloop
  endfacet
  facet normal 0 0 -1
    outer loop
      vertex 3.5355445163928603 14.468895462828465 0
      vertex 4.464455483607139 17.531104537171533 0
      vertex 3.687855484774195 14.430743551354832 0
    endloop
  endfacet
  facet normal -0.24298017990326312 -0.9700312531945441 0
    outer loop
      vertex 3.506516048667414 14.373201429255245 0.40000000000000036
      vertex 3.6683464525725817 14.332665023314508 0.40000000000000036
      vertex 3.6683464525725817 14.332665023314508 1.2000000000000002
    endloop
  endfacet
  facet normal -0.24298017990326312 -0.9700312531945441 0
    outer loop
      vertex 3.506516048667414 14.373201429255245 0.40000000000000036
      vertex 3.6683464525725817 14.332665023314508 1.2000000000000002
      vertex 3.506516048667414 14.373201429255245 1.2000000000000002
    endloop
  endfacet
  facet normal -0.1467304744553565 -0.9891765099647817 0
    outer loop
      vertex 3.6683464525725817 14.332665023314508 0.40000000000000036
      vertex 3.833370861439747 14.308185964657266 1.2000000000000002
      vertex 3.6683464525725817 14.332665023314508 1.2000000000000002
    endloop
  endfacet
  facet normal -0.1467304744553565 -0.9891765099647817 0
    outer loop
      vertex 3.6683464525725817 14.332665023314508 0.40000000000000036
      vertex 3.833370861439747 14.308185964657266 0.40000000000000036
      vertex 3.833370861439747 14.308185964657266 1.2000000000000002
    endloop
  endfacet
  facet normal -0.049067674327417994 -0.9987954562051724 0
    outer loop
      vertex 3.833370861439747 14.308185964657266 0.40000000000000036
      vertex 4 14.3 0.40000000000000036
      vertex 4 14.3 1.2000000000000002
    endloop
  endfacet
  facet normal -0.049067674327417994 -0.9987954562051724 0
    outer loop
      vertex 3.833370861439747 14.308185964657266 0.40000000000000036
      vertex 4 14.3 1.2000000000000002
      vertex 3.833370861439747 14.308185964657266 1.2000000000000002
    endloop
  endfacet
  facet normal 0 0 -1
    outer loop
      vertex 1.9 12 2.2
      vertex 3.5355445163928603 14.468895462828465 2.2
      vertex 3.687855484774195 14.430743551354832 2.2
    endloop
  endfacet
  facet normal 0 0 1
    outer loop
      vertex 2.9215314169218027 14.685882229283347 1.2000000000000002
      vertex 3.0555306038666763 14.586501659085673 1.2000000000000002
      vertex 3.1110876271686365 14.669648620315927 1.2000000000000002
    endloop
  endfacet
  facet normal 0 0 1
    outer loop
      vertex 3.0555306038666763 14.586501659085673 1.2000000000000002
      vertex 3.2457652210784036 14.588925977042631 1.2000000000000002
      vertex 3.1110876271686365 14.669648620315927 1.2000000000000002
    endloop
  endfacet
  facet normal 0 0 1
    outer loop
      vertex 3.0555306038666763 14.586501659085673 1.2000000000000002
      vertex 3.198625547395804 14.500733850607796 1.2000000000000002
      vertex 3.2457652210784036 14.588925977042631 1.2000000000000002
    endloop
  endfacet
  facet normal -0.5956993044924348 -0.8032075314806439 0
    outer loop
      vertex 2.984970745338167 14.763183274619621 1.2000000000000002
      vertex 3.1110876271686365 14.669648620315927 1.2000000000000002
      vertex 2.984970745338167 14.763183274619621 2.2
    endloop
  endfacet
  facet normal -0.5141027441932227 -0.8577286100002717 0
    outer loop
      vertex 3.1110876271686365 14.669648620315927 1.2000000000000002
      vertex 3.2457652210784036 14.588925977042631 1.2000000000000002
      vertex 3.1110876271686365 14.669648620315927 2.2
    endloop
  endfacet
  facet normal 0 0 1
    outer loop
      vertex 3.198625547395804 14.500733850607796 1.2000000000000002
      vertex 3.349438164979347 14.429404794730813 1.2000000000000002
      vertex 3.387706508215856 14.52179274798194 1.2000000000000002
    endloop
  endfacet
  facet normal 0 0 1
    outer loop
      vertex 3.198625547395804 14.500733850607796 1.2000000000000002
      vertex 3.387706508215856 14.52179274798194 1.2000000000000002
      vertex 3.2457652210784036 14.588925977042631 1.2000000000000002
    endloop
  endfacet
  facet normal 0 0 1
    outer loop
      vertex 3.349438164979347 14.429404794730813 1.2000000000000002
      vertex 3.5355445163928603 14.468895462828465 1.2000000000000002
      vertex 3.387706508215856 14.52179274798194 1.2000000000000002
    endloop
  endfacet
  facet normal 0 0 1
    outer loop
      vertex 3.349438164979347 14.429404794730813 1.2000000000000002
      vertex 3.506516048667414 14.373201429255245 1.2000000000000002
      vertex 3.5355445163928603 14.468895462828465 1.2000000000000002
    endloop
  endfacet
  facet normal -0.4275550934302809 -0.9039892931234439 0
    outer loop
      vertex 3.2457652210784036 14.588925977042631 1.2000000000000002
      vertex 3.387706508215856 14.52179274798194 1.2000000000000002
      vertex 3.2457652210784036 14.588925977042631 2.2
    endloop
  endfacet
  facet normal -0.33688985339222133 -0.9415440651830204 0
    outer loop
      vertex 3.387706508215856 14.52179274798194 1.2000000000000002
      vertex 3.5355445163928603 14.468895462828465 1.2000000000000002
      vertex 3.387706508215856 14.52179274798194 2.2
    endloop
  endfacet
  facet normal -0.5956993044924348 -0.8032075314806439 0
    outer loop
      vertex 2.984970745338167 14.763183274619621 2.2
      vertex 3.1110876271686365 14.669648620315927 1.2000000000000002
      vertex 3.1110876271686365 14.669648620315927 2.2
    endloop
  endfacet
  facet normal -0.5141027441932227 -0.8577286100002717 0
    outer loop
      vertex 3.2457652210784036 14.588925977042631 1.2000000000000002
      vertex 3.2457652210784036 14.588925977042631 2.2
      vertex 3.1110876271686365 14.669648620315927 2.2
    endloop
  endfacet
  facet normal -0.4275550934302809 -0.9039892931234439 0
    outer loop
      vertex 3.387706508215856 14.52179274798194 1.2000000000000002
      vertex 3.387706508215856 14.52179274798194 2.2
      vertex 3.2457652210784036 14.588925977042631 2.2
    endloop
  endfacet
  facet normal -0.33688985339222133 -0.9415440651830204 0
    outer loop
      vertex 3.387706508215856 14.52179274798194 2.2
      vertex 3.5355445163928603 14.468895462828465 1.2000000000000002
      vertex 3.5355445163928603 14.468895462828465 2.2
    endloop
  endfacet
  facet normal 0 0 -1
    outer loop
      vertex 3.843172575472703 9.592295562675515 2.2
      vertex 3.687855484774195 14.430743551354832 2.2
      vertex 3.843172575472703 14.407704437324485 2.2
    endloop
  endfacet
  facet normal 0 0 -1
    outer loop
      vertex 3.843172575472703 14.407704437324485 2.2
      vertex 4 14.4 2.2
      vertex 4 9.6 2.2
    endloop
  endfacet
  facet normal 0 0 1
    outer loop
      vertex 3.506516048667414 14.373201429255245 1.2000000000000002
      vertex 3.687855484774195 14.430743551354832 1.2000000000000002
      vertex 3.5355445163928603 14.468895462828465 1.2000000000000002
    endloop
  endfacet
  facet normal 0 0 1
    outer loop
      vertex 3.506516048667414 14.373201429255245 1.2000000000000002
      vertex 3.6683464525725817 14.332665023314508 1.2000000000000002
      vertex 3.687855484774195 14.430743551354832 1.2000000000000002
    endloop
  endfacet
  facet normal 0 0 1
    outer loop
      vertex 3.6683464525725817 14.332665023314508 1.2000000000000002
      vertex 3.843172575472703 14.407704437324485 1.2000000000000002
      vertex 3.687855484774195 14.430743551354832 1.2000000000000002
    endloop
  endfacet
  facet normal -0.2429801799032576 -0.9700312531945455 0
    outer loop
      vertex 3.5355445163928603 14.468895462828465 1.2000000000000002
      vertex 3.687855484774195 14.430743551354832 1.2000000000000002
      vertex 3.5355445163928603 14.468895462828465 2.2
    endloop
  endfacet
  facet normal -0.14673047445536486 -0.9891765099647806 0
    outer loop
      vertex 3.687855484774195 14.430743551354832 1.2000000000000002
      vertex 3.843172575472703 14.407704437324485 1.2000000000000002
      vertex 3.687855484774195 14.430743551354832 2.2
    endloop
  endfacet
  facet normal 0 0 1
    outer loop
      vertex 3.6683464525725817 14.332665023314508 1.2000000000000002
      vertex 3.833370861439747 14.308185964657266 1.2000000000000002
      vertex 3.843172575472703 14.407704437324485 1.2000000000000002
    endloop
  endfacet
  facet normal 0 0 1
    outer loop
      vertex 3.833370861439747 14.308185964657266 1.2000000000000002
      vertex 4 14.4 1.2000000000000002
      vertex 3.843172575472703 14.407704437324485 1.2000000000000002
    endloop
  endfacet
  facet normal 0 0 1
    outer loop
      vertex 3.833370861439747 14.308185964657266 1.2000000000000002
      vertex 4 14.3 1.2000000000000002
      vertex 4 14.4 1.2000000000000002
    endloop
  endfacet
  facet normal -0.049067674327415274 -0.9987954562051726 0
    outer loop
      vertex 3.843172575472703 14.407704437324485 1.2000000000000002
      vertex 4 14.4 1.2000000000000002
      vertex 3.843172575472703 14.407704437324485 2.2
    endloop
  endfacet
  facet normal -0.2429801799032576 -0.9700312531945455 0
    outer loop
      vertex 3.687855484774195 14.430743551354832 1.2000000000000002
      vertex 3.687855484774195 14.430743551354832 2.2
      vertex 3.5355445163928603 14.468895462828465 2.2
    endloop
  endfacet
  facet normal -0.14673047445536486 -0.9891765099647806 0
    outer loop
      vertex 3.843172575472703 14.407704437324485 1.2000000000000002
      vertex 3.843172575472703 14.407704437324485 2.2
      vertex 3.687855484774195 14.430743551354832 2.2
    endloop
  endfacet
  facet normal -0.049067674327415274 -0.9987954562051726 0
    outer loop
      vertex 3.843172575472703 14.407704437324485 2.2
      vertex 4 14.4 1.2000000000000002
      vertex 4 14.4 2.2
    endloop
  endfacet
  facet normal -1 0 0
    outer loop
      vertex 0.09999999999999964 0.10000000000000142 0
      vertex 0.09999999999999964 0.10000000000000142 9.600000000000001
      vertex 0.09999999999999964 11.198062263429165 4.882232524454594
    endloop
  endfacet
  facet normal -1 0 0
    outer loop
      vertex 0.09999999999999964 0.10000000000000142 9.600000000000001
      vertex 0.09999999999999964 11.198062263429165 7.117767475545406
      vertex 0.09999999999999964 11.198062263429165 4.882232524454594
    endloop
  endfacet
  facet normal 1 0 0
    outer loop
      vertex 1.6000000014901161 0.10000000000000142 3.2
      vertex 1.6000000014901161 11.198062263429165 7.117767475545406
      vertex 1.6000000014901161 0.10000000000000142 9.600000000000001
    endloop
  endfacet
  facet normal 1 0 0
    outer loop
      vertex 1.6000000014901161 0.10000000000000142 3.2
      vertex 1.6000000014901161 11.198062263429165 4.882232524454594
      vertex 1.6000000014901161 11.198062263429165 7.117767475545406
    endloop
  endfacet
  facet normal -1 0 0
    outer loop
      vertex 0.09999999999999964 0.10000000000000142 9.600000000000001
      vertex 0.09999999999999964 12.554958134889603 8.199855826795101
      vertex 0.09999999999999964 11.198062263429165 7.117767475545406
    endloop
  endfacet
  facet normal 0 -1 0
    outer loop
      vertex 1.6000000014901161 0.10000000000000142 3.2
      vertex 1.6000000014901161 0.10000000000000142 9.600000000000001
      vertex 0.09999999999999964 0.10000000000000142 9.600000000000001
    endloop
  endfacet
  facet normal 1 0 0
    outer loop
      vertex 1.6000000014901161 0.10000000000000142 9.600000000000001
      vertex 1.6000000014901161 11.198062263429165 7.117767475545406
      vertex 1.6000000014901161 12.554958134889603 8.199855826795101
    endloop
  endfacet
  facet normal -1 0 0
    outer loop
      vertex 0.09999999999999964 0.10000000000000142 9.600000000000001
      vertex 0.09999999999999964 18.554958134889603 8.199855826795101
      vertex 0.09999999999999964 12.554958134889603 8.199855826795101
    endloop
  endfacet
  facet normal 0 0 1
    outer loop
      vertex 0.09999999999999964 0.10000000000000142 9.600000000000001
      vertex 1.6000000014901161 0.10000000000000142 9.600000000000001
      vertex 1.6000000014901161 31.9 9.600000000000001
    endloop
  endfacet
  facet normal 1 0 0
    outer loop
      vertex 1.6000000014901161 0.10000000000000142 9.600000000000001
      vertex 1.6000000014901161 12.554958134889603 8.199855826795101
      vertex 1.6000000014901161 18.554958134889603 8.199855826795101
    endloop
  endfacet
  facet normal -1 0 0
    outer loop
      vertex 0.09999999999999964 0.10000000000000142 0
      vertex 0.09999999999999964 18.554958134889603 3.800144173204899
      vertex 0.09999999999999964 31.9 0
    endloop
  endfacet
  facet normal 0 0 -1
    outer loop
      vertex 1.5 1.5 0
      vertex 0.09999999999999964 31.9 0
      vertex 1.5 30.5 0
    endloop
  endfacet
  facet normal 1 0 0
    outer loop
      vertex 1.5 8.4 1.4000000000000004
      vertex 1.5 30.5 1.2000000000000002
      vertex 1.5 15.6 1.4000000000000004
    endloop
  endfacet
  facet normal 1 0 0
    outer loop
      vertex 1.5 16.4 1.4000000000000004
      vertex 1.5 23.6 1.4000000000000004
      vertex 1.5 16.4 2
    endloop
  endfacet
  facet normal 0 1 0
    outer loop
      vertex 1.5 16.4 1.4000000000000004
      vertex 1.5 16.4 2
      vertex 2.4527502046720526 16.4 1.4000000000000004
    endloop
  endfacet
  facet normal 0 1 0
    outer loop
      vertex 1.5 16.4 2
      vertex 1.9 16.4 2
      vertex 2.4527502046720526 16.4 1.4000000000000004
    endloop
  endfacet
  facet normal 0 0 -1
    outer loop
      vertex 1.5 16.4 2
      vertex 1.5 23.6 2
      vertex 1.9 16.4 2
    endloop
  endfacet
  facet normal 1 0 0
    outer loop
      vertex 1.9 16.4 2
      vertex 1.9 23.6 2.2
      vertex 1.9 16.4 2.2
    endloop
  endfacet
  facet normal 1 0 0
    outer loop
      vertex 1.5 1.5 0
      vertex 1.5 30.5 0
      vertex 1.5 30.5 0.40000000000000036
    endloop
  endfacet
  facet normal 0 0 -1
    outer loop
      vertex 1.5 1.5 0.40000000000000036
      vertex 1.5 30.5 0.40000000000000036
      vertex 1.6 30.4 0.40000000000000036
    endloop
  endfacet
  facet normal 1 0 0
    outer loop
      vertex 1.6 1.5999999999999996 1.2000000000000002
      vertex 1.6 30.4 0.40000000000000036
      vertex 1.6 30.4 1.2000000000000002
    endloop
  endfacet
  facet normal 1 0 0
    outer loop
      vertex 1.5 15.6 1.4000000000000004
      vertex 1.5 30.5 1.2000000000000002
      vertex 1.5 16.4 1.4000000000000004
    endloop
  endfacet
  facet normal 1 0 0
    outer loop
      vertex 1.5 16.4 2
      vertex 1.5 23.6 1.4000000000000004
      vertex 1.5 23.6 2
    endloop
  endfacet
  facet normal 1 0 0
    outer loop
      vertex 1.5 16.4 1.4000000000000004
      vertex 1.5 30.5 1.2000000000000002
      vertex 1.5 23.6 1.4000000000000004
    endloop
  endfacet
  facet normal 0 0 1
    outer loop
      vertex 1.6 1.5999999999999996 1.2000000000000002
      vertex 1.6 30.4 1.2000000000000002
      vertex 1.5 30.5 1.2000000000000002
    endloop
  endfacet
  facet normal 0 0 -1
    outer loop
      vertex 1.9 16.4 2
      vertex 1.5 23.6 2
      vertex 1.9 23.6 2
    endloop
  endfacet
  facet normal 1 0 0
    outer loop
      vertex 1.9 16.4 2
      vertex 1.9 23.6 2
      vertex 1.9 23.6 2.2
    endloop
  endfacet
  facet normal 0 -1 0
    outer loop
      vertex 1.5 23.6 1.4000000000000004
      vertex 1.9 23.6 2
      vertex 1.5 23.6 2
    endloop
  endfacet
  facet normal 0 0 -1
    outer loop
      vertex 1.5 23.6 1.4000000000000004
      vertex 1.5 24.4 1.4000000000000004
      vertex 2.4307435513548312 23.687855484774197 1.4000000000000004
    endloop
  endfacet
  facet normal 0 -1 0
    outer loop
      vertex 1.5 23.6 1.4000000000000004
      vertex 2.452750204672053 23.6 1.4000000000000004
      vertex 1.9 23.6 2
    endloop
  endfacet
  facet normal -1 0 0
    outer loop
      vertex 0.09999999999999964 31.9 0
      vertex 0.09999999999999964 18.554958134889603 3.800144173204899
      vertex 0.09999999999999964 20.246979601681232 4.186337031424046
    endloop
  endfacet
  facet normal 1 0 0
    outer loop
      vertex 1.6000000014901161 31.9 3.2
      vertex 1.6000000014901161 18.554958134889603 3.800144173204899
      vertex 1.6000000014901161 12.554958134889603 3.800144173204899
    endloop
  endfacet
  facet normal 1 0 0
    outer loop
      vertex 1.6000000014901161 31.9 3.2
      vertex 1.6000000014901161 20.246979601681232 4.186337031424046
      vertex 1.6000000014901161 18.554958134889603 3.800144173204899
    endloop
  endfacet
  facet normal 1 0 0
    outer loop
      vertex 1.5 23.6 1.4000000000000004
      vertex 1.5 30.5 1.2000000000000002
      vertex 1.5 24.4 1.4000000000000004
    endloop
  endfacet
  facet normal 1 0 0
    outer loop
      vertex 1.5 24.4 1.4000000000000004
      vertex 1.5 30.5 2
      vertex 1.5 24.4 2
    endloop
  endfacet
  facet normal 0 1 0
    outer loop
      vertex 1.5 24.4 1.4000000000000004
      vertex 1.5 24.4 2
      vertex 1.9 24.4 2
    endloop
  endfacet
  facet normal 0 1 0
    outer loop
      vertex 1.5 24.4 1.4000000000000004
      vertex 1.9 24.4 2
      vertex 2.452750204672053 24.4 1.4000000000000004
    endloop
  endfacet
  facet normal 0 0 -1
    outer loop
      vertex 1.5 24.4 2
      vertex 1.5 30.5 2
      vertex 1.9 24.4 2
    endloop
  endfacet
  facet normal 1 0 0
    outer loop
      vertex 1.9 24.4 2
      vertex 1.9 30.1 2.2
      vertex 1.9 24.4 2.2
    endloop
  endfacet
  facet normal 1 0 0
    outer loop
      vertex 1.5 24.4 1.4000000000000004
      vertex 1.5 30.5 1.2000000000000002
      vertex 1.5 30.5 2
    endloop
  endfacet
  facet normal 0 0 -1
    outer loop
      vertex 1.9 24.4 2
      vertex 1.5 30.5 2
      vertex 1.9 30.1 2
    endloop
  endfacet
  facet normal 1 0 0
    outer loop
      vertex 1.9 24.4 2
      vertex 1.9 30.1 2
      vertex 1.9 30.1 2.2
    endloop
  endfacet
  facet normal -1 0 0
    outer loop
      vertex 0.09999999999999964 31.9 0
      vertex 0.09999999999999964 20.246979601681232 4.186337031424046
      vertex 0.09999999999999964 21 5.75
    endloop
  endfacet
  facet normal -1 0 0
    outer loop
      vertex 0.09999999999999964 31.9 0
      vertex 0.09999999999999964 21 5.75
      vertex 0.09999999999999964 21 6.25
    endloop
  endfacet
  facet normal 0 1 0
    outer loop
      vertex 0.09999999999999964 31.9 0
      vertex 0.09999999999999964 31.9 9.600000000000001
      vertex 1.6000000014901161 31.9 3.2
    endloop
  endfacet
  facet normal 1 0 0
    outer loop
      vertex 1.6000000014901161 31.9 3.2
      vertex 1.6000000014901161 21 5.75
      vertex 1.6000000014901161 20.246979601681232 4.186337031424046
    endloop
  endfacet
  facet normal -0.9987954562051724 0.04906767432741823 0
    outer loop
      vertex 2.4 16 0
      vertex 2.4 16 0.40000000000000036
      vertex 2.407704437324485 16.156827424527297 0
    endloop
  endfacet
  facet normal -0.9891765099647811 0.14673047445536003 0
    outer loop
      vertex 2.407704437324485 16.156827424527297 0
      vertex 2.407704437324485 16.156827424527297 0.40000000000000036
      vertex 2.4307435513548312 16.312144515225807 0
    endloop
  endfacet
  facet normal -0.9987954562051724 0.04906767432741823 0
    outer loop
      vertex 2.407704437324485 16.156827424527297 0
      vertex 2.4 16 0.40000000000000036
      vertex 2.407704437324485 16.156827424527297 0.40000000000000036
    endloop
  endfacet
  facet normal -0.9700312531945429 0.24298017990326898 0
    outer loop
      vertex 2.4307435513548312 16.312144515225807 0
      vertex 2.4307435513548312 16.312144515225807 0.40000000000000036
      vertex 2.468895462828466 16.46445548360714 0
    endloop
  endfacet
  facet normal -0.9891765099647811 0.14673047445536003 0
    outer loop
      vertex 2.4307435513548312 16.312144515225807 0
      vertex 2.407704437324485 16.156827424527297 0.40000000000000036
      vertex 2.4307435513548312 16.312144515225807 0.40000000000000036
    endloop
  endfacet
  facet normal -0.9700312531945429 0.24298017990326898 0
    outer loop
      vertex 2.468895462828466 16.46445548360714 0
      vertex 2.4307435513548312 16.312144515225807 0.40000000000000036
      vertex 2.468895462828466 16.46445548360714 0.40000000000000036
    endloop
  endfacet
  facet normal -0.9415440651830221 0.33688985339221633 0
    outer loop
      vertex 2.468895462828466 16.46445548360714 0
      vertex 2.468895462828466 16.46445548360714 0.40000000000000036
      vertex 2.521792747981941 16.612293491784143 0
    endloop
  endfacet
  facet normal -0.9415440651830221 0.33688985339221633 0
    outer loop
      vertex 2.521792747981941 16.612293491784143 0
      vertex 2.468895462828466 16.46445548360714 0.40000000000000036
      vertex 2.521792747981941 16.612293491784143 0.40000000000000036
    endloop
  endfacet
  facet normal 0 0 -1
    outer loop
      vertex 2.308185964657265 15.833370861439747 0.40000000000000036
      vertex 2.3 16 0.40000000000000036
      vertex 2.308185964657265 16.166629138560253 0.40000000000000036
    endloop
  endfacet
  facet normal 0 0 -1
    outer loop
      vertex 2.308185964657265 15.833370861439747 0.40000000000000036
      vertex 2.308185964657265 16.166629138560253 0.40000000000000036
      vertex 2.332665023314508 16.33165354742742 0.40000000000000036
    endloop
  endfacet
  facet normal 0 0 -1
    outer loop
      vertex 2.332665023314508 15.668346452572582 0.40000000000000036
      vertex 2.332665023314508 16.33165354742742 0.40000000000000036
      vertex 2.3732014292552446 16.493483951332585 0.40000000000000036
    endloop
  endfacet
  facet normal 0 0 -1
    outer loop
      vertex 2.3732014292552446 15.506516048667415 0.40000000000000036
      vertex 2.4294047947308126 16.650561835020653 0.40000000000000036
      vertex 2.4 16 0.40000000000000036
    endloop
  endfacet
  facet normal 0 0 -1
    outer loop
      vertex 2.3732014292552446 15.506516048667415 0.40000000000000036
      vertex 2.3732014292552446 16.493483951332585 0.40000000000000036
      vertex 2.4294047947308126 16.650561835020653 0.40000000000000036
    endloop
  endfacet
  facet normal 0 0 -1
    outer loop
      vertex 2.4 16 0.40000000000000036
      vertex 2.4294047947308126 16.650561835020653 0.40000000000000036
      vertex 2.407704437324485 16.156827424527297 0.40000000000000036
    endloop
  endfacet
  facet normal 0 0 -1
    outer loop
      vertex 2.407704437324485 16.156827424527297 0.40000000000000036
      vertex 2.4294047947308126 16.650561835020653 0.40000000000000036
      vertex 2.4307435513548312 16.312144515225807 0.40000000000000036
    endloop
  endfacet
  facet normal 0 0 -1
    outer loop
      vertex 2.4307435513548312 16.312144515225807 0.40000000000000036
      vertex 2.4294047947308126 16.650561835020653 0.40000000000000036
      vertex 2.468895462828466 16.46445548360714 0.40000000000000036
    endloop
  endfacet
  facet normal 0 0 -1
    outer loop
      vertex 2.468895462828466 16.46445548360714 0.40000000000000036
      vertex 2.4294047947308126 16.650561835020653 0.40000000000000036
      vertex 2.521792747981941 16.612293491784143 0.40000000000000036
    endloop
  endfacet
  facet normal 0 0 -1
    outer loop
      vertex 2.4294047947308126 16.650561835020653 0.40000000000000036
      vertex 2.500733850607796 16.801374452604197 0.40000000000000036
      vertex 2.521792747981941 16.612293491784143 0.40000000000000036
    endloop
  endfacet
  facet normal 0 0 -1
    outer loop
      vertex 2.521792747981941 16.612293491784143 0.40000000000000036
      vertex 2.500733850607796 16.801374452604197 0.40000000000000036
      vertex 2.588925977042632 16.754234778921596 0.40000000000000036
    endloop
  endfacet
  facet normal -0.9987954562051724 0.04906767432741786 0
    outer loop
      vertex 2.3 16 0.40000000000000036
      vertex 2.308185964657265 16.166629138560253 1.2000000000000002
      vertex 2.308185964657265 16.166629138560253 0.40000000000000036
    endloop
  endfacet
  facet normal -0.9891765099647808 0.1467304744553621 0
    outer loop
      vertex 2.308185964657265 16.166629138560253 0.40000000000000036
      vertex 2.332665023314508 16.33165354742742 1.2000000000000002
      vertex 2.332665023314508 16.33165354742742 0.40000000000000036
    endloop
  endfacet
  facet normal -0.9700312531945441 0.2429801799032638 0
    outer loop
      vertex 2.332665023314508 16.33165354742742 0.40000000000000036
      vertex 2.3732014292552446 16.493483951332585 1.2000000000000002
      vertex 2.3732014292552446 16.493483951332585 0.40000000000000036
    endloop
  endfacet
  facet normal -0.9415440651830207 0.3368898533922202 0
    outer loop
      vertex 2.3732014292552446 16.493483951332585 0.40000000000000036
      vertex 2.4294047947308126 16.650561835020653 1.2000000000000002
      vertex 2.4294047947308126 16.650561835020653 0.40000000000000036
    endloop
  endfacet
  facet normal -0.9039892931234448 0.42755509343027936 0
    outer loop
      vertex 2.4294047947308126 16.650561835020653 0.40000000000000036
      vertex 2.500733850607796 16.801374452604197 1.2000000000000002
      vertex 2.500733850607796 16.801374452604197 0.40000000000000036
    endloop
  endfacet
  facet normal -0.9987954562051724 0.04906767432741786 0
    outer loop
      vertex 2.3 16 0.40000000000000036
      vertex 2.3 16 1.2000000000000002
      vertex 2.308185964657265 16.166629138560253 1.2000000000000002
    endloop
  endfacet
  facet normal -0.9891765099647808 0.1467304744553621 0
    outer loop
      vertex 2.308185964657265 16.166629138560253 0.40000000000000036
      vertex 2.308185964657265 16.166629138560253 1.2000000000000002
      vertex 2.332665023314508 16.33165354742742 1.2000000000000002
    endloop
  endfacet
  facet normal -0.9700312531945441 0.2429801799032638 0
    outer loop
      vertex 2.332665023314508 16.33165354742742 0.40000000000000036
      vertex 2.332665023314508 16.33165354742742 1.2000000000000002
      vertex 2.3732014292552446 16.493483951332585 1.2000000000000002
    endloop
  endfacet
  facet normal -0.9415440651830207 0.3368898533922202 0
    outer loop
      vertex 2.3732014292552446 16.493483951332585 0.40000000000000036
      vertex 2.3732014292552446 16.493483951332585 1.2000000000000002
      vertex 2.4294047947308126 16.650561835020653 1.2000000000000002
    endloop
  endfacet
  facet normal -0.9039892931234448 0.42755509343027936 0
    outer loop
      vertex 2.4294047947308126 16.650561835020653 0.40000000000000036
      vertex 2.4294047947308126 16.650561835020653 1.2000000000000002
      vertex 2.500733850607796 16.801374452604197 1.2000000000000002
    endloop
  endfacet
  facet normal -0.8577286100002725 0.5141027441932213 0
    outer loop
      vertex 2.500733850607796 16.801374452604197 0.40000000000000036
      vertex 2.500733850607796 16.801374452604197 1.2000000000000002
      vertex 2.586501659085673 16.944469396133325 1.2000000000000002
    endloop
  endfacet
  facet normal -0.9039892931234427 0.4275550934302832 0
    outer loop
      vertex 2.521792747981941 16.612293491784143 0
      vertex 2.521792747981941 16.612293491784143 0.40000000000000036
      vertex 2.588925977042632 16.754234778921596 0
    endloop
  endfacet
  facet normal -0.8577286100002722 0.5141027441932212 0
    outer loop
      vertex 2.588925977042632 16.754234778921596 0
      vertex 2.588925977042632 16.754234778921596 0.40000000000000036
      vertex 2.6696486203159275 16.888912372831363 0
    endloop
  endfacet
  facet normal -0.9039892931234427 0.4275550934302832 0
    outer loop
      vertex 2.521792747981941 16.612293491784143 0.40000000000000036
      vertex 2.588925977042632 16.754234778921596 0.40000000000000036
      vertex 2.588925977042632 16.754234778921596 0
    endloop
  endfacet
  facet normal -0.8577286100002722 0.5141027441932212 0
    outer loop
      vertex 2.6696486203159275 16.888912372831363 0
      vertex 2.588925977042632 16.754234778921596 0.40000000000000036
      vertex 2.6696486203159275 16.888912372831363 0.40000000000000036
    endloop
  endfacet
  facet normal -0.8032075314806452 0.5956993044924329 0
    outer loop
      vertex 2.6696486203159275 16.888912372831363 0
      vertex 2.6696486203159275 16.888912372831363 0.40000000000000036
      vertex 2.763183274619621 17.015029254661833 0
    endloop
  endfacet
  facet normal -0.8032075314806452 0.5956993044924329 0
    outer loop
      vertex 2.6696486203159275 16.888912372831363 0.40000000000000036
      vertex 2.763183274619621 17.015029254661833 0.40000000000000036
      vertex 2.763183274619621 17.015029254661833 0
    endloop
  endfacet
  facet normal 0 0 -1
    outer loop
      vertex 2.500733850607796 16.801374452604197 0.40000000000000036
      vertex 2.586501659085673 16.944469396133325 0.40000000000000036
      vertex 2.588925977042632 16.754234778921596 0.40000000000000036
    endloop
  endfacet
  facet normal 0 0 -1
    outer loop
      vertex 2.588925977042632 16.754234778921596 0.40000000000000036
      vertex 2.586501659085673 16.944469396133325 0.40000000000000036
      vertex 2.6696486203159275 16.888912372831363 0.40000000000000036
    endloop
  endfacet
  facet normal 0 0 -1
    outer loop
      vertex 2.586501659085673 16.944469396133325 0.40000000000000036
      vertex 2.763183274619621 17.015029254661833 0.40000000000000036
      vertex 2.6696486203159275 16.888912372831363 0.40000000000000036
    endloop
  endfacet
  facet normal 0 0 -1
    outer loop
      vertex 2.586501659085673 16.944469396133325 0.40000000000000036
      vertex 2.6858822292833473 17.078468583078198 0.40000000000000036
      vertex 2.763183274619621 17.015029254661833 0.40000000000000036
    endloop
  endfacet
  facet normal 0 0 -1
    outer loop
      vertex 2.6858822292833473 17.078468583078198 0.40000000000000036
      vertex 2.8686291501015235 17.131370849898477 0.40000000000000036
      vertex 2.763183274619621 17.015029254661833 0.40000000000000036
    endloop
  endfacet
  facet normal 0 0 -1
    outer loop
      vertex 3.387706508215856 14.52179274798194 0
      vertex 2.588925977042632 16.754234778921596 0
      vertex 2.6696486203159275 16.888912372831363 0
    endloop
  endfacet
  facet normal 0 0 -1
    outer loop
      vertex 3.387706508215856 14.52179274798194 0
      vertex 2.6696486203159275 16.888912372831363 0
      vertex 2.763183274619621 17.015029254661833 0
    endloop
  endfacet
  facet normal 0 0 -1
    outer loop
      vertex 3.387706508215856 14.52179274798194 0
      vertex 2.763183274619621 17.015029254661833 0
      vertex 2.8686291501015235 17.131370849898477 0
    endloop
  endfacet
  facet normal -0.7409511253549637 0.6715589548470133 0
    outer loop
      vertex 2.763183274619621 17.015029254661833 0
      vertex 2.763183274619621 17.015029254661833 0.40000000000000036
      vertex 2.8686291501015235 17.131370849898477 0
    endloop
  endfacet
  facet normal -0.7409511253549637 0.6715589548470133 0
    outer loop
      vertex 2.763183274619621 17.015029254661833 0.40000000000000036
      vertex 2.8686291501015235 17.131370849898477 0.40000000000000036
      vertex 2.8686291501015235 17.131370849898477 0
    endloop
  endfacet
  facet normal -0.671558954847013 0.740951125354964 0
    outer loop
      vertex 2.8686291501015235 17.131370849898477 0
      vertex 2.8686291501015235 17.131370849898477 0.40000000000000036
      vertex 2.984970745338167 17.23681672538038 0
    endloop
  endfacet
  facet normal -0.671558954847013 0.740951125354964 0
    outer loop
      vertex 2.984970745338167 17.23681672538038 0
      vertex 2.8686291501015235 17.131370849898477 0.40000000000000036
      vertex 2.984970745338167 17.23681672538038 0.40000000000000036
    endloop
  endfacet
  facet normal 0 0 -1
    outer loop
      vertex 2.6858822292833473 17.078468583078198 0.40000000000000036
      vertex 2.797918471982869 17.202081528017132 0.40000000000000036
      vertex 2.8686291501015235 17.131370849898477 0.40000000000000036
    endloop
  endfacet
  facet normal 0 0 -1
    outer loop
      vertex 2.797918471982869 17.202081528017132 0.40000000000000036
      vertex 2.984970745338167 17.23681672538038 0.40000000000000036
      vertex 2.8686291501015235 17.131370849898477 0.40000000000000036
    endloop
  endfacet
  facet normal 0 0 -1
    outer loop
      vertex 2.797918471982869 17.202081528017132 0.40000000000000036
      vertex 2.9215314169218027 17.314117770716653 0.40000000000000036
      vertex 2.984970745338167 17.23681672538038 0.40000000000000036
    endloop
  endfacet
  facet normal 0 0 -1
    outer loop
      vertex 2.9215314169218027 17.314117770716653 0.40000000000000036
      vertex 3.1110876271686365 17.33035137968407 0.40000000000000036
      vertex 2.984970745338167 17.23681672538038 0.40000000000000036
    endloop
  endfacet
  facet normal -0.8577286100002725 0.5141027441932213 0
    outer loop
      vertex 2.500733850607796 16.801374452604197 0.40000000000000036
      vertex 2.586501659085673 16.944469396133325 1.2000000000000002
      vertex 2.586501659085673 16.944469396133325 0.40000000000000036
    endloop
  endfacet
  facet normal -0.8032075314806429 0.5956993044924361 0
    outer loop
      vertex 2.586501659085673 16.944469396133325 0.40000000000000036
      vertex 2.586501659085673 16.944469396133325 1.2000000000000002
      vertex 2.6858822292833473 17.078468583078198 1.2000000000000002
    endloop
  endfacet
  facet normal -0.8032075314806429 0.5956993044924361 0
    outer loop
      vertex 2.586501659085673 16.944469396133325 0.40000000000000036
      vertex 2.6858822292833473 17.078468583078198 1.2000000000000002
      vertex 2.6858822292833473 17.078468583078198 0.40000000000000036
    endloop
  endfacet
  facet normal -0.7409511253549614 0.6715589548470159 0
    outer loop
      vertex 2.6858822292833473 17.078468583078198 0.40000000000000036
      vertex 2.797918471982869 17.202081528017132 1.2000000000000002
      vertex 2.797918471982869 17.202081528017132 0.40000000000000036
    endloop
  endfacet
  facet normal -0.7409511253549614 0.6715589548470159 0
    outer loop
      vertex 2.6858822292833473 17.078468583078198 0.40000000000000036
      vertex 2.6858822292833473 17.078468583078198 1.2000000000000002
      vertex 2.797918471982869 17.202081528017132 1.2000000000000002
    endloop
  endfacet
  facet normal -0.6715589548470129 0.740951125354964 0
    outer loop
      vertex 2.797918471982869 17.202081528017132 0.40000000000000036
      vertex 2.797918471982869 17.202081528017132 1.2000000000000002
      vertex 2.9215314169218027 17.314117770716653 0.40000000000000036
    endloop
  endfacet
  facet normal -0.595699304492433 0.8032075314806452 0
    outer loop
      vertex 2.9215314169218027 17.314117770716653 0.40000000000000036
      vertex 2.9215314169218027 17.314117770716653 1.2000000000000002
      vertex 3.0555306038666763 17.413498340914327 0.40000000000000036
    endloop
  endfacet
  facet normal -0.6715589548470129 0.740951125354964 0
    outer loop
      vertex 2.9215314169218027 17.314117770716653 0.40000000000000036
      vertex 2.797918471982869 17.202081528017132 1.2000000000000002
      vertex 2.9215314169218027 17.314117770716653 1.2000000000000002
    endloop
  endfacet
  facet normal -0.595699304492433 0.8032075314806452 0
    outer loop
      vertex 2.9215314169218027 17.314117770716653 1.2000000000000002
      vertex 3.0555306038666763 17.413498340914327 1.2000000000000002
      vertex 3.0555306038666763 17.413498340914327 0.40000000000000036
    endloop
  endfacet
  facet normal 0 0 -1
    outer loop
      vertex 2.407704437324485 15.843172575472703 1.4000000000000004
      vertex 1.5 16.4 1.4000000000000004
      vertex 2.4 16 1.4000000000000004
    endloop
  endfacet
  facet normal 0 0 -1
    outer loop
      vertex 1.5 16.4 1.4000000000000004
      vertex 2.407704437324485 16.156827424527297 1.4000000000000004
      vertex 2.4 16 1.4000000000000004
    endloop
  endfacet
  facet normal 0 0 -1
    outer loop
      vertex 1.5 16.4 1.4000000000000004
      vertex 2.4307435513548312 16.312144515225807 1.4000000000000004
      vertex 2.407704437324485 16.156827424527297 1.4000000000000004
    endloop
  endfacet
  facet normal 0 0 -1
    outer loop
      vertex 1.5 16.4 1.4000000000000004
      vertex 2.4527502046720526 16.4 1.4000000000000004
      vertex 2.4307435513548312 16.312144515225807 1.4000000000000004
    endloop
  endfacet
  facet normal 0 0 1
    outer loop
      vertex 2.308185964657265 15.833370861439747 1.2000000000000002
      vertex 2.308185964657265 16.166629138560253 1.2000000000000002
      vertex 2.3 16 1.2000000000000002
    endloop
  endfacet
  facet normal 0 0 1
    outer loop
      vertex 2.332665023314508 15.668346452572582 1.2000000000000002
      vertex 2.332665023314508 16.33165354742742 1.2000000000000002
      vertex 2.308185964657265 16.166629138560253 1.2000000000000002
    endloop
  endfacet
  facet normal 0 0 1
    outer loop
      vertex 2.3732014292552446 15.506516048667415 1.2000000000000002
      vertex 2.3732014292552446 16.493483951332585 1.2000000000000002
      vertex 2.332665023314508 16.33165354742742 1.2000000000000002
    endloop
  endfacet
  facet normal -0.9987954562051724 0.04906767432741823 0
    outer loop
      vertex 2.4 16 1.2000000000000002
      vertex 2.407704437324485 16.156827424527297 1.4000000000000004
      vertex 2.407704437324485 16.156827424527297 1.2000000000000002
    endloop
  endfacet
  facet normal 0 0 1
    outer loop
      vertex 2.4 16 1.2000000000000002
      vertex 2.407704437324485 16.156827424527297 1.2000000000000002
      vertex 2.3732014292552446 16.493483951332585 1.2000000000000002
    endloop
  endfacet
  facet normal -0.9987954562051724 0.04906767432741823 0
    outer loop
      vertex 2.4 16 1.2000000000000002
      vertex 2.4 16 1.4000000000000004
      vertex 2.407704437324485 16.156827424527297 1.4000000000000004
    endloop
  endfacet
  facet normal -0.9891765099647811 0.14673047445536003 0
    outer loop
      vertex 2.407704437324485 16.156827424527297 1.2000000000000002
      vertex 2.407704437324485 16.156827424527297 1.4000000000000004
      vertex 2.4307435513548312 16.312144515225807 1.4000000000000004
    endloop
  endfacet
  facet normal 0 0 1
    outer loop
      vertex 2.407704437324485 16.156827424527297 1.2000000000000002
      vertex 2.4294047947308126 16.650561835020653 1.2000000000000002
      vertex 2.3732014292552446 16.493483951332585 1.2000000000000002
    endloop
  endfacet
  facet normal -0.9891765099647811 0.14673047445536003 0
    outer loop
      vertex 2.407704437324485 16.156827424527297 1.2000000000000002
      vertex 2.4307435513548312 16.312144515225807 1.4000000000000004
      vertex 2.4307435513548312 16.312144515225807 1.2000000000000002
    endloop
  endfacet
  facet normal 0 0 1
    outer loop
      vertex 2.407704437324485 16.156827424527297 1.2000000000000002
      vertex 2.4307435513548312 16.312144515225807 1.2000000000000002
      vertex 2.4294047947308126 16.650561835020653 1.2000000000000002
    endloop
  endfacet
  facet normal 0 0 1
    outer loop
      vertex 2.4307435513548312 16.312144515225807 1.2000000000000002
      vertex 2.468895462828466 16.46445548360714 1.2000000000000002
      vertex 2.4294047947308126 16.650561835020653 1.2000000000000002
    endloop
  endfacet
  facet normal -0.9700312531945429 0.24298017990326898 5.800215196227835e-16
    outer loop
      vertex 2.4307435513548312 16.312144515225807 1.2000000000000002
      vertex 2.4527502046720526 16.4 1.4000000000000004
      vertex 2.468895462828466 16.46445548360714 1.2000000000000002
    endloop
  endfacet
  facet normal -0.9700312531945424 0.24298017990327017 0
    outer loop
      vertex 2.4307435513548312 16.312144515225807 1.2000000000000002
      vertex 2.4307435513548312 16.312144515225807 1.4000000000000004
      vertex 2.4527502046720526 16.4 1.4000000000000004
    endloop
  endfacet
  facet normal 0 0 1
    outer loop
      vertex 2.468895462828466 16.46445548360714 1.2000000000000002
      vertex 2.500733850607796 16.801374452604197 1.2000000000000002
      vertex 2.4294047947308126 16.650561835020653 1.2000000000000002
    endloop
  endfacet
  facet normal 0 0 1
    outer loop
      vertex 2.468895462828466 16.46445548360714 1.2000000000000002
      vertex 2.521792747981941 16.612293491784143 1.2000000000000002
      vertex 2.500733850607796 16.801374452604197 1.2000000000000002
    endloop
  endfacet
  facet normal 0 0 1
    outer loop
      vertex 2.521792747981941 16.612293491784143 1.2000000000000002
      vertex 2.586501659085673 16.944469396133325 1.2000000000000002
      vertex 2.500733850607796 16.801374452604197 1.2000000000000002
    endloop
  endfacet
  facet normal -0.9700312531945432 0.24298017990326728 0
    outer loop
      vertex 2.468895462828466 16.46445548360714 1.2000000000000002
      vertex 2.4527502046720526 16.4 1.4000000000000004
      vertex 2.468895462828466 16.46445548360714 2.2
    endloop
  endfacet
  facet normal -0.9415440651830221 0.33688985339221633 0
    outer loop
      vertex 2.468895462828466 16.46445548360714 1.2000000000000002
      vertex 2.521792747981941 16.612293491784143 2.2
      vertex 2.521792747981941 16.612293491784143 1.2000000000000002
    endloop
  endfacet
  facet normal 0 1 0
    outer loop
      vertex 1.9 16.4 2
      vertex 1.9 16.4 2.2
      vertex 2.4527502046720526 16.4 1.4000000000000004
    endloop
  endfacet
  facet normal 0 1 0
    outer loop
      vertex 1.9 16.4 2.2
      vertex 2.4527502046720526 16.4 2.2
      vertex 2.4527502046720526 16.4 1.4000000000000004
    endloop
  endfacet
  facet normal 0 0 -1
    outer loop
      vertex 1.9 16.4 2.2
      vertex 2.468895462828466 16.46445548360714 2.2
      vertex 2.4527502046720526 16.4 2.2
    endloop
  endfacet
  facet normal -0.9700312531945431 0.24298017990326723 0
    outer loop
      vertex 2.4527502046720526 16.4 1.4000000000000004
      vertex 2.4527502046720526 16.4 2.2
      vertex 2.468895462828466 16.46445548360714 2.2
    endloop
  endfacet
  facet normal -0.9415440651830221 0.33688985339221633 0
    outer loop
      vertex 2.468895462828466 16.46445548360714 1.2000000000000002
      vertex 2.468895462828466 16.46445548360714 2.2
      vertex 2.521792747981941 16.612293491784143 2.2
    endloop
  endfacet
  facet normal 0 0 -1
    outer loop
      vertex 1.9 16.4 2.2
      vertex 2.521792747981941 16.612293491784143 2.2
      vertex 2.468895462828466 16.46445548360714 2.2
    endloop
  endfacet
  facet normal 0 0 -1
    outer loop
      vertex 1.9 16.4 2.2
      vertex 1.9 23.6 2.2
      vertex 2.521792747981941 16.612293491784143 2.2
    endloop
  endfacet
  facet normal 0 0 -1
    outer loop
      vertex 1.9 23.6 2.2
      vertex 2.588925977042632 16.754234778921596 2.2
      vertex 2.521792747981941 16.612293491784143 2.2
    endloop
  endfacet
  facet normal 0 0 -1
    outer loop
      vertex 1.9 23.6 2.2
      vertex 2.6696486203159275 16.888912372831363 2.2
      vertex 2.588925977042632 16.754234778921596 2.2
    endloop
  endfacet
  facet normal 0 0 -1
    outer loop
      vertex 1.9 23.6 2.2
      vertex 2.763183274619621 17.015029254661833 2.2
      vertex 2.6696486203159275 16.888912372831363 2.2
    endloop
  endfacet
  facet normal 0 0 -1
    outer loop
      vertex 1.9 23.6 2.2
      vertex 2.8686291501015235 17.131370849898477 2.2
      vertex 2.763183274619621 17.015029254661833 2.2
    endloop
  endfacet
  facet normal 0 0 1
    outer loop
      vertex 2.521792747981941 16.612293491784143 1.2000000000000002
      vertex 2.588925977042632 16.754234778921596 1.2000000000000002
      vertex 2.586501659085673 16.944469396133325 1.2000000000000002
    endloop
  endfacet
  facet normal 0 0 1
    outer loop
      vertex 2.588925977042632 16.754234778921596 1.2000000000000002
      vertex 2.6696486203159275 16.888912372831363 1.2000000000000002
      vertex 2.586501659085673 16.944469396133325 1.2000000000000002
    endloop
  endfacet
  facet normal 0 0 1
    outer loop
      vertex 2.586501659085673 16.944469396133325 1.2000000000000002
      vertex 2.6696486203159275 16.888912372831363 1.2000000000000002
      vertex 2.6858822292833473 17.078468583078198 1.2000000000000002
    endloop
  endfacet
  facet normal -0.9039892931234428 0.4275550934302832 0
    outer loop
      vertex 2.521792747981941 16.612293491784143 1.2000000000000002
      vertex 2.588925977042632 16.754234778921596 2.2
      vertex 2.588925977042632 16.754234778921596 1.2000000000000002
    endloop
  endfacet
  facet normal -0.8577286100002723 0.5141027441932213 0
    outer loop
      vertex 2.588925977042632 16.754234778921596 1.2000000000000002
      vertex 2.6696486203159275 16.888912372831363 2.2
      vertex 2.6696486203159275 16.888912372831363 1.2000000000000002
    endloop
  endfacet
  facet normal -0.8032075314806452 0.5956993044924329 0
    outer loop
      vertex 2.6696486203159275 16.888912372831363 1.2000000000000002
      vertex 2.763183274619621 17.015029254661833 2.2
      vertex 2.763183274619621 17.015029254661833 1.2000000000000002
    endloop
  endfacet
  facet normal 0 0 1
    outer loop
      vertex 2.6696486203159275 16.888912372831363 1.2000000000000002
      vertex 2.763183274619621 17.015029254661833 1.2000000000000002
      vertex 2.6858822292833473 17.078468583078198 1.2000000000000002
    endloop
  endfacet
  facet normal 0 0 1
    outer loop
      vertex 2.6858822292833473 17.078468583078198 1.2000000000000002
      vertex 2.763183274619621 17.015029254661833 1.2000000000000002
      vertex 2.797918471982869 17.202081528017132 1.2000000000000002
    endloop
  endfacet
  facet normal 0 0 1
    outer loop
      vertex 2.763183274619621 17.015029254661833 1.2000000000000002
      vertex 2.8686291501015235 17.131370849898477 1.2000000000000002
      vertex 2.797918471982869 17.202081528017132 1.2000000000000002
    endloop
  endfacet
  facet normal 0 0 1
    outer loop
      vertex 2.797918471982869 17.202081528017132 1.2000000000000002
      vertex 2.8686291501015235 17.131370849898477 1.2000000000000002
      vertex 2.9215314169218027 17.314117770716653 1.2000000000000002
    endloop
  endfacet
  facet normal 0 0 1
    outer loop
      vertex 2.8686291501015235 17.131370849898477 1.2000000000000002
      vertex 2.984970745338167 17.23681672538038 1.2000000000000002
      vertex 2.9215314169218027 17.314117770716653 1.2000000000000002
    endloop
  endfacet
  facet normal 0 0 1
    outer loop
      vertex 2.9215314169218027 17.314117770716653 1.2000000000000002
      vertex 2.984970745338167 17.23681672538038 1.2000000000000002
      vertex 3.0555306038666763 17.413498340914327 1.2000000000000002
    endloop
  endfacet
  facet normal -0.7409511253549637 0.6715589548470133 0
    outer loop
      vertex 2.763183274619621 17.015029254661833 1.2000000000000002
      vertex 2.8686291501015235 17.131370849898477 2.2
      vertex 2.8686291501015235 17.131370849898477 1.2000000000000002
    endloop
  endfacet
  facet normal -0.671558954847013 0.740951125354964 0
    outer loop
      vertex 2.8686291501015235 17.131370849898477 1.2000000000000002
      vertex 2.984970745338167 17.23681672538038 2.2
      vertex 2.984970745338167 17.23681672538038 1.2000000000000002
    endloop
  endfacet
  facet normal -0.9039892931234428 0.4275550934302832 0
    outer loop
      vertex 2.521792747981941 16.612293491784143 1.2000000000000002
      vertex 2.521792747981941 16.612293491784143 2.2
      vertex 2.588925977042632 16.754234778921596 2.2
    endloop
  endfacet
  facet normal -0.8577286100002723 0.5141027441932213 0
    outer loop
      vertex 2.588925977042632 16.754234778921596 1.2000000000000002
      vertex 2.588925977042632 16.754234778921596 2.2
      vertex 2.6696486203159275 16.888912372831363 2.2
    endloop
  endfacet
  facet normal -0.8032075314806452 0.5956993044924329 0
    outer loop
      vertex 2.6696486203159275 16.888912372831363 1.2000000000000002
      vertex 2.6696486203159275 16.888912372831363 2.2
      vertex 2.763183274619621 17.015029254661833 2.2
    endloop
  endfacet
  facet normal -0.7409511253549637 0.6715589548470133 0
    outer loop
      vertex 2.763183274619621 17.015029254661833 1.2000000000000002
      vertex 2.763183274619621 17.015029254661833 2.2
      vertex 2.8686291501015235 17.131370849898477 2.2
    endloop
  endfacet
  facet normal -0.671558954847013 0.740951125354964 0
    outer loop
      vertex 2.8686291501015235 17.131370849898477 1.2000000000000002
      vertex 2.8686291501015235 17.131370849898477 2.2
      vertex 2.984970745338167 17.23681672538038 2.2
    endloop
  endfacet
  facet normal 0 0 -1
    outer loop
      vertex 1.9 23.6 2.2
      vertex 2.984970745338167 17.23681672538038 2.2
      vertex 2.8686291501015235 17.131370849898477 2.2
    endloop
  endfacet
  facet normal 0 0 -1
    outer loop
      vertex 1.9 23.6 2.2
      vertex 3.1110876271686365 17.33035137968407 2.2
      vertex 2.984970745338167 17.23681672538038 2.2
    endloop
  endfacet
  facet normal 0 0 -1
    outer loop
      vertex 1.9 23.6 2.2
      vertex 3.2457652210784036 17.41107402295737 2.2
      vertex 3.1110876271686365 17.33035137968407 2.2
    endloop
  endfacet
  facet normal 0 0 -1
    outer loop
      vertex 1.9 23.6 2.2
      vertex 3.387706508215856 17.47820725201806 2.2
      vertex 3.2457652210784036 17.41107402295737 2.2
    endloop
  endfacet
  facet normal 0 0 -1
    outer loop
      vertex 1.9 23.6 2.2
      vertex 3.5355445163928603 17.531104537171533 2.2
      vertex 3.387706508215856 17.47820725201806 2.2
    endloop
  endfacet
  facet normal -0.9987954562051724 -0.04906767432741823 0
    outer loop
      vertex 2.407704437324485 23.843172575472703 0
      vertex 2.407704437324485 23.843172575472703 0.40000000000000036
      vertex 2.4 24 0
    endloop
  endfacet
  facet normal -0.9891765099647808 -0.14673047445536333 0
    outer loop
      vertex 2.407704437324485 23.843172575472703 0
      vertex 2.4307435513548312 23.687855484774197 0.40000000000000036
      vertex 2.407704437324485 23.843172575472703 0.40000000000000036
    endloop
  endfacet
  facet normal -0.9987954562051724 -0.04906767432741823 0
    outer loop
      vertex 2.407704437324485 23.843172575472703 0.40000000000000036
      vertex 2.4 24 0.40000000000000036
      vertex 2.4 24 0
    endloop
  endfacet
  facet normal -0.9415440651830221 -0.33688985339221633 0
    outer loop
      vertex 2.521792747981941 23.387706508215857 0
      vertex 2.521792747981941 23.387706508215857 0.40000000000000036
      vertex 2.468895462828466 23.53554451639286 0
    endloop
  endfacet
  facet normal -0.9700312531945441 -0.24298017990326362 0
    outer loop
      vertex 2.4307435513548312 23.687855484774197 0
      vertex 2.468895462828466 23.53554451639286 0
      vertex 2.468895462828466 23.53554451639286 0.40000000000000036
    endloop
  endfacet
  facet normal -0.9891765099647808 -0.14673047445536333 0
    outer loop
      vertex 2.407704437324485 23.843172575472703 0
      vertex 2.4307435513548312 23.687855484774197 0
      vertex 2.4307435513548312 23.687855484774197 0.40000000000000036
    endloop
  endfacet
  facet normal -0.9700312531945441 -0.24298017990326362 0
    outer loop
      vertex 2.4307435513548312 23.687855484774197 0
      vertex 2.468895462828466 23.53554451639286 0.40000000000000036
      vertex 2.4307435513548312 23.687855484774197 0.40000000000000036
    endloop
  endfacet
  facet normal -0.9415440651830221 -0.33688985339221633 0
    outer loop
      vertex 2.468895462828466 23.53554451639286 0
      vertex 2.521792747981941 23.387706508215857 0.40000000000000036
      vertex 2.468895462828466 23.53554451639286 0.40000000000000036
    endloop
  endfacet
  facet normal 0 0 -1
    outer loop
      vertex 2.332665023314508 23.66834645257258 0.40000000000000036
      vertex 2.308185964657265 23.833370861439747 0.40000000000000036
      vertex 2.332665023314508 24.33165354742742 0.40000000000000036
    endloop
  endfacet
  facet normal 0 0 -1
    outer loop
      vertex 2.3732014292552446 23.506516048667415 0.40000000000000036
      vertex 2.407704437324485 23.843172575472703 0.40000000000000036
      vertex 2.4294047947308126 23.349438164979347 0.40000000000000036
    endloop
  endfacet
  facet normal 0 0 -1
    outer loop
      vertex 2.332665023314508 23.66834645257258 0.40000000000000036
      vertex 2.3732014292552446 24.493483951332585 0.40000000000000036
      vertex 2.3732014292552446 23.506516048667415 0.40000000000000036
    endloop
  endfacet
  facet normal 0 0 -1
    outer loop
      vertex 2.3732014292552446 23.506516048667415 0.40000000000000036
      vertex 2.4 24 0.40000000000000036
      vertex 2.407704437324485 23.843172575472703 0.40000000000000036
    endloop
  endfacet
  facet normal 0 0 -1
    outer loop
      vertex 2.4294047947308126 23.349438164979347 0.40000000000000036
      vertex 2.468895462828466 23.53554451639286 0.40000000000000036
      vertex 2.500733850607796 23.198625547395803 0.40000000000000036
    endloop
  endfacet
  facet normal 0 0 -1
    outer loop
      vertex 2.500733850607796 23.198625547395803 0.40000000000000036
      vertex 2.468895462828466 23.53554451639286 0.40000000000000036
      vertex 2.521792747981941 23.387706508215857 0.40000000000000036
    endloop
  endfacet
  facet normal 0 0 -1
    outer loop
      vertex 2.500733850607796 23.198625547395803 0.40000000000000036
      vertex 2.521792747981941 23.387706508215857 0.40000000000000036
      vertex 2.586501659085673 23.055530603866675 0.40000000000000036
    endloop
  endfacet
  facet normal 0 0 -1
    outer loop
      vertex 2.4294047947308126 23.349438164979347 0.40000000000000036
      vertex 2.4307435513548312 23.687855484774197 0.40000000000000036
      vertex 2.468895462828466 23.53554451639286 0.40000000000000036
    endloop
  endfacet
  facet normal 0 0 -1
    outer loop
      vertex 2.407704437324485 23.843172575472703 0.40000000000000036
      vertex 2.4307435513548312 23.687855484774197 0.40000000000000036
      vertex 2.4294047947308126 23.349438164979347 0.40000000000000036
    endloop
  endfacet
  facet normal -0.9700312531945441 -0.2429801799032638 0
    outer loop
      vertex 2.332665023314508 23.66834645257258 0.40000000000000036
      vertex 2.3732014292552446 23.506516048667415 0.40000000000000036
      vertex 2.332665023314508 23.66834645257258 1.2000000000000002
    endloop
  endfacet
  facet normal -0.9891765099647808 -0.1467304744553621 0
    outer loop
      vertex 2.332665023314508 23.66834645257258 0.40000000000000036
      vertex 2.308185964657265 23.833370861439747 1.2000000000000002
      vertex 2.308185964657265 23.833370861439747 0.40000000000000036
    endloop
  endfacet
  facet normal -0.9987954562051724 -0.04906767432741786 0
    outer loop
      vertex 2.308185964657265 23.833370861439747 0.40000000000000036
      vertex 2.3 24 1.2000000000000002
      vertex 2.3 24 0.40000000000000036
    endloop
  endfacet
  facet normal -0.9415440651830207 -0.3368898533922202 0
    outer loop
      vertex 2.3732014292552446 23.506516048667415 0.40000000000000036
      vertex 2.4294047947308126 23.349438164979347 0.40000000000000036
      vertex 2.3732014292552446 23.506516048667415 1.2000000000000002
    endloop
  endfacet
  facet normal -0.9039892931234448 -0.42755509343027936 0
    outer loop
      vertex 2.4294047947308126 23.349438164979347 0.40000000000000036
      vertex 2.500733850607796 23.198625547395803 0.40000000000000036
      vertex 2.4294047947308126 23.349438164979347 1.2000000000000002
    endloop
  endfacet
  facet normal -0.8577286100002725 -0.5141027441932213 0
    outer loop
      vertex 2.500733850607796 23.198625547395803 0.40000000000000036
      vertex 2.586501659085673 23.055530603866675 0.40000000000000036
      vertex 2.500733850607796 23.198625547395803 1.2000000000000002
    endloop
  endfacet
  facet normal -0.9415440651830207 -0.3368898533922202 0
    outer loop
      vertex 2.4294047947308126 23.349438164979347 0.40000000000000036
      vertex 2.4294047947308126 23.349438164979347 1.2000000000000002
      vertex 2.3732014292552446 23.506516048667415 1.2000000000000002
    endloop
  endfacet
  facet normal -0.9987954562051724 -0.04906767432741786 0
    outer loop
      vertex 2.308185964657265 23.833370861439747 0.40000000000000036
      vertex 2.308185964657265 23.833370861439747 1.2000000000000002
      vertex 2.3 24 1.2000000000000002
    endloop
  endfacet
  facet normal -0.9891765099647808 -0.1467304744553621 0
    outer loop
      vertex 2.332665023314508 23.66834645257258 0.40000000000000036
      vertex 2.332665023314508 23.66834645257258 1.2000000000000002
      vertex 2.308185964657265 23.833370861439747 1.2000000000000002
    endloop
  endfacet
  facet normal -0.9700312531945441 -0.2429801799032638 0
    outer loop
      vertex 2.3732014292552446 23.506516048667415 0.40000000000000036
      vertex 2.3732014292552446 23.506516048667415 1.2000000000000002
      vertex 2.332665023314508 23.66834645257258 1.2000000000000002
    endloop
  endfacet
  facet normal -0.9039892931234448 -0.42755509343027936 0
    outer loop
      vertex 2.500733850607796 23.198625547395803 0.40000000000000036
      vertex 2.500733850607796 23.198625547395803 1.2000000000000002
      vertex 2.4294047947308126 23.349438164979347 1.2000000000000002
    endloop
  endfacet
  facet normal 0 0 -1
    outer loop
      vertex 2.6858822292833473 22.921531416921802 0.40000000000000036
      vertex 2.763183274619621 22.984970745338167 0.40000000000000036
      vertex 2.797918471982869 22.797918471982868 0.40000000000000036
    endloop
  endfacet
  facet normal -0.9039892931234427 -0.4275550934302832 0
    outer loop
      vertex 2.521792747981941 23.387706508215857 0
      vertex 2.588925977042632 23.245765221078404 0
      vertex 2.588925977042632 23.245765221078404 0.40000000000000036
    endloop
  endfacet
  facet normal -0.8577286100002722 -0.5141027441932212 0
    outer loop
      vertex 2.588925977042632 23.245765221078404 0
      vertex 2.6696486203159275 23.111087627168637 0
      vertex 2.6696486203159275 23.111087627168637 0.40000000000000036
    endloop
  endfacet
  facet normal -0.9039892931234427 -0.4275550934302832 0
    outer loop
      vertex 2.521792747981941 23.387706508215857 0
      vertex 2.588925977042632 23.245765221078404 0.40000000000000036
      vertex 2.521792747981941 23.387706508215857 0.40000000000000036
    endloop
  endfacet
  facet normal -0.8577286100002722 -0.5141027441932212 0
    outer loop
      vertex 2.588925977042632 23.245765221078404 0
      vertex 2.6696486203159275 23.111087627168637 0.40000000000000036
      vertex 2.588925977042632 23.245765221078404 0.40000000000000036
    endloop
  endfacet
  facet normal -0.8032075314806452 -0.5956993044924329 0
    outer loop
      vertex 2.6696486203159275 23.111087627168637 0
      vertex 2.763183274619621 22.984970745338167 0
      vertex 2.763183274619621 22.984970745338167 0.40000000000000036
    endloop
  endfacet
  facet normal -0.8032075314806452 -0.5956993044924329 0
    outer loop
      vertex 2.6696486203159275 23.111087627168637 0
      vertex 2.763183274619621 22.984970745338167 0.40000000000000036
      vertex 2.6696486203159275 23.111087627168637 0.40000000000000036
    endloop
  endfacet
  facet normal 0 0 -1
    outer loop
      vertex 2.521792747981941 23.387706508215857 0.40000000000000036
      vertex 2.588925977042632 23.245765221078404 0.40000000000000036
      vertex 2.586501659085673 23.055530603866675 0.40000000000000036
    endloop
  endfacet
  facet normal 0 0 -1
    outer loop
      vertex 2.586501659085673 23.055530603866675 0.40000000000000036
      vertex 2.588925977042632 23.245765221078404 0.40000000000000036
      vertex 2.6696486203159275 23.111087627168637 0.40000000000000036
    endloop
  endfacet
  facet normal 0 0 -1
    outer loop
      vertex 2.6858822292833473 22.921531416921802 0.40000000000000036
      vertex 2.586501659085673 23.055530603866675 0.40000000000000036
      vertex 2.6696486203159275 23.111087627168637 0.40000000000000036
    endloop
  endfacet
  facet normal 0 0 -1
    outer loop
      vertex 2.6858822292833473 22.921531416921802 0.40000000000000036
      vertex 2.6696486203159275 23.111087627168637 0.40000000000000036
      vertex 2.763183274619621 22.984970745338167 0.40000000000000036
    endloop
  endfacet
  facet normal -0.7409511253549637 -0.6715589548470133 0
    outer loop
      vertex 2.763183274619621 22.984970745338167 0
      vertex 2.8686291501015235 22.868629150101523 0
      vertex 2.8686291501015235 22.868629150101523 0.40000000000000036
    endloop
  endfacet
  facet normal -0.7409511253549637 -0.6715589548470133 0
    outer loop
      vertex 2.763183274619621 22.984970745338167 0
      vertex 2.8686291501015235 22.868629150101523 0.40000000000000036
      vertex 2.763183274619621 22.984970745338167 0.40000000000000036
    endloop
  endfacet
  facet normal -0.671558954847013 -0.740951125354964 0
    outer loop
      vertex 2.8686291501015235 22.868629150101523 0
      vertex 2.984970745338167 22.76318327461962 0
      vertex 2.984970745338167 22.76318327461962 0.40000000000000036
    endloop
  endfacet
  facet normal -0.671558954847013 -0.740951125354964 0
    outer loop
      vertex 2.8686291501015235 22.868629150101523 0
      vertex 2.984970745338167 22.76318327461962 0.40000000000000036
      vertex 2.8686291501015235 22.868629150101523 0.40000000000000036
    endloop
  endfacet
  facet normal 0 0 -1
    outer loop
      vertex 2.763183274619621 22.984970745338167 0.40000000000000036
      vertex 2.8686291501015235 22.868629150101523 0.40000000000000036
      vertex 2.797918471982869 22.797918471982868 0.40000000000000036
    endloop
  endfacet
  facet normal 0 0 -1
    outer loop
      vertex 2.797918471982869 22.797918471982868 0.40000000000000036
      vertex 2.8686291501015235 22.868629150101523 0.40000000000000036
      vertex 2.9215314169218027 22.685882229283347 0.40000000000000036
    endloop
  endfacet
  facet normal 0 0 -1
    outer loop
      vertex 2.8686291501015235 22.868629150101523 0.40000000000000036
      vertex 2.984970745338167 22.76318327461962 0.40000000000000036
      vertex 2.9215314169218027 22.685882229283347 0.40000000000000036
    endloop
  endfacet
  facet normal 0 0 -1
    outer loop
      vertex 2.9215314169218027 22.685882229283347 0.40000000000000036
      vertex 2.984970745338167 22.76318327461962 0.40000000000000036
      vertex 3.0555306038666763 22.586501659085673 0.40000000000000036
    endloop
  endfacet
  facet normal -0.7409511253549614 -0.6715589548470159 0
    outer loop
      vertex 2.6858822292833473 22.921531416921802 0.40000000000000036
      vertex 2.797918471982869 22.797918471982868 0.40000000000000036
      vertex 2.6858822292833473 22.921531416921802 1.2000000000000002
    endloop
  endfacet
  facet normal -0.7409511253549614 -0.6715589548470159 0
    outer loop
      vertex 2.797918471982869 22.797918471982868 0.40000000000000036
      vertex 2.797918471982869 22.797918471982868 1.2000000000000002
      vertex 2.6858822292833473 22.921531416921802 1.2000000000000002
    endloop
  endfacet
  facet normal -0.8032075314806429 -0.5956993044924361 0
    outer loop
      vertex 2.6858822292833473 22.921531416921802 0.40000000000000036
      vertex 2.586501659085673 23.055530603866675 1.2000000000000002
      vertex 2.586501659085673 23.055530603866675 0.40000000000000036
    endloop
  endfacet
  facet normal -0.8577286100002725 -0.5141027441932213 0
    outer loop
      vertex 2.586501659085673 23.055530603866675 0.40000000000000036
      vertex 2.586501659085673 23.055530603866675 1.2000000000000002
      vertex 2.500733850607796 23.198625547395803 1.2000000000000002
    endloop
  endfacet
  facet normal -0.8032075314806429 -0.5956993044924361 0
    outer loop
      vertex 2.6858822292833473 22.921531416921802 0.40000000000000036
      vertex 2.6858822292833473 22.921531416921802 1.2000000000000002
      vertex 2.586501659085673 23.055530603866675 1.2000000000000002
    endloop
  endfacet
  facet normal -0.6715589548470129 -0.740951125354964 0
    outer loop
      vertex 2.797918471982869 22.797918471982868 0.40000000000000036
      vertex 2.9215314169218027 22.685882229283347 0.40000000000000036
      vertex 2.9215314169218027 22.685882229283347 1.2000000000000002
    endloop
  endfacet
  facet normal -0.595699304492433 -0.8032075314806452 0
    outer loop
      vertex 2.9215314169218027 22.685882229283347 0.40000000000000036
      vertex 3.0555306038666763 22.586501659085673 0.40000000000000036
      vertex 3.0555306038666763 22.586501659085673 1.2000000000000002
    endloop
  endfacet
  facet normal -0.6715589548470129 -0.740951125354964 0
    outer loop
      vertex 2.797918471982869 22.797918471982868 0.40000000000000036
      vertex 2.9215314169218027 22.685882229283347 1.2000000000000002
      vertex 2.797918471982869 22.797918471982868 1.2000000000000002
    endloop
  endfacet
  facet normal -0.595699304492433 -0.8032075314806452 0
    outer loop
      vertex 2.9215314169218027 22.685882229283347 0.40000000000000036
      vertex 3.0555306038666763 22.586501659085673 1.2000000000000002
      vertex 2.9215314169218027 22.685882229283347 1.2000000000000002
    endloop
  endfacet
  facet normal 0 0 -1
    outer loop
      vertex 1.5 23.6 1.4000000000000004
      vertex 2.4307435513548312 23.687855484774197 1.4000000000000004
      vertex 2.452750204672053 23.6 1.4000000000000004
    endloop
  endfacet
  facet normal 0 0 1
    outer loop
      vertex 2.332665023314508 23.66834645257258 1.2000000000000002
      vertex 2.308185964657265 24.166629138560253 1.2000000000000002
      vertex 2.308185964657265 23.833370861439747 1.2000000000000002
    endloop
  endfacet
  facet normal 0 0 1
    outer loop
      vertex 2.332665023314508 23.66834645257258 1.2000000000000002
      vertex 2.3732014292552446 23.506516048667415 1.2000000000000002
      vertex 2.332665023314508 24.33165354742742 1.2000000000000002
    endloop
  endfacet
  facet normal 0 0 1
    outer loop
      vertex 2.3732014292552446 23.506516048667415 1.2000000000000002
      vertex 2.4294047947308126 23.349438164979347 1.2000000000000002
      vertex 2.3732014292552446 24.493483951332585 1.2000000000000002
    endloop
  endfacet
  facet normal 0 0 1
    outer loop
      vertex 2.407704437324485 23.843172575472703 1.2000000000000002
      vertex 2.4 24 1.2000000000000002
      vertex 2.4294047947308126 23.349438164979347 1.2000000000000002
    endloop
  endfacet
  facet normal -0.9891765099647808 -0.14673047445536333 0
    outer loop
      vertex 2.407704437324485 23.843172575472703 1.2000000000000002
      vertex 2.4307435513548312 23.687855484774197 1.2000000000000002
      vertex 2.407704437324485 23.843172575472703 1.4000000000000004
    endloop
  endfacet
  facet normal 0 0 1
    outer loop
      vertex 2.4294047947308126 23.349438164979347 1.2000000000000002
      vertex 2.4 24 1.2000000000000002
      vertex 2.3732014292552446 24.493483951332585 1.2000000000000002
    endloop
  endfacet
  facet normal -0.9987954562051724 -0.04906767432741823 0
    outer loop
      vertex 2.407704437324485 23.843172575472703 1.2000000000000002
      vertex 2.4 24 1.4000000000000004
      vertex 2.4 24 1.2000000000000002
    endloop
  endfacet
  facet normal -0.9987954562051724 -0.04906767432741823 0
    outer loop
      vertex 2.407704437324485 23.843172575472703 1.2000000000000002
      vertex 2.407704437324485 23.843172575472703 1.4000000000000004
      vertex 2.4 24 1.4000000000000004
    endloop
  endfacet
  facet normal 0 0 1
    outer loop
      vertex 2.4294047947308126 23.349438164979347 1.2000000000000002
      vertex 2.521792747981941 23.387706508215857 1.2000000000000002
      vertex 2.468895462828466 23.53554451639286 1.2000000000000002
    endloop
  endfacet
  facet normal 0 0 1
    outer loop
      vertex 2.4294047947308126 23.349438164979347 1.2000000000000002
      vertex 2.500733850607796 23.198625547395803 1.2000000000000002
      vertex 2.521792747981941 23.387706508215857 1.2000000000000002
    endloop
  endfacet
  facet normal 0 0 1
    outer loop
      vertex 2.500733850607796 23.198625547395803 1.2000000000000002
      vertex 2.588925977042632 23.245765221078404 1.2000000000000002
      vertex 2.521792747981941 23.387706508215857 1.2000000000000002
    endloop
  endfacet
  facet normal 0 0 1
    outer loop
      vertex 2.4294047947308126 23.349438164979347 1.2000000000000002
      vertex 2.468895462828466 23.53554451639286 1.2000000000000002
      vertex 2.4307435513548312 23.687855484774197 1.2000000000000002
    endloop
  endfacet
  facet normal 0 0 1
    outer loop
      vertex 2.407704437324485 23.843172575472703 1.2000000000000002
      vertex 2.4294047947308126 23.349438164979347 1.2000000000000002
      vertex 2.4307435513548312 23.687855484774197 1.2000000000000002
    endloop
  endfacet
  facet normal -0.9700312531945441 -0.24298017990326362 9.114623879786396e-16
    outer loop
      vertex 2.4307435513548312 23.687855484774197 1.2000000000000002
      vertex 2.468895462828466 23.53554451639286 1.2000000000000002
      vertex 2.452750204672053 23.6 1.4000000000000004
    endloop
  endfacet
  facet normal -0.9700312531945436 -0.24298017990326556 0
    outer loop
      vertex 2.4307435513548312 23.687855484774197 1.2000000000000002
      vertex 2.452750204672053 23.6 1.4000000000000004
      vertex 2.4307435513548312 23.687855484774197 1.4000000000000004
    endloop
  endfacet
  facet normal -0.9891765099647808 -0.14673047445536333 0
    outer loop
      vertex 2.407704437324485 23.843172575472703 1.4000000000000004
      vertex 2.4307435513548312 23.687855484774197 1.2000000000000002
      vertex 2.4307435513548312 23.687855484774197 1.4000000000000004
    endloop
  endfacet
  facet normal -0.9700312531945449 -0.24298017990326098 0
    outer loop
      vertex 2.468895462828466 23.53554451639286 1.2000000000000002
      vertex 2.468895462828466 23.53554451639286 2.2
      vertex 2.452750204672053 23.6 1.4000000000000004
    endloop
  endfacet
  facet normal -0.9415440651830221 -0.33688985339221633 0
    outer loop
      vertex 2.521792747981941 23.387706508215857 1.2000000000000002
      vertex 2.468895462828466 23.53554451639286 2.2
      vertex 2.468895462828466 23.53554451639286 1.2000000000000002
    endloop
  endfacet
  facet normal 0 -1 0
    outer loop
      vertex 1.9 23.6 2
      vertex 2.452750204672053 23.6 1.4000000000000004
      vertex 2.452750204672053 23.6 2.2
    endloop
  endfacet
  facet normal 0 -1 0
    outer loop
      vertex 1.9 23.6 2
      vertex 2.452750204672053 23.6 2.2
      vertex 1.9 23.6 2.2
    endloop
  endfacet
  facet normal 0 0 -1
    outer loop
      vertex 1.9 23.6 2.2
      vertex 2.452750204672053 23.6 2.2
      vertex 2.468895462828466 23.53554451639286 2.2
    endloop
  endfacet
  facet normal -0.9415440651830221 -0.33688985339221633 0
    outer loop
      vertex 2.521792747981941 23.387706508215857 1.2000000000000002
      vertex 2.521792747981941 23.387706508215857 2.2
      vertex 2.468895462828466 23.53554451639286 2.2
    endloop
  endfacet
  facet normal -0.9700312531945446 -0.24298017990326093 0
    outer loop
      vertex 2.452750204672053 23.6 1.4000000000000004
      vertex 2.468895462828466 23.53554451639286 2.2
      vertex 2.452750204672053 23.6 2.2
    endloop
  endfacet
  facet normal 0 0 -1
    outer loop
      vertex 1.9 23.6 2.2
      vertex 2.521792747981941 23.387706508215857 2.2
      vertex 2.588925977042632 23.245765221078404 2.2
    endloop
  endfacet
  facet normal 0 0 -1
    outer loop
      vertex 1.9 23.6 2.2
      vertex 2.588925977042632 23.245765221078404 2.2
      vertex 2.6696486203159275 23.111087627168637 2.2
    endloop
  endfacet
  facet normal 0 0 -1
    outer loop
      vertex 1.9 23.6 2.2
      vertex 2.468895462828466 23.53554451639286 2.2
      vertex 2.521792747981941 23.387706508215857 2.2
    endloop
  endfacet
  facet normal 0 0 -1
    outer loop
      vertex 1.9 23.6 2.2
      vertex 2.6696486203159275 23.111087627168637 2.2
      vertex 2.763183274619621 22.984970745338167 2.2
    endloop
  endfacet
  facet normal 0 0 -1
    outer loop
      vertex 1.9 23.6 2.2
      vertex 2.763183274619621 22.984970745338167 2.2
      vertex 3.843172575472703 17.592295562675517 2.2
    endloop
  endfacet
  facet normal 0 0 1
    outer loop
      vertex 2.6858822292833473 22.921531416921802 1.2000000000000002
      vertex 2.8686291501015235 22.868629150101523 1.2000000000000002
      vertex 2.763183274619621 22.984970745338167 1.2000000000000002
    endloop
  endfacet
  facet normal 0 0 1
    outer loop
      vertex 2.500733850607796 23.198625547395803 1.2000000000000002
      vertex 2.586501659085673 23.055530603866675 1.2000000000000002
      vertex 2.588925977042632 23.245765221078404 1.2000000000000002
    endloop
  endfacet
  facet normal 0 0 1
    outer loop
      vertex 2.586501659085673 23.055530603866675 1.2000000000000002
      vertex 2.6696486203159275 23.111087627168637 1.2000000000000002
      vertex 2.588925977042632 23.245765221078404 1.2000000000000002
    endloop
  endfacet
  facet normal 0 0 1
    outer loop
      vertex 2.586501659085673 23.055530603866675 1.2000000000000002
      vertex 2.763183274619621 22.984970745338167 1.2000000000000002
      vertex 2.6696486203159275 23.111087627168637 1.2000000000000002
    endloop
  endfacet
  facet normal 0 0 1
    outer loop
      vertex 2.6858822292833473 22.921531416921802 1.2000000000000002
      vertex 2.763183274619621 22.984970745338167 1.2000000000000002
      vertex 2.586501659085673 23.055530603866675 1.2000000000000002
    endloop
  endfacet
  facet normal -0.9039892931234428 -0.4275550934302832 0
    outer loop
      vertex 2.521792747981941 23.387706508215857 1.2000000000000002
      vertex 2.588925977042632 23.245765221078404 1.2000000000000002
      vertex 2.521792747981941 23.387706508215857 2.2
    endloop
  endfacet
  facet normal -0.8577286100002723 -0.5141027441932213 0
    outer loop
      vertex 2.588925977042632 23.245765221078404 1.2000000000000002
      vertex 2.6696486203159275 23.111087627168637 1.2000000000000002
      vertex 2.588925977042632 23.245765221078404 2.2
    endloop
  endfacet
  facet normal -0.8032075314806452 -0.5956993044924329 0
    outer loop
      vertex 2.6696486203159275 23.111087627168637 1.2000000000000002
      vertex 2.763183274619621 22.984970745338167 1.2000000000000002
      vertex 2.6696486203159275 23.111087627168637 2.2
    endloop
  endfacet
  facet normal 0 0 1
    outer loop
      vertex 2.6858822292833473 22.921531416921802 1.2000000000000002
      vertex 2.797918471982869 22.797918471982868 1.2000000000000002
      vertex 2.8686291501015235 22.868629150101523 1.2000000000000002
    endloop
  endfacet
  facet normal 0 0 1
    outer loop
      vertex 2.797918471982869 22.797918471982868 1.2000000000000002
      vertex 2.984970745338167 22.76318327461962 1.2000000000000002
      vertex 2.8686291501015235 22.868629150101523 1.2000000000000002
    endloop
  endfacet
  facet normal 0 0 1
    outer loop
      vertex 2.797918471982869 22.797918471982868 1.2000000000000002
      vertex 2.9215314169218027 22.685882229283347 1.2000000000000002
      vertex 2.984970745338167 22.76318327461962 1.2000000000000002
    endloop
  endfacet
  facet normal 0 0 1
    outer loop
      vertex 2.9215314169218027 22.685882229283347 1.2000000000000002
      vertex 3.1110876271686365 22.669648620315925 1.2000000000000002
      vertex 2.984970745338167 22.76318327461962 1.2000000000000002
    endloop
  endfacet
  facet normal -0.7409511253549637 -0.6715589548470133 0
    outer loop
      vertex 2.763183274619621 22.984970745338167 1.2000000000000002
      vertex 2.8686291501015235 22.868629150101523 1.2000000000000002
      vertex 2.763183274619621 22.984970745338167 2.2
    endloop
  endfacet
  facet normal -0.671558954847013 -0.740951125354964 0
    outer loop
      vertex 2.8686291501015235 22.868629150101523 1.2000000000000002
      vertex 2.984970745338167 22.76318327461962 1.2000000000000002
      vertex 2.8686291501015235 22.868629150101523 2.2
    endloop
  endfacet
  facet normal -0.9039892931234428 -0.4275550934302832 0
    outer loop
      vertex 2.521792747981941 23.387706508215857 2.2
      vertex 2.588925977042632 23.245765221078404 1.2000000000000002
      vertex 2.588925977042632 23.245765221078404 2.2
    endloop
  endfacet
  facet normal -0.8577286100002723 -0.5141027441932213 0
    outer loop
      vertex 2.6696486203159275 23.111087627168637 1.2000000000000002
      vertex 2.6696486203159275 23.111087627168637 2.2
      vertex 2.588925977042632 23.245765221078404 2.2
    endloop
  endfacet
  facet normal -0.8032075314806452 -0.5956993044924329 0
    outer loop
      vertex 2.763183274619621 22.984970745338167 1.2000000000000002
      vertex 2.763183274619621 22.984970745338167 2.2
      vertex 2.6696486203159275 23.111087627168637 2.2
    endloop
  endfacet
  facet normal -0.7409511253549637 -0.6715589548470133 0
    outer loop
      vertex 2.8686291501015235 22.868629150101523 1.2000000000000002
      vertex 2.8686291501015235 22.868629150101523 2.2
      vertex 2.763183274619621 22.984970745338167 2.2
    endloop
  endfacet
  facet normal -0.671558954847013 -0.740951125354964 0
    outer loop
      vertex 2.984970745338167 22.76318327461962 1.2000000000000002
      vertex 2.984970745338167 22.76318327461962 2.2
      vertex 2.8686291501015235 22.868629150101523 2.2
    endloop
  endfacet
  facet normal 0 0 -1
    outer loop
      vertex 3.387706508215856 14.52179274798194 0
      vertex 2.8686291501015235 17.131370849898477 0
      vertex 2.984970745338167 17.23681672538038 0
    endloop
  endfacet
  facet normal 0 0 -1
    outer loop
      vertex 3.387706508215856 14.52179274798194 0
      vertex 2.984970745338167 17.23681672538038 0
      vertex 3.1110876271686365 17.33035137968407 0
    endloop
  endfacet
  facet normal 0 0 -1
    outer loop
      vertex 3.387706508215856 14.52179274798194 0
      vertex 3.1110876271686365 17.33035137968407 0
      vertex 3.2457652210784036 17.41107402295737 0
    endloop
  endfacet
  facet normal -0.5956993044924276 0.8032075314806493 0
    outer loop
      vertex 2.984970745338167 17.23681672538038 0
      vertex 2.984970745338167 17.23681672538038 0.40000000000000036
      vertex 3.1110876271686365 17.33035137968407 0
    endloop
  endfacet
  facet normal -0.5956993044924276 0.8032075314806493 0
    outer loop
      vertex 2.984970745338167 17.23681672538038 0.40000000000000036
      vertex 3.1110876271686365 17.33035137968407 0.40000000000000036
      vertex 3.1110876271686365 17.33035137968407 0
    endloop
  endfacet
  facet normal -0.5141027441932309 0.8577286100002667 0
    outer loop
      vertex 3.1110876271686365 17.33035137968407 0
      vertex 3.1110876271686365 17.33035137968407 0.40000000000000036
      vertex 3.2457652210784036 17.41107402295737 0
    endloop
  endfacet
  facet normal -0.5141027441932309 0.8577286100002667 0
    outer loop
      vertex 3.2457652210784036 17.41107402295737 0
      vertex 3.1110876271686365 17.33035137968407 0.40000000000000036
      vertex 3.2457652210784036 17.41107402295737 0.40000000000000036
    endloop
  endfacet
  facet normal 0 0 -1
    outer loop
      vertex 2.9215314169218027 17.314117770716653 0.40000000000000036
      vertex 3.0555306038666763 17.413498340914327 0.40000000000000036
      vertex 3.1110876271686365 17.33035137968407 0.40000000000000036
    endloop
  endfacet
  facet normal 0 0 -1
    outer loop
      vertex 3.0555306038666763 17.413498340914327 0.40000000000000036
      vertex 3.2457652210784036 17.41107402295737 0.40000000000000036
      vertex 3.1110876271686365 17.33035137968407 0.40000000000000036
    endloop
  endfacet
  facet normal 0 0 -1
    outer loop
      vertex 3.0555306038666763 17.413498340914327 0.40000000000000036
      vertex 3.198625547395804 17.499266149392202 0.40000000000000036
      vertex 3.2457652210784036 17.41107402295737 0.40000000000000036
    endloop
  endfacet
  facet normal 0 0 -1
    outer loop
      vertex 3.387706508215856 14.52179274798194 0
      vertex 3.2457652210784036 17.41107402295737 0
      vertex 3.387706508215856 17.47820725201806 0
    endloop
  endfacet
  facet normal 0 0 -1
    outer loop
      vertex 3.387706508215856 14.52179274798194 0
      vertex 3.387706508215856 17.47820725201806 0
      vertex 3.5355445163928603 17.531104537171533 0
    endloop
  endfacet
  facet normal -0.4275550934302809 0.9039892931234439 0
    outer loop
      vertex 3.2457652210784036 17.41107402295737 0
      vertex 3.2457652210784036 17.41107402295737 0.40000000000000036
      vertex 3.387706508215856 17.47820725201806 0
    endloop
  endfacet
  facet normal -0.4275550934302809 0.9039892931234439 0
    outer loop
      vertex 3.2457652210784036 17.41107402295737 0.40000000000000036
      vertex 3.387706508215856 17.47820725201806 0.40000000000000036
      vertex 3.387706508215856 17.47820725201806 0
    endloop
  endfacet
  facet normal -0.3368898533922113 0.9415440651830238 0
    outer loop
      vertex 3.387706508215856 17.47820725201806 0
      vertex 3.387706508215856 17.47820725201806 0.40000000000000036
      vertex 3.5355445163928603 17.531104537171533 0
    endloop
  endfacet
  facet normal -0.3368898533922113 0.9415440651830238 0
    outer loop
      vertex 3.387706508215856 17.47820725201806 0.40000000000000036
      vertex 3.5355445163928603 17.531104537171533 0.40000000000000036
      vertex 3.5355445163928603 17.531104537171533 0
    endloop
  endfacet
  facet normal 0 0 -1
    outer loop
      vertex 3.2457652210784036 17.41107402295737 0.40000000000000036
      vertex 3.198625547395804 17.499266149392202 0.40000000000000036
      vertex 3.387706508215856 17.47820725201806 0.40000000000000036
    endloop
  endfacet
  facet normal 0 0 -1
    outer loop
      vertex 3.198625547395804 17.499266149392202 0.40000000000000036
      vertex 3.349438164979347 17.57059520526919 0.40000000000000036
      vertex 3.387706508215856 17.47820725201806 0.40000000000000036
    endloop
  endfacet
  facet normal 0 0 -1
    outer loop
      vertex 3.387706508215856 17.47820725201806 0.40000000000000036
      vertex 3.349438164979347 17.57059520526919 0.40000000000000036
      vertex 3.5355445163928603 17.531104537171533 0.40000000000000036
    endloop
  endfacet
  facet normal 0 0 -1
    outer loop
      vertex 3.349438164979347 17.57059520526919 0.40000000000000036
      vertex 3.506516048667414 17.626798570744754 0.40000000000000036
      vertex 3.5355445163928603 17.531104537171533 0.40000000000000036
    endloop
  endfacet
  facet normal -0.5141027441932164 0.8577286100002751 0
    outer loop
      vertex 3.0555306038666763 17.413498340914327 0.40000000000000036
      vertex 3.0555306038666763 17.413498340914327 1.2000000000000002
      vertex 3.198625547395804 17.499266149392202 0.40000000000000036
    endloop
  endfacet
  facet normal -0.42755509343029774 0.9039892931234359 0
    outer loop
      vertex 3.198625547395804 17.499266149392202 0.40000000000000036
      vertex 3.198625547395804 17.499266149392202 1.2000000000000002
      vertex 3.349438164979347 17.57059520526919 0.40000000000000036
    endloop
  endfacet
  facet normal -0.5141027441932164 0.8577286100002751 0
    outer loop
      vertex 3.198625547395804 17.499266149392202 0.40000000000000036
      vertex 3.0555306038666763 17.413498340914327 1.2000000000000002
      vertex 3.198625547395804 17.499266149392202 1.2000000000000002
    endloop
  endfacet
  facet normal -0.33688985339220306 0.9415440651830269 0
    outer loop
      vertex 3.349438164979347 17.57059520526919 0.40000000000000036
      vertex 3.349438164979347 17.57059520526919 1.2000000000000002
      vertex 3.506516048667414 17.626798570744754 0.40000000000000036
    endloop
  endfacet
  facet normal -0.42755509343029774 0.9039892931234359 0
    outer loop
      vertex 3.349438164979347 17.57059520526919 0.40000000000000036
      vertex 3.198625547395804 17.499266149392202 1.2000000000000002
      vertex 3.349438164979347 17.57059520526919 1.2000000000000002
    endloop
  endfacet
  facet normal -0.33688985339220306 0.9415440651830269 0
    outer loop
      vertex 3.506516048667414 17.626798570744754 0.40000000000000036
      vertex 3.349438164979347 17.57059520526919 1.2000000000000002
      vertex 3.506516048667414 17.626798570744754 1.2000000000000002
    endloop
  endfacet
  facet normal 0 0 -1
    outer loop
      vertex 3.387706508215856 14.52179274798194 0
      vertex 3.5355445163928603 17.531104537171533 0
      vertex 3.687855484774195 17.56925644864517 0
    endloop
  endfacet
  facet normal 0 0 -1
    outer loop
      vertex 3.387706508215856 14.52179274798194 0
      vertex 3.687855484774195 17.56925644864517 0
      vertex 3.843172575472703 17.592295562675517 0
    endloop
  endfacet
  facet normal 0 0 -1
    outer loop
      vertex 3.387706508215856 14.52179274798194 0
      vertex 3.843172575472703 17.592295562675517 0
      vertex 4 17.6 0
    endloop
  endfacet
  facet normal -0.24298017990327894 0.9700312531945403 0
    outer loop
      vertex 3.5355445163928603 17.531104537171533 0
      vertex 3.5355445163928603 17.531104537171533 0.40000000000000036
      vertex 3.687855484774195 17.56925644864517 0
    endloop
  endfacet
  facet normal -0.14673047445536486 0.9891765099647806 0
    outer loop
      vertex 3.687855484774195 17.56925644864517 0
      vertex 3.687855484774195 17.56925644864517 0.40000000000000036
      vertex 3.843172575472703 17.592295562675517 0
    endloop
  endfacet
  facet normal -0.24298017990327894 0.9700312531945403 0
    outer loop
      vertex 3.687855484774195 17.56925644864517 0
      vertex 3.5355445163928603 17.531104537171533 0.40000000000000036
      vertex 3.687855484774195 17.56925644864517 0.40000000000000036
    endloop
  endfacet
  facet normal 0 0 -1
    outer loop
      vertex 3.506516048667414 17.626798570744754 0.40000000000000036
      vertex 3.687855484774195 17.56925644864517 0.40000000000000036
      vertex 3.5355445163928603 17.531104537171533 0.40000000000000036
    endloop
  endfacet
  facet normal 0 0 -1
    outer loop
      vertex 3.506516048667414 17.626798570744754 0.40000000000000036
      vertex 3.6683464525725817 17.667334976685492 0.40000000000000036
      vertex 3.687855484774195 17.56925644864517 0.40000000000000036
    endloop
  endfacet
  facet normal 0 0 -1
    outer loop
      vertex 3.687855484774195 17.56925644864517 0.40000000000000036
      vertex 3.6683464525725817 17.667334976685492 0.40000000000000036
      vertex 3.843172575472703 17.592295562675517 0.40000000000000036
    endloop
  endfacet
  facet normal 0 0 -1
    outer loop
      vertex 3.387706508215856 14.52179274798194 0
      vertex 4 17.6 0
      vertex 4.156827424527297 17.592295562675517 0
    endloop
  endfacet
  facet normal 0 0 -1
    outer loop
      vertex 3.387706508215856 14.52179274798194 0
      vertex 4.156827424527297 17.592295562675517 0
      vertex 4.312144515225805 17.56925644864517 0
    endloop
  endfacet
  facet normal -0.14673047445536486 0.9891765099647806 0
    outer loop
      vertex 3.687855484774195 17.56925644864517 0.40000000000000036
      vertex 3.843172575472703 17.592295562675517 0.40000000000000036
      vertex 3.843172575472703 17.592295562675517 0
    endloop
  endfacet
  facet normal -0.04906767432741527 0.9987954562051724 0
    outer loop
      vertex 3.843172575472703 17.592295562675517 0
      vertex 3.843172575472703 17.592295562675517 0.40000000000000036
      vertex 4 17.6 0
    endloop
  endfacet
  facet normal -0.04906767432741527 0.9987954562051724 0
    outer loop
      vertex 3.843172575472703 17.592295562675517 0.40000000000000036
      vertex 4 17.6 0.40000000000000036
      vertex 4 17.6 0
    endloop
  endfacet
  facet normal 0 0 -1
    outer loop
      vertex 3.6683464525725817 17.667334976685492 0.40000000000000036
      vertex 3.833370861439747 17.691814035342734 0.40000000000000036
      vertex 3.843172575472703 17.592295562675517 0.40000000000000036
    endloop
  endfacet
  facet normal 0 0 -1
    outer loop
      vertex 3.843172575472703 17.592295562675517 0.40000000000000036
      vertex 3.833370861439747 17.691814035342734 0.40000000000000036
      vertex 4 17.6 0.40000000000000036
    endloop
  endfacet
  facet normal 0 0 -1
    outer loop
      vertex 3.833370861439747 17.691814035342734 0.40000000000000036
      vertex 4 17.7 0.40000000000000036
      vertex 4 17.6 0.40000000000000036
    endloop
  endfacet
  facet normal -0.24298017990327317 0.9700312531945418 0
    outer loop
      vertex 3.506516048667414 17.626798570744754 0.40000000000000036
      vertex 3.506516048667414 17.626798570744754 1.2000000000000002
      vertex 3.6683464525725817 17.667334976685492 0.40000000000000036
    endloop
  endfacet
  facet normal -0.1467304744553565 0.9891765099647817 0
    outer loop
      vertex 3.6683464525725817 17.667334976685492 0.40000000000000036
      vertex 3.6683464525725817 17.667334976685492 1.2000000000000002
      vertex 3.833370861439747 17.691814035342734 0.40000000000000036
    endloop
  endfacet
  facet normal -0.24298017990327317 0.9700312531945418 0
    outer loop
      vertex 3.6683464525725817 17.667334976685492 0.40000000000000036
      vertex 3.506516048667414 17.626798570744754 1.2000000000000002
      vertex 3.6683464525725817 17.667334976685492 1.2000000000000002
    endloop
  endfacet
  facet normal -0.049067674327417994 0.9987954562051724 0
    outer loop
      vertex 3.833370861439747 17.691814035342734 0.40000000000000036
      vertex 3.833370861439747 17.691814035342734 1.2000000000000002
      vertex 4 17.7 0.40000000000000036
    endloop
  endfacet
  facet normal -0.1467304744553565 0.9891765099647817 0
    outer loop
      vertex 3.833370861439747 17.691814035342734 0.40000000000000036
      vertex 3.6683464525725817 17.667334976685492 1.2000000000000002
      vertex 3.833370861439747 17.691814035342734 1.2000000000000002
    endloop
  endfacet
  facet normal -0.049067674327417994 0.9987954562051724 0
    outer loop
      vertex 3.833370861439747 17.691814035342734 1.2000000000000002
      vertex 4 17.7 1.2000000000000002
      vertex 4 17.7 0.40000000000000036
    endloop
  endfacet
  facet normal 0 0 1
    outer loop
      vertex 2.984970745338167 17.23681672538038 1.2000000000000002
      vertex 3.1110876271686365 17.33035137968407 1.2000000000000002
      vertex 3.0555306038666763 17.413498340914327 1.2000000000000002
    endloop
  endfacet
  facet normal 0 0 1
    outer loop
      vertex 3.0555306038666763 17.413498340914327 1.2000000000000002
      vertex 3.1110876271686365 17.33035137968407 1.2000000000000002
      vertex 3.198625547395804 17.499266149392202 1.2000000000000002
    endloop
  endfacet
  facet normal 0 0 1
    outer loop
      vertex 3.1110876271686365 17.33035137968407 1.2000000000000002
      vertex 3.2457652210784036 17.41107402295737 1.2000000000000002
      vertex 3.198625547395804 17.499266149392202 1.2000000000000002
    endloop
  endfacet
  facet normal 0 0 1
    outer loop
      vertex 3.2457652210784036 17.41107402295737 1.2000000000000002
      vertex 3.349438164979347 17.57059520526919 1.2000000000000002
      vertex 3.198625547395804 17.499266149392202 1.2000000000000002
    endloop
  endfacet
  facet normal -0.5956993044924275 0.8032075314806492 0
    outer loop
      vertex 2.984970745338167 17.23681672538038 1.2000000000000002
      vertex 3.1110876271686365 17.33035137968407 2.2
      vertex 3.1110876271686365 17.33035137968407 1.2000000000000002
    endloop
  endfacet
  facet normal -0.514102744193231 0.8577286100002667 0
    outer loop
      vertex 3.1110876271686365 17.33035137968407 1.2000000000000002
      vertex 3.2457652210784036 17.41107402295737 2.2
      vertex 3.2457652210784036 17.41107402295737 1.2000000000000002
    endloop
  endfacet
  facet normal 0 0 1
    outer loop
      vertex 3.2457652210784036 17.41107402295737 1.2000000000000002
      vertex 3.387706508215856 17.47820725201806 1.2000000000000002
      vertex 3.349438164979347 17.57059520526919 1.2000000000000002
    endloop
  endfacet
  facet normal 0 0 1
    outer loop
      vertex 3.387706508215856 17.47820725201806 1.2000000000000002
      vertex 3.506516048667414 17.626798570744754 1.2000000000000002
      vertex 3.349438164979347 17.57059520526919 1.2000000000000002
    endloop
  endfacet
  facet normal 0 0 1
    outer loop
      vertex 3.387706508215856 17.47820725201806 1.2000000000000002
      vertex 3.5355445163928603 17.531104537171533 1.2000000000000002
      vertex 3.506516048667414 17.626798570744754 1.2000000000000002
    endloop
  endfacet
  facet normal -0.4275550934302809 0.9039892931234439 0
    outer loop
      vertex 3.2457652210784036 17.41107402295737 1.2000000000000002
      vertex 3.387706508215856 17.47820725201806 2.2
      vertex 3.387706508215856 17.47820725201806 1.2000000000000002
    endloop
  endfacet
  facet normal -0.33688985339221134 0.9415440651830239 0
    outer loop
      vertex 3.387706508215856 17.47820725201806 1.2000000000000002
      vertex 3.5355445163928603 17.531104537171533 2.2
      vertex 3.5355445163928603 17.531104537171533 1.2000000000000002
    endloop
  endfacet
  facet normal -0.5956993044924275 0.8032075314806492 0
    outer loop
      vertex 2.984970745338167 17.23681672538038 1.2000000000000002
      vertex 2.984970745338167 17.23681672538038 2.2
      vertex 3.1110876271686365 17.33035137968407 2.2
    endloop
  endfacet
  facet normal -0.514102744193231 0.8577286100002667 0
    outer loop
      vertex 3.1110876271686365 17.33035137968407 1.2000000000000002
      vertex 3.1110876271686365 17.33035137968407 2.2
      vertex 3.2457652210784036 17.41107402295737 2.2
    endloop
  endfacet
  facet normal -0.4275550934302809 0.9039892931234439 0
    outer loop
      vertex 3.2457652210784036 17.41107402295737 1.2000000000000002
      vertex 3.2457652210784036 17.41107402295737 2.2
      vertex 3.387706508215856 17.47820725201806 2.2
    endloop
  endfacet
  facet normal -0.33688985339221134 0.9415440651830239 0
    outer loop
      vertex 3.387706508215856 17.47820725201806 1.2000000000000002
      vertex 3.387706508215856 17.47820725201806 2.2
      vertex 3.5355445163928603 17.531104537171533 2.2
    endloop
  endfacet
  facet normal 0 0 -1
    outer loop
      vertex 1.9 23.6 2.2
      vertex 3.687855484774195 17.56925644864517 2.2
      vertex 3.5355445163928603 17.531104537171533 2.2
    endloop
  endfacet
  facet normal 0 0 -1
    outer loop
      vertex 1.9 23.6 2.2
      vertex 3.843172575472703 17.592295562675517 2.2
      vertex 3.687855484774195 17.56925644864517 2.2
    endloop
  endfacet
  facet normal 0 0 1
    outer loop
      vertex 3.506516048667414 17.626798570744754 1.2000000000000002
      vertex 3.5355445163928603 17.531104537171533 1.2000000000000002
      vertex 3.6683464525725817 17.667334976685492 1.2000000000000002
    endloop
  endfacet
  facet normal 0 0 1
    outer loop
      vertex 3.5355445163928603 17.531104537171533 1.2000000000000002
      vertex 3.687855484774195 17.56925644864517 1.2000000000000002
      vertex 3.6683464525725817 17.667334976685492 1.2000000000000002
    endloop
  endfacet
  facet normal 0 0 1
    outer loop
      vertex 3.687855484774195 17.56925644864517 1.2000000000000002
      vertex 3.833370861439747 17.691814035342734 1.2000000000000002
      vertex 3.6683464525725817 17.667334976685492 1.2000000000000002
    endloop
  endfacet
  facet normal -0.24298017990327891 0.9700312531945402 0
    outer loop
      vertex 3.5355445163928603 17.531104537171533 1.2000000000000002
      vertex 3.687855484774195 17.56925644864517 2.2
      vertex 3.687855484774195 17.56925644864517 1.2000000000000002
    endloop
  endfacet
  facet normal 0 0 1
    outer loop
      vertex 3.687855484774195 17.56925644864517 1.2000000000000002
      vertex 3.843172575472703 17.592295562675517 1.2000000000000002
      vertex 3.833370861439747 17.691814035342734 1.2000000000000002
    endloop
  endfacet
  facet normal 0 0 1
    outer loop
      vertex 3.843172575472703 17.592295562675517 1.2000000000000002
      vertex 4 17.7 1.2000000000000002
      vertex 3.833370861439747 17.691814035342734 1.2000000000000002
    endloop
  endfacet
  facet normal 0 0 1
    outer loop
      vertex 3.843172575472703 17.592295562675517 1.2000000000000002
      vertex 4 17.6 1.2000000000000002
      vertex 4 17.7 1.2000000000000002
    endloop
  endfacet
  facet normal -0.14673047445536486 0.9891765099647806 0
    outer loop
      vertex 3.687855484774195 17.56925644864517 1.2000000000000002
      vertex 3.843172575472703 17.592295562675517 2.2
      vertex 3.843172575472703 17.592295562675517 1.2000000000000002
    endloop
  endfacet
  facet normal -0.049067674327415274 0.9987954562051726 0
    outer loop
      vertex 3.843172575472703 17.592295562675517 1.2000000000000002
      vertex 4 17.6 2.2
      vertex 4 17.6 1.2000000000000002
    endloop
  endfacet
  facet normal -0.24298017990327891 0.9700312531945402 0
    outer loop
      vertex 3.5355445163928603 17.531104537171533 1.2000000000000002
      vertex 3.5355445163928603 17.531104537171533 2.2
      vertex 3.687855484774195 17.56925644864517 2.2
    endloop
  endfacet
  facet normal -0.14673047445536486 0.9891765099647806 0
    outer loop
      vertex 3.687855484774195 17.56925644864517 1.2000000000000002
      vertex 3.687855484774195 17.56925644864517 2.2
      vertex 3.843172575472703 17.592295562675517 2.2
    endloop
  endfacet
  facet normal -0.049067674327415274 0.9987954562051726 0
    outer loop
      vertex 3.843172575472703 17.592295562675517 1.2000000000000002
      vertex 3.843172575472703 17.592295562675517 2.2
      vertex 4 17.6 2.2
    endloop
  endfacet
  facet normal 0 0 -1
    outer loop
      vertex 3.843172575472703 17.592295562675517 2.2
      vertex 3.843172575472703 22.407704437324483 2.2
      vertex 4 17.6 2.2
    endloop
  endfacet
  facet normal -0.595699304492442 -0.8032075314806385 0
    outer loop
      vertex 2.984970745338167 22.76318327461962 0
      vertex 3.1110876271686365 22.669648620315925 0
      vertex 3.1110876271686365 22.669648620315925 0.40000000000000036
    endloop
  endfacet
  facet normal -0.595699304492442 -0.8032075314806385 0
    outer loop
      vertex 2.984970745338167 22.76318327461962 0
      vertex 3.1110876271686365 22.669648620315925 0.40000000000000036
      vertex 2.984970745338167 22.76318327461962 0.40000000000000036
    endloop
  endfacet
  facet normal -0.5141027441932143 -0.8577286100002766 0
    outer loop
      vertex 3.1110876271686365 22.669648620315925 0
      vertex 3.2457652210784036 22.58892597704263 0
      vertex 3.2457652210784036 22.58892597704263 0.40000000000000036
    endloop
  endfacet
  facet normal -0.5141027441932143 -0.8577286100002766 0
    outer loop
      vertex 3.1110876271686365 22.669648620315925 0
      vertex 3.2457652210784036 22.58892597704263 0.40000000000000036
      vertex 3.1110876271686365 22.669648620315925 0.40000000000000036
    endloop
  endfacet
  facet normal 0 0 -1
    outer loop
      vertex 2.984970745338167 22.76318327461962 0.40000000000000036
      vertex 3.1110876271686365 22.669648620315925 0.40000000000000036
      vertex 3.0555306038666763 22.586501659085673 0.40000000000000036
    endloop
  endfacet
  facet normal 0 0 -1
    outer loop
      vertex 3.0555306038666763 22.586501659085673 0.40000000000000036
      vertex 3.1110876271686365 22.669648620315925 0.40000000000000036
      vertex 3.198625547395804 22.500733850607794 0.40000000000000036
    endloop
  endfacet
  facet normal 0 0 -1
    outer loop
      vertex 3.1110876271686365 22.669648620315925 0.40000000000000036
      vertex 3.2457652210784036 22.58892597704263 0.40000000000000036
      vertex 3.198625547395804 22.500733850607794 0.40000000000000036
    endloop
  endfacet
  facet normal 0 0 -1
    outer loop
      vertex 3.198625547395804 22.500733850607794 0.40000000000000036
      vertex 3.2457652210784036 22.58892597704263 0.40000000000000036
      vertex 3.349438164979347 22.429404794730814 0.40000000000000036
    endloop
  endfacet
  facet normal 0 0 -1
    outer loop
      vertex 2.6696486203159275 23.111087627168637 0
      vertex 4 25.6 0
      vertex 2.763183274619621 22.984970745338167 0
    endloop
  endfacet
  facet normal 0 0 -1
    outer loop
      vertex 2.763183274619621 22.984970745338167 0
      vertex 4 25.6 0
      vertex 2.8686291501015235 22.868629150101523 0
    endloop
  endfacet
  facet normal -0.4275550934302809 -0.9039892931234439 0
    outer loop
      vertex 3.2457652210784036 22.58892597704263 0
      vertex 3.387706508215856 22.52179274798194 0
      vertex 3.387706508215856 22.52179274798194 0.40000000000000036
    endloop
  endfacet
  facet normal -0.4275550934302809 -0.9039892931234439 0
    outer loop
      vertex 3.2457652210784036 22.58892597704263 0
      vertex 3.387706508215856 22.52179274798194 0.40000000000000036
      vertex 3.2457652210784036 22.58892597704263 0.40000000000000036
    endloop
  endfacet
  facet normal -0.3368898533922113 -0.9415440651830238 0
    outer loop
      vertex 3.387706508215856 22.52179274798194 0
      vertex 3.5355445163928603 22.468895462828467 0
      vertex 3.5355445163928603 22.468895462828467 0.40000000000000036
    endloop
  endfacet
  facet normal -0.3368898533922113 -0.9415440651830238 0
    outer loop
      vertex 3.387706508215856 22.52179274798194 0
      vertex 3.5355445163928603 22.468895462828467 0.40000000000000036
      vertex 3.387706508215856 22.52179274798194 0.40000000000000036
    endloop
  endfacet
  facet normal 0 0 -1
    outer loop
      vertex 3.2457652210784036 22.58892597704263 0.40000000000000036
      vertex 3.387706508215856 22.52179274798194 0.40000000000000036
      vertex 3.349438164979347 22.429404794730814 0.40000000000000036
    endloop
  endfacet
  facet normal 0 0 -1
    outer loop
      vertex 3.349438164979347 22.429404794730814 0.40000000000000036
      vertex 3.387706508215856 22.52179274798194 0.40000000000000036
      vertex 3.506516048667414 22.373201429255246 0.40000000000000036
    endloop
  endfacet
  facet normal 0 0 -1
    outer loop
      vertex 3.387706508215856 22.52179274798194 0.40000000000000036
      vertex 3.5355445163928603 22.468895462828467 0.40000000000000036
      vertex 3.506516048667414 22.373201429255246 0.40000000000000036
    endloop
  endfacet
  facet normal 0 0 -1
    outer loop
      vertex 2.8686291501015235 22.868629150101523 0
      vertex 4.312144515225805 25.56925644864517 0
      vertex 2.984970745338167 22.76318327461962 0
    endloop
  endfacet
  facet normal 0 0 -1
    outer loop
      vertex 2.984970745338167 22.76318327461962 0
      vertex 4.312144515225805 25.56925644864517 0
      vertex 3.1110876271686365 22.669648620315925 0
    endloop
  endfacet
  facet normal -0.5141027441932321 -0.8577286100002657 0
    outer loop
      vertex 3.0555306038666763 22.586501659085673 0.40000000000000036
      vertex 3.198625547395804 22.500733850607794 0.40000000000000036
      vertex 3.198625547395804 22.500733850607794 1.2000000000000002
    endloop
  endfacet
  facet normal -0.5141027441932321 -0.8577286100002657 0
    outer loop
      vertex 3.0555306038666763 22.586501659085673 0.40000000000000036
      vertex 3.198625547395804 22.500733850607794 1.2000000000000002
      vertex 3.0555306038666763 22.586501659085673 1.2000000000000002
    endloop
  endfacet
  facet normal -0.427555093430263 -0.9039892931234524 0
    outer loop
      vertex 3.198625547395804 22.500733850607794 0.40000000000000036
      vertex 3.349438164979347 22.429404794730814 1.2000000000000002
      vertex 3.198625547395804 22.500733850607794 1.2000000000000002
    endloop
  endfacet
  facet normal -0.427555093430263 -0.9039892931234524 0
    outer loop
      vertex 3.198625547395804 22.500733850607794 0.40000000000000036
      vertex 3.349438164979347 22.429404794730814 0.40000000000000036
      vertex 3.349438164979347 22.429404794730814 1.2000000000000002
    endloop
  endfacet
  facet normal -0.3368898533922219 -0.94154406518302 0
    outer loop
      vertex 3.349438164979347 22.429404794730814 0.40000000000000036
      vertex 3.506516048667414 22.373201429255246 0.40000000000000036
      vertex 3.506516048667414 22.373201429255246 1.2000000000000002
    endloop
  endfacet
  facet normal -0.3368898533922219 -0.94154406518302 0
    outer loop
      vertex 3.349438164979347 22.429404794730814 0.40000000000000036
      vertex 3.506516048667414 22.373201429255246 1.2000000000000002
      vertex 3.349438164979347 22.429404794730814 1.2000000000000002
    endloop
  endfacet
  facet normal -0.24298017990327894 -0.9700312531945403 0
    outer loop
      vertex 3.5355445163928603 22.468895462828467 0
      vertex 3.687855484774195 22.43074355135483 0.40000000000000036
      vertex 3.5355445163928603 22.468895462828467 0.40000000000000036
    endloop
  endfacet
  facet normal -0.24298017990327894 -0.9700312531945403 0
    outer loop
      vertex 3.5355445163928603 22.468895462828467 0
      vertex 3.687855484774195 22.43074355135483 0
      vertex 3.687855484774195 22.43074355135483 0.40000000000000036
    endloop
  endfacet
  facet normal -0.14673047445536486 -0.9891765099647806 0
    outer loop
      vertex 3.687855484774195 22.43074355135483 0
      vertex 3.843172575472703 22.407704437324483 0.40000000000000036
      vertex 3.687855484774195 22.43074355135483 0.40000000000000036
    endloop
  endfacet
  facet normal 0 0 -1
    outer loop
      vertex 3.506516048667414 22.373201429255246 0.40000000000000036
      vertex 3.5355445163928603 22.468895462828467 0.40000000000000036
      vertex 3.6683464525725817 22.332665023314508 0.40000000000000036
    endloop
  endfacet
  facet normal 0 0 -1
    outer loop
      vertex 3.5355445163928603 22.468895462828467 0.40000000000000036
      vertex 3.687855484774195 22.43074355135483 0.40000000000000036
      vertex 3.6683464525725817 22.332665023314508 0.40000000000000036
    endloop
  endfacet
  facet normal 0 0 -1
    outer loop
      vertex 3.6683464525725817 22.332665023314508 0.40000000000000036
      vertex 3.687855484774195 22.43074355135483 0.40000000000000036
      vertex 3.833370861439747 22.308185964657266 0.40000000000000036
    endloop
  endfacet
  facet normal 0 0 -1
    outer loop
      vertex 3.1110876271686365 22.669648620315925 0
      vertex 4.312144515225805 25.56925644864517 0
      vertex 3.2457652210784036 22.58892597704263 0
    endloop
  endfacet
  facet normal 0 0 -1
    outer loop
      vertex 3.2457652210784036 22.58892597704263 0
      vertex 4.312144515225805 25.56925644864517 0
      vertex 3.387706508215856 22.52179274798194 0
    endloop
  endfacet
  facet normal 0 0 -1
    outer loop
      vertex 3.387706508215856 22.52179274798194 0
      vertex 4.312144515225805 25.56925644864517 0
      vertex 3.5355445163928603 22.468895462828467 0
    endloop
  endfacet
  facet normal -0.14673047445536486 -0.9891765099647806 0
    outer loop
      vertex 3.687855484774195 22.43074355135483 0
      vertex 3.843172575472703 22.407704437324483 0
      vertex 3.843172575472703 22.407704437324483 0.40000000000000036
    endloop
  endfacet
  facet normal -0.04906767432741527 -0.9987954562051724 0
    outer loop
      vertex 3.843172575472703 22.407704437324483 0
      vertex 4 22.4 0
      vertex 4 22.4 0.40000000000000036
    endloop
  endfacet
  facet normal -0.04906767432741527 -0.9987954562051724 0
    outer loop
      vertex 3.843172575472703 22.407704437324483 0
      vertex 4 22.4 0.40000000000000036
      vertex 3.843172575472703 22.407704437324483 0.40000000000000036
    endloop
  endfacet
  facet normal 0 0 -1
    outer loop
      vertex 3.687855484774195 22.43074355135483 0.40000000000000036
      vertex 3.843172575472703 22.407704437324483 0.40000000000000036
      vertex 3.833370861439747 22.308185964657266 0.40000000000000036
    endloop
  endfacet
  facet normal 0 0 -1
    outer loop
      vertex 3.833370861439747 22.308185964657266 0.40000000000000036
      vertex 3.843172575472703 22.407704437324483 0.40000000000000036
      vertex 4 22.3 0.40000000000000036
    endloop
  endfacet
  facet normal 0 0 -1
    outer loop
      vertex 3.843172575472703 22.407704437324483 0.40000000000000036
      vertex 4 22.4 0.40000000000000036
      vertex 4 22.3 0.40000000000000036
    endloop
  endfacet
  facet normal 0 0 -1
    outer loop
      vertex 3.5355445163928603 22.468895462828467 0
      vertex 4.464455483607139 25.531104537171537 0
      vertex 3.687855484774195 22.43074355135483 0
    endloop
  endfacet
  facet normal 0 0 -1
    outer loop
      vertex 3.687855484774195 22.43074355135483 0
      vertex 4.464455483607139 25.531104537171537 0
      vertex 3.843172575472703 22.407704437324483 0
    endloop
  endfacet
  facet normal -0.24298017990327317 -0.9700312531945418 0
    outer loop
      vertex 3.506516048667414 22.373201429255246 0.40000000000000036
      vertex 3.6683464525725817 22.332665023314508 0.40000000000000036
      vertex 3.6683464525725817 22.332665023314508 1.2000000000000002
    endloop
  endfacet
  facet normal -0.24298017990327317 -0.9700312531945418 0
    outer loop
      vertex 3.506516048667414 22.373201429255246 0.40000000000000036
      vertex 3.6683464525725817 22.332665023314508 1.2000000000000002
      vertex 3.506516048667414 22.373201429255246 1.2000000000000002
    endloop
  endfacet
  facet normal -0.1467304744553565 -0.9891765099647817 0
    outer loop
      vertex 3.6683464525725817 22.332665023314508 0.40000000000000036
      vertex 3.833370861439747 22.308185964657266 1.2000000000000002
      vertex 3.6683464525725817 22.332665023314508 1.2000000000000002
    endloop
  endfacet
  facet normal -0.1467304744553565 -0.9891765099647817 0
    outer loop
      vertex 3.6683464525725817 22.332665023314508 0.40000000000000036
      vertex 3.833370861439747 22.308185964657266 0.40000000000000036
      vertex 3.833370861439747 22.308185964657266 1.2000000000000002
    endloop
  endfacet
  facet normal -0.049067674327417994 -0.9987954562051724 0
    outer loop
      vertex 3.833370861439747 22.308185964657266 0.40000000000000036
      vertex 4 22.3 0.40000000000000036
      vertex 4 22.3 1.2000000000000002
    endloop
  endfacet
  facet normal -0.049067674327417994 -0.9987954562051724 0
    outer loop
      vertex 3.833370861439747 22.308185964657266 0.40000000000000036
      vertex 4 22.3 1.2000000000000002
      vertex 3.833370861439747 22.308185964657266 1.2000000000000002
    endloop
  endfacet
  facet normal 0 0 -1
    outer loop
      vertex 2.763183274619621 22.984970745338167 2.2
      vertex 2.8686291501015235 22.868629150101523 2.2
      vertex 3.843172575472703 17.592295562675517 2.2
    endloop
  endfacet
  facet normal 0 0 -1
    outer loop
      vertex 2.8686291501015235 22.868629150101523 2.2
      vertex 2.984970745338167 22.76318327461962 2.2
      vertex 3.843172575472703 17.592295562675517 2.2
    endloop
  endfacet
  facet normal 0 0 -1
    outer loop
      vertex 3.843172575472703 17.592295562675517 2.2
      vertex 3.1110876271686365 22.669648620315925 2.2
      vertex 3.2457652210784036 22.58892597704263 2.2
    endloop
  endfacet
  facet normal 0 0 -1
    outer loop
      vertex 3.843172575472703 17.592295562675517 2.2
      vertex 3.2457652210784036 22.58892597704263 2.2
      vertex 3.387706508215856 22.52179274798194 2.2
    endloop
  endfacet
  facet normal 0 0 -1
    outer loop
      vertex 2.984970745338167 22.76318327461962 2.2
      vertex 3.1110876271686365 22.669648620315925 2.2
      vertex 3.843172575472703 17.592295562675517 2.2
    endloop
  endfacet
  facet normal 0 0 1
    outer loop
      vertex 2.9215314169218027 22.685882229283347 1.2000000000000002
      vertex 3.0555306038666763 22.586501659085673 1.2000000000000002
      vertex 3.1110876271686365 22.669648620315925 1.2000000000000002
    endloop
  endfacet
  facet normal 0 0 1
    outer loop
      vertex 3.0555306038666763 22.586501659085673 1.2000000000000002
      vertex 3.2457652210784036 22.58892597704263 1.2000000000000002
      vertex 3.1110876271686365 22.669648620315925 1.2000000000000002
    endloop
  endfacet
  facet normal 0 0 1
    outer loop
      vertex 3.0555306038666763 22.586501659085673 1.2000000000000002
      vertex 3.198625547395804 22.500733850607794 1.2000000000000002
      vertex 3.2457652210784036 22.58892597704263 1.2000000000000002
    endloop
  endfacet
  facet normal -0.595699304492442 -0.8032075314806384 0
    outer loop
      vertex 2.984970745338167 22.76318327461962 1.2000000000000002
      vertex 3.1110876271686365 22.669648620315925 1.2000000000000002
      vertex 2.984970745338167 22.76318327461962 2.2
    endloop
  endfacet
  facet normal -0.5141027441932143 -0.8577286100002767 0
    outer loop
      vertex 3.1110876271686365 22.669648620315925 1.2000000000000002
      vertex 3.2457652210784036 22.58892597704263 1.2000000000000002
      vertex 3.1110876271686365 22.669648620315925 2.2
    endloop
  endfacet
  facet normal 0 0 1
    outer loop
      vertex 3.198625547395804 22.500733850607794 1.2000000000000002
      vertex 3.387706508215856 22.52179274798194 1.2000000000000002
      vertex 3.2457652210784036 22.58892597704263 1.2000000000000002
    endloop
  endfacet
  facet normal 0 0 1
    outer loop
      vertex 3.198625547395804 22.500733850607794 1.2000000000000002
      vertex 3.349438164979347 22.429404794730814 1.2000000000000002
      vertex 3.387706508215856 22.52179274798194 1.2000000000000002
    endloop
  endfacet
  facet normal 0 0 1
    outer loop
      vertex 3.349438164979347 22.429404794730814 1.2000000000000002
      vertex 3.506516048667414 22.373201429255246 1.2000000000000002
      vertex 3.5355445163928603 22.468895462828467 1.2000000000000002
    endloop
  endfacet
  facet normal 0 0 1
    outer loop
      vertex 3.349438164979347 22.429404794730814 1.2000000000000002
      vertex 3.5355445163928603 22.468895462828467 1.2000000000000002
      vertex 3.387706508215856 22.52179274798194 1.2000000000000002
    endloop
  endfacet
  facet normal -0.4275550934302809 -0.9039892931234439 0
    outer loop
      vertex 3.2457652210784036 22.58892597704263 1.2000000000000002
      vertex 3.387706508215856 22.52179274798194 1.2000000000000002
      vertex 3.2457652210784036 22.58892597704263 2.2
    endloop
  endfacet
  facet normal -0.33688985339221134 -0.9415440651830239 0
    outer loop
      vertex 3.387706508215856 22.52179274798194 1.2000000000000002
      vertex 3.5355445163928603 22.468895462828467 1.2000000000000002
      vertex 3.387706508215856 22.52179274798194 2.2
    endloop
  endfacet
  facet normal -0.595699304492442 -0.8032075314806384 0
    outer loop
      vertex 2.984970745338167 22.76318327461962 2.2
      vertex 3.1110876271686365 22.669648620315925 1.2000000000000002
      vertex 3.1110876271686365 22.669648620315925 2.2
    endloop
  endfacet
  facet normal -0.5141027441932143 -0.8577286100002767 0
    outer loop
      vertex 3.2457652210784036 22.58892597704263 1.2000000000000002
      vertex 3.2457652210784036 22.58892597704263 2.2
      vertex 3.1110876271686365 22.669648620315925 2.2
    endloop
  endfacet
  facet normal -0.4275550934302809 -0.9039892931234439 0
    outer loop
      vertex 3.387706508215856 22.52179274798194 1.2000000000000002
      vertex 3.387706508215856 22.52179274798194 2.2
      vertex 3.2457652210784036 22.58892597704263 2.2
    endloop
  endfacet
  facet normal -0.33688985339221134 -0.9415440651830239 0
    outer loop
      vertex 3.387706508215856 22.52179274798194 2.2
      vertex 3.5355445163928603 22.468895462828467 1.2000000000000002
      vertex 3.5355445163928603 22.468895462828467 2.2
    endloop
  endfacet
  facet normal 0 0 -1
    outer loop
      vertex 3.843172575472703 17.592295562675517 2.2
      vertex 3.387706508215856 22.52179274798194 2.2
      vertex 3.5355445163928603 22.468895462828467 2.2
    endloop
  endfacet
  facet normal 0 0 -1
    outer loop
      vertex 3.843172575472703 17.592295562675517 2.2
      vertex 3.5355445163928603 22.468895462828467 2.2
      vertex 3.687855484774195 22.43074355135483 2.2
    endloop
  endfacet
  facet normal 0 0 -1
    outer loop
      vertex 3.843172575472703 17.592295562675517 2.2
      vertex 3.687855484774195 22.43074355135483 2.2
      vertex 3.843172575472703 22.407704437324483 2.2
    endloop
  endfacet
  facet normal 0 0 -1
    outer loop
      vertex 3.843172575472703 22.407704437324483 2.2
      vertex 4 22.4 2.2
      vertex 4 17.6 2.2
    endloop
  endfacet
  facet normal 0 0 1
    outer loop
      vertex 3.506516048667414 22.373201429255246 1.2000000000000002
      vertex 3.687855484774195 22.43074355135483 1.2000000000000002
      vertex 3.5355445163928603 22.468895462828467 1.2000000000000002
    endloop
  endfacet
  facet normal 0 0 1
    outer loop
      vertex 3.506516048667414 22.373201429255246 1.2000000000000002
      vertex 3.6683464525725817 22.332665023314508 1.2000000000000002
      vertex 3.687855484774195 22.43074355135483 1.2000000000000002
    endloop
  endfacet
  facet normal 0 0 1
    outer loop
      vertex 3.6683464525725817 22.332665023314508 1.2000000000000002
      vertex 3.843172575472703 22.407704437324483 1.2000000000000002
      vertex 3.687855484774195 22.43074355135483 1.2000000000000002
    endloop
  endfacet
  facet normal -0.24298017990327891 -0.9700312531945402 0
    outer loop
      vertex 3.5355445163928603 22.468895462828467 1.2000000000000002
      vertex 3.687855484774195 22.43074355135483 1.2000000000000002
      vertex 3.5355445163928603 22.468895462828467 2.2
    endloop
  endfacet
  facet normal -0.14673047445536486 -0.9891765099647806 0
    outer loop
      vertex 3.687855484774195 22.43074355135483 1.2000000000000002
      vertex 3.843172575472703 22.407704437324483 1.2000000000000002
      vertex 3.687855484774195 22.43074355135483 2.2
    endloop
  endfacet
  facet normal 0 0 1
    outer loop
      vertex 3.6683464525725817 22.332665023314508 1.2000000000000002
      vertex 3.833370861439747 22.308185964657266 1.2000000000000002
      vertex 3.843172575472703 22.407704437324483 1.2000000000000002
    endloop
  endfacet
  facet normal 0 0 1
    outer loop
      vertex 3.833370861439747 22.308185964657266 1.2000000000000002
      vertex 4 22.4 1.2000000000000002
      vertex 3.843172575472703 22.407704437324483 1.2000000000000002
    endloop
  endfacet
  facet normal 0 0 1
    outer loop
      vertex 3.833370861439747 22.308185964657266 1.2000000000000002
      vertex 4 22.3 1.2000000000000002
      vertex 4 22.4 1.2000000000000002
    endloop
  endfacet
  facet normal -0.049067674327415274 -0.9987954562051726 0
    outer loop
      vertex 3.843172575472703 22.407704437324483 1.2000000000000002
      vertex 4 22.4 1.2000000000000002
      vertex 3.843172575472703 22.407704437324483 2.2
    endloop
  endfacet
  facet normal -0.24298017990327891 -0.9700312531945402 0
    outer loop
      vertex 3.687855484774195 22.43074355135483 1.2000000000000002
      vertex 3.687855484774195 22.43074355135483 2.2
      vertex 3.5355445163928603 22.468895462828467 2.2
    endloop
  endfacet
  facet normal -0.14673047445536486 -0.9891765099647806 0
    outer loop
      vertex 3.843172575472703 22.407704437324483 1.2000000000000002
      vertex 3.843172575472703 22.407704437324483 2.2
      vertex 3.687855484774195 22.43074355135483 2.2
    endloop
  endfacet
  facet normal -0.049067674327415274 -0.9987954562051726 0
    outer loop
      vertex 3.843172575472703 22.407704437324483 2.2
      vertex 4 22.4 1.2000000000000002
      vertex 4 22.4 2.2
    endloop
  endfacet
  facet normal 0 0 1
    outer loop
      vertex 1.6000000014901161 0.10000000000000142 3.2
      vertex 7.9 31.9 3.2
      vertex 1.6000000014901161 31.9 3.2
    endloop
  endfacet
  facet normal -0.9987954562051724 0.04906767432741823 0
    outer loop
      vertex 2.4 24 0
      vertex 2.4 24 0.40000000000000036
      vertex 2.407704437324485 24.156827424527297 0
    endloop
  endfacet
  facet normal -0.9891765099647808 0.14673047445536333 0
    outer loop
      vertex 2.407704437324485 24.156827424527297 0
      vertex 2.407704437324485 24.156827424527297 0.40000000000000036
      vertex 2.4307435513548312 24.312144515225803 0
    endloop
  endfacet
  facet normal -0.9987954562051724 0.04906767432741823 0
    outer loop
      vertex 2.407704437324485 24.156827424527297 0
      vertex 2.4 24 0.40000000000000036
      vertex 2.407704437324485 24.156827424527297 0.40000000000000036
    endloop
  endfacet
  facet normal -0.9700312531945441 0.24298017990326362 0
    outer loop
      vertex 2.4307435513548312 24.312144515225803 0
      vertex 2.4307435513548312 24.312144515225803 0.40000000000000036
      vertex 2.468895462828466 24.46445548360714 0
    endloop
  endfacet
  facet normal -0.9891765099647808 0.14673047445536333 0
    outer loop
      vertex 2.4307435513548312 24.312144515225803 0
      vertex 2.407704437324485 24.156827424527297 0.40000000000000036
      vertex 2.4307435513548312 24.312144515225803 0.40000000000000036
    endloop
  endfacet
  facet normal -0.9700312531945441 0.24298017990326362 0
    outer loop
      vertex 2.468895462828466 24.46445548360714 0
      vertex 2.4307435513548312 24.312144515225803 0.40000000000000036
      vertex 2.468895462828466 24.46445548360714 0.40000000000000036
    endloop
  endfacet
  facet normal -0.9415440651830221 0.33688985339221633 0
    outer loop
      vertex 2.468895462828466 24.46445548360714 0
      vertex 2.468895462828466 24.46445548360714 0.40000000000000036
      vertex 2.521792747981941 24.612293491784143 0
    endloop
  endfacet
  facet normal -0.9415440651830221 0.33688985339221633 0
    outer loop
      vertex 2.521792747981941 24.612293491784143 0
      vertex 2.468895462828466 24.46445548360714 0.40000000000000036
      vertex 2.521792747981941 24.612293491784143 0.40000000000000036
    endloop
  endfacet
  facet normal 0 0 -1
    outer loop
      vertex 2.308185964657265 23.833370861439747 0.40000000000000036
      vertex 2.3 24 0.40000000000000036
      vertex 2.308185964657265 24.166629138560253 0.40000000000000036
    endloop
  endfacet
  facet normal 0 0 -1
    outer loop
      vertex 2.308185964657265 23.833370861439747 0.40000000000000036
      vertex 2.308185964657265 24.166629138560253 0.40000000000000036
      vertex 2.332665023314508 24.33165354742742 0.40000000000000036
    endloop
  endfacet
  facet normal 0 0 -1
    outer loop
      vertex 2.332665023314508 23.66834645257258 0.40000000000000036
      vertex 2.332665023314508 24.33165354742742 0.40000000000000036
      vertex 2.3732014292552446 24.493483951332585 0.40000000000000036
    endloop
  endfacet
  facet normal 0 0 -1
    outer loop
      vertex 2.3732014292552446 23.506516048667415 0.40000000000000036
      vertex 2.4294047947308126 24.650561835020653 0.40000000000000036
      vertex 2.4 24 0.40000000000000036
    endloop
  endfacet
  facet normal 0 0 -1
    outer loop
      vertex 2.3732014292552446 23.506516048667415 0.40000000000000036
      vertex 2.3732014292552446 24.493483951332585 0.40000000000000036
      vertex 2.4294047947308126 24.650561835020653 0.40000000000000036
    endloop
  endfacet
  facet normal 0 0 -1
    outer loop
      vertex 2.4 24 0.40000000000000036
      vertex 2.4294047947308126 24.650561835020653 0.40000000000000036
      vertex 2.407704437324485 24.156827424527297 0.40000000000000036
    endloop
  endfacet
  facet normal 0 0 -1
    outer loop
      vertex 2.407704437324485 24.156827424527297 0.40000000000000036
      vertex 2.4294047947308126 24.650561835020653 0.40000000000000036
      vertex 2.4307435513548312 24.312144515225803 0.40000000000000036
    endloop
  endfacet
  facet normal 0 0 -1
    outer loop
      vertex 2.4307435513548312 24.312144515225803 0.40000000000000036
      vertex 2.4294047947308126 24.650561835020653 0.40000000000000036
      vertex 2.468895462828466 24.46445548360714 0.40000000000000036
    endloop
  endfacet
  facet normal 0 0 -1
    outer loop
      vertex 2.4294047947308126 24.650561835020653 0.40000000000000036
      vertex 2.521792747981941 24.612293491784143 0.40000000000000036
      vertex 2.468895462828466 24.46445548360714 0.40000000000000036
    endloop
  endfacet
  facet normal 0 0 -1
    outer loop
      vertex 2.4294047947308126 24.650561835020653 0.40000000000000036
      vertex 2.500733850607796 24.801374452604197 0.40000000000000036
      vertex 2.521792747981941 24.612293491784143 0.40000000000000036
    endloop
  endfacet
  facet normal 0 0 -1
    outer loop
      vertex 2.521792747981941 24.612293491784143 0.40000000000000036
      vertex 2.500733850607796 24.801374452604197 0.40000000000000036
      vertex 2.588925977042632 24.754234778921596 0.40000000000000036
    endloop
  endfacet
  facet normal -0.9987954562051724 0.04906767432741786 0
    outer loop
      vertex 2.3 24 0.40000000000000036
      vertex 2.308185964657265 24.166629138560253 1.2000000000000002
      vertex 2.308185964657265 24.166629138560253 0.40000000000000036
    endloop
  endfacet
  facet normal -0.9891765099647808 0.1467304744553621 0
    outer loop
      vertex 2.308185964657265 24.166629138560253 0.40000000000000036
      vertex 2.332665023314508 24.33165354742742 1.2000000000000002
      vertex 2.332665023314508 24.33165354742742 0.40000000000000036
    endloop
  endfacet
  facet normal -0.9700312531945441 0.2429801799032638 0
    outer loop
      vertex 2.332665023314508 24.33165354742742 0.40000000000000036
      vertex 2.3732014292552446 24.493483951332585 1.2000000000000002
      vertex 2.3732014292552446 24.493483951332585 0.40000000000000036
    endloop
  endfacet
  facet normal -0.9415440651830207 0.3368898533922202 0
    outer loop
      vertex 2.3732014292552446 24.493483951332585 0.40000000000000036
      vertex 2.4294047947308126 24.650561835020653 1.2000000000000002
      vertex 2.4294047947308126 24.650561835020653 0.40000000000000036
    endloop
  endfacet
  facet normal -0.9039892931234448 0.42755509343027936 0
    outer loop
      vertex 2.4294047947308126 24.650561835020653 0.40000000000000036
      vertex 2.500733850607796 24.801374452604197 1.2000000000000002
      vertex 2.500733850607796 24.801374452604197 0.40000000000000036
    endloop
  endfacet
  facet normal -0.9987954562051724 0.04906767432741786 0
    outer loop
      vertex 2.3 24 0.40000000000000036
      vertex 2.3 24 1.2000000000000002
      vertex 2.308185964657265 24.166629138560253 1.2000000000000002
    endloop
  endfacet
  facet normal -0.9891765099647808 0.1467304744553621 0
    outer loop
      vertex 2.308185964657265 24.166629138560253 0.40000000000000036
      vertex 2.308185964657265 24.166629138560253 1.2000000000000002
      vertex 2.332665023314508 24.33165354742742 1.2000000000000002
    endloop
  endfacet
  facet normal -0.9700312531945441 0.2429801799032638 0
    outer loop
      vertex 2.332665023314508 24.33165354742742 0.40000000000000036
      vertex 2.332665023314508 24.33165354742742 1.2000000000000002
      vertex 2.3732014292552446 24.493483951332585 1.2000000000000002
    endloop
  endfacet
  facet normal -0.9415440651830207 0.3368898533922202 0
    outer loop
      vertex 2.3732014292552446 24.493483951332585 0.40000000000000036
      vertex 2.3732014292552446 24.493483951332585 1.2000000000000002
      vertex 2.4294047947308126 24.650561835020653 1.2000000000000002
    endloop
  endfacet
  facet normal -0.9039892931234448 0.42755509343027936 0
    outer loop
      vertex 2.4294047947308126 24.650561835020653 0.40000000000000036
      vertex 2.4294047947308126 24.650561835020653 1.2000000000000002
      vertex 2.500733850607796 24.801374452604197 1.2000000000000002
    endloop
  endfacet
  facet normal -0.8577286100002667 0.5141027441932305 0
    outer loop
      vertex 2.500733850607796 24.801374452604197 0.40000000000000036
      vertex 2.500733850607796 24.801374452604197 1.2000000000000002
      vertex 2.586501659085673 24.94446939613332 1.2000000000000002
    endloop
  endfacet
  facet normal -0.9039892931234427 0.4275550934302832 0
    outer loop
      vertex 2.521792747981941 24.612293491784143 0
      vertex 2.521792747981941 24.612293491784143 0.40000000000000036
      vertex 2.588925977042632 24.754234778921596 0
    endloop
  endfacet
  facet normal -0.8577286100002722 0.5141027441932212 0
    outer loop
      vertex 2.588925977042632 24.754234778921596 0
      vertex 2.588925977042632 24.754234778921596 0.40000000000000036
      vertex 2.6696486203159275 24.888912372831363 0
    endloop
  endfacet
  facet normal -0.9039892931234427 0.4275550934302832 0
    outer loop
      vertex 2.521792747981941 24.612293491784143 0.40000000000000036
      vertex 2.588925977042632 24.754234778921596 0.40000000000000036
      vertex 2.588925977042632 24.754234778921596 0
    endloop
  endfacet
  facet normal -0.8577286100002722 0.5141027441932212 0
    outer loop
      vertex 2.6696486203159275 24.888912372831363 0
      vertex 2.588925977042632 24.754234778921596 0.40000000000000036
      vertex 2.6696486203159275 24.888912372831363 0.40000000000000036
    endloop
  endfacet
  facet normal -0.8032075314806452 0.5956993044924329 0
    outer loop
      vertex 2.6696486203159275 24.888912372831363 0
      vertex 2.6696486203159275 24.888912372831363 0.40000000000000036
      vertex 2.763183274619621 25.015029254661833 0
    endloop
  endfacet
  facet normal 0 0 -1
    outer loop
      vertex 2.500733850607796 24.801374452604197 0.40000000000000036
      vertex 2.586501659085673 24.94446939613332 0.40000000000000036
      vertex 2.588925977042632 24.754234778921596 0.40000000000000036
    endloop
  endfacet
  facet normal 0 0 -1
    outer loop
      vertex 2.588925977042632 24.754234778921596 0.40000000000000036
      vertex 2.586501659085673 24.94446939613332 0.40000000000000036
      vertex 2.6696486203159275 24.888912372831363 0.40000000000000036
    endloop
  endfacet
  facet normal -0.8032075314806452 0.5956993044924329 0
    outer loop
      vertex 2.6696486203159275 24.888912372831363 0.40000000000000036
      vertex 2.763183274619621 25.015029254661833 0.40000000000000036
      vertex 2.763183274619621 25.015029254661833 0
    endloop
  endfacet
  facet normal 0 0 -1
    outer loop
      vertex 2.6696486203159275 24.888912372831363 0.40000000000000036
      vertex 2.586501659085673 24.94446939613332 0.40000000000000036
      vertex 2.763183274619621 25.015029254661833 0.40000000000000036
    endloop
  endfacet
  facet normal 0 0 -1
    outer loop
      vertex 2.586501659085673 24.94446939613332 0.40000000000000036
      vertex 2.6858822292833473 25.078468583078198 0.40000000000000036
      vertex 2.763183274619621 25.015029254661833 0.40000000000000036
    endloop
  endfacet
  facet normal 0 0 -1
    outer loop
      vertex 2.6858822292833473 25.078468583078198 0.40000000000000036
      vertex 2.8686291501015235 25.131370849898474 0.40000000000000036
      vertex 2.763183274619621 25.015029254661833 0.40000000000000036
    endloop
  endfacet
  facet normal 0 0 -1
    outer loop
      vertex 2.407704437324485 23.843172575472703 0
      vertex 4 25.6 0
      vertex 2.4307435513548312 23.687855484774197 0
    endloop
  endfacet
  facet normal 0 0 -1
    outer loop
      vertex 2.521792747981941 23.387706508215857 0
      vertex 2.468895462828466 23.53554451639286 0
      vertex 4 25.6 0
    endloop
  endfacet
  facet normal 0 0 -1
    outer loop
      vertex 2.4307435513548312 23.687855484774197 0
      vertex 4 25.6 0
      vertex 2.468895462828466 23.53554451639286 0
    endloop
  endfacet
  facet normal 0 0 -1
    outer loop
      vertex 2.407704437324485 23.843172575472703 0
      vertex 2.4 24 0
      vertex 4 25.6 0
    endloop
  endfacet
  facet normal 0 0 -1
    outer loop
      vertex 2.4 24 0
      vertex 2.407704437324485 24.156827424527297 0
      vertex 4 25.6 0
    endloop
  endfacet
  facet normal 0 0 -1
    outer loop
      vertex 2.407704437324485 24.156827424527297 0
      vertex 2.4307435513548312 24.312144515225803 0
      vertex 4 25.6 0
    endloop
  endfacet
  facet normal 0 0 -1
    outer loop
      vertex 2.4307435513548312 24.312144515225803 0
      vertex 2.468895462828466 24.46445548360714 0
      vertex 4 25.6 0
    endloop
  endfacet
  facet normal 0 0 -1
    outer loop
      vertex 2.468895462828466 24.46445548360714 0
      vertex 2.521792747981941 24.612293491784143 0
      vertex 4 25.6 0
    endloop
  endfacet
  facet normal -0.7409511253549534 0.6715589548470247 0
    outer loop
      vertex 2.763183274619621 25.015029254661833 0
      vertex 2.763183274619621 25.015029254661833 0.40000000000000036
      vertex 2.8686291501015235 25.131370849898474 0
    endloop
  endfacet
  facet normal -0.7409511253549534 0.6715589548470247 0
    outer loop
      vertex 2.763183274619621 25.015029254661833 0.40000000000000036
      vertex 2.8686291501015235 25.131370849898474 0.40000000000000036
      vertex 2.8686291501015235 25.131370849898474 0
    endloop
  endfacet
  facet normal 0 0 -1
    outer loop
      vertex 2.521792747981941 24.612293491784143 0
      vertex 2.588925977042632 24.754234778921596 0
      vertex 3.687855484774195 25.56925644864517 0
    endloop
  endfacet
  facet normal 0 0 -1
    outer loop
      vertex 2.588925977042632 24.754234778921596 0
      vertex 2.6696486203159275 24.888912372831363 0
      vertex 3.5355445163928603 25.531104537171537 0
    endloop
  endfacet
  facet normal 0 0 -1
    outer loop
      vertex 2.6696486203159275 24.888912372831363 0
      vertex 2.763183274619621 25.015029254661833 0
      vertex 3.387706508215856 25.47820725201806 0
    endloop
  endfacet
  facet normal 0 0 -1
    outer loop
      vertex 2.763183274619621 25.015029254661833 0
      vertex 2.8686291501015235 25.131370849898474 0
      vertex 3.2457652210784036 25.41107402295737 0
    endloop
  endfacet
  facet normal -0.6715589548470254 0.7409511253549527 0
    outer loop
      vertex 2.8686291501015235 25.131370849898474 0
      vertex 2.8686291501015235 25.131370849898474 0.40000000000000036
      vertex 2.984970745338167 25.23681672538038 0
    endloop
  endfacet
  facet normal 0 0 -1
    outer loop
      vertex 2.8686291501015235 25.131370849898474 0
      vertex 2.984970745338167 25.23681672538038 0
      vertex 3.1110876271686365 25.330351379684075 0
    endloop
  endfacet
  facet normal -0.6715589548470254 0.7409511253549527 0
    outer loop
      vertex 2.984970745338167 25.23681672538038 0
      vertex 2.8686291501015235 25.131370849898474 0.40000000000000036
      vertex 2.984970745338167 25.23681672538038 0.40000000000000036
    endloop
  endfacet
  facet normal 0 0 -1
    outer loop
      vertex 2.6858822292833473 25.078468583078198 0.40000000000000036
      vertex 2.797918471982869 25.202081528017132 0.40000000000000036
      vertex 2.8686291501015235 25.131370849898474 0.40000000000000036
    endloop
  endfacet
  facet normal 0 0 -1
    outer loop
      vertex 2.797918471982869 25.202081528017132 0.40000000000000036
      vertex 2.984970745338167 25.23681672538038 0.40000000000000036
      vertex 2.8686291501015235 25.131370849898474 0.40000000000000036
    endloop
  endfacet
  facet normal 0 0 -1
    outer loop
      vertex 2.797918471982869 25.202081528017132 0.40000000000000036
      vertex 2.9215314169218027 25.314117770716653 0.40000000000000036
      vertex 2.984970745338167 25.23681672538038 0.40000000000000036
    endloop
  endfacet
  facet normal 0 0 -1
    outer loop
      vertex 2.9215314169218027 25.314117770716653 0.40000000000000036
      vertex 3.1110876271686365 25.330351379684075 0.40000000000000036
      vertex 2.984970745338167 25.23681672538038 0.40000000000000036
    endloop
  endfacet
  facet normal -0.8577286100002667 0.5141027441932305 0
    outer loop
      vertex 2.500733850607796 24.801374452604197 0.40000000000000036
      vertex 2.586501659085673 24.94446939613332 1.2000000000000002
      vertex 2.586501659085673 24.94446939613332 0.40000000000000036
    endloop
  endfacet
  facet normal -0.8032075314806504 0.5956993044924258 0
    outer loop
      vertex 2.586501659085673 24.94446939613332 0.40000000000000036
      vertex 2.6858822292833473 25.078468583078198 1.2000000000000002
      vertex 2.6858822292833473 25.078468583078198 0.40000000000000036
    endloop
  endfacet
  facet normal -0.7409511253549614 0.6715589548470159 0
    outer loop
      vertex 2.6858822292833473 25.078468583078198 0.40000000000000036
      vertex 2.797918471982869 25.202081528017132 1.2000000000000002
      vertex 2.797918471982869 25.202081528017132 0.40000000000000036
    endloop
  endfacet
  facet normal -0.8032075314806504 0.5956993044924258 0
    outer loop
      vertex 2.586501659085673 24.94446939613332 0.40000000000000036
      vertex 2.586501659085673 24.94446939613332 1.2000000000000002
      vertex 2.6858822292833473 25.078468583078198 1.2000000000000002
    endloop
  endfacet
  facet normal -0.7409511253549614 0.6715589548470159 0
    outer loop
      vertex 2.6858822292833473 25.078468583078198 0.40000000000000036
      vertex 2.6858822292833473 25.078468583078198 1.2000000000000002
      vertex 2.797918471982869 25.202081528017132 1.2000000000000002
    endloop
  endfacet
  facet normal -0.6715589548470129 0.740951125354964 0
    outer loop
      vertex 2.797918471982869 25.202081528017132 0.40000000000000036
      vertex 2.797918471982869 25.202081528017132 1.2000000000000002
      vertex 2.9215314169218027 25.314117770716653 0.40000000000000036
    endloop
  endfacet
  facet normal -0.595699304492433 0.8032075314806452 0
    outer loop
      vertex 2.9215314169218027 25.314117770716653 0.40000000000000036
      vertex 2.9215314169218027 25.314117770716653 1.2000000000000002
      vertex 3.0555306038666763 25.413498340914327 0.40000000000000036
    endloop
  endfacet
  facet normal -0.6715589548470129 0.740951125354964 0
    outer loop
      vertex 2.9215314169218027 25.314117770716653 0.40000000000000036
      vertex 2.797918471982869 25.202081528017132 1.2000000000000002
      vertex 2.9215314169218027 25.314117770716653 1.2000000000000002
    endloop
  endfacet
  facet normal -0.595699304492433 0.8032075314806452 0
    outer loop
      vertex 2.9215314169218027 25.314117770716653 1.2000000000000002
      vertex 3.0555306038666763 25.413498340914327 1.2000000000000002
      vertex 3.0555306038666763 25.413498340914327 0.40000000000000036
    endloop
  endfacet
  facet normal 0 0 -1
    outer loop
      vertex 1.5 24.4 1.4000000000000004
      vertex 2.4 24 1.4000000000000004
      vertex 2.407704437324485 23.843172575472703 1.4000000000000004
    endloop
  endfacet
  facet normal 0 0 -1
    outer loop
      vertex 1.5 24.4 1.4000000000000004
      vertex 2.407704437324485 24.156827424527297 1.4000000000000004
      vertex 2.4 24 1.4000000000000004
    endloop
  endfacet
  facet normal 0 0 -1
    outer loop
      vertex 1.5 24.4 1.4000000000000004
      vertex 2.407704437324485 23.843172575472703 1.4000000000000004
      vertex 2.4307435513548312 23.687855484774197 1.4000000000000004
    endloop
  endfacet
  facet normal 0 0 -1
    outer loop
      vertex 1.5 24.4 1.4000000000000004
      vertex 2.4307435513548312 24.312144515225803 1.4000000000000004
      vertex 2.407704437324485 24.156827424527297 1.4000000000000004
    endloop
  endfacet
  facet normal 0 0 -1
    outer loop
      vertex 1.5 24.4 1.4000000000000004
      vertex 2.452750204672053 24.4 1.4000000000000004
      vertex 2.4307435513548312 24.312144515225803 1.4000000000000004
    endloop
  endfacet
  facet normal 0 0 1
    outer loop
      vertex 2.308185964657265 23.833370861439747 1.2000000000000002
      vertex 2.308185964657265 24.166629138560253 1.2000000000000002
      vertex 2.3 24 1.2000000000000002
    endloop
  endfacet
  facet normal 0 0 1
    outer loop
      vertex 2.332665023314508 23.66834645257258 1.2000000000000002
      vertex 2.332665023314508 24.33165354742742 1.2000000000000002
      vertex 2.308185964657265 24.166629138560253 1.2000000000000002
    endloop
  endfacet
  facet normal 0 0 1
    outer loop
      vertex 2.3732014292552446 23.506516048667415 1.2000000000000002
      vertex 2.3732014292552446 24.493483951332585 1.2000000000000002
      vertex 2.332665023314508 24.33165354742742 1.2000000000000002
    endloop
  endfacet
  facet normal -0.9987954562051724 0.04906767432741823 0
    outer loop
      vertex 2.4 24 1.2000000000000002
      vertex 2.407704437324485 24.156827424527297 1.4000000000000004
      vertex 2.407704437324485 24.156827424527297 1.2000000000000002
    endloop
  endfacet
  facet normal -0.9987954562051724 0.04906767432741823 0
    outer loop
      vertex 2.4 24 1.2000000000000002
      vertex 2.4 24 1.4000000000000004
      vertex 2.407704437324485 24.156827424527297 1.4000000000000004
    endloop
  endfacet
  facet normal 0 0 1
    outer loop
      vertex 2.4 24 1.2000000000000002
      vertex 2.407704437324485 24.156827424527297 1.2000000000000002
      vertex 2.3732014292552446 24.493483951332585 1.2000000000000002
    endloop
  endfacet
  facet normal 0 0 1
    outer loop
      vertex 2.407704437324485 24.156827424527297 1.2000000000000002
      vertex 2.4294047947308126 24.650561835020653 1.2000000000000002
      vertex 2.3732014292552446 24.493483951332585 1.2000000000000002
    endloop
  endfacet
  facet normal -0.9891765099647808 0.14673047445536333 0
    outer loop
      vertex 2.407704437324485 24.156827424527297 1.2000000000000002
      vertex 2.407704437324485 24.156827424527297 1.4000000000000004
      vertex 2.4307435513548312 24.312144515225803 1.4000000000000004
    endloop
  endfacet
  facet normal -0.9891765099647808 0.14673047445536333 0
    outer loop
      vertex 2.407704437324485 24.156827424527297 1.2000000000000002
      vertex 2.4307435513548312 24.312144515225803 1.4000000000000004
      vertex 2.4307435513548312 24.312144515225803 1.2000000000000002
    endloop
  endfacet
  facet normal 0 0 1
    outer loop
      vertex 2.407704437324485 24.156827424527297 1.2000000000000002
      vertex 2.4307435513548312 24.312144515225803 1.2000000000000002
      vertex 2.4294047947308126 24.650561835020653 1.2000000000000002
    endloop
  endfacet
  facet normal -0.9700312531945441 0.24298017990326362 9.114623879786396e-16
    outer loop
      vertex 2.4307435513548312 24.312144515225803 1.2000000000000002
      vertex 2.452750204672053 24.4 1.4000000000000004
      vertex 2.468895462828466 24.46445548360714 1.2000000000000002
    endloop
  endfacet
  facet normal -0.9700312531945436 0.24298017990326556 0
    outer loop
      vertex 2.4307435513548312 24.312144515225803 1.2000000000000002
      vertex 2.4307435513548312 24.312144515225803 1.4000000000000004
      vertex 2.452750204672053 24.4 1.4000000000000004
    endloop
  endfacet
  facet normal 0 0 1
    outer loop
      vertex 2.4307435513548312 24.312144515225803 1.2000000000000002
      vertex 2.468895462828466 24.46445548360714 1.2000000000000002
      vertex 2.4294047947308126 24.650561835020653 1.2000000000000002
    endloop
  endfacet
  facet normal 0 0 1
    outer loop
      vertex 2.4294047947308126 24.650561835020653 1.2000000000000002
      vertex 2.468895462828466 24.46445548360714 1.2000000000000002
      vertex 2.500733850607796 24.801374452604197 1.2000000000000002
    endloop
  endfacet
  facet normal 0 0 1
    outer loop
      vertex 2.468895462828466 24.46445548360714 1.2000000000000002
      vertex 2.521792747981941 24.612293491784143 1.2000000000000002
      vertex 2.500733850607796 24.801374452604197 1.2000000000000002
    endloop
  endfacet
  facet normal 0 0 1
    outer loop
      vertex 2.521792747981941 24.612293491784143 1.2000000000000002
      vertex 2.586501659085673 24.94446939613332 1.2000000000000002
      vertex 2.500733850607796 24.801374452604197 1.2000000000000002
    endloop
  endfacet
  facet normal -0.9700312531945449 0.24298017990326098 0
    outer loop
      vertex 2.452750204672053 24.4 1.4000000000000004
      vertex 2.468895462828466 24.46445548360714 2.2
      vertex 2.468895462828466 24.46445548360714 1.2000000000000002
    endloop
  endfacet
  facet normal -0.9415440651830221 0.33688985339221633 0
    outer loop
      vertex 2.468895462828466 24.46445548360714 1.2000000000000002
      vertex 2.521792747981941 24.612293491784143 2.2
      vertex 2.521792747981941 24.612293491784143 1.2000000000000002
    endloop
  endfacet
  facet normal 0 1 0
    outer loop
      vertex 1.9 24.4 2
      vertex 2.452750204672053 24.4 2.2
      vertex 2.452750204672053 24.4 1.4000000000000004
    endloop
  endfacet
  facet normal 0 1 0
    outer loop
      vertex 1.9 24.4 2
      vertex 1.9 24.4 2.2
      vertex 2.452750204672053 24.4 2.2
    endloop
  endfacet
  facet normal -0.9700312531945446 0.24298017990326093 0
    outer loop
      vertex 2.452750204672053 24.4 1.4000000000000004
      vertex 2.452750204672053 24.4 2.2
      vertex 2.468895462828466 24.46445548360714 2.2
    endloop
  endfacet
  facet normal -0.9415440651830221 0.33688985339221633 0
    outer loop
      vertex 2.468895462828466 24.46445548360714 1.2000000000000002
      vertex 2.468895462828466 24.46445548360714 2.2
      vertex 2.521792747981941 24.612293491784143 2.2
    endloop
  endfacet
  facet normal 0 0 -1
    outer loop
      vertex 1.9 24.4 2.2
      vertex 1.9 30.1 2.2
      vertex 2.452750204672053 24.4 2.2
    endloop
  endfacet
  facet normal 0 0 -1
    outer loop
      vertex 1.9 30.1 2.2
      vertex 2.468895462828466 24.46445548360714 2.2
      vertex 2.452750204672053 24.4 2.2
    endloop
  endfacet
  facet normal 0 0 -1
    outer loop
      vertex 1.9 30.1 2.2
      vertex 2.521792747981941 24.612293491784143 2.2
      vertex 2.468895462828466 24.46445548360714 2.2
    endloop
  endfacet
  facet normal 0 0 -1
    outer loop
      vertex 1.9 30.1 2.2
      vertex 2.588925977042632 24.754234778921596 2.2
      vertex 2.521792747981941 24.612293491784143 2.2
    endloop
  endfacet
  facet normal 0 0 -1
    outer loop
      vertex 1.9 30.1 2.2
      vertex 2.6696486203159275 24.888912372831363 2.2
      vertex 2.588925977042632 24.754234778921596 2.2
    endloop
  endfacet
  facet normal 0 0 -1
    outer loop
      vertex 1.9 30.1 2.2
      vertex 2.763183274619621 25.015029254661833 2.2
      vertex 2.6696486203159275 24.888912372831363 2.2
    endloop
  endfacet
  facet normal 0 0 -1
    outer loop
      vertex 1.9 30.1 2.2
      vertex 2.8686291501015235 25.131370849898474 2.2
      vertex 2.763183274619621 25.015029254661833 2.2
    endloop
  endfacet
  facet normal 0 0 1
    outer loop
      vertex 2.521792747981941 24.612293491784143 1.2000000000000002
      vertex 2.588925977042632 24.754234778921596 1.2000000000000002
      vertex 2.586501659085673 24.94446939613332 1.2000000000000002
    endloop
  endfacet
  facet normal 0 0 1
    outer loop
      vertex 2.588925977042632 24.754234778921596 1.2000000000000002
      vertex 2.6696486203159275 24.888912372831363 1.2000000000000002
      vertex 2.586501659085673 24.94446939613332 1.2000000000000002
    endloop
  endfacet
  facet normal -0.9039892931234428 0.4275550934302832 0
    outer loop
      vertex 2.521792747981941 24.612293491784143 1.2000000000000002
      vertex 2.588925977042632 24.754234778921596 2.2
      vertex 2.588925977042632 24.754234778921596 1.2000000000000002
    endloop
  endfacet
  facet normal -0.8577286100002723 0.5141027441932213 0
    outer loop
      vertex 2.588925977042632 24.754234778921596 1.2000000000000002
      vertex 2.6696486203159275 24.888912372831363 2.2
      vertex 2.6696486203159275 24.888912372831363 1.2000000000000002
    endloop
  endfacet
  facet normal 0 0 1
    outer loop
      vertex 2.6696486203159275 24.888912372831363 1.2000000000000002
      vertex 2.6858822292833473 25.078468583078198 1.2000000000000002
      vertex 2.586501659085673 24.94446939613332 1.2000000000000002
    endloop
  endfacet
  facet normal 0 0 1
    outer loop
      vertex 2.6696486203159275 24.888912372831363 1.2000000000000002
      vertex 2.763183274619621 25.015029254661833 1.2000000000000002
      vertex 2.6858822292833473 25.078468583078198 1.2000000000000002
    endloop
  endfacet
  facet normal 0 0 1
    outer loop
      vertex 2.6858822292833473 25.078468583078198 1.2000000000000002
      vertex 2.763183274619621 25.015029254661833 1.2000000000000002
      vertex 2.797918471982869 25.202081528017132 1.2000000000000002
    endloop
  endfacet
  facet normal -0.8032075314806452 0.5956993044924329 0
    outer loop
      vertex 2.6696486203159275 24.888912372831363 1.2000000000000002
      vertex 2.763183274619621 25.015029254661833 2.2
      vertex 2.763183274619621 25.015029254661833 1.2000000000000002
    endloop
  endfacet
  facet normal 0 0 1
    outer loop
      vertex 2.763183274619621 25.015029254661833 1.2000000000000002
      vertex 2.8686291501015235 25.131370849898474 1.2000000000000002
      vertex 2.797918471982869 25.202081528017132 1.2000000000000002
    endloop
  endfacet
  facet normal 0 0 1
    outer loop
      vertex 2.797918471982869 25.202081528017132 1.2000000000000002
      vertex 2.8686291501015235 25.131370849898474 1.2000000000000002
      vertex 2.9215314169218027 25.314117770716653 1.2000000000000002
    endloop
  endfacet
  facet normal 0 0 1
    outer loop
      vertex 2.8686291501015235 25.131370849898474 1.2000000000000002
      vertex 2.984970745338167 25.23681672538038 1.2000000000000002
      vertex 2.9215314169218027 25.314117770716653 1.2000000000000002
    endloop
  endfacet
  facet normal 0 0 1
    outer loop
      vertex 2.9215314169218027 25.314117770716653 1.2000000000000002
      vertex 2.984970745338167 25.23681672538038 1.2000000000000002
      vertex 3.0555306038666763 25.413498340914327 1.2000000000000002
    endloop
  endfacet
  facet normal -0.7409511253549536 0.6715589548470247 0
    outer loop
      vertex 2.763183274619621 25.015029254661833 1.2000000000000002
      vertex 2.8686291501015235 25.131370849898474 2.2
      vertex 2.8686291501015235 25.131370849898474 1.2000000000000002
    endloop
  endfacet
  facet normal -0.6715589548470254 0.7409511253549527 0
    outer loop
      vertex 2.8686291501015235 25.131370849898474 1.2000000000000002
      vertex 2.984970745338167 25.23681672538038 2.2
      vertex 2.984970745338167 25.23681672538038 1.2000000000000002
    endloop
  endfacet
  facet normal -0.9039892931234428 0.4275550934302832 0
    outer loop
      vertex 2.521792747981941 24.612293491784143 1.2000000000000002
      vertex 2.521792747981941 24.612293491784143 2.2
      vertex 2.588925977042632 24.754234778921596 2.2
    endloop
  endfacet
  facet normal -0.8577286100002723 0.5141027441932213 0
    outer loop
      vertex 2.588925977042632 24.754234778921596 1.2000000000000002
      vertex 2.588925977042632 24.754234778921596 2.2
      vertex 2.6696486203159275 24.888912372831363 2.2
    endloop
  endfacet
  facet normal -0.8032075314806452 0.5956993044924329 0
    outer loop
      vertex 2.6696486203159275 24.888912372831363 1.2000000000000002
      vertex 2.6696486203159275 24.888912372831363 2.2
      vertex 2.763183274619621 25.015029254661833 2.2
    endloop
  endfacet
  facet normal -0.7409511253549536 0.6715589548470247 0
    outer loop
      vertex 2.763183274619621 25.015029254661833 1.2000000000000002
      vertex 2.763183274619621 25.015029254661833 2.2
      vertex 2.8686291501015235 25.131370849898474 2.2
    endloop
  endfacet
  facet normal -0.6715589548470254 0.7409511253549527 0
    outer loop
      vertex 2.8686291501015235 25.131370849898474 1.2000000000000002
      vertex 2.8686291501015235 25.131370849898474 2.2
      vertex 2.984970745338167 25.23681672538038 2.2
    endloop
  endfacet
  facet normal 0 0 -1
    outer loop
      vertex 1.9 30.1 2.2
      vertex 2.984970745338167 25.23681672538038 2.2
      vertex 2.8686291501015235 25.131370849898474 2.2
    endloop
  endfacet
  facet normal 0 0 -1
    outer loop
      vertex 1.9 30.1 2.2
      vertex 3.1110876271686365 25.330351379684075 2.2
      vertex 2.984970745338167 25.23681672538038 2.2
    endloop
  endfacet
  facet normal 0 0 -1
    outer loop
      vertex 1.9 30.1 2.2
      vertex 3.2457652210784036 25.41107402295737 2.2
      vertex 3.1110876271686365 25.330351379684075 2.2
    endloop
  endfacet
  facet normal 0 0 -1
    outer loop
      vertex 1.9 30.1 2.2
      vertex 3.387706508215856 25.47820725201806 2.2
      vertex 3.2457652210784036 25.41107402295737 2.2
    endloop
  endfacet
  facet normal 0 0 -1
    outer loop
      vertex 1.9 30.1 2.2
      vertex 3.5355445163928603 25.531104537171537 2.2
      vertex 3.387706508215856 25.47820725201806 2.2
    endloop
  endfacet
  facet normal 0 0 -1
    outer loop
      vertex 2.521792747981941 23.387706508215857 0
      vertex 4 25.6 0
      vertex 2.588925977042632 23.245765221078404 0
    endloop
  endfacet
  facet normal 0 0 -1
    outer loop
      vertex 2.588925977042632 23.245765221078404 0
      vertex 4 25.6 0
      vertex 2.6696486203159275 23.111087627168637 0
    endloop
  endfacet
  facet normal 0 0 -1
    outer loop
      vertex 2.8686291501015235 25.131370849898474 0
      vertex 3.1110876271686365 25.330351379684075 0
      vertex 3.2457652210784036 25.41107402295737 0
    endloop
  endfacet
  facet normal -0.595699304492442 0.8032075314806385 0
    outer loop
      vertex 2.984970745338167 25.23681672538038 0
      vertex 2.984970745338167 25.23681672538038 0.40000000000000036
      vertex 3.1110876271686365 25.330351379684075 0
    endloop
  endfacet
  facet normal 0 0 -1
    outer loop
      vertex 2.763183274619621 25.015029254661833 0
      vertex 3.2457652210784036 25.41107402295737 0
      vertex 3.387706508215856 25.47820725201806 0
    endloop
  endfacet
  facet normal -0.595699304492442 0.8032075314806385 0
    outer loop
      vertex 2.984970745338167 25.23681672538038 0.40000000000000036
      vertex 3.1110876271686365 25.330351379684075 0.40000000000000036
      vertex 3.1110876271686365 25.330351379684075 0
    endloop
  endfacet
  facet normal 0 0 -1
    outer loop
      vertex 2.6696486203159275 24.888912372831363 0
      vertex 3.387706508215856 25.47820725201806 0
      vertex 3.5355445163928603 25.531104537171537 0
    endloop
  endfacet
  facet normal -0.5141027441932143 0.8577286100002766 0
    outer loop
      vertex 3.1110876271686365 25.330351379684075 0
      vertex 3.1110876271686365 25.330351379684075 0.40000000000000036
      vertex 3.2457652210784036 25.41107402295737 0
    endloop
  endfacet
  facet normal -0.5141027441932143 0.8577286100002766 0
    outer loop
      vertex 3.2457652210784036 25.41107402295737 0
      vertex 3.1110876271686365 25.330351379684075 0.40000000000000036
      vertex 3.2457652210784036 25.41107402295737 0.40000000000000036
    endloop
  endfacet
  facet normal 0 0 -1
    outer loop
      vertex 2.9215314169218027 25.314117770716653 0.40000000000000036
      vertex 3.0555306038666763 25.413498340914327 0.40000000000000036
      vertex 3.1110876271686365 25.330351379684075 0.40000000000000036
    endloop
  endfacet
  facet normal 0 0 -1
    outer loop
      vertex 3.0555306038666763 25.413498340914327 0.40000000000000036
      vertex 3.2457652210784036 25.41107402295737 0.40000000000000036
      vertex 3.1110876271686365 25.330351379684075 0.40000000000000036
    endloop
  endfacet
  facet normal 0 0 -1
    outer loop
      vertex 3.0555306038666763 25.413498340914327 0.40000000000000036
      vertex 3.198625547395804 25.499266149392206 0.40000000000000036
      vertex 3.2457652210784036 25.41107402295737 0.40000000000000036
    endloop
  endfacet
  facet normal 0 0 -1
    outer loop
      vertex 2.588925977042632 24.754234778921596 0
      vertex 3.5355445163928603 25.531104537171537 0
      vertex 3.687855484774195 25.56925644864517 0
    endloop
  endfacet
  facet normal -0.4275550934302809 0.9039892931234439 0
    outer loop
      vertex 3.2457652210784036 25.41107402295737 0
      vertex 3.2457652210784036 25.41107402295737 0.40000000000000036
      vertex 3.387706508215856 25.47820725201806 0
    endloop
  endfacet
  facet normal 0 0 -1
    outer loop
      vertex 2.521792747981941 24.612293491784143 0
      vertex 3.687855484774195 25.56925644864517 0
      vertex 3.843172575472703 25.592295562675517 0
    endloop
  endfacet
  facet normal -0.4275550934302809 0.9039892931234439 0
    outer loop
      vertex 3.2457652210784036 25.41107402295737 0.40000000000000036
      vertex 3.387706508215856 25.47820725201806 0.40000000000000036
      vertex 3.387706508215856 25.47820725201806 0
    endloop
  endfacet
  facet normal 0 0 -1
    outer loop
      vertex 2.521792747981941 24.612293491784143 0
      vertex 3.843172575472703 25.592295562675517 0
      vertex 4 25.6 0
    endloop
  endfacet
  facet normal -0.3368898533922314 0.9415440651830167 0
    outer loop
      vertex 3.387706508215856 25.47820725201806 0
      vertex 3.387706508215856 25.47820725201806 0.40000000000000036
      vertex 3.5355445163928603 25.531104537171537 0
    endloop
  endfacet
  facet normal -0.3368898533922314 0.9415440651830167 0
    outer loop
      vertex 3.387706508215856 25.47820725201806 0.40000000000000036
      vertex 3.5355445163928603 25.531104537171537 0.40000000000000036
      vertex 3.5355445163928603 25.531104537171537 0
    endloop
  endfacet
  facet normal 0 0 -1
    outer loop
      vertex 3.2457652210784036 25.41107402295737 0.40000000000000036
      vertex 3.198625547395804 25.499266149392206 0.40000000000000036
      vertex 3.387706508215856 25.47820725201806 0.40000000000000036
    endloop
  endfacet
  facet normal 0 0 -1
    outer loop
      vertex 3.198625547395804 25.499266149392206 0.40000000000000036
      vertex 3.349438164979347 25.570595205269186 0.40000000000000036
      vertex 3.387706508215856 25.47820725201806 0.40000000000000036
    endloop
  endfacet
  facet normal 0 0 -1
    outer loop
      vertex 3.349438164979347 25.570595205269186 0.40000000000000036
      vertex 3.5355445163928603 25.531104537171537 0.40000000000000036
      vertex 3.387706508215856 25.47820725201806 0.40000000000000036
    endloop
  endfacet
  facet normal 0 0 -1
    outer loop
      vertex 3.349438164979347 25.570595205269186 0.40000000000000036
      vertex 3.506516048667414 25.626798570744754 0.40000000000000036
      vertex 3.5355445163928603 25.531104537171537 0.40000000000000036
    endloop
  endfacet
  facet normal -0.5141027441932321 0.8577286100002657 0
    outer loop
      vertex 3.0555306038666763 25.413498340914327 0.40000000000000036
      vertex 3.0555306038666763 25.413498340914327 1.2000000000000002
      vertex 3.198625547395804 25.499266149392206 0.40000000000000036
    endloop
  endfacet
  facet normal -0.427555093430263 0.9039892931234524 0
    outer loop
      vertex 3.198625547395804 25.499266149392206 0.40000000000000036
      vertex 3.198625547395804 25.499266149392206 1.2000000000000002
      vertex 3.349438164979347 25.570595205269186 0.40000000000000036
    endloop
  endfacet
  facet normal -0.5141027441932321 0.8577286100002657 0
    outer loop
      vertex 3.198625547395804 25.499266149392206 0.40000000000000036
      vertex 3.0555306038666763 25.413498340914327 1.2000000000000002
      vertex 3.198625547395804 25.499266149392206 1.2000000000000002
    endloop
  endfacet
  facet normal -0.3368898533922219 0.94154406518302 0
    outer loop
      vertex 3.349438164979347 25.570595205269186 0.40000000000000036
      vertex 3.349438164979347 25.570595205269186 1.2000000000000002
      vertex 3.506516048667414 25.626798570744754 0.40000000000000036
    endloop
  endfacet
  facet normal -0.427555093430263 0.9039892931234524 0
    outer loop
      vertex 3.349438164979347 25.570595205269186 0.40000000000000036
      vertex 3.198625547395804 25.499266149392206 1.2000000000000002
      vertex 3.349438164979347 25.570595205269186 1.2000000000000002
    endloop
  endfacet
  facet normal -0.3368898533922219 0.94154406518302 0
    outer loop
      vertex 3.506516048667414 25.626798570744754 0.40000000000000036
      vertex 3.349438164979347 25.570595205269186 1.2000000000000002
      vertex 3.506516048667414 25.626798570744754 1.2000000000000002
    endloop
  endfacet
  facet normal 0 0 -1
    outer loop
      vertex 2.8686291501015235 22.868629150101523 0
      vertex 4 25.6 0
      vertex 4.156827424527297 25.592295562675517 0
    endloop
  endfacet
  facet normal -0.24298017990325763 0.9700312531945456 0
    outer loop
      vertex 3.5355445163928603 25.531104537171537 0
      vertex 3.5355445163928603 25.531104537171537 0.40000000000000036
      vertex 3.687855484774195 25.56925644864517 0
    endloop
  endfacet
  facet normal -0.14673047445536486 0.9891765099647806 0
    outer loop
      vertex 3.687855484774195 25.56925644864517 0
      vertex 3.687855484774195 25.56925644864517 0.40000000000000036
      vertex 3.843172575472703 25.592295562675517 0
    endloop
  endfacet
  facet normal -0.24298017990325763 0.9700312531945456 0
    outer loop
      vertex 3.687855484774195 25.56925644864517 0
      vertex 3.5355445163928603 25.531104537171537 0.40000000000000036
      vertex 3.687855484774195 25.56925644864517 0.40000000000000036
    endloop
  endfacet
  facet normal 0 0 -1
    outer loop
      vertex 3.506516048667414 25.626798570744754 0.40000000000000036
      vertex 3.687855484774195 25.56925644864517 0.40000000000000036
      vertex 3.5355445163928603 25.531104537171537 0.40000000000000036
    endloop
  endfacet
  facet normal 0 0 -1
    outer loop
      vertex 3.506516048667414 25.626798570744754 0.40000000000000036
      vertex 3.6683464525725817 25.667334976685492 0.40000000000000036
      vertex 3.687855484774195 25.56925644864517 0.40000000000000036
    endloop
  endfacet
  facet normal 0 0 -1
    outer loop
      vertex 3.6683464525725817 25.667334976685492 0.40000000000000036
      vertex 3.843172575472703 25.592295562675517 0.40000000000000036
      vertex 3.687855484774195 25.56925644864517 0.40000000000000036
    endloop
  endfacet
  facet normal 0 0 -1
    outer loop
      vertex 2.8686291501015235 22.868629150101523 0
      vertex 4.156827424527297 25.592295562675517 0
      vertex 4.312144515225805 25.56925644864517 0
    endloop
  endfacet
  facet normal -0.14673047445536486 0.9891765099647806 0
    outer loop
      vertex 3.687855484774195 25.56925644864517 0.40000000000000036
      vertex 3.843172575472703 25.592295562675517 0.40000000000000036
      vertex 3.843172575472703 25.592295562675517 0
    endloop
  endfacet
  facet normal -0.04906767432741527 0.9987954562051724 0
    outer loop
      vertex 3.843172575472703 25.592295562675517 0
      vertex 3.843172575472703 25.592295562675517 0.40000000000000036
      vertex 4 25.6 0
    endloop
  endfacet
  facet normal -0.04906767432741527 0.9987954562051724 0
    outer loop
      vertex 3.843172575472703 25.592295562675517 0.40000000000000036
      vertex 4 25.6 0.40000000000000036
      vertex 4 25.6 0
    endloop
  endfacet
  facet normal 0 0 -1
    outer loop
      vertex 3.6683464525725817 25.667334976685492 0.40000000000000036
      vertex 3.833370861439747 25.691814035342734 0.40000000000000036
      vertex 3.843172575472703 25.592295562675517 0.40000000000000036
    endloop
  endfacet
  facet normal 0 0 -1
    outer loop
      vertex 3.843172575472703 25.592295562675517 0.40000000000000036
      vertex 3.833370861439747 25.691814035342734 0.40000000000000036
      vertex 4 25.6 0.40000000000000036
    endloop
  endfacet
  facet normal 0 0 -1
    outer loop
      vertex 3.833370861439747 25.691814035342734 0.40000000000000036
      vertex 4 25.7 0.40000000000000036
      vertex 4 25.6 0.40000000000000036
    endloop
  endfacet
  facet normal -0.24298017990327317 0.9700312531945418 0
    outer loop
      vertex 3.506516048667414 25.626798570744754 0.40000000000000036
      vertex 3.506516048667414 25.626798570744754 1.2000000000000002
      vertex 3.6683464525725817 25.667334976685492 0.40000000000000036
    endloop
  endfacet
  facet normal -0.1467304744553565 0.9891765099647817 0
    outer loop
      vertex 3.6683464525725817 25.667334976685492 0.40000000000000036
      vertex 3.6683464525725817 25.667334976685492 1.2000000000000002
      vertex 3.833370861439747 25.691814035342734 0.40000000000000036
    endloop
  endfacet
  facet normal -0.24298017990327317 0.9700312531945418 0
    outer loop
      vertex 3.6683464525725817 25.667334976685492 0.40000000000000036
      vertex 3.506516048667414 25.626798570744754 1.2000000000000002
      vertex 3.6683464525725817 25.667334976685492 1.2000000000000002
    endloop
  endfacet
  facet normal -0.049067674327417994 0.9987954562051724 0
    outer loop
      vertex 3.833370861439747 25.691814035342734 0.40000000000000036
      vertex 3.833370861439747 25.691814035342734 1.2000000000000002
      vertex 4 25.7 0.40000000000000036
    endloop
  endfacet
  facet normal -0.1467304744553565 0.9891765099647817 0
    outer loop
      vertex 3.833370861439747 25.691814035342734 0.40000000000000036
      vertex 3.6683464525725817 25.667334976685492 1.2000000000000002
      vertex 3.833370861439747 25.691814035342734 1.2000000000000002
    endloop
  endfacet
  facet normal -0.049067674327417994 0.9987954562051724 0
    outer loop
      vertex 3.833370861439747 25.691814035342734 1.2000000000000002
      vertex 4 25.7 1.2000000000000002
      vertex 4 25.7 0.40000000000000036
    endloop
  endfacet
  facet normal 0 0 1
    outer loop
      vertex 2.984970745338167 25.23681672538038 1.2000000000000002
      vertex 3.1110876271686365 25.330351379684075 1.2000000000000002
      vertex 3.0555306038666763 25.413498340914327 1.2000000000000002
    endloop
  endfacet
  facet normal 0 0 1
    outer loop
      vertex 3.0555306038666763 25.413498340914327 1.2000000000000002
      vertex 3.1110876271686365 25.330351379684075 1.2000000000000002
      vertex 3.198625547395804 25.499266149392206 1.2000000000000002
    endloop
  endfacet
  facet normal 0 0 1
    outer loop
      vertex 3.1110876271686365 25.330351379684075 1.2000000000000002
      vertex 3.2457652210784036 25.41107402295737 1.2000000000000002
      vertex 3.198625547395804 25.499266149392206 1.2000000000000002
    endloop
  endfacet
  facet normal 0 0 1
    outer loop
      vertex 3.2457652210784036 25.41107402295737 1.2000000000000002
      vertex 3.349438164979347 25.570595205269186 1.2000000000000002
      vertex 3.198625547395804 25.499266149392206 1.2000000000000002
    endloop
  endfacet
  facet normal -0.595699304492442 0.8032075314806384 0
    outer loop
      vertex 2.984970745338167 25.23681672538038 1.2000000000000002
      vertex 3.1110876271686365 25.330351379684075 2.2
      vertex 3.1110876271686365 25.330351379684075 1.2000000000000002
    endloop
  endfacet
  facet normal -0.5141027441932143 0.8577286100002767 0
    outer loop
      vertex 3.1110876271686365 25.330351379684075 1.2000000000000002
      vertex 3.2457652210784036 25.41107402295737 2.2
      vertex 3.2457652210784036 25.41107402295737 1.2000000000000002
    endloop
  endfacet
  facet normal 0 0 1
    outer loop
      vertex 3.2457652210784036 25.41107402295737 1.2000000000000002
      vertex 3.387706508215856 25.47820725201806 1.2000000000000002
      vertex 3.349438164979347 25.570595205269186 1.2000000000000002
    endloop
  endfacet
  facet normal 0 0 1
    outer loop
      vertex 3.349438164979347 25.570595205269186 1.2000000000000002
      vertex 3.387706508215856 25.47820725201806 1.2000000000000002
      vertex 3.506516048667414 25.626798570744754 1.2000000000000002
    endloop
  endfacet
  facet normal 0 0 1
    outer loop
      vertex 3.387706508215856 25.47820725201806 1.2000000000000002
      vertex 3.5355445163928603 25.531104537171537 1.2000000000000002
      vertex 3.506516048667414 25.626798570744754 1.2000000000000002
    endloop
  endfacet
  facet normal -0.4275550934302809 0.9039892931234439 0
    outer loop
      vertex 3.2457652210784036 25.41107402295737 1.2000000000000002
      vertex 3.387706508215856 25.47820725201806 2.2
      vertex 3.387706508215856 25.47820725201806 1.2000000000000002
    endloop
  endfacet
  facet normal -0.3368898533922314 0.9415440651830168 0
    outer loop
      vertex 3.387706508215856 25.47820725201806 1.2000000000000002
      vertex 3.5355445163928603 25.531104537171537 2.2
      vertex 3.5355445163928603 25.531104537171537 1.2000000000000002
    endloop
  endfacet
  facet normal -0.595699304492442 0.8032075314806384 0
    outer loop
      vertex 2.984970745338167 25.23681672538038 1.2000000000000002
      vertex 2.984970745338167 25.23681672538038 2.2
      vertex 3.1110876271686365 25.330351379684075 2.2
    endloop
  endfacet
  facet normal -0.5141027441932143 0.8577286100002767 0
    outer loop
      vertex 3.1110876271686365 25.330351379684075 1.2000000000000002
      vertex 3.1110876271686365 25.330351379684075 2.2
      vertex 3.2457652210784036 25.41107402295737 2.2
    endloop
  endfacet
  facet normal -0.4275550934302809 0.9039892931234439 0
    outer loop
      vertex 3.2457652210784036 25.41107402295737 1.2000000000000002
      vertex 3.2457652210784036 25.41107402295737 2.2
      vertex 3.387706508215856 25.47820725201806 2.2
    endloop
  endfacet
  facet normal -0.3368898533922314 0.9415440651830168 0
    outer loop
      vertex 3.387706508215856 25.47820725201806 1.2000000000000002
      vertex 3.387706508215856 25.47820725201806 2.2
      vertex 3.5355445163928603 25.531104537171537 2.2
    endloop
  endfacet
  facet normal 0 0 -1
    outer loop
      vertex 1.9 30.1 2.2
      vertex 3.687855484774195 25.56925644864517 2.2
      vertex 3.5355445163928603 25.531104537171537 2.2
    endloop
  endfacet
  facet normal 0 0 -1
    outer loop
      vertex 1.9 30.1 2.2
      vertex 3.843172575472703 25.592295562675517 2.2
      vertex 3.687855484774195 25.56925644864517 2.2
    endloop
  endfacet
  facet normal 0 0 1
    outer loop
      vertex 3.506516048667414 25.626798570744754 1.2000000000000002
      vertex 3.5355445163928603 25.531104537171537 1.2000000000000002
      vertex 3.6683464525725817 25.667334976685492 1.2000000000000002
    endloop
  endfacet
  facet normal 0 0 1
    outer loop
      vertex 3.5355445163928603 25.531104537171537 1.2000000000000002
      vertex 3.687855484774195 25.56925644864517 1.2000000000000002
      vertex 3.6683464525725817 25.667334976685492 1.2000000000000002
    endloop
  endfacet
  facet normal 0 0 1
    outer loop
      vertex 3.6683464525725817 25.667334976685492 1.2000000000000002
      vertex 3.687855484774195 25.56925644864517 1.2000000000000002
      vertex 3.833370861439747 25.691814035342734 1.2000000000000002
    endloop
  endfacet
  facet normal -0.2429801799032576 0.9700312531945455 0
    outer loop
      vertex 3.5355445163928603 25.531104537171537 1.2000000000000002
      vertex 3.687855484774195 25.56925644864517 2.2
      vertex 3.687855484774195 25.56925644864517 1.2000000000000002
    endloop
  endfacet
  facet normal 0 0 1
    outer loop
      vertex 3.687855484774195 25.56925644864517 1.2000000000000002
      vertex 3.843172575472703 25.592295562675517 1.2000000000000002
      vertex 3.833370861439747 25.691814035342734 1.2000000000000002
    endloop
  endfacet
  facet normal 0 0 1
    outer loop
      vertex 3.843172575472703 25.592295562675517 1.2000000000000002
      vertex 4 25.7 1.2000000000000002
      vertex 3.833370861439747 25.691814035342734 1.2000000000000002
    endloop
  endfacet
  facet normal 0 0 1
    outer loop
      vertex 3.843172575472703 25.592295562675517 1.2000000000000002
      vertex 4 25.6 1.2000000000000002
      vertex 4 25.7 1.2000000000000002
    endloop
  endfacet
  facet normal -0.14673047445536486 0.9891765099647806 0
    outer loop
      vertex 3.687855484774195 25.56925644864517 1.2000000000000002
      vertex 3.843172575472703 25.592295562675517 2.2
      vertex 3.843172575472703 25.592295562675517 1.2000000000000002
    endloop
  endfacet
  facet normal -0.049067674327415274 0.9987954562051726 0
    outer loop
      vertex 3.843172575472703 25.592295562675517 1.2000000000000002
      vertex 4 25.6 2.2
      vertex 4 25.6 1.2000000000000002
    endloop
  endfacet
  facet normal -0.2429801799032576 0.9700312531945455 0
    outer loop
      vertex 3.5355445163928603 25.531104537171537 1.2000000000000002
      vertex 3.5355445163928603 25.531104537171537 2.2
      vertex 3.687855484774195 25.56925644864517 2.2
    endloop
  endfacet
  facet normal -0.14673047445536486 0.9891765099647806 0
    outer loop
      vertex 3.687855484774195 25.56925644864517 1.2000000000000002
      vertex 3.687855484774195 25.56925644864517 2.2
      vertex 3.843172575472703 25.592295562675517 2.2
    endloop
  endfacet
  facet normal -0.049067674327415274 0.9987954562051726 0
    outer loop
      vertex 3.843172575472703 25.592295562675517 1.2000000000000002
      vertex 3.843172575472703 25.592295562675517 2.2
      vertex 4 25.6 2.2
    endloop
  endfacet
  facet normal 0 -1 0
    outer loop
      vertex 1.5 30.5 0
      vertex 6.5 30.5 0.40000000000000036
      vertex 1.5 30.5 0.40000000000000036
    endloop
  endfacet
  facet normal 0 0 -1
    outer loop
      vertex 1.5 30.5 0.40000000000000036
      vertex 6.5 30.5 0.40000000000000036
      vertex 1.6 30.4 0.40000000000000036
    endloop
  endfacet
  facet normal 0 0 -1
    outer loop
      vertex 0.09999999999999964 31.9 0
      vertex 7.9 31.9 0
      vertex 1.5 30.5 0
    endloop
  endfacet
  facet normal 0 -1 0
    outer loop
      vertex 1.6 30.4 0.40000000000000036
      vertex 6.4 30.4 0.40000000000000036
      vertex 1.6 30.4 1.2000000000000002
    endloop
  endfacet
  facet normal 0 0 1
    outer loop
      vertex 1.5 30.5 1.2000000000000002
      vertex 1.6 30.4 1.2000000000000002
      vertex 6.4 30.4 1.2000000000000002
    endloop
  endfacet
  facet normal 0 -1 0
    outer loop
      vertex 1.5 30.5 1.2000000000000002
      vertex 6.5 30.5 2
      vertex 1.5 30.5 2
    endloop
  endfacet
  facet normal 0 1 0
    outer loop
      vertex 0.09999999999999964 31.9 0
      vertex 1.6000000014901161 31.9 3.2
      vertex 7.9 31.9 3.2
    endloop
  endfacet
  facet normal 0 -1 0
    outer loop
      vertex 1.9 30.1 2
      vertex 6.1 30.1 2
      vertex 1.9 30.1 2.2
    endloop
  endfacet
  facet normal 0 0 -1
    outer loop
      vertex 1.5 30.5 2
      vertex 6.5 30.5 2
      vertex 1.9 30.1 2
    endloop
  endfacet
  facet normal 0 0 -1
    outer loop
      vertex 1.9 30.1 2.2
      vertex 6.1 30.1 2.2
      vertex 3.843172575472703 25.592295562675517 2.2
    endloop
  endfacet
  facet normal -1 0 0
    outer loop
      vertex 0.09999999999999964 0.10000000000000142 9.600000000000001
      vertex 0.09999999999999964 31.9 9.600000000000001
      vertex 0.09999999999999964 18.554958134889603 8.199855826795101
    endloop
  endfacet
  facet normal -1 0 0
    outer loop
      vertex 0.09999999999999964 31.9 9.600000000000001
      vertex 0.09999999999999964 20.246979601681232 7.813662968575954
      vertex 0.09999999999999964 18.554958134889603 8.199855826795101
    endloop
  endfacet
  facet normal 0 0 1
    outer loop
      vertex 0.09999999999999964 0.10000000000000142 9.600000000000001
      vertex 1.6000000014901161 31.9 9.600000000000001
      vertex 0.09999999999999964 31.9 9.600000000000001
    endloop
  endfacet
  facet normal 1 0 0
    outer loop
      vertex 1.6000000014901161 0.10000000000000142 9.600000000000001
      vertex 1.6000000014901161 18.554958134889603 8.199855826795101
      vertex 1.6000000014901161 31.9 9.600000000000001
    endloop
  endfacet
  facet normal 1 0 0
    outer loop
      vertex 1.6000000014901161 31.9 9.600000000000001
      vertex 1.6000000014901161 18.554958134889603 8.199855826795101
      vertex 1.6000000014901161 20.246979601681232 7.813662968575954
    endloop
  endfacet
  facet normal -1 0 0
    outer loop
      vertex 0.09999999999999964 31.9 0
      vertex 0.09999999999999964 21 6.25
      vertex 0.09999999999999964 31.9 9.600000000000001
    endloop
  endfacet
  facet normal 1 0 0
    outer loop
      vertex 1.6000000014901161 31.9 9.600000000000001
      vertex 1.6000000014901161 21 6.25
      vertex 1.6000000014901161 21 5.75
    endloop
  endfacet
  facet normal 1 0 0
    outer loop
      vertex 1.6000000014901161 31.9 3.2
      vertex 1.6000000014901161 31.9 9.600000000000001
      vertex 1.6000000014901161 21 5.75
    endloop
  endfacet
  facet normal -1 0 0
    outer loop
      vertex 0.09999999999999964 31.9 9.600000000000001
      vertex 0.09999999999999964 21 6.25
      vertex 0.09999999999999964 20.246979601681232 7.813662968575954
    endloop
  endfacet
  facet normal 1 0 0
    outer loop
      vertex 1.6000000014901161 31.9 9.600000000000001
      vertex 1.6000000014901161 20.246979601681232 7.813662968575954
      vertex 1.6000000014901161 21 6.25
    endloop
  endfacet
  facet normal 0 1 0
    outer loop
      vertex 1.6000000014901161 31.9 3.2
      vertex 0.09999999999999964 31.9 9.600000000000001
      vertex 1.6000000014901161 31.9 9.600000000000001
    endloop
  endfacet
  facet normal 0 0 -1
    outer loop
      vertex 0.09999999999999964 0.10000000000000142 0
      vertex 6.5 1.5 0
      vertex 7.9 0.10000000000000142 0
    endloop
  endfacet
  facet normal 0 1 0
    outer loop
      vertex 1.5 1.5 0.40000000000000036
      vertex 6.5 1.5 0.40000000000000036
      vertex 6.5 1.5 0
    endloop
  endfacet
  facet normal 0 0 -1
    outer loop
      vertex 1.5 1.5 0.40000000000000036
      vertex 6.4 1.5999999999999996 0.40000000000000036
      vertex 6.5 1.5 0.40000000000000036
    endloop
  endfacet
  facet normal 0 1 0
    outer loop
      vertex 1.6 1.5999999999999996 0.40000000000000036
      vertex 6.4 1.5999999999999996 1.2000000000000002
      vertex 6.4 1.5999999999999996 0.40000000000000036
    endloop
  endfacet
  facet normal 0 0 -1
    outer loop
      vertex 1.9 1.9000000000000004 2.2
      vertex 4.156827424527297 6.407704437324485 2.2
      vertex 6.1 1.9000000000000004 2.2
    endloop
  endfacet
  facet normal 0 0 1
    outer loop
      vertex 1.6 1.5999999999999996 1.2000000000000002
      vertex 6.5 1.5 1.2000000000000002
      vertex 6.4 1.5999999999999996 1.2000000000000002
    endloop
  endfacet
  facet normal 0 1 0
    outer loop
      vertex 1.5 1.5 2
      vertex 6.5 1.5 2
      vertex 6.5 1.5 1.2000000000000002
    endloop
  endfacet
  facet normal 0 0 -1
    outer loop
      vertex 1.5 1.5 2
      vertex 6.1 1.9000000000000004 2
      vertex 6.5 1.5 2
    endloop
  endfacet
  facet normal 0 1 0
    outer loop
      vertex 1.9 1.9000000000000004 2
      vertex 6.1 1.9000000000000004 2.2
      vertex 6.1 1.9000000000000004 2
    endloop
  endfacet
  facet normal 0.049067674327415406 -0.9987954562051724 0
    outer loop
      vertex 4 6.4 0
      vertex 4.156827424527297 6.407704437324485 0
      vertex 4.156827424527297 6.407704437324485 0.40000000000000036
    endloop
  endfacet
  facet normal 0.049067674327415406 -0.9987954562051724 0
    outer loop
      vertex 4 6.4 0
      vertex 4.156827424527297 6.407704437324485 0.40000000000000036
      vertex 4 6.4 0.40000000000000036
    endloop
  endfacet
  facet normal 0.14673047445536444 -0.9891765099647806 0
    outer loop
      vertex 4.156827424527297 6.407704437324485 0
      vertex 4.312144515225805 6.430743551354832 0.40000000000000036
      vertex 4.156827424527297 6.407704437324485 0.40000000000000036
    endloop
  endfacet
  facet normal 0 0 -1
    outer loop
      vertex 4 6.300000000000001 0.40000000000000036
      vertex 4 6.4 0.40000000000000036
      vertex 4.166629138560253 6.308185964657266 0.40000000000000036
    endloop
  endfacet
  facet normal 0 0 -1
    outer loop
      vertex 4 6.4 0.40000000000000036
      vertex 4.156827424527297 6.407704437324485 0.40000000000000036
      vertex 4.166629138560253 6.308185964657266 0.40000000000000036
    endloop
  endfacet
  facet normal 0 0 -1
    outer loop
      vertex 4.166629138560253 6.308185964657266 0.40000000000000036
      vertex 4.156827424527297 6.407704437324485 0.40000000000000036
      vertex 4.331653547427418 6.332665023314508 0.40000000000000036
    endloop
  endfacet
  facet normal 0 0 -1
    outer loop
      vertex 3.687855484774195 6.430743551354832 0
      vertex 5.1313708498984765 9.131370849898477 0
      vertex 3.843172575472703 6.407704437324485 0
    endloop
  endfacet
  facet normal 0.14673047445536444 -0.9891765099647806 0
    outer loop
      vertex 4.156827424527297 6.407704437324485 0
      vertex 4.312144515225805 6.430743551354832 0
      vertex 4.312144515225805 6.430743551354832 0.40000000000000036
    endloop
  endfacet
  facet normal 0.24298017990325826 -0.9700312531945454 0
    outer loop
      vertex 4.312144515225805 6.430743551354832 0
      vertex 4.464455483607139 6.468895462828465 0.40000000000000036
      vertex 4.312144515225805 6.430743551354832 0.40000000000000036
    endloop
  endfacet
  facet normal 0.24298017990325826 -0.9700312531945454 0
    outer loop
      vertex 4.312144515225805 6.430743551354832 0
      vertex 4.464455483607139 6.468895462828465 0
      vertex 4.464455483607139 6.468895462828465 0.40000000000000036
    endloop
  endfacet
  facet normal 0 0 -1
    outer loop
      vertex 4.156827424527297 6.407704437324485 0.40000000000000036
      vertex 4.312144515225805 6.430743551354832 0.40000000000000036
      vertex 4.331653547427418 6.332665023314508 0.40000000000000036
    endloop
  endfacet
  facet normal 0 0 -1
    outer loop
      vertex 4.312144515225805 6.430743551354832 0.40000000000000036
      vertex 4.493483951332586 6.373201429255245 0.40000000000000036
      vertex 4.331653547427418 6.332665023314508 0.40000000000000036
    endloop
  endfacet
  facet normal 0 0 -1
    outer loop
      vertex 4.312144515225805 6.430743551354832 0.40000000000000036
      vertex 4.464455483607139 6.468895462828465 0.40000000000000036
      vertex 4.493483951332586 6.373201429255245 0.40000000000000036
    endloop
  endfacet
  facet normal 0 0 -1
    outer loop
      vertex 3.843172575472703 6.407704437324485 0
      vertex 5.1313708498984765 9.131370849898477 0
      vertex 4 6.4 0
    endloop
  endfacet
  facet normal 0.04906767432741786 -0.9987954562051724 0
    outer loop
      vertex 4 6.300000000000001 0.40000000000000036
      vertex 4.166629138560253 6.308185964657266 0.40000000000000036
      vertex 4.166629138560253 6.308185964657266 1.2000000000000002
    endloop
  endfacet
  facet normal 0.04906767432741786 -0.9987954562051724 0
    outer loop
      vertex 4 6.300000000000001 0.40000000000000036
      vertex 4.166629138560253 6.308185964657266 1.2000000000000002
      vertex 4 6.300000000000001 1.2000000000000002
    endloop
  endfacet
  facet normal 0.14673047445535692 -0.9891765099647817 0
    outer loop
      vertex 4.166629138560253 6.308185964657266 0.40000000000000036
      vertex 4.331653547427418 6.332665023314508 1.2000000000000002
      vertex 4.166629138560253 6.308185964657266 1.2000000000000002
    endloop
  endfacet
  facet normal 0.14673047445535692 -0.9891765099647817 0
    outer loop
      vertex 4.166629138560253 6.308185964657266 0.40000000000000036
      vertex 4.331653547427418 6.332665023314508 0.40000000000000036
      vertex 4.331653547427418 6.332665023314508 1.2000000000000002
    endloop
  endfacet
  facet normal 0.2429801799032625 -0.9700312531945444 0
    outer loop
      vertex 4.331653547427418 6.332665023314508 0.40000000000000036
      vertex 4.493483951332586 6.373201429255245 0.40000000000000036
      vertex 4.493483951332586 6.373201429255245 1.2000000000000002
    endloop
  endfacet
  facet normal 0.2429801799032625 -0.9700312531945444 0
    outer loop
      vertex 4.331653547427418 6.332665023314508 0.40000000000000036
      vertex 4.493483951332586 6.373201429255245 1.2000000000000002
      vertex 4.331653547427418 6.332665023314508 1.2000000000000002
    endloop
  endfacet
  facet normal 0.33688985339222133 -0.9415440651830203 0
    outer loop
      vertex 4.464455483607139 6.468895462828465 0
      vertex 4.612293491784143 6.521792747981941 0
      vertex 4.612293491784143 6.521792747981941 0.40000000000000036
    endloop
  endfacet
  facet normal 0.33688985339222133 -0.9415440651830203 0
    outer loop
      vertex 4.464455483607139 6.468895462828465 0
      vertex 4.612293491784143 6.521792747981941 0.40000000000000036
      vertex 4.464455483607139 6.468895462828465 0.40000000000000036
    endloop
  endfacet
  facet normal 0 0 -1
    outer loop
      vertex 4 6.4 0
      vertex 5.478207252018059 7.387706508215857 0
      vertex 4.156827424527297 6.407704437324485 0
    endloop
  endfacet
  facet normal 0.4275550934302809 -0.9039892931234439 0
    outer loop
      vertex 4.612293491784143 6.521792747981941 0
      vertex 4.754234778921596 6.588925977042631 0.40000000000000036
      vertex 4.612293491784143 6.521792747981941 0.40000000000000036
    endloop
  endfacet
  facet normal 0 0 -1
    outer loop
      vertex 4.156827424527297 6.407704437324485 0
      vertex 5.478207252018059 7.387706508215857 0
      vertex 4.312144515225805 6.430743551354832 0
    endloop
  endfacet
  facet normal 0 0 -1
    outer loop
      vertex 4.312144515225805 6.430743551354832 0
      vertex 5.411074022957369 7.245765221078404 0
      vertex 4.464455483607139 6.468895462828465 0
    endloop
  endfacet
  facet normal 0.4275550934302809 -0.9039892931234439 0
    outer loop
      vertex 4.612293491784143 6.521792747981941 0
      vertex 4.754234778921596 6.588925977042631 0
      vertex 4.754234778921596 6.588925977042631 0.40000000000000036
    endloop
  endfacet
  facet normal 0 0 -1
    outer loop
      vertex 4.464455483607139 6.468895462828465 0.40000000000000036
      vertex 4.650561835020652 6.429404794730813 0.40000000000000036
      vertex 4.493483951332586 6.373201429255245 0.40000000000000036
    endloop
  endfacet
  facet normal 0 0 -1
    outer loop
      vertex 4.464455483607139 6.468895462828465 0.40000000000000036
      vertex 4.612293491784143 6.521792747981941 0.40000000000000036
      vertex 4.650561835020652 6.429404794730813 0.40000000000000036
    endloop
  endfacet
  facet normal 0 0 -1
    outer loop
      vertex 4.612293491784143 6.521792747981941 0.40000000000000036
      vertex 4.801374452604196 6.500733850607796 0.40000000000000036
      vertex 4.650561835020652 6.429404794730813 0.40000000000000036
    endloop
  endfacet
  facet normal 0 0 -1
    outer loop
      vertex 4.612293491784143 6.521792747981941 0.40000000000000036
      vertex 4.754234778921596 6.588925977042631 0.40000000000000036
      vertex 4.801374452604196 6.500733850607796 0.40000000000000036
    endloop
  endfacet
  facet normal 0 0 -1
    outer loop
      vertex 4.464455483607139 6.468895462828465 0
      vertex 5.330351379684073 7.1110876271686365 0
      vertex 4.612293491784143 6.521792747981941 0
    endloop
  endfacet
  facet normal 0.5141027441932212 -0.8577286100002722 0
    outer loop
      vertex 4.754234778921596 6.588925977042631 0
      vertex 4.8889123728313635 6.669648620315927 0
      vertex 4.8889123728313635 6.669648620315927 0.40000000000000036
    endloop
  endfacet
  facet normal 0.5141027441932212 -0.8577286100002722 0
    outer loop
      vertex 4.754234778921596 6.588925977042631 0
      vertex 4.8889123728313635 6.669648620315927 0.40000000000000036
      vertex 4.754234778921596 6.588925977042631 0.40000000000000036
    endloop
  endfacet
  facet normal 0 0 -1
    outer loop
      vertex 4.612293491784143 6.521792747981941 0
      vertex 5.236816725380379 6.984970745338167 0
      vertex 4.754234778921596 6.588925977042631 0
    endloop
  endfacet
  facet normal 0 0 -1
    outer loop
      vertex 4.754234778921596 6.588925977042631 0
      vertex 5.1313708498984765 6.868629150101524 0
      vertex 4.8889123728313635 6.669648620315927 0
    endloop
  endfacet
  facet normal 0.5956993044924349 -0.8032075314806439 0
    outer loop
      vertex 4.8889123728313635 6.669648620315927 0
      vertex 5.015029254661833 6.763183274619621 0
      vertex 5.015029254661833 6.763183274619621 0.40000000000000036
    endloop
  endfacet
  facet normal 0.5956993044924349 -0.8032075314806439 0
    outer loop
      vertex 4.8889123728313635 6.669648620315927 0
      vertex 5.015029254661833 6.763183274619621 0.40000000000000036
      vertex 4.8889123728313635 6.669648620315927 0.40000000000000036
    endloop
  endfacet
  facet normal 0 0 -1
    outer loop
      vertex 4.801374452604196 6.500733850607796 0.40000000000000036
      vertex 4.754234778921596 6.588925977042631 0.40000000000000036
      vertex 4.944469396133324 6.586501659085673 0.40000000000000036
    endloop
  endfacet
  facet normal 0 0 -1
    outer loop
      vertex 4.754234778921596 6.588925977042631 0.40000000000000036
      vertex 4.8889123728313635 6.669648620315927 0.40000000000000036
      vertex 4.944469396133324 6.586501659085673 0.40000000000000036
    endloop
  endfacet
  facet normal 0 0 -1
    outer loop
      vertex 4.8889123728313635 6.669648620315927 0.40000000000000036
      vertex 5.078468583078197 6.685882229283347 0.40000000000000036
      vertex 4.944469396133324 6.586501659085673 0.40000000000000036
    endloop
  endfacet
  facet normal 0 0 -1
    outer loop
      vertex 4 6.4 0
      vertex 5.330351379684073 8.888912372831363 0
      vertex 5.411074022957369 8.754234778921596 0
    endloop
  endfacet
  facet normal 0 0 -1
    outer loop
      vertex 4 6.4 0
      vertex 5.411074022957369 8.754234778921596 0
      vertex 5.478207252018059 8.612293491784143 0
    endloop
  endfacet
  facet normal 0.3368898533922236 -0.9415440651830195 0
    outer loop
      vertex 4.493483951332586 6.373201429255245 0.40000000000000036
      vertex 4.650561835020652 6.429404794730813 0.40000000000000036
      vertex 4.650561835020652 6.429404794730813 1.2000000000000002
    endloop
  endfacet
  facet normal 0.3368898533922236 -0.9415440651830195 0
    outer loop
      vertex 4.493483951332586 6.373201429255245 0.40000000000000036
      vertex 4.650561835020652 6.429404794730813 1.2000000000000002
      vertex 4.493483951332586 6.373201429255245 1.2000000000000002
    endloop
  endfacet
  facet normal 0.42755509343027936 -0.9039892931234448 0
    outer loop
      vertex 4.650561835020652 6.429404794730813 0.40000000000000036
      vertex 4.801374452604196 6.500733850607796 1.2000000000000002
      vertex 4.650561835020652 6.429404794730813 1.2000000000000002
    endloop
  endfacet
  facet normal 0.42755509343027936 -0.9039892931234448 0
    outer loop
      vertex 4.650561835020652 6.429404794730813 0.40000000000000036
      vertex 4.801374452604196 6.500733850607796 0.40000000000000036
      vertex 4.801374452604196 6.500733850607796 1.2000000000000002
    endloop
  endfacet
  facet normal 0.5141027441932232 -0.8577286100002711 0
    outer loop
      vertex 4.801374452604196 6.500733850607796 0.40000000000000036
      vertex 4.944469396133324 6.586501659085673 0.40000000000000036
      vertex 4.944469396133324 6.586501659085673 1.2000000000000002
    endloop
  endfacet
  facet normal 0.5141027441932232 -0.8577286100002711 0
    outer loop
      vertex 4.801374452604196 6.500733850607796 0.40000000000000036
      vertex 4.944469396133324 6.586501659085673 1.2000000000000002
      vertex 4.801374452604196 6.500733850607796 1.2000000000000002
    endloop
  endfacet
  facet normal 0 0 1
    outer loop
      vertex 4 6.300000000000001 1.2000000000000002
      vertex 4.156827424527297 6.407704437324485 1.2000000000000002
      vertex 4 6.4 1.2000000000000002
    endloop
  endfacet
  facet normal 0 0 1
    outer loop
      vertex 4 6.300000000000001 1.2000000000000002
      vertex 4.166629138560253 6.308185964657266 1.2000000000000002
      vertex 4.156827424527297 6.407704437324485 1.2000000000000002
    endloop
  endfacet
  facet normal 0 0 1
    outer loop
      vertex 4.166629138560253 6.308185964657266 1.2000000000000002
      vertex 4.312144515225805 6.430743551354832 1.2000000000000002
      vertex 4.156827424527297 6.407704437324485 1.2000000000000002
    endloop
  endfacet
  facet normal 0.04906767432741541 -0.9987954562051725 0
    outer loop
      vertex 4 6.4 1.2000000000000002
      vertex 4.156827424527297 6.407704437324485 1.2000000000000002
      vertex 4 6.4 2.2
    endloop
  endfacet
  facet normal 0.14673047445536444 -0.9891765099647806 0
    outer loop
      vertex 4.156827424527297 6.407704437324485 1.2000000000000002
      vertex 4.312144515225805 6.430743551354832 1.2000000000000002
      vertex 4.156827424527297 6.407704437324485 2.2
    endloop
  endfacet
  facet normal 0 0 1
    outer loop
      vertex 4.166629138560253 6.308185964657266 1.2000000000000002
      vertex 4.331653547427418 6.332665023314508 1.2000000000000002
      vertex 4.312144515225805 6.430743551354832 1.2000000000000002
    endloop
  endfacet
  facet normal 0 0 1
    outer loop
      vertex 4.312144515225805 6.430743551354832 1.2000000000000002
      vertex 4.331653547427418 6.332665023314508 1.2000000000000002
      vertex 4.464455483607139 6.468895462828465 1.2000000000000002
    endloop
  endfacet
  facet normal 0 0 1
    outer loop
      vertex 4.331653547427418 6.332665023314508 1.2000000000000002
      vertex 4.493483951332586 6.373201429255245 1.2000000000000002
      vertex 4.464455483607139 6.468895462828465 1.2000000000000002
    endloop
  endfacet
  facet normal 0.2429801799032583 -0.9700312531945454 0
    outer loop
      vertex 4.312144515225805 6.430743551354832 1.2000000000000002
      vertex 4.464455483607139 6.468895462828465 1.2000000000000002
      vertex 4.312144515225805 6.430743551354832 2.2
    endloop
  endfacet
  facet normal 0.04906767432741541 -0.9987954562051725 0
    outer loop
      vertex 4.156827424527297 6.407704437324485 1.2000000000000002
      vertex 4.156827424527297 6.407704437324485 2.2
      vertex 4 6.4 2.2
    endloop
  endfacet
  facet normal 0.14673047445536444 -0.9891765099647806 0
    outer loop
      vertex 4.312144515225805 6.430743551354832 1.2000000000000002
      vertex 4.312144515225805 6.430743551354832 2.2
      vertex 4.156827424527297 6.407704437324485 2.2
    endloop
  endfacet
  facet normal 0.2429801799032583 -0.9700312531945454 0
    outer loop
      vertex 4.464455483607139 6.468895462828465 1.2000000000000002
      vertex 4.464455483607139 6.468895462828465 2.2
      vertex 4.312144515225805 6.430743551354832 2.2
    endloop
  endfacet
  facet normal 0 0 -1
    outer loop
      vertex 4.156827424527297 6.407704437324485 2.2
      vertex 4.312144515225805 6.430743551354832 2.2
      vertex 6.1 1.9000000000000004 2.2
    endloop
  endfacet
  facet normal 0 0 -1
    outer loop
      vertex 4.312144515225805 6.430743551354832 2.2
      vertex 4.464455483607139 6.468895462828465 2.2
      vertex 6.1 1.9000000000000004 2.2
    endloop
  endfacet
  facet normal 0 0 1
    outer loop
      vertex 4.464455483607139 6.468895462828465 1.2000000000000002
      vertex 4.493483951332586 6.373201429255245 1.2000000000000002
      vertex 4.612293491784143 6.521792747981941 1.2000000000000002
    endloop
  endfacet
  facet normal 0 0 1
    outer loop
      vertex 4.493483951332586 6.373201429255245 1.2000000000000002
      vertex 4.650561835020652 6.429404794730813 1.2000000000000002
      vertex 4.612293491784143 6.521792747981941 1.2000000000000002
    endloop
  endfacet
  facet normal 0 0 1
    outer loop
      vertex 4.612293491784143 6.521792747981941 1.2000000000000002
      vertex 4.650561835020652 6.429404794730813 1.2000000000000002
      vertex 4.754234778921596 6.588925977042631 1.2000000000000002
    endloop
  endfacet
  facet normal 0.33688985339222133 -0.9415440651830204 0
    outer loop
      vertex 4.464455483607139 6.468895462828465 1.2000000000000002
      vertex 4.612293491784143 6.521792747981941 1.2000000000000002
      vertex 4.464455483607139 6.468895462828465 2.2
    endloop
  endfacet
  facet normal 0.4275550934302809 -0.9039892931234439 0
    outer loop
      vertex 4.612293491784143 6.521792747981941 1.2000000000000002
      vertex 4.754234778921596 6.588925977042631 1.2000000000000002
      vertex 4.612293491784143 6.521792747981941 2.2
    endloop
  endfacet
  facet normal 0 0 1
    outer loop
      vertex 4.650561835020652 6.429404794730813 1.2000000000000002
      vertex 4.801374452604196 6.500733850607796 1.2000000000000002
      vertex 4.754234778921596 6.588925977042631 1.2000000000000002
    endloop
  endfacet
  facet normal 0 0 1
    outer loop
      vertex 4.801374452604196 6.500733850607796 1.2000000000000002
      vertex 4.8889123728313635 6.669648620315927 1.2000000000000002
      vertex 4.754234778921596 6.588925977042631 1.2000000000000002
    endloop
  endfacet
  facet normal 0 0 1
    outer loop
      vertex 4.801374452604196 6.500733850607796 1.2000000000000002
      vertex 4.944469396133324 6.586501659085673 1.2000000000000002
      vertex 4.8889123728313635 6.669648620315927 1.2000000000000002
    endloop
  endfacet
  facet normal 0 0 1
    outer loop
      vertex 4.8889123728313635 6.669648620315927 1.2000000000000002
      vertex 4.944469396133324 6.586501659085673 1.2000000000000002
      vertex 5.015029254661833 6.763183274619621 1.2000000000000002
    endloop
  endfacet
  facet normal 0.5141027441932213 -0.8577286100002723 0
    outer loop
      vertex 4.754234778921596 6.588925977042631 1.2000000000000002
      vertex 4.8889123728313635 6.669648620315927 1.2000000000000002
      vertex 4.754234778921596 6.588925977042631 2.2
    endloop
  endfacet
  facet normal 0.5956993044924348 -0.8032075314806439 0
    outer loop
      vertex 4.8889123728313635 6.669648620315927 1.2000000000000002
      vertex 5.015029254661833 6.763183274619621 1.2000000000000002
      vertex 4.8889123728313635 6.669648620315927 2.2
    endloop
  endfacet
  facet normal 0.33688985339222133 -0.9415440651830204 0
    outer loop
      vertex 4.464455483607139 6.468895462828465 2.2
      vertex 4.612293491784143 6.521792747981941 1.2000000000000002
      vertex 4.612293491784143 6.521792747981941 2.2
    endloop
  endfacet
  facet normal 0.4275550934302809 -0.9039892931234439 0
    outer loop
      vertex 4.754234778921596 6.588925977042631 1.2000000000000002
      vertex 4.754234778921596 6.588925977042631 2.2
      vertex 4.612293491784143 6.521792747981941 2.2
    endloop
  endfacet
  facet normal 0.5141027441932213 -0.8577286100002723 0
    outer loop
      vertex 4.8889123728313635 6.669648620315927 1.2000000000000002
      vertex 4.8889123728313635 6.669648620315927 2.2
      vertex 4.754234778921596 6.588925977042631 2.2
    endloop
  endfacet
  facet normal 0.5956993044924348 -0.8032075314806439 0
    outer loop
      vertex 4.8889123728313635 6.669648620315927 2.2
      vertex 5.015029254661833 6.763183274619621 1.2000000000000002
      vertex 5.015029254661833 6.763183274619621 2.2
    endloop
  endfacet
  facet normal 0 -1 0
    outer loop
      vertex 1.6000000014901161 0.10000000000000142 3.2
      vertex 7.9 0.10000000000000142 0
      vertex 7.9 0.10000000000000142 3.2
    endloop
  endfacet
  facet normal 0 0 -1
    outer loop
      vertex 4.8889123728313635 6.669648620315927 0
      vertex 5.1313708498984765 6.868629150101524 0
      vertex 5.015029254661833 6.763183274619621 0
    endloop
  endfacet
  facet normal 0 0 -1
    outer loop
      vertex 4.754234778921596 6.588925977042631 0
      vertex 5.236816725380379 6.984970745338167 0
      vertex 5.1313708498984765 6.868629150101524 0
    endloop
  endfacet
  facet normal 0 0 -1
    outer loop
      vertex 4.612293491784143 6.521792747981941 0
      vertex 5.330351379684073 7.1110876271686365 0
      vertex 5.236816725380379 6.984970745338167 0
    endloop
  endfacet
  facet normal 0 0 -1
    outer loop
      vertex 4.464455483607139 6.468895462828465 0
      vertex 5.411074022957369 7.245765221078404 0
      vertex 5.330351379684073 7.1110876271686365 0
    endloop
  endfacet
  facet normal 0 0 -1
    outer loop
      vertex 4.312144515225805 6.430743551354832 0
      vertex 5.478207252018059 7.387706508215857 0
      vertex 5.411074022957369 7.245765221078404 0
    endloop
  endfacet
  facet normal 0.6715589548470192 -0.7409511253549583 0
    outer loop
      vertex 5.015029254661833 6.763183274619621 0
      vertex 5.1313708498984765 6.868629150101524 0
      vertex 5.1313708498984765 6.868629150101524 0.40000000000000036
    endloop
  endfacet
  facet normal 0.6715589548470192 -0.7409511253549583 0
    outer loop
      vertex 5.015029254661833 6.763183274619621 0
      vertex 5.1313708498984765 6.868629150101524 0.40000000000000036
      vertex 5.015029254661833 6.763183274619621 0.40000000000000036
    endloop
  endfacet
  facet normal 0.7409511253549587 -0.671558954847019 0
    outer loop
      vertex 5.1313708498984765 6.868629150101524 0
      vertex 5.236816725380379 6.984970745338167 0
      vertex 5.236816725380379 6.984970745338167 0.40000000000000036
    endloop
  endfacet
  facet normal 0.7409511253549587 -0.671558954847019 0
    outer loop
      vertex 5.1313708498984765 6.868629150101524 0
      vertex 5.236816725380379 6.984970745338167 0.40000000000000036
      vertex 5.1313708498984765 6.868629150101524 0.40000000000000036
    endloop
  endfacet
  facet normal 0 0 -1
    outer loop
      vertex 4.8889123728313635 6.669648620315927 0.40000000000000036
      vertex 5.015029254661833 6.763183274619621 0.40000000000000036
      vertex 5.078468583078197 6.685882229283347 0.40000000000000036
    endloop
  endfacet
  facet normal 0 0 -1
    outer loop
      vertex 5.015029254661833 6.763183274619621 0.40000000000000036
      vertex 5.202081528017131 6.797918471982868 0.40000000000000036
      vertex 5.078468583078197 6.685882229283347 0.40000000000000036
    endloop
  endfacet
  facet normal 0 0 -1
    outer loop
      vertex 5.015029254661833 6.763183274619621 0.40000000000000036
      vertex 5.1313708498984765 6.868629150101524 0.40000000000000036
      vertex 5.202081528017131 6.797918471982868 0.40000000000000036
    endloop
  endfacet
  facet normal 0 0 -1
    outer loop
      vertex 5.1313708498984765 6.868629150101524 0.40000000000000036
      vertex 5.314117770716653 6.921531416921802 0.40000000000000036
      vertex 5.202081528017131 6.797918471982868 0.40000000000000036
    endloop
  endfacet
  facet normal 0 0 -1
    outer loop
      vertex 4 6.4 0
      vertex 5.531104537171534 7.535544516392861 0
      vertex 5.478207252018059 7.387706508215857 0
    endloop
  endfacet
  facet normal 0 0 -1
    outer loop
      vertex 4 6.4 0
      vertex 5.569256448645168 7.687855484774195 0
      vertex 5.531104537171534 7.535544516392861 0
    endloop
  endfacet
  facet normal 0 0 -1
    outer loop
      vertex 4 6.4 0
      vertex 5.592295562675515 7.843172575472703 0
      vertex 5.569256448645168 7.687855484774195 0
    endloop
  endfacet
  facet normal 0 0 -1
    outer loop
      vertex 4 6.4 0
      vertex 5.6 8 0
      vertex 5.592295562675515 7.843172575472703 0
    endloop
  endfacet
  facet normal 0 0 -1
    outer loop
      vertex 4 6.4 0
      vertex 5.592295562675515 8.156827424527297 0
      vertex 5.6 8 0
    endloop
  endfacet
  facet normal 0 0 -1
    outer loop
      vertex 4 6.4 0
      vertex 5.531104537171534 8.46445548360714 0
      vertex 5.569256448645168 8.312144515225805 0
    endloop
  endfacet
  facet normal 0 0 -1
    outer loop
      vertex 4 6.4 0
      vertex 5.478207252018059 8.612293491784143 0
      vertex 5.531104537171534 8.46445548360714 0
    endloop
  endfacet
  facet normal 0 0 -1
    outer loop
      vertex 4 6.4 0
      vertex 5.569256448645168 8.312144515225805 0
      vertex 5.592295562675515 8.156827424527297 0
    endloop
  endfacet
  facet normal 0.8032075314806439 -0.5956993044924349 0
    outer loop
      vertex 5.236816725380379 6.984970745338167 0
      vertex 5.330351379684073 7.1110876271686365 0.40000000000000036
      vertex 5.236816725380379 6.984970745338167 0.40000000000000036
    endloop
  endfacet
  facet normal 0 0 -1
    outer loop
      vertex 5.1313708498984765 6.868629150101524 0.40000000000000036
      vertex 5.236816725380379 6.984970745338167 0.40000000000000036
      vertex 5.314117770716653 6.921531416921802 0.40000000000000036
    endloop
  endfacet
  facet normal 0 0 -1
    outer loop
      vertex 5.236816725380379 6.984970745338167 0.40000000000000036
      vertex 5.413498340914327 7.055530603866677 0.40000000000000036
      vertex 5.314117770716653 6.921531416921802 0.40000000000000036
    endloop
  endfacet
  facet normal 0 0 -1
    outer loop
      vertex 5.236816725380379 6.984970745338167 0.40000000000000036
      vertex 5.330351379684073 7.1110876271686365 0.40000000000000036
      vertex 5.413498340914327 7.055530603866677 0.40000000000000036
    endloop
  endfacet
  facet normal 0.8032075314806439 -0.5956993044924349 0
    outer loop
      vertex 5.236816725380379 6.984970745338167 0
      vertex 5.330351379684073 7.1110876271686365 0
      vertex 5.330351379684073 7.1110876271686365 0.40000000000000036
    endloop
  endfacet
  facet normal 0.8577286100002722 -0.5141027441932212 0
    outer loop
      vertex 5.330351379684073 7.1110876271686365 0
      vertex 5.411074022957369 7.245765221078404 0
      vertex 5.411074022957369 7.245765221078404 0.40000000000000036
    endloop
  endfacet
  facet normal 0.9039892931234439 -0.4275550934302809 0
    outer loop
      vertex 5.411074022957369 7.245765221078404 0
      vertex 5.478207252018059 7.387706508215857 0
      vertex 5.478207252018059 7.387706508215857 0.40000000000000036
    endloop
  endfacet
  facet normal 0.8577286100002722 -0.5141027441932212 0
    outer loop
      vertex 5.330351379684073 7.1110876271686365 0
      vertex 5.411074022957369 7.245765221078404 0.40000000000000036
      vertex 5.330351379684073 7.1110876271686365 0.40000000000000036
    endloop
  endfacet
  facet normal 0.9039892931234439 -0.4275550934302809 0
    outer loop
      vertex 5.411074022957369 7.245765221078404 0
      vertex 5.478207252018059 7.387706508215857 0.40000000000000036
      vertex 5.411074022957369 7.245765221078404 0.40000000000000036
    endloop
  endfacet
  facet normal 0 0 -1
    outer loop
      vertex 5.413498340914327 7.055530603866677 0.40000000000000036
      vertex 5.330351379684073 7.1110876271686365 0.40000000000000036
      vertex 5.411074022957369 7.245765221078404 0.40000000000000036
    endloop
  endfacet
  facet normal 0 0 -1
    outer loop
      vertex 5.413498340914327 7.055530603866677 0.40000000000000036
      vertex 5.411074022957369 7.245765221078404 0.40000000000000036
      vertex 5.499266149392204 7.198625547395803 0.40000000000000036
    endloop
  endfacet
  facet normal 0.5956993044924342 -0.803207531480644 0
    outer loop
      vertex 4.944469396133324 6.586501659085673 0.40000000000000036
      vertex 5.078468583078197 6.685882229283347 0.40000000000000036
      vertex 5.078468583078197 6.685882229283347 1.2000000000000002
    endloop
  endfacet
  facet normal 0.6715589548470129 -0.740951125354964 0
    outer loop
      vertex 5.078468583078197 6.685882229283347 0.40000000000000036
      vertex 5.202081528017131 6.797918471982868 0.40000000000000036
      vertex 5.202081528017131 6.797918471982868 1.2000000000000002
    endloop
  endfacet
  facet normal 0.5956993044924342 -0.803207531480644 0
    outer loop
      vertex 4.944469396133324 6.586501659085673 0.40000000000000036
      vertex 5.078468583078197 6.685882229283347 1.2000000000000002
      vertex 4.944469396133324 6.586501659085673 1.2000000000000002
    endloop
  endfacet
  facet normal 0.6715589548470129 -0.740951125354964 0
    outer loop
      vertex 5.078468583078197 6.685882229283347 0.40000000000000036
      vertex 5.202081528017131 6.797918471982868 1.2000000000000002
      vertex 5.078468583078197 6.685882229283347 1.2000000000000002
    endloop
  endfacet
  facet normal 0.7409511253549614 -0.6715589548470159 0
    outer loop
      vertex 5.202081528017131 6.797918471982868 0.40000000000000036
      vertex 5.314117770716653 6.921531416921802 0.40000000000000036
      vertex 5.202081528017131 6.797918471982868 1.2000000000000002
    endloop
  endfacet
  facet normal 0.8032075314806479 -0.5956993044924291 0
    outer loop
      vertex 5.314117770716653 6.921531416921802 0.40000000000000036
      vertex 5.413498340914327 7.055530603866677 0.40000000000000036
      vertex 5.314117770716653 6.921531416921802 1.2000000000000002
    endloop
  endfacet
  facet normal 0.7409511253549614 -0.6715589548470159 0
    outer loop
      vertex 5.314117770716653 6.921531416921802 0.40000000000000036
      vertex 5.314117770716653 6.921531416921802 1.2000000000000002
      vertex 5.202081528017131 6.797918471982868 1.2000000000000002
    endloop
  endfacet
  facet normal 0.8032075314806479 -0.5956993044924291 0
    outer loop
      vertex 5.413498340914327 7.055530603866677 0.40000000000000036
      vertex 5.413498340914327 7.055530603866677 1.2000000000000002
      vertex 5.314117770716653 6.921531416921802 1.2000000000000002
    endloop
  endfacet
  facet normal 0.8577286100002683 -0.5141027441932279 0
    outer loop
      vertex 5.413498340914327 7.055530603866677 0.40000000000000036
      vertex 5.499266149392204 7.198625547395803 0.40000000000000036
      vertex 5.413498340914327 7.055530603866677 1.2000000000000002
    endloop
  endfacet
  facet normal 0.9415440651830221 -0.33688985339221633 0
    outer loop
      vertex 5.478207252018059 7.387706508215857 0
      vertex 5.531104537171534 7.535544516392861 0
      vertex 5.531104537171534 7.535544516392861 0.40000000000000036
    endloop
  endfacet
  facet normal 0.9415440651830221 -0.33688985339221633 0
    outer loop
      vertex 5.478207252018059 7.387706508215857 0
      vertex 5.531104537171534 7.535544516392861 0.40000000000000036
      vertex 5.478207252018059 7.387706508215857 0.40000000000000036
    endloop
  endfacet
  facet normal 0.970031253194544 -0.24298017990326357 0
    outer loop
      vertex 5.531104537171534 7.535544516392861 0
      vertex 5.569256448645168 7.687855484774195 0
      vertex 5.569256448645168 7.687855484774195 0.40000000000000036
    endloop
  endfacet
  facet normal 0.970031253194544 -0.24298017990326357 0
    outer loop
      vertex 5.531104537171534 7.535544516392861 0
      vertex 5.569256448645168 7.687855484774195 0.40000000000000036
      vertex 5.531104537171534 7.535544516392861 0.40000000000000036
    endloop
  endfacet
  facet normal 0.9891765099647806 -0.14673047445536444 0
    outer loop
      vertex 5.569256448645168 7.687855484774195 0
      vertex 5.592295562675515 7.843172575472703 0.40000000000000036
      vertex 5.569256448645168 7.687855484774195 0.40000000000000036
    endloop
  endfacet
  facet normal 0.9891765099647806 -0.14673047445536444 0
    outer loop
      vertex 5.569256448645168 7.687855484774195 0
      vertex 5.592295562675515 7.843172575472703 0
      vertex 5.592295562675515 7.843172575472703 0.40000000000000036
    endloop
  endfacet
  facet normal 0.9987954562051724 -0.049067674327415406 0
    outer loop
      vertex 5.592295562675515 7.843172575472703 0
      vertex 5.6 8 0
      vertex 5.6 8 0.40000000000000036
    endloop
  endfacet
  facet normal 0.9987954562051724 -0.049067674327415406 0
    outer loop
      vertex 5.592295562675515 7.843172575472703 0
      vertex 5.6 8 0.40000000000000036
      vertex 5.592295562675515 7.843172575472703 0.40000000000000036
    endloop
  endfacet
  facet normal 0 0 -1
    outer loop
      vertex 5.411074022957369 7.245765221078404 0.40000000000000036
      vertex 5.478207252018059 7.387706508215857 0.40000000000000036
      vertex 5.499266149392204 7.198625547395803 0.40000000000000036
    endloop
  endfacet
  facet normal 0 0 -1
    outer loop
      vertex 5.499266149392204 7.198625547395803 0.40000000000000036
      vertex 5.478207252018059 7.387706508215857 0.40000000000000036
      vertex 5.570595205269187 7.349438164979347 0.40000000000000036
    endloop
  endfacet
  facet normal 0 0 -1
    outer loop
      vertex 5.478207252018059 7.387706508215857 0.40000000000000036
      vertex 5.531104537171534 7.535544516392861 0.40000000000000036
      vertex 5.570595205269187 7.349438164979347 0.40000000000000036
    endloop
  endfacet
  facet normal 0 0 -1
    outer loop
      vertex 5.531104537171534 7.535544516392861 0.40000000000000036
      vertex 5.569256448645168 7.687855484774195 0.40000000000000036
      vertex 5.570595205269187 7.349438164979347 0.40000000000000036
    endloop
  endfacet
  facet normal 0 0 -1
    outer loop
      vertex 5.570595205269187 7.349438164979347 0.40000000000000036
      vertex 5.569256448645168 7.687855484774195 0.40000000000000036
      vertex 5.592295562675515 7.843172575472703 0.40000000000000036
    endloop
  endfacet
  facet normal 0 0 -1
    outer loop
      vertex 5.570595205269187 7.349438164979347 0.40000000000000036
      vertex 5.592295562675515 7.843172575472703 0.40000000000000036
      vertex 5.6 8 0.40000000000000036
    endloop
  endfacet
  facet normal 0 0 -1
    outer loop
      vertex 5.570595205269187 7.349438164979347 0.40000000000000036
      vertex 5.626798570744755 8.493483951332585 0.40000000000000036
      vertex 5.626798570744755 7.5065160486674145 0.40000000000000036
    endloop
  endfacet
  facet normal 0 0 -1
    outer loop
      vertex 5.570595205269187 7.349438164979347 0.40000000000000036
      vertex 5.6 8 0.40000000000000036
      vertex 5.626798570744755 8.493483951332585 0.40000000000000036
    endloop
  endfacet
  facet normal 0 0 -1
    outer loop
      vertex 5.626798570744755 7.5065160486674145 0.40000000000000036
      vertex 5.667334976685492 8.331653547427418 0.40000000000000036
      vertex 5.667334976685492 7.668346452572582 0.40000000000000036
    endloop
  endfacet
  facet normal 0 0 -1
    outer loop
      vertex 5.667334976685492 7.668346452572582 0.40000000000000036
      vertex 5.691814035342735 8.166629138560253 0.40000000000000036
      vertex 5.691814035342735 7.833370861439747 0.40000000000000036
    endloop
  endfacet
  facet normal 0 0 -1
    outer loop
      vertex 5.691814035342735 7.833370861439747 0.40000000000000036
      vertex 5.691814035342735 8.166629138560253 0.40000000000000036
      vertex 5.7 8 0.40000000000000036
    endloop
  endfacet
  facet normal 0.9039892931234448 -0.42755509343027936 0
    outer loop
      vertex 5.499266149392204 7.198625547395803 0.40000000000000036
      vertex 5.570595205269187 7.349438164979347 0.40000000000000036
      vertex 5.499266149392204 7.198625547395803 1.2000000000000002
    endloop
  endfacet
  facet normal 0.9415440651830207 -0.3368898533922202 0
    outer loop
      vertex 5.570595205269187 7.349438164979347 0.40000000000000036
      vertex 5.626798570744755 7.5065160486674145 0.40000000000000036
      vertex 5.570595205269187 7.349438164979347 1.2000000000000002
    endloop
  endfacet
  facet normal 0.9700312531945441 -0.2429801799032638 0
    outer loop
      vertex 5.626798570744755 7.5065160486674145 0.40000000000000036
      vertex 5.667334976685492 7.668346452572582 0.40000000000000036
      vertex 5.626798570744755 7.5065160486674145 1.2000000000000002
    endloop
  endfacet
  facet normal 0.9891765099647808 -0.1467304744553621 0
    outer loop
      vertex 5.667334976685492 7.668346452572582 0.40000000000000036
      vertex 5.691814035342735 7.833370861439747 0.40000000000000036
      vertex 5.667334976685492 7.668346452572582 1.2000000000000002
    endloop
  endfacet
  facet normal 0.9987954562051724 -0.04906767432741786 0
    outer loop
      vertex 5.691814035342735 7.833370861439747 0.40000000000000036
      vertex 5.7 8 0.40000000000000036
      vertex 5.691814035342735 7.833370861439747 1.2000000000000002
    endloop
  endfacet
  facet normal 0.8577286100002683 -0.5141027441932279 0
    outer loop
      vertex 5.499266149392204 7.198625547395803 0.40000000000000036
      vertex 5.499266149392204 7.198625547395803 1.2000000000000002
      vertex 5.413498340914327 7.055530603866677 1.2000000000000002
    endloop
  endfacet
  facet normal 0.9039892931234448 -0.42755509343027936 0
    outer loop
      vertex 5.570595205269187 7.349438164979347 0.40000000000000036
      vertex 5.570595205269187 7.349438164979347 1.2000000000000002
      vertex 5.499266149392204 7.198625547395803 1.2000000000000002
    endloop
  endfacet
  facet normal 0.9415440651830207 -0.3368898533922202 0
    outer loop
      vertex 5.626798570744755 7.5065160486674145 0.40000000000000036
      vertex 5.626798570744755 7.5065160486674145 1.2000000000000002
      vertex 5.570595205269187 7.349438164979347 1.2000000000000002
    endloop
  endfacet
  facet normal 0.9700312531945441 -0.2429801799032638 0
    outer loop
      vertex 5.667334976685492 7.668346452572582 0.40000000000000036
      vertex 5.667334976685492 7.668346452572582 1.2000000000000002
      vertex 5.626798570744755 7.5065160486674145 1.2000000000000002
    endloop
  endfacet
  facet normal 0.9891765099647808 -0.1467304744553621 0
    outer loop
      vertex 5.691814035342735 7.833370861439747 0.40000000000000036
      vertex 5.691814035342735 7.833370861439747 1.2000000000000002
      vertex 5.667334976685492 7.668346452572582 1.2000000000000002
    endloop
  endfacet
  facet normal 0.9987954562051724 -0.04906767432741786 0
    outer loop
      vertex 5.7 8 0.40000000000000036
      vertex 5.7 8 1.2000000000000002
      vertex 5.691814035342735 7.833370861439747 1.2000000000000002
    endloop
  endfacet
  facet normal 0 0 -1
    outer loop
      vertex 4.464455483607139 6.468895462828465 2.2
      vertex 4.612293491784143 6.521792747981941 2.2
      vertex 6.1 1.9000000000000004 2.2
    endloop
  endfacet
  facet normal 0 0 -1
    outer loop
      vertex 4.612293491784143 6.521792747981941 2.2
      vertex 4.754234778921596 6.588925977042631 2.2
      vertex 6.1 1.9000000000000004 2.2
    endloop
  endfacet
  facet normal 0 0 -1
    outer loop
      vertex 4.754234778921596 6.588925977042631 2.2
      vertex 4.8889123728313635 6.669648620315927 2.2
      vertex 6.1 1.9000000000000004 2.2
    endloop
  endfacet
  facet normal 0 0 -1
    outer loop
      vertex 4.8889123728313635 6.669648620315927 2.2
      vertex 5.015029254661833 6.763183274619621 2.2
      vertex 6.1 1.9000000000000004 2.2
    endloop
  endfacet
  facet normal 0 0 -1
    outer loop
      vertex 5.015029254661833 6.763183274619621 2.2
      vertex 5.1313708498984765 6.868629150101524 2.2
      vertex 6.1 1.9000000000000004 2.2
    endloop
  endfacet
  facet normal 0 0 1
    outer loop
      vertex 4.944469396133324 6.586501659085673 1.2000000000000002
      vertex 5.078468583078197 6.685882229283347 1.2000000000000002
      vertex 5.015029254661833 6.763183274619621 1.2000000000000002
    endloop
  endfacet
  facet normal 0 0 1
    outer loop
      vertex 5.015029254661833 6.763183274619621 1.2000000000000002
      vertex 5.078468583078197 6.685882229283347 1.2000000000000002
      vertex 5.1313708498984765 6.868629150101524 1.2000000000000002
    endloop
  endfacet
  facet normal 0 0 1
    outer loop
      vertex 5.078468583078197 6.685882229283347 1.2000000000000002
      vertex 5.202081528017131 6.797918471982868 1.2000000000000002
      vertex 5.1313708498984765 6.868629150101524 1.2000000000000002
    endloop
  endfacet
  facet normal 0 0 1
    outer loop
      vertex 5.1313708498984765 6.868629150101524 1.2000000000000002
      vertex 5.202081528017131 6.797918471982868 1.2000000000000002
      vertex 5.236816725380379 6.984970745338167 1.2000000000000002
    endloop
  endfacet
  facet normal 0.6715589548470192 -0.7409511253549583 0
    outer loop
      vertex 5.015029254661833 6.763183274619621 1.2000000000000002
      vertex 5.1313708498984765 6.868629150101524 1.2000000000000002
      vertex 5.015029254661833 6.763183274619621 2.2
    endloop
  endfacet
  facet normal 0.7409511253549586 -0.671558954847019 0
    outer loop
      vertex 5.1313708498984765 6.868629150101524 1.2000000000000002
      vertex 5.236816725380379 6.984970745338167 1.2000000000000002
      vertex 5.1313708498984765 6.868629150101524 2.2
    endloop
  endfacet
  facet normal 0 0 1
    outer loop
      vertex 5.202081528017131 6.797918471982868 1.2000000000000002
      vertex 5.314117770716653 6.921531416921802 1.2000000000000002
      vertex 5.236816725380379 6.984970745338167 1.2000000000000002
    endloop
  endfacet
  facet normal 0 0 1
    outer loop
      vertex 5.236816725380379 6.984970745338167 1.2000000000000002
      vertex 5.314117770716653 6.921531416921802 1.2000000000000002
      vertex 5.330351379684073 7.1110876271686365 1.2000000000000002
    endloop
  endfacet
  facet normal 0 0 1
    outer loop
      vertex 5.314117770716653 6.921531416921802 1.2000000000000002
      vertex 5.413498340914327 7.055530603866677 1.2000000000000002
      vertex 5.330351379684073 7.1110876271686365 1.2000000000000002
    endloop
  endfacet
  facet normal 0.8032075314806439 -0.5956993044924348 0
    outer loop
      vertex 5.236816725380379 6.984970745338167 1.2000000000000002
      vertex 5.330351379684073 7.1110876271686365 1.2000000000000002
      vertex 5.236816725380379 6.984970745338167 2.2
    endloop
  endfacet
  facet normal 0 0 1
    outer loop
      vertex 5.413498340914327 7.055530603866677 1.2000000000000002
      vertex 5.411074022957369 7.245765221078404 1.2000000000000002
      vertex 5.330351379684073 7.1110876271686365 1.2000000000000002
    endloop
  endfacet
  facet normal 0 0 1
    outer loop
      vertex 5.413498340914327 7.055530603866677 1.2000000000000002
      vertex 5.478207252018059 7.387706508215857 1.2000000000000002
      vertex 5.411074022957369 7.245765221078404 1.2000000000000002
    endloop
  endfacet
  facet normal 0.8577286100002723 -0.5141027441932213 0
    outer loop
      vertex 5.330351379684073 7.1110876271686365 1.2000000000000002
      vertex 5.411074022957369 7.245765221078404 1.2000000000000002
      vertex 5.330351379684073 7.1110876271686365 2.2
    endloop
  endfacet
  facet normal 0.9039892931234439 -0.4275550934302809 0
    outer loop
      vertex 5.411074022957369 7.245765221078404 1.2000000000000002
      vertex 5.478207252018059 7.387706508215857 1.2000000000000002
      vertex 5.411074022957369 7.245765221078404 2.2
    endloop
  endfacet
  facet normal 0.6715589548470192 -0.7409511253549583 0
    outer loop
      vertex 5.1313708498984765 6.868629150101524 1.2000000000000002
      vertex 5.1313708498984765 6.868629150101524 2.2
      vertex 5.015029254661833 6.763183274619621 2.2
    endloop
  endfacet
  facet normal 0.7409511253549586 -0.671558954847019 0
    outer loop
      vertex 5.236816725380379 6.984970745338167 1.2000000000000002
      vertex 5.236816725380379 6.984970745338167 2.2
      vertex 5.1313708498984765 6.868629150101524 2.2
    endloop
  endfacet
  facet normal 0.8032075314806439 -0.5956993044924348 0
    outer loop
      vertex 5.330351379684073 7.1110876271686365 1.2000000000000002
      vertex 5.330351379684073 7.1110876271686365 2.2
      vertex 5.236816725380379 6.984970745338167 2.2
    endloop
  endfacet
  facet normal 0.8577286100002723 -0.5141027441932213 0
    outer loop
      vertex 5.411074022957369 7.245765221078404 1.2000000000000002
      vertex 5.411074022957369 7.245765221078404 2.2
      vertex 5.330351379684073 7.1110876271686365 2.2
    endloop
  endfacet
  facet normal 0.9039892931234439 -0.4275550934302809 0
    outer loop
      vertex 5.411074022957369 7.245765221078404 2.2
      vertex 5.478207252018059 7.387706508215857 1.2000000000000002
      vertex 5.478207252018059 7.387706508215857 2.2
    endloop
  endfacet
  facet normal 0 0 -1
    outer loop
      vertex 5.1313708498984765 6.868629150101524 2.2
      vertex 5.236816725380379 6.984970745338167 2.2
      vertex 6.1 1.9000000000000004 2.2
    endloop
  endfacet
  facet normal 0 0 -1
    outer loop
      vertex 5.236816725380379 6.984970745338167 2.2
      vertex 5.330351379684073 7.1110876271686365 2.2
      vertex 6.1 1.9000000000000004 2.2
    endloop
  endfacet
  facet normal 0 0 -1
    outer loop
      vertex 5.330351379684073 7.1110876271686365 2.2
      vertex 5.411074022957369 7.245765221078404 2.2
      vertex 6.1 1.9000000000000004 2.2
    endloop
  endfacet
  facet normal 0 0 -1
    outer loop
      vertex 5.411074022957369 7.245765221078404 2.2
      vertex 5.478207252018059 7.387706508215857 2.2
      vertex 6.1 1.9000000000000004 2.2
    endloop
  endfacet
  facet normal 0 0 -1
    outer loop
      vertex 5.478207252018059 7.387706508215857 2.2
      vertex 5.531104537171534 7.535544516392861 2.2
      vertex 6.1 1.9000000000000004 2.2
    endloop
  endfacet
  facet normal 0 0 -1
    outer loop
      vertex 5.531104537171534 7.535544516392861 2.2
      vertex 5.5472497953279465 7.6 2.2
      vertex 6.1 1.9000000000000004 2.2
    endloop
  endfacet
  facet normal 0 0 -1
    outer loop
      vertex 5.5472497953279465 7.6 2.2
      vertex 6.1 7.6 2.2
      vertex 6.1 1.9000000000000004 2.2
    endloop
  endfacet
  facet normal 0 0 1
    outer loop
      vertex 5.413498340914327 7.055530603866677 1.2000000000000002
      vertex 5.499266149392204 7.198625547395803 1.2000000000000002
      vertex 5.478207252018059 7.387706508215857 1.2000000000000002
    endloop
  endfacet
  facet normal 0 0 1
    outer loop
      vertex 5.499266149392204 7.198625547395803 1.2000000000000002
      vertex 5.531104537171534 7.535544516392861 1.2000000000000002
      vertex 5.478207252018059 7.387706508215857 1.2000000000000002
    endloop
  endfacet
  facet normal 0 0 1
    outer loop
      vertex 5.499266149392204 7.198625547395803 1.2000000000000002
      vertex 5.570595205269187 7.349438164979347 1.2000000000000002
      vertex 5.531104537171534 7.535544516392861 1.2000000000000002
    endloop
  endfacet
  facet normal 0 0 1
    outer loop
      vertex 5.531104537171534 7.535544516392861 1.2000000000000002
      vertex 5.570595205269187 7.349438164979347 1.2000000000000002
      vertex 5.569256448645168 7.687855484774195 1.2000000000000002
    endloop
  endfacet
  facet normal 0.970031253194544 -0.24298017990326357 8.976523517971554e-16
    outer loop
      vertex 5.531104537171534 7.535544516392861 1.2000000000000002
      vertex 5.569256448645168 7.687855484774195 1.2000000000000002
      vertex 5.5472497953279465 7.6 1.4000000000000004
    endloop
  endfacet
  facet normal 0 0 1
    outer loop
      vertex 5.570595205269187 7.349438164979347 1.2000000000000002
      vertex 5.592295562675515 7.843172575472703 1.2000000000000002
      vertex 5.569256448645168 7.687855484774195 1.2000000000000002
    endloop
  endfacet
  facet normal 0.9891765099647806 -0.14673047445536444 0
    outer loop
      vertex 5.569256448645168 7.687855484774195 1.2000000000000002
      vertex 5.592295562675515 7.843172575472703 1.2000000000000002
      vertex 5.569256448645168 7.687855484774195 1.4000000000000004
    endloop
  endfacet
  facet normal 0.9700312531945436 -0.24298017990326556 0
    outer loop
      vertex 5.569256448645168 7.687855484774195 1.2000000000000002
      vertex 5.569256448645168 7.687855484774195 1.4000000000000004
      vertex 5.5472497953279465 7.6 1.4000000000000004
    endloop
  endfacet
  facet normal 0 0 1
    outer loop
      vertex 5.570595205269187 7.349438164979347 1.2000000000000002
      vertex 5.626798570744755 7.5065160486674145 1.2000000000000002
      vertex 5.592295562675515 7.843172575472703 1.2000000000000002
    endloop
  endfacet
  facet normal 0 0 1
    outer loop
      vertex 5.626798570744755 7.5065160486674145 1.2000000000000002
      vertex 5.6 8 1.2000000000000002
      vertex 5.592295562675515 7.843172575472703 1.2000000000000002
    endloop
  endfacet
  facet normal 0.9891765099647806 -0.14673047445536444 0
    outer loop
      vertex 5.569256448645168 7.687855484774195 1.4000000000000004
      vertex 5.592295562675515 7.843172575472703 1.2000000000000002
      vertex 5.592295562675515 7.843172575472703 1.4000000000000004
    endloop
  endfacet
  facet normal 0.9987954562051724 -0.049067674327415406 0
    outer loop
      vertex 5.592295562675515 7.843172575472703 1.2000000000000002
      vertex 5.6 8 1.2000000000000002
      vertex 5.592295562675515 7.843172575472703 1.4000000000000004
    endloop
  endfacet
  facet normal 0 0 1
    outer loop
      vertex 5.626798570744755 7.5065160486674145 1.2000000000000002
      vertex 5.667334976685492 7.668346452572582 1.2000000000000002
      vertex 5.626798570744755 8.493483951332585 1.2000000000000002
    endloop
  endfacet
  facet normal 0.9987954562051724 -0.049067674327415406 0
    outer loop
      vertex 5.6 8 1.2000000000000002
      vertex 5.6 8 1.4000000000000004
      vertex 5.592295562675515 7.843172575472703 1.4000000000000004
    endloop
  endfacet
  facet normal 0 0 1
    outer loop
      vertex 5.667334976685492 7.668346452572582 1.2000000000000002
      vertex 5.691814035342735 7.833370861439747 1.2000000000000002
      vertex 5.667334976685492 8.331653547427418 1.2000000000000002
    endloop
  endfacet
  facet normal 0 0 1
    outer loop
      vertex 5.691814035342735 7.833370861439747 1.2000000000000002
      vertex 5.7 8 1.2000000000000002
      vertex 5.691814035342735 8.166629138560253 1.2000000000000002
    endloop
  endfacet
  facet normal 0.9415440651830221 -0.33688985339221633 0
    outer loop
      vertex 5.478207252018059 7.387706508215857 1.2000000000000002
      vertex 5.531104537171534 7.535544516392861 1.2000000000000002
      vertex 5.478207252018059 7.387706508215857 2.2
    endloop
  endfacet
  facet normal 0.9700312531945446 -0.24298017990326096 0
    outer loop
      vertex 5.531104537171534 7.535544516392861 1.2000000000000002
      vertex 5.5472497953279465 7.6 1.4000000000000004
      vertex 5.531104537171534 7.535544516392861 2.2
    endloop
  endfacet
  facet normal 0 0 -1
    outer loop
      vertex 5.5472497953279465 7.6 1.4000000000000004
      vertex 5.569256448645168 7.687855484774195 1.4000000000000004
      vertex 6.5 7.6 1.4000000000000004
    endloop
  endfacet
  facet normal 0 0 -1
    outer loop
      vertex 5.569256448645168 7.687855484774195 1.4000000000000004
      vertex 5.592295562675515 7.843172575472703 1.4000000000000004
      vertex 6.5 7.6 1.4000000000000004
    endloop
  endfacet
  facet normal 0 0 -1
    outer loop
      vertex 5.569256448645168 8.312144515225805 1.4000000000000004
      vertex 6.5 7.6 1.4000000000000004
      vertex 5.592295562675515 8.156827424527297 1.4000000000000004
    endloop
  endfacet
  facet normal 0 0 -1
    outer loop
      vertex 5.592295562675515 7.843172575472703 1.4000000000000004
      vertex 5.6 8 1.4000000000000004
      vertex 6.5 7.6 1.4000000000000004
    endloop
  endfacet
  facet normal 0 0 -1
    outer loop
      vertex 5.6 8 1.4000000000000004
      vertex 5.592295562675515 8.156827424527297 1.4000000000000004
      vertex 6.5 7.6 1.4000000000000004
    endloop
  endfacet
  facet normal 0.9415440651830221 -0.33688985339221633 0
    outer loop
      vertex 5.531104537171534 7.535544516392861 1.2000000000000002
      vertex 5.531104537171534 7.535544516392861 2.2
      vertex 5.478207252018059 7.387706508215857 2.2
    endloop
  endfacet
  facet normal 0.9700312531945448 -0.24298017990326096 0
    outer loop
      vertex 5.5472497953279465 7.6 1.4000000000000004
      vertex 5.5472497953279465 7.6 2.2
      vertex 5.531104537171534 7.535544516392861 2.2
    endloop
  endfacet
  facet normal 0 -1 0
    outer loop
      vertex 5.5472497953279465 7.6 1.4000000000000004
      vertex 6.1 7.6 2
      vertex 5.5472497953279465 7.6 2.2
    endloop
  endfacet
  facet normal 0 -1 0
    outer loop
      vertex 5.5472497953279465 7.6 2.2
      vertex 6.1 7.6 2
      vertex 6.1 7.6 2.2
    endloop
  endfacet
  facet normal 0 0 -1
    outer loop
      vertex 3.5355445163928603 6.468895462828465 0
      vertex 4.156827424527297 9.592295562675515 0
      vertex 4.312144515225805 9.569256448645168 0
    endloop
  endfacet
  facet normal 0 0 -1
    outer loop
      vertex 3.5355445163928603 6.468895462828465 0
      vertex 4.312144515225805 9.569256448645168 0
      vertex 4.464455483607139 9.531104537171533 0
    endloop
  endfacet
  facet normal 0.049067674327415406 0.9987954562051724 0
    outer loop
      vertex 4 9.6 0
      vertex 4 9.6 0.40000000000000036
      vertex 4.156827424527297 9.592295562675515 0
    endloop
  endfacet
  facet normal 0.049067674327415406 0.9987954562051724 0
    outer loop
      vertex 4.156827424527297 9.592295562675515 0
      vertex 4 9.6 0.40000000000000036
      vertex 4.156827424527297 9.592295562675515 0.40000000000000036
    endloop
  endfacet
  facet normal 0.14673047445536444 0.9891765099647806 0
    outer loop
      vertex 4.156827424527297 9.592295562675515 0
      vertex 4.156827424527297 9.592295562675515 0.40000000000000036
      vertex 4.312144515225805 9.569256448645168 0
    endloop
  endfacet
  facet normal 0 0 -1
    outer loop
      vertex 4 9.6 0.40000000000000036
      vertex 4 9.7 0.40000000000000036
      vertex 4.156827424527297 9.592295562675515 0.40000000000000036
    endloop
  endfacet
  facet normal 0 0 -1
    outer loop
      vertex 4 9.7 0.40000000000000036
      vertex 4.166629138560253 9.691814035342734 0.40000000000000036
      vertex 4.156827424527297 9.592295562675515 0.40000000000000036
    endloop
  endfacet
  facet normal 0 0 -1
    outer loop
      vertex 4.156827424527297 9.592295562675515 0.40000000000000036
      vertex 4.166629138560253 9.691814035342734 0.40000000000000036
      vertex 4.312144515225805 9.569256448645168 0.40000000000000036
    endloop
  endfacet
  facet normal 0 0 -1
    outer loop
      vertex 3.687855484774195 6.430743551354832 0
      vertex 4.464455483607139 9.531104537171533 0
      vertex 4.612293491784143 9.47820725201806 0
    endloop
  endfacet
  facet normal 0 0 -1
    outer loop
      vertex 3.687855484774195 6.430743551354832 0
      vertex 4.612293491784143 9.47820725201806 0
      vertex 4.754234778921596 9.411074022957369 0
    endloop
  endfacet
  facet normal 0 0 -1
    outer loop
      vertex 3.687855484774195 6.430743551354832 0
      vertex 4.754234778921596 9.411074022957369 0
      vertex 4.8889123728313635 9.330351379684073 0
    endloop
  endfacet
  facet normal 0.2429801799032689 0.9700312531945426 0
    outer loop
      vertex 4.312144515225805 9.569256448645168 0
      vertex 4.312144515225805 9.569256448645168 0.40000000000000036
      vertex 4.464455483607139 9.531104537171533 0
    endloop
  endfacet
  facet normal 0.14673047445536444 0.9891765099647806 0
    outer loop
      vertex 4.156827424527297 9.592295562675515 0.40000000000000036
      vertex 4.312144515225805 9.569256448645168 0.40000000000000036
      vertex 4.312144515225805 9.569256448645168 0
    endloop
  endfacet
  facet normal 0.2429801799032689 0.9700312531945426 0
    outer loop
      vertex 4.464455483607139 9.531104537171533 0
      vertex 4.312144515225805 9.569256448645168 0.40000000000000036
      vertex 4.464455483607139 9.531104537171533 0.40000000000000036
    endloop
  endfacet
  facet normal 0 0 -1
    outer loop
      vertex 4.166629138560253 9.691814035342734 0.40000000000000036
      vertex 4.331653547427418 9.667334976685492 0.40000000000000036
      vertex 4.312144515225805 9.569256448645168 0.40000000000000036
    endloop
  endfacet
  facet normal 0 0 -1
    outer loop
      vertex 4.312144515225805 9.569256448645168 0.40000000000000036
      vertex 4.331653547427418 9.667334976685492 0.40000000000000036
      vertex 4.464455483607139 9.531104537171533 0.40000000000000036
    endloop
  endfacet
  facet normal 0 0 -1
    outer loop
      vertex 4.331653547427418 9.667334976685492 0.40000000000000036
      vertex 4.493483951332586 9.626798570744755 0.40000000000000036
      vertex 4.464455483607139 9.531104537171533 0.40000000000000036
    endloop
  endfacet
  facet normal 0.04906767432741786 0.9987954562051724 0
    outer loop
      vertex 4 9.7 0.40000000000000036
      vertex 4 9.7 1.2000000000000002
      vertex 4.166629138560253 9.691814035342734 0.40000000000000036
    endloop
  endfacet
  facet normal 0.14673047445535692 0.9891765099647817 0
    outer loop
      vertex 4.166629138560253 9.691814035342734 0.40000000000000036
      vertex 4.166629138560253 9.691814035342734 1.2000000000000002
      vertex 4.331653547427418 9.667334976685492 0.40000000000000036
    endloop
  endfacet
  facet normal 0.04906767432741786 0.9987954562051724 0
    outer loop
      vertex 4.166629138560253 9.691814035342734 0.40000000000000036
      vertex 4 9.7 1.2000000000000002
      vertex 4.166629138560253 9.691814035342734 1.2000000000000002
    endloop
  endfacet
  facet normal 0.2429801799032625 0.9700312531945444 0
    outer loop
      vertex 4.331653547427418 9.667334976685492 0.40000000000000036
      vertex 4.331653547427418 9.667334976685492 1.2000000000000002
      vertex 4.493483951332586 9.626798570744755 0.40000000000000036
    endloop
  endfacet
  facet normal 0.14673047445535692 0.9891765099647817 0
    outer loop
      vertex 4.331653547427418 9.667334976685492 0.40000000000000036
      vertex 4.166629138560253 9.691814035342734 1.2000000000000002
      vertex 4.331653547427418 9.667334976685492 1.2000000000000002
    endloop
  endfacet
  facet normal 0.2429801799032625 0.9700312531945444 0
    outer loop
      vertex 4.493483951332586 9.626798570744755 0.40000000000000036
      vertex 4.331653547427418 9.667334976685492 1.2000000000000002
      vertex 4.493483951332586 9.626798570744755 1.2000000000000002
    endloop
  endfacet
  facet normal 0 0 -1
    outer loop
      vertex 3.687855484774195 6.430743551354832 0
      vertex 4.8889123728313635 9.330351379684073 0
      vertex 5.015029254661833 9.236816725380379 0
    endloop
  endfacet
  facet normal 0 0 -1
    outer loop
      vertex 3.687855484774195 6.430743551354832 0
      vertex 5.015029254661833 9.236816725380379 0
      vertex 5.1313708498984765 9.131370849898477 0
    endloop
  endfacet
  facet normal 0.3368898533922113 0.9415440651830238 0
    outer loop
      vertex 4.464455483607139 9.531104537171533 0
      vertex 4.464455483607139 9.531104537171533 0.40000000000000036
      vertex 4.612293491784143 9.47820725201806 0
    endloop
  endfacet
  facet normal 0.3368898533922113 0.9415440651830238 0
    outer loop
      vertex 4.464455483607139 9.531104537171533 0.40000000000000036
      vertex 4.612293491784143 9.47820725201806 0.40000000000000036
      vertex 4.612293491784143 9.47820725201806 0
    endloop
  endfacet
  facet normal 0.4275550934302809 0.9039892931234439 0
    outer loop
      vertex 4.612293491784143 9.47820725201806 0
      vertex 4.612293491784143 9.47820725201806 0.40000000000000036
      vertex 4.754234778921596 9.411074022957369 0
    endloop
  endfacet
  facet normal 0.4275550934302809 0.9039892931234439 0
    outer loop
      vertex 4.612293491784143 9.47820725201806 0.40000000000000036
      vertex 4.754234778921596 9.411074022957369 0.40000000000000036
      vertex 4.754234778921596 9.411074022957369 0
    endloop
  endfacet
  facet normal 0 0 -1
    outer loop
      vertex 4.464455483607139 9.531104537171533 0.40000000000000036
      vertex 4.493483951332586 9.626798570744755 0.40000000000000036
      vertex 4.612293491784143 9.47820725201806 0.40000000000000036
    endloop
  endfacet
  facet normal 0 0 -1
    outer loop
      vertex 4.493483951332586 9.626798570744755 0.40000000000000036
      vertex 4.650561835020652 9.570595205269187 0.40000000000000036
      vertex 4.612293491784143 9.47820725201806 0.40000000000000036
    endloop
  endfacet
  facet normal 0 0 -1
    outer loop
      vertex 4.612293491784143 9.47820725201806 0.40000000000000036
      vertex 4.650561835020652 9.570595205269187 0.40000000000000036
      vertex 4.754234778921596 9.411074022957369 0.40000000000000036
    endloop
  endfacet
  facet normal 0 0 -1
    outer loop
      vertex 4 6.4 0
      vertex 5.1313708498984765 9.131370849898477 0
      vertex 5.236816725380379 9.015029254661833 0
    endloop
  endfacet
  facet normal 0 0 -1
    outer loop
      vertex 4 6.4 0
      vertex 5.236816725380379 9.015029254661833 0
      vertex 5.330351379684073 8.888912372831363 0
    endloop
  endfacet
  facet normal 0.5141027441932212 0.8577286100002722 0
    outer loop
      vertex 4.754234778921596 9.411074022957369 0
      vertex 4.754234778921596 9.411074022957369 0.40000000000000036
      vertex 4.8889123728313635 9.330351379684073 0
    endloop
  endfacet
  facet normal 0.5141027441932212 0.8577286100002722 0
    outer loop
      vertex 4.8889123728313635 9.330351379684073 0
      vertex 4.754234778921596 9.411074022957369 0.40000000000000036
      vertex 4.8889123728313635 9.330351379684073 0.40000000000000036
    endloop
  endfacet
  facet normal 0.5956993044924349 0.8032075314806439 0
    outer loop
      vertex 4.8889123728313635 9.330351379684073 0
      vertex 4.8889123728313635 9.330351379684073 0.40000000000000036
      vertex 5.015029254661833 9.236816725380379 0
    endloop
  endfacet
  facet normal 0.5956993044924349 0.8032075314806439 0
    outer loop
      vertex 4.8889123728313635 9.330351379684073 0.40000000000000036
      vertex 5.015029254661833 9.236816725380379 0.40000000000000036
      vertex 5.015029254661833 9.236816725380379 0
    endloop
  endfacet
  facet normal 0 0 -1
    outer loop
      vertex 4.650561835020652 9.570595205269187 0.40000000000000036
      vertex 4.801374452604196 9.499266149392204 0.40000000000000036
      vertex 4.754234778921596 9.411074022957369 0.40000000000000036
    endloop
  endfacet
  facet normal 0 0 -1
    outer loop
      vertex 4.754234778921596 9.411074022957369 0.40000000000000036
      vertex 4.801374452604196 9.499266149392204 0.40000000000000036
      vertex 4.8889123728313635 9.330351379684073 0.40000000000000036
    endloop
  endfacet
  facet normal 0 0 -1
    outer loop
      vertex 4.801374452604196 9.499266149392204 0.40000000000000036
      vertex 4.944469396133324 9.413498340914327 0.40000000000000036
      vertex 4.8889123728313635 9.330351379684073 0.40000000000000036
    endloop
  endfacet
  facet normal 0 0 -1
    outer loop
      vertex 4.8889123728313635 9.330351379684073 0.40000000000000036
      vertex 4.944469396133324 9.413498340914327 0.40000000000000036
      vertex 5.015029254661833 9.236816725380379 0.40000000000000036
    endloop
  endfacet
  facet normal 0.3368898533922236 0.9415440651830195 0
    outer loop
      vertex 4.493483951332586 9.626798570744755 0.40000000000000036
      vertex 4.493483951332586 9.626798570744755 1.2000000000000002
      vertex 4.650561835020652 9.570595205269187 0.40000000000000036
    endloop
  endfacet
  facet normal 0.42755509343027936 0.9039892931234448 0
    outer loop
      vertex 4.650561835020652 9.570595205269187 0.40000000000000036
      vertex 4.650561835020652 9.570595205269187 1.2000000000000002
      vertex 4.801374452604196 9.499266149392204 0.40000000000000036
    endloop
  endfacet
  facet normal 0.3368898533922236 0.9415440651830195 0
    outer loop
      vertex 4.650561835020652 9.570595205269187 0.40000000000000036
      vertex 4.493483951332586 9.626798570744755 1.2000000000000002
      vertex 4.650561835020652 9.570595205269187 1.2000000000000002
    endloop
  endfacet
  facet normal 0.5141027441932232 0.8577286100002711 0
    outer loop
      vertex 4.801374452604196 9.499266149392204 0.40000000000000036
      vertex 4.801374452604196 9.499266149392204 1.2000000000000002
      vertex 4.944469396133324 9.413498340914327 0.40000000000000036
    endloop
  endfacet
  facet normal 0.42755509343027936 0.9039892931234448 0
    outer loop
      vertex 4.801374452604196 9.499266149392204 0.40000000000000036
      vertex 4.650561835020652 9.570595205269187 1.2000000000000002
      vertex 4.801374452604196 9.499266149392204 1.2000000000000002
    endloop
  endfacet
  facet normal 0.5141027441932232 0.8577286100002711 0
    outer loop
      vertex 4.944469396133324 9.413498340914327 0.40000000000000036
      vertex 4.801374452604196 9.499266149392204 1.2000000000000002
      vertex 4.944469396133324 9.413498340914327 1.2000000000000002
    endloop
  endfacet
  facet normal 0 0 1
    outer loop
      vertex 4 9.6 1.2000000000000002
      vertex 4.166629138560253 9.691814035342734 1.2000000000000002
      vertex 4 9.7 1.2000000000000002
    endloop
  endfacet
  facet normal 0 0 1
    outer loop
      vertex 4 9.6 1.2000000000000002
      vertex 4.156827424527297 9.592295562675515 1.2000000000000002
      vertex 4.166629138560253 9.691814035342734 1.2000000000000002
    endloop
  endfacet
  facet normal 0 0 1
    outer loop
      vertex 4.156827424527297 9.592295562675515 1.2000000000000002
      vertex 4.331653547427418 9.667334976685492 1.2000000000000002
      vertex 4.166629138560253 9.691814035342734 1.2000000000000002
    endloop
  endfacet
  facet normal 0.04906767432741541 0.9987954562051725 0
    outer loop
      vertex 4 9.6 1.2000000000000002
      vertex 4.156827424527297 9.592295562675515 2.2
      vertex 4.156827424527297 9.592295562675515 1.2000000000000002
    endloop
  endfacet
  facet normal 0 0 1
    outer loop
      vertex 4.156827424527297 9.592295562675515 1.2000000000000002
      vertex 4.312144515225805 9.569256448645168 1.2000000000000002
      vertex 4.331653547427418 9.667334976685492 1.2000000000000002
    endloop
  endfacet
  facet normal 0 0 1
    outer loop
      vertex 4.312144515225805 9.569256448645168 1.2000000000000002
      vertex 4.493483951332586 9.626798570744755 1.2000000000000002
      vertex 4.331653547427418 9.667334976685492 1.2000000000000002
    endloop
  endfacet
  facet normal 0 0 1
    outer loop
      vertex 4.312144515225805 9.569256448645168 1.2000000000000002
      vertex 4.464455483607139 9.531104537171533 1.2000000000000002
      vertex 4.493483951332586 9.626798570744755 1.2000000000000002
    endloop
  endfacet
  facet normal 0.14673047445536444 0.9891765099647806 0
    outer loop
      vertex 4.156827424527297 9.592295562675515 1.2000000000000002
      vertex 4.312144515225805 9.569256448645168 2.2
      vertex 4.312144515225805 9.569256448645168 1.2000000000000002
    endloop
  endfacet
  facet normal 0.24298017990326892 0.9700312531945426 0
    outer loop
      vertex 4.312144515225805 9.569256448645168 1.2000000000000002
      vertex 4.464455483607139 9.531104537171533 2.2
      vertex 4.464455483607139 9.531104537171533 1.2000000000000002
    endloop
  endfacet
  facet normal 0.04906767432741541 0.9987954562051725 0
    outer loop
      vertex 4 9.6 1.2000000000000002
      vertex 4 9.6 2.2
      vertex 4.156827424527297 9.592295562675515 2.2
    endloop
  endfacet
  facet normal 0.14673047445536444 0.9891765099647806 0
    outer loop
      vertex 4.156827424527297 9.592295562675515 1.2000000000000002
      vertex 4.156827424527297 9.592295562675515 2.2
      vertex 4.312144515225805 9.569256448645168 2.2
    endloop
  endfacet
  facet normal 0.24298017990326892 0.9700312531945426 0
    outer loop
      vertex 4.312144515225805 9.569256448645168 1.2000000000000002
      vertex 4.312144515225805 9.569256448645168 2.2
      vertex 4.464455483607139 9.531104537171533 2.2
    endloop
  endfacet
  facet normal 0 0 -1
    outer loop
      vertex 4 9.6 2.2
      vertex 4 14.4 2.2
      vertex 4.156827424527297 9.592295562675515 2.2
    endloop
  endfacet
  facet normal 0 0 -1
    outer loop
      vertex 4.156827424527297 9.592295562675515 2.2
      vertex 4.156827424527297 14.407704437324485 2.2
      vertex 4.312144515225805 9.569256448645168 2.2
    endloop
  endfacet
  facet normal 0 0 -1
    outer loop
      vertex 4.312144515225805 9.569256448645168 2.2
      vertex 4.156827424527297 14.407704437324485 2.2
      vertex 4.464455483607139 9.531104537171533 2.2
    endloop
  endfacet
  facet normal 0 0 -1
    outer loop
      vertex 4.464455483607139 9.531104537171533 2.2
      vertex 4.156827424527297 14.407704437324485 2.2
      vertex 4.612293491784143 9.47820725201806 2.2
    endloop
  endfacet
  facet normal 0 0 1
    outer loop
      vertex 4.464455483607139 9.531104537171533 1.2000000000000002
      vertex 4.612293491784143 9.47820725201806 1.2000000000000002
      vertex 4.650561835020652 9.570595205269187 1.2000000000000002
    endloop
  endfacet
  facet normal 0 0 1
    outer loop
      vertex 4.464455483607139 9.531104537171533 1.2000000000000002
      vertex 4.650561835020652 9.570595205269187 1.2000000000000002
      vertex 4.493483951332586 9.626798570744755 1.2000000000000002
    endloop
  endfacet
  facet normal 0 0 1
    outer loop
      vertex 4.612293491784143 9.47820725201806 1.2000000000000002
      vertex 4.801374452604196 9.499266149392204 1.2000000000000002
      vertex 4.650561835020652 9.570595205269187 1.2000000000000002
    endloop
  endfacet
  facet normal 0 0 1
    outer loop
      vertex 4.612293491784143 9.47820725201806 1.2000000000000002
      vertex 4.754234778921596 9.411074022957369 1.2000000000000002
      vertex 4.801374452604196 9.499266149392204 1.2000000000000002
    endloop
  endfacet
  facet normal 0.33688985339221134 0.9415440651830239 0
    outer loop
      vertex 4.464455483607139 9.531104537171533 1.2000000000000002
      vertex 4.612293491784143 9.47820725201806 2.2
      vertex 4.612293491784143 9.47820725201806 1.2000000000000002
    endloop
  endfacet
  facet normal 0.4275550934302809 0.9039892931234439 0
    outer loop
      vertex 4.612293491784143 9.47820725201806 1.2000000000000002
      vertex 4.754234778921596 9.411074022957369 2.2
      vertex 4.754234778921596 9.411074022957369 1.2000000000000002
    endloop
  endfacet
  facet normal 0 0 1
    outer loop
      vertex 4.754234778921596 9.411074022957369 1.2000000000000002
      vertex 4.944469396133324 9.413498340914327 1.2000000000000002
      vertex 4.801374452604196 9.499266149392204 1.2000000000000002
    endloop
  endfacet
  facet normal 0 0 1
    outer loop
      vertex 4.754234778921596 9.411074022957369 1.2000000000000002
      vertex 4.8889123728313635 9.330351379684073 1.2000000000000002
      vertex 4.944469396133324 9.413498340914327 1.2000000000000002
    endloop
  endfacet
  facet normal 0 0 1
    outer loop
      vertex 4.8889123728313635 9.330351379684073 1.2000000000000002
      vertex 5.078468583078197 9.314117770716653 1.2000000000000002
      vertex 4.944469396133324 9.413498340914327 1.2000000000000002
    endloop
  endfacet
  facet normal 0.5141027441932213 0.8577286100002723 0
    outer loop
      vertex 4.754234778921596 9.411074022957369 1.2000000000000002
      vertex 4.8889123728313635 9.330351379684073 2.2
      vertex 4.8889123728313635 9.330351379684073 1.2000000000000002
    endloop
  endfacet
  facet normal 0.5956993044924348 0.8032075314806439 0
    outer loop
      vertex 4.8889123728313635 9.330351379684073 1.2000000000000002
      vertex 5.015029254661833 9.236816725380379 2.2
      vertex 5.015029254661833 9.236816725380379 1.2000000000000002
    endloop
  endfacet
  facet normal 0.33688985339221134 0.9415440651830239 0
    outer loop
      vertex 4.464455483607139 9.531104537171533 1.2000000000000002
      vertex 4.464455483607139 9.531104537171533 2.2
      vertex 4.612293491784143 9.47820725201806 2.2
    endloop
  endfacet
  facet normal 0.4275550934302809 0.9039892931234439 0
    outer loop
      vertex 4.612293491784143 9.47820725201806 1.2000000000000002
      vertex 4.612293491784143 9.47820725201806 2.2
      vertex 4.754234778921596 9.411074022957369 2.2
    endloop
  endfacet
  facet normal 0.5141027441932213 0.8577286100002723 0
    outer loop
      vertex 4.754234778921596 9.411074022957369 1.2000000000000002
      vertex 4.754234778921596 9.411074022957369 2.2
      vertex 4.8889123728313635 9.330351379684073 2.2
    endloop
  endfacet
  facet normal 0.5956993044924348 0.8032075314806439 0
    outer loop
      vertex 4.8889123728313635 9.330351379684073 1.2000000000000002
      vertex 4.8889123728313635 9.330351379684073 2.2
      vertex 5.015029254661833 9.236816725380379 2.2
    endloop
  endfacet
  facet normal 0 0 -1
    outer loop
      vertex 4.8889123728313635 9.330351379684073 2.2
      vertex 4.156827424527297 14.407704437324485 2.2
      vertex 5.015029254661833 9.236816725380379 2.2
    endloop
  endfacet
  facet normal 0 0 -1
    outer loop
      vertex 4.612293491784143 9.47820725201806 2.2
      vertex 4.156827424527297 14.407704437324485 2.2
      vertex 4.754234778921596 9.411074022957369 2.2
    endloop
  endfacet
  facet normal 0 0 -1
    outer loop
      vertex 4.754234778921596 9.411074022957369 2.2
      vertex 4.156827424527297 14.407704437324485 2.2
      vertex 4.8889123728313635 9.330351379684073 2.2
    endloop
  endfacet
  facet normal 0 0 -1
    outer loop
      vertex 4.156827424527297 14.407704437324485 2.2
      vertex 5.1313708498984765 9.131370849898477 2.2
      vertex 5.015029254661833 9.236816725380379 2.2
    endloop
  endfacet
  facet normal 0 0 -1
    outer loop
      vertex 4.156827424527297 14.407704437324485 2.2
      vertex 5.236816725380379 9.015029254661833 2.2
      vertex 5.1313708498984765 9.131370849898477 2.2
    endloop
  endfacet
  facet normal 0.049067674327415406 -0.9987954562051724 0
    outer loop
      vertex 4 14.4 0
      vertex 4.156827424527297 14.407704437324485 0
      vertex 4.156827424527297 14.407704437324485 0.40000000000000036
    endloop
  endfacet
  facet normal 0.049067674327415406 -0.9987954562051724 0
    outer loop
      vertex 4 14.4 0
      vertex 4.156827424527297 14.407704437324485 0.40000000000000036
      vertex 4 14.4 0.40000000000000036
    endloop
  endfacet
  facet normal 0.14673047445536444 -0.9891765099647806 0
    outer loop
      vertex 4.156827424527297 14.407704437324485 0
      vertex 4.312144515225805 14.430743551354832 0.40000000000000036
      vertex 4.156827424527297 14.407704437324485 0.40000000000000036
    endloop
  endfacet
  facet normal 0 0 -1
    outer loop
      vertex 4 14.3 0.40000000000000036
      vertex 4 14.4 0.40000000000000036
      vertex 4.166629138560253 14.308185964657266 0.40000000000000036
    endloop
  endfacet
  facet normal 0 0 -1
    outer loop
      vertex 4 14.4 0.40000000000000036
      vertex 4.156827424527297 14.407704437324485 0.40000000000000036
      vertex 4.166629138560253 14.308185964657266 0.40000000000000036
    endloop
  endfacet
  facet normal 0 0 -1
    outer loop
      vertex 4.166629138560253 14.308185964657266 0.40000000000000036
      vertex 4.156827424527297 14.407704437324485 0.40000000000000036
      vertex 4.331653547427418 14.332665023314508 0.40000000000000036
    endloop
  endfacet
  facet normal 0 0 -1
    outer loop
      vertex 3.687855484774195 14.430743551354832 0
      vertex 4.612293491784143 17.47820725201806 0
      vertex 3.843172575472703 14.407704437324485 0
    endloop
  endfacet
  facet normal 0 0 -1
    outer loop
      vertex 3.843172575472703 14.407704437324485 0
      vertex 4.612293491784143 17.47820725201806 0
      vertex 4 14.4 0
    endloop
  endfacet
  facet normal 0.14673047445536444 -0.9891765099647806 0
    outer loop
      vertex 4.156827424527297 14.407704437324485 0
      vertex 4.312144515225805 14.430743551354832 0
      vertex 4.312144515225805 14.430743551354832 0.40000000000000036
    endloop
  endfacet
  facet normal 0.24298017990325826 -0.9700312531945454 0
    outer loop
      vertex 4.312144515225805 14.430743551354832 0
      vertex 4.464455483607139 14.468895462828465 0.40000000000000036
      vertex 4.312144515225805 14.430743551354832 0.40000000000000036
    endloop
  endfacet
  facet normal 0.24298017990325826 -0.9700312531945454 0
    outer loop
      vertex 4.312144515225805 14.430743551354832 0
      vertex 4.464455483607139 14.468895462828465 0
      vertex 4.464455483607139 14.468895462828465 0.40000000000000036
    endloop
  endfacet
  facet normal 0 0 -1
    outer loop
      vertex 4.156827424527297 14.407704437324485 0.40000000000000036
      vertex 4.312144515225805 14.430743551354832 0.40000000000000036
      vertex 4.331653547427418 14.332665023314508 0.40000000000000036
    endloop
  endfacet
  facet normal 0 0 -1
    outer loop
      vertex 4.331653547427418 14.332665023314508 0.40000000000000036
      vertex 4.312144515225805 14.430743551354832 0.40000000000000036
      vertex 4.493483951332586 14.373201429255245 0.40000000000000036
    endloop
  endfacet
  facet normal 0 0 -1
    outer loop
      vertex 4.312144515225805 14.430743551354832 0.40000000000000036
      vertex 4.464455483607139 14.468895462828465 0.40000000000000036
      vertex 4.493483951332586 14.373201429255245 0.40000000000000036
    endloop
  endfacet
  facet normal 0 0 -1
    outer loop
      vertex 4 14.4 0
      vertex 4.612293491784143 17.47820725201806 0
      vertex 4.156827424527297 14.407704437324485 0
    endloop
  endfacet
  facet normal 0 0 -1
    outer loop
      vertex 4.156827424527297 14.407704437324485 0
      vertex 4.612293491784143 17.47820725201806 0
      vertex 4.312144515225805 14.430743551354832 0
    endloop
  endfacet
  facet normal 0 0 -1
    outer loop
      vertex 4.312144515225805 14.430743551354832 0
      vertex 4.612293491784143 17.47820725201806 0
      vertex 4.464455483607139 14.468895462828465 0
    endloop
  endfacet
  facet normal 0.04906767432741786 -0.9987954562051724 0
    outer loop
      vertex 4 14.3 0.40000000000000036
      vertex 4.166629138560253 14.308185964657266 0.40000000000000036
      vertex 4.166629138560253 14.308185964657266 1.2000000000000002
    endloop
  endfacet
  facet normal 0.04906767432741786 -0.9987954562051724 0
    outer loop
      vertex 4 14.3 0.40000000000000036
      vertex 4.166629138560253 14.308185964657266 1.2000000000000002
      vertex 4 14.3 1.2000000000000002
    endloop
  endfacet
  facet normal 0.14673047445535692 -0.9891765099647817 0
    outer loop
      vertex 4.166629138560253 14.308185964657266 0.40000000000000036
      vertex 4.331653547427418 14.332665023314508 1.2000000000000002
      vertex 4.166629138560253 14.308185964657266 1.2000000000000002
    endloop
  endfacet
  facet normal 0.14673047445535692 -0.9891765099647817 0
    outer loop
      vertex 4.166629138560253 14.308185964657266 0.40000000000000036
      vertex 4.331653547427418 14.332665023314508 0.40000000000000036
      vertex 4.331653547427418 14.332665023314508 1.2000000000000002
    endloop
  endfacet
  facet normal 0.2429801799032625 -0.9700312531945444 0
    outer loop
      vertex 4.331653547427418 14.332665023314508 0.40000000000000036
      vertex 4.493483951332586 14.373201429255245 0.40000000000000036
      vertex 4.493483951332586 14.373201429255245 1.2000000000000002
    endloop
  endfacet
  facet normal 0.2429801799032625 -0.9700312531945444 0
    outer loop
      vertex 4.331653547427418 14.332665023314508 0.40000000000000036
      vertex 4.493483951332586 14.373201429255245 1.2000000000000002
      vertex 4.331653547427418 14.332665023314508 1.2000000000000002
    endloop
  endfacet
  facet normal 0.33688985339222133 -0.9415440651830203 0
    outer loop
      vertex 4.464455483607139 14.468895462828465 0
      vertex 4.612293491784143 14.52179274798194 0
      vertex 4.612293491784143 14.52179274798194 0.40000000000000036
    endloop
  endfacet
  facet normal 0.33688985339222133 -0.9415440651830203 0
    outer loop
      vertex 4.464455483607139 14.468895462828465 0
      vertex 4.612293491784143 14.52179274798194 0.40000000000000036
      vertex 4.464455483607139 14.468895462828465 0.40000000000000036
    endloop
  endfacet
  facet normal 0.4275550934302809 -0.9039892931234439 0
    outer loop
      vertex 4.612293491784143 14.52179274798194 0
      vertex 4.754234778921596 14.588925977042631 0
      vertex 4.754234778921596 14.588925977042631 0.40000000000000036
    endloop
  endfacet
  facet normal 0.4275550934302809 -0.9039892931234439 0
    outer loop
      vertex 4.612293491784143 14.52179274798194 0
      vertex 4.754234778921596 14.588925977042631 0.40000000000000036
      vertex 4.612293491784143 14.52179274798194 0.40000000000000036
    endloop
  endfacet
  facet normal 0 0 -1
    outer loop
      vertex 4.464455483607139 14.468895462828465 0.40000000000000036
      vertex 4.650561835020652 14.429404794730813 0.40000000000000036
      vertex 4.493483951332586 14.373201429255245 0.40000000000000036
    endloop
  endfacet
  facet normal 0 0 -1
    outer loop
      vertex 4.464455483607139 14.468895462828465 0.40000000000000036
      vertex 4.612293491784143 14.52179274798194 0.40000000000000036
      vertex 4.650561835020652 14.429404794730813 0.40000000000000036
    endloop
  endfacet
  facet normal 0 0 -1
    outer loop
      vertex 4.650561835020652 14.429404794730813 0.40000000000000036
      vertex 4.612293491784143 14.52179274798194 0.40000000000000036
      vertex 4.801374452604196 14.500733850607796 0.40000000000000036
    endloop
  endfacet
  facet normal 0 0 -1
    outer loop
      vertex 4.612293491784143 14.52179274798194 0.40000000000000036
      vertex 4.754234778921596 14.588925977042631 0.40000000000000036
      vertex 4.801374452604196 14.500733850607796 0.40000000000000036
    endloop
  endfacet
  facet normal 0 0 -1
    outer loop
      vertex 4.464455483607139 14.468895462828465 0
      vertex 4.612293491784143 17.47820725201806 0
      vertex 4.612293491784143 14.52179274798194 0
    endloop
  endfacet
  facet normal 0 0 -1
    outer loop
      vertex 4.612293491784143 14.52179274798194 0
      vertex 4.612293491784143 17.47820725201806 0
      vertex 4.754234778921596 14.588925977042631 0
    endloop
  endfacet
  facet normal 0.5141027441932212 -0.8577286100002722 0
    outer loop
      vertex 4.754234778921596 14.588925977042631 0
      vertex 4.8889123728313635 14.669648620315927 0
      vertex 4.8889123728313635 14.669648620315927 0.40000000000000036
    endloop
  endfacet
  facet normal 0.5141027441932212 -0.8577286100002722 0
    outer loop
      vertex 4.754234778921596 14.588925977042631 0
      vertex 4.8889123728313635 14.669648620315927 0.40000000000000036
      vertex 4.754234778921596 14.588925977042631 0.40000000000000036
    endloop
  endfacet
  facet normal 0.5956993044924349 -0.8032075314806439 0
    outer loop
      vertex 4.8889123728313635 14.669648620315927 0
      vertex 5.015029254661833 14.763183274619621 0
      vertex 5.015029254661833 14.763183274619621 0.40000000000000036
    endloop
  endfacet
  facet normal 0.5956993044924349 -0.8032075314806439 0
    outer loop
      vertex 4.8889123728313635 14.669648620315927 0
      vertex 5.015029254661833 14.763183274619621 0.40000000000000036
      vertex 4.8889123728313635 14.669648620315927 0.40000000000000036
    endloop
  endfacet
  facet normal 0 0 -1
    outer loop
      vertex 4.801374452604196 14.500733850607796 0.40000000000000036
      vertex 4.754234778921596 14.588925977042631 0.40000000000000036
      vertex 4.944469396133324 14.586501659085673 0.40000000000000036
    endloop
  endfacet
  facet normal 0 0 -1
    outer loop
      vertex 4.754234778921596 14.588925977042631 0.40000000000000036
      vertex 4.8889123728313635 14.669648620315927 0.40000000000000036
      vertex 4.944469396133324 14.586501659085673 0.40000000000000036
    endloop
  endfacet
  facet normal 0 0 -1
    outer loop
      vertex 4.8889123728313635 14.669648620315927 0.40000000000000036
      vertex 5.078468583078197 14.685882229283347 0.40000000000000036
      vertex 4.944469396133324 14.586501659085673 0.40000000000000036
    endloop
  endfacet
  facet normal 0 0 -1
    outer loop
      vertex 4.754234778921596 14.588925977042631 0
      vertex 4.612293491784143 17.47820725201806 0
      vertex 4.8889123728313635 14.669648620315927 0
    endloop
  endfacet
  facet normal 0 0 -1
    outer loop
      vertex 4.8889123728313635 14.669648620315927 0
      vertex 4.612293491784143 17.47820725201806 0
      vertex 5.015029254661833 14.763183274619621 0
    endloop
  endfacet
  facet normal 0 0 -1
    outer loop
      vertex 5.015029254661833 14.763183274619621 0
      vertex 4.612293491784143 17.47820725201806 0
      vertex 5.1313708498984765 14.868629150101524 0
    endloop
  endfacet
  facet normal 0.3368898533922236 -0.9415440651830195 0
    outer loop
      vertex 4.493483951332586 14.373201429255245 0.40000000000000036
      vertex 4.650561835020652 14.429404794730813 0.40000000000000036
      vertex 4.650561835020652 14.429404794730813 1.2000000000000002
    endloop
  endfacet
  facet normal 0.3368898533922236 -0.9415440651830195 0
    outer loop
      vertex 4.493483951332586 14.373201429255245 0.40000000000000036
      vertex 4.650561835020652 14.429404794730813 1.2000000000000002
      vertex 4.493483951332586 14.373201429255245 1.2000000000000002
    endloop
  endfacet
  facet normal 0.42755509343027936 -0.9039892931234448 0
    outer loop
      vertex 4.650561835020652 14.429404794730813 0.40000000000000036
      vertex 4.801374452604196 14.500733850607796 1.2000000000000002
      vertex 4.650561835020652 14.429404794730813 1.2000000000000002
    endloop
  endfacet
  facet normal 0.42755509343027936 -0.9039892931234448 0
    outer loop
      vertex 4.650561835020652 14.429404794730813 0.40000000000000036
      vertex 4.801374452604196 14.500733850607796 0.40000000000000036
      vertex 4.801374452604196 14.500733850607796 1.2000000000000002
    endloop
  endfacet
  facet normal 0.5141027441932232 -0.8577286100002711 0
    outer loop
      vertex 4.801374452604196 14.500733850607796 0.40000000000000036
      vertex 4.944469396133324 14.586501659085673 0.40000000000000036
      vertex 4.944469396133324 14.586501659085673 1.2000000000000002
    endloop
  endfacet
  facet normal 0.5141027441932232 -0.8577286100002711 0
    outer loop
      vertex 4.801374452604196 14.500733850607796 0.40000000000000036
      vertex 4.944469396133324 14.586501659085673 1.2000000000000002
      vertex 4.801374452604196 14.500733850607796 1.2000000000000002
    endloop
  endfacet
  facet normal 0 0 -1
    outer loop
      vertex 4.156827424527297 9.592295562675515 2.2
      vertex 4 14.4 2.2
      vertex 4.156827424527297 14.407704437324485 2.2
    endloop
  endfacet
  facet normal 0 0 1
    outer loop
      vertex 4 14.3 1.2000000000000002
      vertex 4.156827424527297 14.407704437324485 1.2000000000000002
      vertex 4 14.4 1.2000000000000002
    endloop
  endfacet
  facet normal 0 0 1
    outer loop
      vertex 4 14.3 1.2000000000000002
      vertex 4.166629138560253 14.308185964657266 1.2000000000000002
      vertex 4.156827424527297 14.407704437324485 1.2000000000000002
    endloop
  endfacet
  facet normal 0 0 1
    outer loop
      vertex 4.166629138560253 14.308185964657266 1.2000000000000002
      vertex 4.312144515225805 14.430743551354832 1.2000000000000002
      vertex 4.156827424527297 14.407704437324485 1.2000000000000002
    endloop
  endfacet
  facet normal 0.04906767432741541 -0.9987954562051725 0
    outer loop
      vertex 4 14.4 1.2000000000000002
      vertex 4.156827424527297 14.407704437324485 1.2000000000000002
      vertex 4 14.4 2.2
    endloop
  endfacet
  facet normal 0.14673047445536444 -0.9891765099647806 0
    outer loop
      vertex 4.156827424527297 14.407704437324485 1.2000000000000002
      vertex 4.312144515225805 14.430743551354832 1.2000000000000002
      vertex 4.156827424527297 14.407704437324485 2.2
    endloop
  endfacet
  facet normal 0 0 1
    outer loop
      vertex 4.166629138560253 14.308185964657266 1.2000000000000002
      vertex 4.331653547427418 14.332665023314508 1.2000000000000002
      vertex 4.312144515225805 14.430743551354832 1.2000000000000002
    endloop
  endfacet
  facet normal 0 0 1
    outer loop
      vertex 4.331653547427418 14.332665023314508 1.2000000000000002
      vertex 4.464455483607139 14.468895462828465 1.2000000000000002
      vertex 4.312144515225805 14.430743551354832 1.2000000000000002
    endloop
  endfacet
  facet normal 0 0 1
    outer loop
      vertex 4.331653547427418 14.332665023314508 1.2000000000000002
      vertex 4.493483951332586 14.373201429255245 1.2000000000000002
      vertex 4.464455483607139 14.468895462828465 1.2000000000000002
    endloop
  endfacet
  facet normal 0.2429801799032583 -0.9700312531945454 0
    outer loop
      vertex 4.312144515225805 14.430743551354832 1.2000000000000002
      vertex 4.464455483607139 14.468895462828465 1.2000000000000002
      vertex 4.312144515225805 14.430743551354832 2.2
    endloop
  endfacet
  facet normal 0.04906767432741541 -0.9987954562051725 0
    outer loop
      vertex 4.156827424527297 14.407704437324485 1.2000000000000002
      vertex 4.156827424527297 14.407704437324485 2.2
      vertex 4 14.4 2.2
    endloop
  endfacet
  facet normal 0.14673047445536444 -0.9891765099647806 0
    outer loop
      vertex 4.312144515225805 14.430743551354832 1.2000000000000002
      vertex 4.312144515225805 14.430743551354832 2.2
      vertex 4.156827424527297 14.407704437324485 2.2
    endloop
  endfacet
  facet normal 0.2429801799032583 -0.9700312531945454 0
    outer loop
      vertex 4.464455483607139 14.468895462828465 1.2000000000000002
      vertex 4.464455483607139 14.468895462828465 2.2
      vertex 4.312144515225805 14.430743551354832 2.2
    endloop
  endfacet
  facet normal 0 0 -1
    outer loop
      vertex 4.156827424527297 14.407704437324485 2.2
      vertex 4.312144515225805 14.430743551354832 2.2
      vertex 6.1 8.4 2.2
    endloop
  endfacet
  facet normal 0 0 -1
    outer loop
      vertex 4.312144515225805 14.430743551354832 2.2
      vertex 4.464455483607139 14.468895462828465 2.2
      vertex 6.1 8.4 2.2
    endloop
  endfacet
  facet normal 0 0 1
    outer loop
      vertex 4.464455483607139 14.468895462828465 1.2000000000000002
      vertex 4.493483951332586 14.373201429255245 1.2000000000000002
      vertex 4.612293491784143 14.52179274798194 1.2000000000000002
    endloop
  endfacet
  facet normal 0 0 1
    outer loop
      vertex 4.493483951332586 14.373201429255245 1.2000000000000002
      vertex 4.650561835020652 14.429404794730813 1.2000000000000002
      vertex 4.612293491784143 14.52179274798194 1.2000000000000002
    endloop
  endfacet
  facet normal 0 0 1
    outer loop
      vertex 4.650561835020652 14.429404794730813 1.2000000000000002
      vertex 4.754234778921596 14.588925977042631 1.2000000000000002
      vertex 4.612293491784143 14.52179274798194 1.2000000000000002
    endloop
  endfacet
  facet normal 0.33688985339222133 -0.9415440651830204 0
    outer loop
      vertex 4.464455483607139 14.468895462828465 1.2000000000000002
      vertex 4.612293491784143 14.52179274798194 1.2000000000000002
      vertex 4.464455483607139 14.468895462828465 2.2
    endloop
  endfacet
  facet normal 0.4275550934302809 -0.9039892931234439 0
    outer loop
      vertex 4.612293491784143 14.52179274798194 1.2000000000000002
      vertex 4.754234778921596 14.588925977042631 1.2000000000000002
      vertex 4.612293491784143 14.52179274798194 2.2
    endloop
  endfacet
  facet normal 0 0 1
    outer loop
      vertex 4.650561835020652 14.429404794730813 1.2000000000000002
      vertex 4.801374452604196 14.500733850607796 1.2000000000000002
      vertex 4.754234778921596 14.588925977042631 1.2000000000000002
    endloop
  endfacet
  facet normal 0 0 1
    outer loop
      vertex 4.801374452604196 14.500733850607796 1.2000000000000002
      vertex 4.8889123728313635 14.669648620315927 1.2000000000000002
      vertex 4.754234778921596 14.588925977042631 1.2000000000000002
    endloop
  endfacet
  facet normal 0 0 1
    outer loop
      vertex 4.801374452604196 14.500733850607796 1.2000000000000002
      vertex 4.944469396133324 14.586501659085673 1.2000000000000002
      vertex 4.8889123728313635 14.669648620315927 1.2000000000000002
    endloop
  endfacet
  facet normal 0 0 1
    outer loop
      vertex 4.8889123728313635 14.669648620315927 1.2000000000000002
      vertex 4.944469396133324 14.586501659085673 1.2000000000000002
      vertex 5.015029254661833 14.763183274619621 1.2000000000000002
    endloop
  endfacet
  facet normal 0.5141027441932213 -0.8577286100002723 0
    outer loop
      vertex 4.754234778921596 14.588925977042631 1.2000000000000002
      vertex 4.8889123728313635 14.669648620315927 1.2000000000000002
      vertex 4.754234778921596 14.588925977042631 2.2
    endloop
  endfacet
  facet normal 0.5956993044924348 -0.8032075314806439 0
    outer loop
      vertex 4.8889123728313635 14.669648620315927 1.2000000000000002
      vertex 5.015029254661833 14.763183274619621 1.2000000000000002
      vertex 4.8889123728313635 14.669648620315927 2.2
    endloop
  endfacet
  facet normal 0.33688985339222133 -0.9415440651830204 0
    outer loop
      vertex 4.464455483607139 14.468895462828465 2.2
      vertex 4.612293491784143 14.52179274798194 1.2000000000000002
      vertex 4.612293491784143 14.52179274798194 2.2
    endloop
  endfacet
  facet normal 0.4275550934302809 -0.9039892931234439 0
    outer loop
      vertex 4.754234778921596 14.588925977042631 1.2000000000000002
      vertex 4.754234778921596 14.588925977042631 2.2
      vertex 4.612293491784143 14.52179274798194 2.2
    endloop
  endfacet
  facet normal 0.5141027441932213 -0.8577286100002723 0
    outer loop
      vertex 4.8889123728313635 14.669648620315927 1.2000000000000002
      vertex 4.8889123728313635 14.669648620315927 2.2
      vertex 4.754234778921596 14.588925977042631 2.2
    endloop
  endfacet
  facet normal 0.5956993044924348 -0.8032075314806439 0
    outer loop
      vertex 4.8889123728313635 14.669648620315927 2.2
      vertex 5.015029254661833 14.763183274619621 1.2000000000000002
      vertex 5.015029254661833 14.763183274619621 2.2
    endloop
  endfacet
  facet normal 0.671558954847013 0.740951125354964 0
    outer loop
      vertex 5.015029254661833 9.236816725380379 0
      vertex 5.015029254661833 9.236816725380379 0.40000000000000036
      vertex 5.1313708498984765 9.131370849898477 0
    endloop
  endfacet
  facet normal 0.671558954847013 0.740951125354964 0
    outer loop
      vertex 5.1313708498984765 9.131370849898477 0
      vertex 5.015029254661833 9.236816725380379 0.40000000000000036
      vertex 5.1313708498984765 9.131370849898477 0.40000000000000036
    endloop
  endfacet
  facet normal 0.7409511253549637 0.6715589548470133 0
    outer loop
      vertex 5.1313708498984765 9.131370849898477 0
      vertex 5.1313708498984765 9.131370849898477 0.40000000000000036
      vertex 5.236816725380379 9.015029254661833 0
    endloop
  endfacet
  facet normal 0.7409511253549637 0.6715589548470133 0
    outer loop
      vertex 5.1313708498984765 9.131370849898477 0.40000000000000036
      vertex 5.236816725380379 9.015029254661833 0.40000000000000036
      vertex 5.236816725380379 9.015029254661833 0
    endloop
  endfacet
  facet normal 0 0 -1
    outer loop
      vertex 4.944469396133324 9.413498340914327 0.40000000000000036
      vertex 5.078468583078197 9.314117770716653 0.40000000000000036
      vertex 5.015029254661833 9.236816725380379 0.40000000000000036
    endloop
  endfacet
  facet normal 0 0 -1
    outer loop
      vertex 5.015029254661833 9.236816725380379 0.40000000000000036
      vertex 5.078468583078197 9.314117770716653 0.40000000000000036
      vertex 5.1313708498984765 9.131370849898477 0.40000000000000036
    endloop
  endfacet
  facet normal 0 0 -1
    outer loop
      vertex 5.078468583078197 9.314117770716653 0.40000000000000036
      vertex 5.202081528017131 9.202081528017132 0.40000000000000036
      vertex 5.1313708498984765 9.131370849898477 0.40000000000000036
    endloop
  endfacet
  facet normal 0 0 -1
    outer loop
      vertex 5.1313708498984765 9.131370849898477 0.40000000000000036
      vertex 5.202081528017131 9.202081528017132 0.40000000000000036
      vertex 5.236816725380379 9.015029254661833 0.40000000000000036
    endloop
  endfacet
  facet normal 0.8032075314806439 0.5956993044924349 0
    outer loop
      vertex 5.236816725380379 9.015029254661833 0
      vertex 5.236816725380379 9.015029254661833 0.40000000000000036
      vertex 5.330351379684073 8.888912372831363 0
    endloop
  endfacet
  facet normal 0.8032075314806439 0.5956993044924349 0
    outer loop
      vertex 5.330351379684073 8.888912372831363 0
      vertex 5.236816725380379 9.015029254661833 0.40000000000000036
      vertex 5.330351379684073 8.888912372831363 0.40000000000000036
    endloop
  endfacet
  facet normal 0.8577286100002722 0.5141027441932212 0
    outer loop
      vertex 5.330351379684073 8.888912372831363 0
      vertex 5.330351379684073 8.888912372831363 0.40000000000000036
      vertex 5.411074022957369 8.754234778921596 0
    endloop
  endfacet
  facet normal 0.9039892931234439 0.4275550934302809 0
    outer loop
      vertex 5.411074022957369 8.754234778921596 0
      vertex 5.411074022957369 8.754234778921596 0.40000000000000036
      vertex 5.478207252018059 8.612293491784143 0
    endloop
  endfacet
  facet normal 0.8577286100002722 0.5141027441932212 0
    outer loop
      vertex 5.411074022957369 8.754234778921596 0
      vertex 5.330351379684073 8.888912372831363 0.40000000000000036
      vertex 5.411074022957369 8.754234778921596 0.40000000000000036
    endloop
  endfacet
  facet normal 0.9039892931234439 0.4275550934302809 0
    outer loop
      vertex 5.411074022957369 8.754234778921596 0.40000000000000036
      vertex 5.478207252018059 8.612293491784143 0.40000000000000036
      vertex 5.478207252018059 8.612293491784143 0
    endloop
  endfacet
  facet normal 0 0 -1
    outer loop
      vertex 5.236816725380379 9.015029254661833 0.40000000000000036
      vertex 5.314117770716653 9.078468583078198 0.40000000000000036
      vertex 5.330351379684073 8.888912372831363 0.40000000000000036
    endloop
  endfacet
  facet normal 0 0 -1
    outer loop
      vertex 5.330351379684073 8.888912372831363 0.40000000000000036
      vertex 5.314117770716653 9.078468583078198 0.40000000000000036
      vertex 5.413498340914327 8.944469396133325 0.40000000000000036
    endloop
  endfacet
  facet normal 0 0 -1
    outer loop
      vertex 5.330351379684073 8.888912372831363 0.40000000000000036
      vertex 5.413498340914327 8.944469396133325 0.40000000000000036
      vertex 5.411074022957369 8.754234778921596 0.40000000000000036
    endloop
  endfacet
  facet normal 0 0 -1
    outer loop
      vertex 5.411074022957369 8.754234778921596 0.40000000000000036
      vertex 5.413498340914327 8.944469396133325 0.40000000000000036
      vertex 5.478207252018059 8.612293491784143 0.40000000000000036
    endloop
  endfacet
  facet normal 0 0 -1
    outer loop
      vertex 5.202081528017131 9.202081528017132 0.40000000000000036
      vertex 5.314117770716653 9.078468583078198 0.40000000000000036
      vertex 5.236816725380379 9.015029254661833 0.40000000000000036
    endloop
  endfacet
  facet normal 0.5956993044924342 0.803207531480644 0
    outer loop
      vertex 4.944469396133324 9.413498340914327 0.40000000000000036
      vertex 4.944469396133324 9.413498340914327 1.2000000000000002
      vertex 5.078468583078197 9.314117770716653 0.40000000000000036
    endloop
  endfacet
  facet normal 0.6715589548470129 0.740951125354964 0
    outer loop
      vertex 5.078468583078197 9.314117770716653 0.40000000000000036
      vertex 5.078468583078197 9.314117770716653 1.2000000000000002
      vertex 5.202081528017131 9.202081528017132 0.40000000000000036
    endloop
  endfacet
  facet normal 0.5956993044924342 0.803207531480644 0
    outer loop
      vertex 4.944469396133324 9.413498340914327 1.2000000000000002
      vertex 5.078468583078197 9.314117770716653 1.2000000000000002
      vertex 5.078468583078197 9.314117770716653 0.40000000000000036
    endloop
  endfacet
  facet normal 0.6715589548470129 0.740951125354964 0
    outer loop
      vertex 5.202081528017131 9.202081528017132 0.40000000000000036
      vertex 5.078468583078197 9.314117770716653 1.2000000000000002
      vertex 5.202081528017131 9.202081528017132 1.2000000000000002
    endloop
  endfacet
  facet normal 0.803207531480644 0.5956993044924342 0
    outer loop
      vertex 5.413498340914327 8.944469396133325 0.40000000000000036
      vertex 5.314117770716653 9.078468583078198 0.40000000000000036
      vertex 5.413498340914327 8.944469396133325 1.2000000000000002
    endloop
  endfacet
  facet normal 0.803207531480644 0.5956993044924342 0
    outer loop
      vertex 5.314117770716653 9.078468583078198 0.40000000000000036
      vertex 5.314117770716653 9.078468583078198 1.2000000000000002
      vertex 5.413498340914327 8.944469396133325 1.2000000000000002
    endloop
  endfacet
  facet normal 0.8577286100002711 0.5141027441932232 0
    outer loop
      vertex 5.413498340914327 8.944469396133325 0.40000000000000036
      vertex 5.413498340914327 8.944469396133325 1.2000000000000002
      vertex 5.499266149392204 8.801374452604197 1.2000000000000002
    endloop
  endfacet
  facet normal 0.7409511253549614 0.6715589548470159 0
    outer loop
      vertex 5.202081528017131 9.202081528017132 0.40000000000000036
      vertex 5.314117770716653 9.078468583078198 1.2000000000000002
      vertex 5.314117770716653 9.078468583078198 0.40000000000000036
    endloop
  endfacet
  facet normal 0.7409511253549614 0.6715589548470159 0
    outer loop
      vertex 5.202081528017131 9.202081528017132 0.40000000000000036
      vertex 5.202081528017131 9.202081528017132 1.2000000000000002
      vertex 5.314117770716653 9.078468583078198 1.2000000000000002
    endloop
  endfacet
  facet normal 0.9891765099647806 0.14673047445536444 0
    outer loop
      vertex 5.569256448645168 8.312144515225805 0
      vertex 5.569256448645168 8.312144515225805 0.40000000000000036
      vertex 5.592295562675515 8.156827424527297 0
    endloop
  endfacet
  facet normal 0.970031253194544 0.24298017990326357 0
    outer loop
      vertex 5.531104537171534 8.46445548360714 0
      vertex 5.531104537171534 8.46445548360714 0.40000000000000036
      vertex 5.569256448645168 8.312144515225805 0
    endloop
  endfacet
  facet normal 0.9415440651830221 0.33688985339221633 0
    outer loop
      vertex 5.531104537171534 8.46445548360714 0
      vertex 5.478207252018059 8.612293491784143 0.40000000000000036
      vertex 5.531104537171534 8.46445548360714 0.40000000000000036
    endloop
  endfacet
  facet normal 0.970031253194544 0.24298017990326357 0
    outer loop
      vertex 5.569256448645168 8.312144515225805 0
      vertex 5.531104537171534 8.46445548360714 0.40000000000000036
      vertex 5.569256448645168 8.312144515225805 0.40000000000000036
    endloop
  endfacet
  facet normal 0.9415440651830221 0.33688985339221633 0
    outer loop
      vertex 5.531104537171534 8.46445548360714 0
      vertex 5.478207252018059 8.612293491784143 0
      vertex 5.478207252018059 8.612293491784143 0.40000000000000036
    endloop
  endfacet
  facet normal 0.9987954562051724 0.049067674327415406 0
    outer loop
      vertex 5.6 8 0
      vertex 5.592295562675515 8.156827424527297 0
      vertex 5.592295562675515 8.156827424527297 0.40000000000000036
    endloop
  endfacet
  facet normal 0.9987954562051724 0.049067674327415406 0
    outer loop
      vertex 5.6 8 0
      vertex 5.592295562675515 8.156827424527297 0.40000000000000036
      vertex 5.6 8 0.40000000000000036
    endloop
  endfacet
  facet normal 0.9891765099647806 0.14673047445536444 0
    outer loop
      vertex 5.592295562675515 8.156827424527297 0
      vertex 5.569256448645168 8.312144515225805 0.40000000000000036
      vertex 5.592295562675515 8.156827424527297 0.40000000000000036
    endloop
  endfacet
  facet normal 0 0 -1
    outer loop
      vertex 5.569256448645168 8.312144515225805 0.40000000000000036
      vertex 5.570595205269187 8.650561835020653 0.40000000000000036
      vertex 5.592295562675515 8.156827424527297 0.40000000000000036
    endloop
  endfacet
  facet normal 0 0 -1
    outer loop
      vertex 5.531104537171534 8.46445548360714 0.40000000000000036
      vertex 5.570595205269187 8.650561835020653 0.40000000000000036
      vertex 5.569256448645168 8.312144515225805 0.40000000000000036
    endloop
  endfacet
  facet normal 0 0 -1
    outer loop
      vertex 5.413498340914327 8.944469396133325 0.40000000000000036
      vertex 5.499266149392204 8.801374452604197 0.40000000000000036
      vertex 5.478207252018059 8.612293491784143 0.40000000000000036
    endloop
  endfacet
  facet normal 0 0 -1
    outer loop
      vertex 5.531104537171534 8.46445548360714 0.40000000000000036
      vertex 5.478207252018059 8.612293491784143 0.40000000000000036
      vertex 5.499266149392204 8.801374452604197 0.40000000000000036
    endloop
  endfacet
  facet normal 0 0 -1
    outer loop
      vertex 5.531104537171534 8.46445548360714 0.40000000000000036
      vertex 5.499266149392204 8.801374452604197 0.40000000000000036
      vertex 5.570595205269187 8.650561835020653 0.40000000000000036
    endloop
  endfacet
  facet normal 0 0 -1
    outer loop
      vertex 5.6 8 0.40000000000000036
      vertex 5.592295562675515 8.156827424527297 0.40000000000000036
      vertex 5.626798570744755 8.493483951332585 0.40000000000000036
    endloop
  endfacet
  facet normal 0 0 -1
    outer loop
      vertex 5.626798570744755 7.5065160486674145 0.40000000000000036
      vertex 5.626798570744755 8.493483951332585 0.40000000000000036
      vertex 5.667334976685492 8.331653547427418 0.40000000000000036
    endloop
  endfacet
  facet normal 0 0 -1
    outer loop
      vertex 5.570595205269187 8.650561835020653 0.40000000000000036
      vertex 5.626798570744755 8.493483951332585 0.40000000000000036
      vertex 5.592295562675515 8.156827424527297 0.40000000000000036
    endloop
  endfacet
  facet normal 0 0 -1
    outer loop
      vertex 5.667334976685492 7.668346452572582 0.40000000000000036
      vertex 5.667334976685492 8.331653547427418 0.40000000000000036
      vertex 5.691814035342735 8.166629138560253 0.40000000000000036
    endloop
  endfacet
  facet normal 0.8577286100002711 0.5141027441932232 0
    outer loop
      vertex 5.413498340914327 8.944469396133325 0.40000000000000036
      vertex 5.499266149392204 8.801374452604197 1.2000000000000002
      vertex 5.499266149392204 8.801374452604197 0.40000000000000036
    endloop
  endfacet
  facet normal 0.9039892931234448 0.42755509343027936 0
    outer loop
      vertex 5.499266149392204 8.801374452604197 0.40000000000000036
      vertex 5.570595205269187 8.650561835020653 1.2000000000000002
      vertex 5.570595205269187 8.650561835020653 0.40000000000000036
    endloop
  endfacet
  facet normal 0.9415440651830207 0.3368898533922202 0
    outer loop
      vertex 5.570595205269187 8.650561835020653 0.40000000000000036
      vertex 5.626798570744755 8.493483951332585 1.2000000000000002
      vertex 5.626798570744755 8.493483951332585 0.40000000000000036
    endloop
  endfacet
  facet normal 0.9987954562051724 0.04906767432741786 0
    outer loop
      vertex 5.7 8 0.40000000000000036
      vertex 5.691814035342735 8.166629138560253 0.40000000000000036
      vertex 5.7 8 1.2000000000000002
    endloop
  endfacet
  facet normal 0.9891765099647808 0.1467304744553621 0
    outer loop
      vertex 5.691814035342735 8.166629138560253 0.40000000000000036
      vertex 5.667334976685492 8.331653547427418 0.40000000000000036
      vertex 5.691814035342735 8.166629138560253 1.2000000000000002
    endloop
  endfacet
  facet normal 0.9700312531945441 0.2429801799032638 0
    outer loop
      vertex 5.626798570744755 8.493483951332585 0.40000000000000036
      vertex 5.667334976685492 8.331653547427418 1.2000000000000002
      vertex 5.667334976685492 8.331653547427418 0.40000000000000036
    endloop
  endfacet
  facet normal 0.9039892931234448 0.42755509343027936 0
    outer loop
      vertex 5.499266149392204 8.801374452604197 0.40000000000000036
      vertex 5.499266149392204 8.801374452604197 1.2000000000000002
      vertex 5.570595205269187 8.650561835020653 1.2000000000000002
    endloop
  endfacet
  facet normal 0.9700312531945441 0.2429801799032638 0
    outer loop
      vertex 5.626798570744755 8.493483951332585 0.40000000000000036
      vertex 5.626798570744755 8.493483951332585 1.2000000000000002
      vertex 5.667334976685492 8.331653547427418 1.2000000000000002
    endloop
  endfacet
  facet normal 0.9891765099647808 0.1467304744553621 0
    outer loop
      vertex 5.667334976685492 8.331653547427418 0.40000000000000036
      vertex 5.667334976685492 8.331653547427418 1.2000000000000002
      vertex 5.691814035342735 8.166629138560253 1.2000000000000002
    endloop
  endfacet
  facet normal 0.9987954562051724 0.04906767432741786 0
    outer loop
      vertex 5.7 8 1.2000000000000002
      vertex 5.691814035342735 8.166629138560253 0.40000000000000036
      vertex 5.691814035342735 8.166629138560253 1.2000000000000002
    endloop
  endfacet
  facet normal 0.9415440651830207 0.3368898533922202 0
    outer loop
      vertex 5.570595205269187 8.650561835020653 0.40000000000000036
      vertex 5.570595205269187 8.650561835020653 1.2000000000000002
      vertex 5.626798570744755 8.493483951332585 1.2000000000000002
    endloop
  endfacet
  facet normal 0 0 1
    outer loop
      vertex 4.8889123728313635 9.330351379684073 1.2000000000000002
      vertex 5.015029254661833 9.236816725380379 1.2000000000000002
      vertex 5.078468583078197 9.314117770716653 1.2000000000000002
    endloop
  endfacet
  facet normal 0 0 1
    outer loop
      vertex 5.015029254661833 9.236816725380379 1.2000000000000002
      vertex 5.202081528017131 9.202081528017132 1.2000000000000002
      vertex 5.078468583078197 9.314117770716653 1.2000000000000002
    endloop
  endfacet
  facet normal 0 0 1
    outer loop
      vertex 5.015029254661833 9.236816725380379 1.2000000000000002
      vertex 5.1313708498984765 9.131370849898477 1.2000000000000002
      vertex 5.202081528017131 9.202081528017132 1.2000000000000002
    endloop
  endfacet
  facet normal 0 0 1
    outer loop
      vertex 5.1313708498984765 9.131370849898477 1.2000000000000002
      vertex 5.314117770716653 9.078468583078198 1.2000000000000002
      vertex 5.202081528017131 9.202081528017132 1.2000000000000002
    endloop
  endfacet
  facet normal 0.671558954847013 0.740951125354964 0
    outer loop
      vertex 5.015029254661833 9.236816725380379 1.2000000000000002
      vertex 5.1313708498984765 9.131370849898477 2.2
      vertex 5.1313708498984765 9.131370849898477 1.2000000000000002
    endloop
  endfacet
  facet normal 0.7409511253549637 0.6715589548470133 0
    outer loop
      vertex 5.1313708498984765 9.131370849898477 1.2000000000000002
      vertex 5.236816725380379 9.015029254661833 2.2
      vertex 5.236816725380379 9.015029254661833 1.2000000000000002
    endloop
  endfacet
  facet normal 0 0 1
    outer loop
      vertex 5.236816725380379 9.015029254661833 1.2000000000000002
      vertex 5.413498340914327 8.944469396133325 1.2000000000000002
      vertex 5.314117770716653 9.078468583078198 1.2000000000000002
    endloop
  endfacet
  facet normal 0 0 1
    outer loop
      vertex 5.236816725380379 9.015029254661833 1.2000000000000002
      vertex 5.330351379684073 8.888912372831363 1.2000000000000002
      vertex 5.413498340914327 8.944469396133325 1.2000000000000002
    endloop
  endfacet
  facet normal 0 0 1
    outer loop
      vertex 5.330351379684073 8.888912372831363 1.2000000000000002
      vertex 5.411074022957369 8.754234778921596 1.2000000000000002
      vertex 5.413498340914327 8.944469396133325 1.2000000000000002
    endloop
  endfacet
  facet normal 0 0 1
    outer loop
      vertex 5.411074022957369 8.754234778921596 1.2000000000000002
      vertex 5.499266149392204 8.801374452604197 1.2000000000000002
      vertex 5.413498340914327 8.944469396133325 1.2000000000000002
    endloop
  endfacet
  facet normal 0.8032075314806439 0.5956993044924348 0
    outer loop
      vertex 5.236816725380379 9.015029254661833 1.2000000000000002
      vertex 5.330351379684073 8.888912372831363 2.2
      vertex 5.330351379684073 8.888912372831363 1.2000000000000002
    endloop
  endfacet
  facet normal 0.8577286100002723 0.5141027441932213 0
    outer loop
      vertex 5.330351379684073 8.888912372831363 1.2000000000000002
      vertex 5.411074022957369 8.754234778921596 2.2
      vertex 5.411074022957369 8.754234778921596 1.2000000000000002
    endloop
  endfacet
  facet normal 0.9039892931234439 0.4275550934302809 0
    outer loop
      vertex 5.411074022957369 8.754234778921596 1.2000000000000002
      vertex 5.478207252018059 8.612293491784143 2.2
      vertex 5.478207252018059 8.612293491784143 1.2000000000000002
    endloop
  endfacet
  facet normal 0 0 1
    outer loop
      vertex 5.1313708498984765 9.131370849898477 1.2000000000000002
      vertex 5.236816725380379 9.015029254661833 1.2000000000000002
      vertex 5.314117770716653 9.078468583078198 1.2000000000000002
    endloop
  endfacet
  facet normal 0.671558954847013 0.740951125354964 0
    outer loop
      vertex 5.015029254661833 9.236816725380379 1.2000000000000002
      vertex 5.015029254661833 9.236816725380379 2.2
      vertex 5.1313708498984765 9.131370849898477 2.2
    endloop
  endfacet
  facet normal 0.7409511253549637 0.6715589548470133 0
    outer loop
      vertex 5.1313708498984765 9.131370849898477 1.2000000000000002
      vertex 5.1313708498984765 9.131370849898477 2.2
      vertex 5.236816725380379 9.015029254661833 2.2
    endloop
  endfacet
  facet normal 0.8032075314806439 0.5956993044924348 0
    outer loop
      vertex 5.236816725380379 9.015029254661833 1.2000000000000002
      vertex 5.236816725380379 9.015029254661833 2.2
      vertex 5.330351379684073 8.888912372831363 2.2
    endloop
  endfacet
  facet normal 0.8577286100002723 0.5141027441932213 0
    outer loop
      vertex 5.330351379684073 8.888912372831363 1.2000000000000002
      vertex 5.330351379684073 8.888912372831363 2.2
      vertex 5.411074022957369 8.754234778921596 2.2
    endloop
  endfacet
  facet normal 0.9039892931234439 0.4275550934302809 0
    outer loop
      vertex 5.411074022957369 8.754234778921596 1.2000000000000002
      vertex 5.411074022957369 8.754234778921596 2.2
      vertex 5.478207252018059 8.612293491784143 2.2
    endloop
  endfacet
  facet normal 0 0 -1
    outer loop
      vertex 4.156827424527297 14.407704437324485 2.2
      vertex 6.1 8.4 2.2
      vertex 5.236816725380379 9.015029254661833 2.2
    endloop
  endfacet
  facet normal 0.9891765099647806 0.14673047445536444 0
    outer loop
      vertex 5.569256448645168 8.312144515225805 1.2000000000000002
      vertex 5.569256448645168 8.312144515225805 1.4000000000000004
      vertex 5.592295562675515 8.156827424527297 1.4000000000000004
    endloop
  endfacet
  facet normal 0.970031253194544 0.24298017990326357 8.976523517971554e-16
    outer loop
      vertex 5.531104537171534 8.46445548360714 1.2000000000000002
      vertex 5.5472497953279465 8.4 1.4000000000000004
      vertex 5.569256448645168 8.312144515225805 1.2000000000000002
    endloop
  endfacet
  facet normal 0 0 1
    outer loop
      vertex 5.569256448645168 8.312144515225805 1.2000000000000002
      vertex 5.592295562675515 8.156827424527297 1.2000000000000002
      vertex 5.570595205269187 8.650561835020653 1.2000000000000002
    endloop
  endfacet
  facet normal 0 0 1
    outer loop
      vertex 5.531104537171534 8.46445548360714 1.2000000000000002
      vertex 5.569256448645168 8.312144515225805 1.2000000000000002
      vertex 5.570595205269187 8.650561835020653 1.2000000000000002
    endloop
  endfacet
  facet normal 0.9700312531945436 0.24298017990326556 0
    outer loop
      vertex 5.569256448645168 8.312144515225805 1.2000000000000002
      vertex 5.5472497953279465 8.4 1.4000000000000004
      vertex 5.569256448645168 8.312144515225805 1.4000000000000004
    endloop
  endfacet
  facet normal 0 0 1
    outer loop
      vertex 5.411074022957369 8.754234778921596 1.2000000000000002
      vertex 5.478207252018059 8.612293491784143 1.2000000000000002
      vertex 5.499266149392204 8.801374452604197 1.2000000000000002
    endloop
  endfacet
  facet normal 0 0 1
    outer loop
      vertex 5.478207252018059 8.612293491784143 1.2000000000000002
      vertex 5.570595205269187 8.650561835020653 1.2000000000000002
      vertex 5.499266149392204 8.801374452604197 1.2000000000000002
    endloop
  endfacet
  facet normal 0 0 1
    outer loop
      vertex 5.531104537171534 8.46445548360714 1.2000000000000002
      vertex 5.570595205269187 8.650561835020653 1.2000000000000002
      vertex 5.478207252018059 8.612293491784143 1.2000000000000002
    endloop
  endfacet
  facet normal 0 0 1
    outer loop
      vertex 5.626798570744755 7.5065160486674145 1.2000000000000002
      vertex 5.570595205269187 8.650561835020653 1.2000000000000002
      vertex 5.6 8 1.2000000000000002
    endloop
  endfacet
  facet normal 0.9987954562051724 0.049067674327415406 0
    outer loop
      vertex 5.6 8 1.2000000000000002
      vertex 5.592295562675515 8.156827424527297 1.2000000000000002
      vertex 5.6 8 1.4000000000000004
    endloop
  endfacet
  facet normal 0 0 1
    outer loop
      vertex 5.6 8 1.2000000000000002
      vertex 5.570595205269187 8.650561835020653 1.2000000000000002
      vertex 5.592295562675515 8.156827424527297 1.2000000000000002
    endloop
  endfacet
  facet normal 0 0 1
    outer loop
      vertex 5.626798570744755 7.5065160486674145 1.2000000000000002
      vertex 5.626798570744755 8.493483951332585 1.2000000000000002
      vertex 5.570595205269187 8.650561835020653 1.2000000000000002
    endloop
  endfacet
  facet normal 0.9891765099647806 0.14673047445536444 0
    outer loop
      vertex 5.569256448645168 8.312144515225805 1.2000000000000002
      vertex 5.592295562675515 8.156827424527297 1.4000000000000004
      vertex 5.592295562675515 8.156827424527297 1.2000000000000002
    endloop
  endfacet
  facet normal 0.9987954562051724 0.049067674327415406 0
    outer loop
      vertex 5.6 8 1.4000000000000004
      vertex 5.592295562675515 8.156827424527297 1.2000000000000002
      vertex 5.592295562675515 8.156827424527297 1.4000000000000004
    endloop
  endfacet
  facet normal 0 0 1
    outer loop
      vertex 5.667334976685492 7.668346452572582 1.2000000000000002
      vertex 5.667334976685492 8.331653547427418 1.2000000000000002
      vertex 5.626798570744755 8.493483951332585 1.2000000000000002
    endloop
  endfacet
  facet normal 0 0 1
    outer loop
      vertex 5.691814035342735 7.833370861439747 1.2000000000000002
      vertex 5.691814035342735 8.166629138560253 1.2000000000000002
      vertex 5.667334976685492 8.331653547427418 1.2000000000000002
    endloop
  endfacet
  facet normal 0.9415440651830221 0.33688985339221633 0
    outer loop
      vertex 5.531104537171534 8.46445548360714 1.2000000000000002
      vertex 5.478207252018059 8.612293491784143 1.2000000000000002
      vertex 5.531104537171534 8.46445548360714 2.2
    endloop
  endfacet
  facet normal 0.9700312531945446 0.24298017990326096 0
    outer loop
      vertex 5.531104537171534 8.46445548360714 1.2000000000000002
      vertex 5.531104537171534 8.46445548360714 2.2
      vertex 5.5472497953279465 8.4 1.4000000000000004
    endloop
  endfacet
  facet normal 0 0 -1
    outer loop
      vertex 5.5472497953279465 8.4 1.4000000000000004
      vertex 6.5 8.4 1.4000000000000004
      vertex 5.569256448645168 8.312144515225805 1.4000000000000004
    endloop
  endfacet
  facet normal 0.9700312531945448 0.24298017990326096 0
    outer loop
      vertex 5.5472497953279465 8.4 1.4000000000000004
      vertex 5.531104537171534 8.46445548360714 2.2
      vertex 5.5472497953279465 8.4 2.2
    endloop
  endfacet
  facet normal 0.9415440651830221 0.33688985339221633 0
    outer loop
      vertex 5.478207252018059 8.612293491784143 1.2000000000000002
      vertex 5.478207252018059 8.612293491784143 2.2
      vertex 5.531104537171534 8.46445548360714 2.2
    endloop
  endfacet
  facet normal 0 0 -1
    outer loop
      vertex 5.236816725380379 9.015029254661833 2.2
      vertex 6.1 8.4 2.2
      vertex 5.330351379684073 8.888912372831363 2.2
    endloop
  endfacet
  facet normal 0 0 -1
    outer loop
      vertex 5.531104537171534 8.46445548360714 2.2
      vertex 5.478207252018059 8.612293491784143 2.2
      vertex 6.1 8.4 2.2
    endloop
  endfacet
  facet normal 0 0 -1
    outer loop
      vertex 5.330351379684073 8.888912372831363 2.2
      vertex 6.1 8.4 2.2
      vertex 5.411074022957369 8.754234778921596 2.2
    endloop
  endfacet
  facet normal 0 0 -1
    outer loop
      vertex 5.411074022957369 8.754234778921596 2.2
      vertex 6.1 8.4 2.2
      vertex 5.478207252018059 8.612293491784143 2.2
    endloop
  endfacet
  facet normal 0 1 0
    outer loop
      vertex 5.5472497953279465 8.4 1.4000000000000004
      vertex 5.5472497953279465 8.4 2.2
      vertex 6.1 8.4 2
    endloop
  endfacet
  facet normal 0 0 -1
    outer loop
      vertex 5.5472497953279465 8.4 2.2
      vertex 5.531104537171534 8.46445548360714 2.2
      vertex 6.1 8.4 2.2
    endloop
  endfacet
  facet normal 0 1 0
    outer loop
      vertex 5.5472497953279465 8.4 2.2
      vertex 6.1 8.4 2.2
      vertex 6.1 8.4 2
    endloop
  endfacet
  facet normal 0.6715589548470192 -0.7409511253549583 0
    outer loop
      vertex 5.015029254661833 14.763183274619621 0
      vertex 5.1313708498984765 14.868629150101524 0
      vertex 5.1313708498984765 14.868629150101524 0.40000000000000036
    endloop
  endfacet
  facet normal 0.6715589548470192 -0.7409511253549583 0
    outer loop
      vertex 5.015029254661833 14.763183274619621 0
      vertex 5.1313708498984765 14.868629150101524 0.40000000000000036
      vertex 5.015029254661833 14.763183274619621 0.40000000000000036
    endloop
  endfacet
  facet normal 0.7409511253549587 -0.671558954847019 0
    outer loop
      vertex 5.1313708498984765 14.868629150101524 0
      vertex 5.236816725380379 14.984970745338167 0
      vertex 5.236816725380379 14.984970745338167 0.40000000000000036
    endloop
  endfacet
  facet normal 0.7409511253549587 -0.671558954847019 0
    outer loop
      vertex 5.1313708498984765 14.868629150101524 0
      vertex 5.236816725380379 14.984970745338167 0.40000000000000036
      vertex 5.1313708498984765 14.868629150101524 0.40000000000000036
    endloop
  endfacet
  facet normal 0 0 -1
    outer loop
      vertex 4.8889123728313635 14.669648620315927 0.40000000000000036
      vertex 5.015029254661833 14.763183274619621 0.40000000000000036
      vertex 5.078468583078197 14.685882229283347 0.40000000000000036
    endloop
  endfacet
  facet normal 0 0 -1
    outer loop
      vertex 5.015029254661833 14.763183274619621 0.40000000000000036
      vertex 5.202081528017131 14.797918471982868 0.40000000000000036
      vertex 5.078468583078197 14.685882229283347 0.40000000000000036
    endloop
  endfacet
  facet normal 0 0 -1
    outer loop
      vertex 5.015029254661833 14.763183274619621 0.40000000000000036
      vertex 5.1313708498984765 14.868629150101524 0.40000000000000036
      vertex 5.202081528017131 14.797918471982868 0.40000000000000036
    endloop
  endfacet
  facet normal 0 0 -1
    outer loop
      vertex 5.1313708498984765 14.868629150101524 0.40000000000000036
      vertex 5.314117770716653 14.921531416921802 0.40000000000000036
      vertex 5.202081528017131 14.797918471982868 0.40000000000000036
    endloop
  endfacet
  facet normal 0 0 -1
    outer loop
      vertex 5.1313708498984765 14.868629150101524 0
      vertex 4.612293491784143 17.47820725201806 0
      vertex 5.236816725380379 14.984970745338167 0
    endloop
  endfacet
  facet normal 0 0 -1
    outer loop
      vertex 5.236816725380379 14.984970745338167 0
      vertex 4.612293491784143 17.47820725201806 0
      vertex 5.330351379684073 15.111087627168637 0
    endloop
  endfacet
  facet normal 0 0 -1
    outer loop
      vertex 5.330351379684073 15.111087627168637 0
      vertex 4.612293491784143 17.47820725201806 0
      vertex 5.411074022957369 15.245765221078404 0
    endloop
  endfacet
  facet normal 0 0 -1
    outer loop
      vertex 5.1313708498984765 14.868629150101524 0.40000000000000036
      vertex 5.236816725380379 14.984970745338167 0.40000000000000036
      vertex 5.314117770716653 14.921531416921802 0.40000000000000036
    endloop
  endfacet
  facet normal 0 0 -1
    outer loop
      vertex 5.236816725380379 14.984970745338167 0.40000000000000036
      vertex 5.413498340914327 15.055530603866677 0.40000000000000036
      vertex 5.314117770716653 14.921531416921802 0.40000000000000036
    endloop
  endfacet
  facet normal 0.8032075314806439 -0.5956993044924349 0
    outer loop
      vertex 5.236816725380379 14.984970745338167 0
      vertex 5.330351379684073 15.111087627168637 0
      vertex 5.330351379684073 15.111087627168637 0.40000000000000036
    endloop
  endfacet
  facet normal 0.8032075314806439 -0.5956993044924349 0
    outer loop
      vertex 5.236816725380379 14.984970745338167 0
      vertex 5.330351379684073 15.111087627168637 0.40000000000000036
      vertex 5.236816725380379 14.984970745338167 0.40000000000000036
    endloop
  endfacet
  facet normal 0.8577286100002722 -0.5141027441932212 0
    outer loop
      vertex 5.330351379684073 15.111087627168637 0
      vertex 5.411074022957369 15.245765221078404 0
      vertex 5.411074022957369 15.245765221078404 0.40000000000000036
    endloop
  endfacet
  facet normal 0.9039892931234439 -0.4275550934302809 0
    outer loop
      vertex 5.411074022957369 15.245765221078404 0
      vertex 5.478207252018059 15.387706508215857 0
      vertex 5.478207252018059 15.387706508215857 0.40000000000000036
    endloop
  endfacet
  facet normal 0.8577286100002722 -0.5141027441932212 0
    outer loop
      vertex 5.330351379684073 15.111087627168637 0
      vertex 5.411074022957369 15.245765221078404 0.40000000000000036
      vertex 5.330351379684073 15.111087627168637 0.40000000000000036
    endloop
  endfacet
  facet normal 0.9039892931234439 -0.4275550934302809 0
    outer loop
      vertex 5.411074022957369 15.245765221078404 0
      vertex 5.478207252018059 15.387706508215857 0.40000000000000036
      vertex 5.411074022957369 15.245765221078404 0.40000000000000036
    endloop
  endfacet
  facet normal 0 0 -1
    outer loop
      vertex 5.236816725380379 14.984970745338167 0.40000000000000036
      vertex 5.330351379684073 15.111087627168637 0.40000000000000036
      vertex 5.413498340914327 15.055530603866677 0.40000000000000036
    endloop
  endfacet
  facet normal 0 0 -1
    outer loop
      vertex 5.330351379684073 15.111087627168637 0.40000000000000036
      vertex 5.411074022957369 15.245765221078404 0.40000000000000036
      vertex 5.413498340914327 15.055530603866677 0.40000000000000036
    endloop
  endfacet
  facet normal 0 0 -1
    outer loop
      vertex 5.413498340914327 15.055530603866677 0.40000000000000036
      vertex 5.411074022957369 15.245765221078404 0.40000000000000036
      vertex 5.499266149392204 15.198625547395803 0.40000000000000036
    endloop
  endfacet
  facet normal 0.5956993044924342 -0.803207531480644 0
    outer loop
      vertex 4.944469396133324 14.586501659085673 0.40000000000000036
      vertex 5.078468583078197 14.685882229283347 0.40000000000000036
      vertex 5.078468583078197 14.685882229283347 1.2000000000000002
    endloop
  endfacet
  facet normal 0.6715589548470129 -0.740951125354964 0
    outer loop
      vertex 5.078468583078197 14.685882229283347 0.40000000000000036
      vertex 5.202081528017131 14.797918471982868 0.40000000000000036
      vertex 5.202081528017131 14.797918471982868 1.2000000000000002
    endloop
  endfacet
  facet normal 0.5956993044924342 -0.803207531480644 0
    outer loop
      vertex 4.944469396133324 14.586501659085673 0.40000000000000036
      vertex 5.078468583078197 14.685882229283347 1.2000000000000002
      vertex 4.944469396133324 14.586501659085673 1.2000000000000002
    endloop
  endfacet
  facet normal 0.6715589548470129 -0.740951125354964 0
    outer loop
      vertex 5.078468583078197 14.685882229283347 0.40000000000000036
      vertex 5.202081528017131 14.797918471982868 1.2000000000000002
      vertex 5.078468583078197 14.685882229283347 1.2000000000000002
    endloop
  endfacet
  facet normal 0.7409511253549614 -0.6715589548470159 0
    outer loop
      vertex 5.202081528017131 14.797918471982868 0.40000000000000036
      vertex 5.314117770716653 14.921531416921802 0.40000000000000036
      vertex 5.202081528017131 14.797918471982868 1.2000000000000002
    endloop
  endfacet
  facet normal 0.8032075314806479 -0.5956993044924291 0
    outer loop
      vertex 5.314117770716653 14.921531416921802 0.40000000000000036
      vertex 5.413498340914327 15.055530603866677 0.40000000000000036
      vertex 5.314117770716653 14.921531416921802 1.2000000000000002
    endloop
  endfacet
  facet normal 0.7409511253549614 -0.6715589548470159 0
    outer loop
      vertex 5.314117770716653 14.921531416921802 0.40000000000000036
      vertex 5.314117770716653 14.921531416921802 1.2000000000000002
      vertex 5.202081528017131 14.797918471982868 1.2000000000000002
    endloop
  endfacet
  facet normal 0.8577286100002683 -0.5141027441932279 0
    outer loop
      vertex 5.413498340914327 15.055530603866677 0.40000000000000036
      vertex 5.499266149392204 15.198625547395803 0.40000000000000036
      vertex 5.413498340914327 15.055530603866677 1.2000000000000002
    endloop
  endfacet
  facet normal 0.8032075314806479 -0.5956993044924291 0
    outer loop
      vertex 5.413498340914327 15.055530603866677 0.40000000000000036
      vertex 5.413498340914327 15.055530603866677 1.2000000000000002
      vertex 5.314117770716653 14.921531416921802 1.2000000000000002
    endloop
  endfacet
  facet normal 0.9415440651830221 -0.33688985339221633 0
    outer loop
      vertex 5.478207252018059 15.387706508215857 0
      vertex 5.531104537171534 15.53554451639286 0
      vertex 5.531104537171534 15.53554451639286 0.40000000000000036
    endloop
  endfacet
  facet normal 0.9415440651830221 -0.33688985339221633 0
    outer loop
      vertex 5.478207252018059 15.387706508215857 0
      vertex 5.531104537171534 15.53554451639286 0.40000000000000036
      vertex 5.478207252018059 15.387706508215857 0.40000000000000036
    endloop
  endfacet
  facet normal 0.970031253194544 -0.24298017990326357 0
    outer loop
      vertex 5.531104537171534 15.53554451639286 0
      vertex 5.569256448645168 15.687855484774195 0
      vertex 5.569256448645168 15.687855484774195 0.40000000000000036
    endloop
  endfacet
  facet normal 0.970031253194544 -0.24298017990326357 0
    outer loop
      vertex 5.531104537171534 15.53554451639286 0
      vertex 5.569256448645168 15.687855484774195 0.40000000000000036
      vertex 5.531104537171534 15.53554451639286 0.40000000000000036
    endloop
  endfacet
  facet normal 0.9891765099647806 -0.14673047445536444 0
    outer loop
      vertex 5.569256448645168 15.687855484774195 0
      vertex 5.592295562675515 15.843172575472703 0.40000000000000036
      vertex 5.569256448645168 15.687855484774195 0.40000000000000036
    endloop
  endfacet
  facet normal 0.9891765099647806 -0.14673047445536444 0
    outer loop
      vertex 5.569256448645168 15.687855484774195 0
      vertex 5.592295562675515 15.843172575472703 0
      vertex 5.592295562675515 15.843172575472703 0.40000000000000036
    endloop
  endfacet
  facet normal 0.9987954562051724 -0.049067674327415406 0
    outer loop
      vertex 5.592295562675515 15.843172575472703 0
      vertex 5.6 16 0
      vertex 5.6 16 0.40000000000000036
    endloop
  endfacet
  facet normal 0.9987954562051724 -0.049067674327415406 0
    outer loop
      vertex 5.592295562675515 15.843172575472703 0
      vertex 5.6 16 0.40000000000000036
      vertex 5.592295562675515 15.843172575472703 0.40000000000000036
    endloop
  endfacet
  facet normal 0 0 -1
    outer loop
      vertex 5.411074022957369 15.245765221078404 0.40000000000000036
      vertex 5.478207252018059 15.387706508215857 0.40000000000000036
      vertex 5.499266149392204 15.198625547395803 0.40000000000000036
    endloop
  endfacet
  facet normal 0 0 -1
    outer loop
      vertex 5.499266149392204 15.198625547395803 0.40000000000000036
      vertex 5.478207252018059 15.387706508215857 0.40000000000000036
      vertex 5.570595205269187 15.349438164979347 0.40000000000000036
    endloop
  endfacet
  facet normal 0 0 -1
    outer loop
      vertex 5.478207252018059 15.387706508215857 0.40000000000000036
      vertex 5.531104537171534 15.53554451639286 0.40000000000000036
      vertex 5.570595205269187 15.349438164979347 0.40000000000000036
    endloop
  endfacet
  facet normal 0 0 -1
    outer loop
      vertex 5.570595205269187 15.349438164979347 0.40000000000000036
      vertex 5.531104537171534 15.53554451639286 0.40000000000000036
      vertex 5.569256448645168 15.687855484774195 0.40000000000000036
    endloop
  endfacet
  facet normal 0 0 -1
    outer loop
      vertex 5.570595205269187 15.349438164979347 0.40000000000000036
      vertex 5.569256448645168 15.687855484774195 0.40000000000000036
      vertex 5.592295562675515 15.843172575472703 0.40000000000000036
    endloop
  endfacet
  facet normal 0 0 -1
    outer loop
      vertex 5.570595205269187 15.349438164979347 0.40000000000000036
      vertex 5.592295562675515 15.843172575472703 0.40000000000000036
      vertex 5.6 16 0.40000000000000036
    endloop
  endfacet
  facet normal 0 0 -1
    outer loop
      vertex 5.570595205269187 15.349438164979347 0.40000000000000036
      vertex 5.626798570744755 16.493483951332585 0.40000000000000036
      vertex 5.626798570744755 15.506516048667415 0.40000000000000036
    endloop
  endfacet
  facet normal 0 0 -1
    outer loop
      vertex 5.570595205269187 15.349438164979347 0.40000000000000036
      vertex 5.6 16 0.40000000000000036
      vertex 5.626798570744755 16.493483951332585 0.40000000000000036
    endloop
  endfacet
  facet normal 0 0 -1
    outer loop
      vertex 5.626798570744755 15.506516048667415 0.40000000000000036
      vertex 5.667334976685492 16.33165354742742 0.40000000000000036
      vertex 5.667334976685492 15.668346452572582 0.40000000000000036
    endloop
  endfacet
  facet normal 0 0 -1
    outer loop
      vertex 5.667334976685492 15.668346452572582 0.40000000000000036
      vertex 5.691814035342735 16.166629138560253 0.40000000000000036
      vertex 5.691814035342735 15.833370861439747 0.40000000000000036
    endloop
  endfacet
  facet normal 0.9039892931234448 -0.42755509343027936 0
    outer loop
      vertex 5.499266149392204 15.198625547395803 0.40000000000000036
      vertex 5.570595205269187 15.349438164979347 0.40000000000000036
      vertex 5.499266149392204 15.198625547395803 1.2000000000000002
    endloop
  endfacet
  facet normal 0.9415440651830207 -0.3368898533922202 0
    outer loop
      vertex 5.570595205269187 15.349438164979347 0.40000000000000036
      vertex 5.626798570744755 15.506516048667415 0.40000000000000036
      vertex 5.570595205269187 15.349438164979347 1.2000000000000002
    endloop
  endfacet
  facet normal 0.9700312531945441 -0.2429801799032638 0
    outer loop
      vertex 5.626798570744755 15.506516048667415 0.40000000000000036
      vertex 5.667334976685492 15.668346452572582 0.40000000000000036
      vertex 5.626798570744755 15.506516048667415 1.2000000000000002
    endloop
  endfacet
  facet normal 0.9891765099647808 -0.1467304744553621 0
    outer loop
      vertex 5.667334976685492 15.668346452572582 0.40000000000000036
      vertex 5.691814035342735 15.833370861439747 0.40000000000000036
      vertex 5.667334976685492 15.668346452572582 1.2000000000000002
    endloop
  endfacet
  facet normal 0.9987954562051724 -0.04906767432741786 0
    outer loop
      vertex 5.691814035342735 15.833370861439747 0.40000000000000036
      vertex 5.7 16 0.40000000000000036
      vertex 5.691814035342735 15.833370861439747 1.2000000000000002
    endloop
  endfacet
  facet normal 0.8577286100002683 -0.5141027441932279 0
    outer loop
      vertex 5.499266149392204 15.198625547395803 0.40000000000000036
      vertex 5.499266149392204 15.198625547395803 1.2000000000000002
      vertex 5.413498340914327 15.055530603866677 1.2000000000000002
    endloop
  endfacet
  facet normal 0.9039892931234448 -0.42755509343027936 0
    outer loop
      vertex 5.570595205269187 15.349438164979347 0.40000000000000036
      vertex 5.570595205269187 15.349438164979347 1.2000000000000002
      vertex 5.499266149392204 15.198625547395803 1.2000000000000002
    endloop
  endfacet
  facet normal 0.9415440651830207 -0.3368898533922202 0
    outer loop
      vertex 5.626798570744755 15.506516048667415 0.40000000000000036
      vertex 5.626798570744755 15.506516048667415 1.2000000000000002
      vertex 5.570595205269187 15.349438164979347 1.2000000000000002
    endloop
  endfacet
  facet normal 0.9700312531945441 -0.2429801799032638 0
    outer loop
      vertex 5.667334976685492 15.668346452572582 0.40000000000000036
      vertex 5.667334976685492 15.668346452572582 1.2000000000000002
      vertex 5.626798570744755 15.506516048667415 1.2000000000000002
    endloop
  endfacet
  facet normal 0.9891765099647808 -0.1467304744553621 0
    outer loop
      vertex 5.691814035342735 15.833370861439747 0.40000000000000036
      vertex 5.691814035342735 15.833370861439747 1.2000000000000002
      vertex 5.667334976685492 15.668346452572582 1.2000000000000002
    endloop
  endfacet
  facet normal 0.9987954562051724 -0.04906767432741786 0
    outer loop
      vertex 5.691814035342735 15.833370861439747 1.2000000000000002
      vertex 5.7 16 0.40000000000000036
      vertex 5.7 16 1.2000000000000002
    endloop
  endfacet
  facet normal 0 0 -1
    outer loop
      vertex 4.464455483607139 14.468895462828465 2.2
      vertex 4.612293491784143 14.52179274798194 2.2
      vertex 6.1 8.4 2.2
    endloop
  endfacet
  facet normal 0 0 -1
    outer loop
      vertex 4.612293491784143 14.52179274798194 2.2
      vertex 4.754234778921596 14.588925977042631 2.2
      vertex 6.1 8.4 2.2
    endloop
  endfacet
  facet normal 0 0 -1
    outer loop
      vertex 4.754234778921596 14.588925977042631 2.2
      vertex 4.8889123728313635 14.669648620315927 2.2
      vertex 6.1 8.4 2.2
    endloop
  endfacet
  facet normal 0 0 -1
    outer loop
      vertex 4.8889123728313635 14.669648620315927 2.2
      vertex 5.015029254661833 14.763183274619621 2.2
      vertex 6.1 8.4 2.2
    endloop
  endfacet
  facet normal 0 0 -1
    outer loop
      vertex 5.015029254661833 14.763183274619621 2.2
      vertex 5.1313708498984765 14.868629150101524 2.2
      vertex 6.1 8.4 2.2
    endloop
  endfacet
  facet normal 0 0 1
    outer loop
      vertex 4.944469396133324 14.586501659085673 1.2000000000000002
      vertex 5.078468583078197 14.685882229283347 1.2000000000000002
      vertex 5.015029254661833 14.763183274619621 1.2000000000000002
    endloop
  endfacet
  facet normal 0 0 1
    outer loop
      vertex 5.015029254661833 14.763183274619621 1.2000000000000002
      vertex 5.078468583078197 14.685882229283347 1.2000000000000002
      vertex 5.1313708498984765 14.868629150101524 1.2000000000000002
    endloop
  endfacet
  facet normal 0 0 1
    outer loop
      vertex 5.078468583078197 14.685882229283347 1.2000000000000002
      vertex 5.202081528017131 14.797918471982868 1.2000000000000002
      vertex 5.1313708498984765 14.868629150101524 1.2000000000000002
    endloop
  endfacet
  facet normal 0 0 1
    outer loop
      vertex 5.1313708498984765 14.868629150101524 1.2000000000000002
      vertex 5.202081528017131 14.797918471982868 1.2000000000000002
      vertex 5.236816725380379 14.984970745338167 1.2000000000000002
    endloop
  endfacet
  facet normal 0.6715589548470192 -0.7409511253549583 0
    outer loop
      vertex 5.015029254661833 14.763183274619621 1.2000000000000002
      vertex 5.1313708498984765 14.868629150101524 1.2000000000000002
      vertex 5.015029254661833 14.763183274619621 2.2
    endloop
  endfacet
  facet normal 0.7409511253549586 -0.671558954847019 0
    outer loop
      vertex 5.1313708498984765 14.868629150101524 1.2000000000000002
      vertex 5.236816725380379 14.984970745338167 1.2000000000000002
      vertex 5.1313708498984765 14.868629150101524 2.2
    endloop
  endfacet
  facet normal 0 0 1
    outer loop
      vertex 5.202081528017131 14.797918471982868 1.2000000000000002
      vertex 5.314117770716653 14.921531416921802 1.2000000000000002
      vertex 5.236816725380379 14.984970745338167 1.2000000000000002
    endloop
  endfacet
  facet normal 0 0 1
    outer loop
      vertex 5.236816725380379 14.984970745338167 1.2000000000000002
      vertex 5.314117770716653 14.921531416921802 1.2000000000000002
      vertex 5.330351379684073 15.111087627168637 1.2000000000000002
    endloop
  endfacet
  facet normal 0 0 1
    outer loop
      vertex 5.314117770716653 14.921531416921802 1.2000000000000002
      vertex 5.413498340914327 15.055530603866677 1.2000000000000002
      vertex 5.330351379684073 15.111087627168637 1.2000000000000002
    endloop
  endfacet
  facet normal 0 0 1
    outer loop
      vertex 5.330351379684073 15.111087627168637 1.2000000000000002
      vertex 5.413498340914327 15.055530603866677 1.2000000000000002
      vertex 5.411074022957369 15.245765221078404 1.2000000000000002
    endloop
  endfacet
  facet normal 0 0 1
    outer loop
      vertex 5.413498340914327 15.055530603866677 1.2000000000000002
      vertex 5.478207252018059 15.387706508215857 1.2000000000000002
      vertex 5.411074022957369 15.245765221078404 1.2000000000000002
    endloop
  endfacet
  facet normal 0.8032075314806439 -0.5956993044924348 0
    outer loop
      vertex 5.236816725380379 14.984970745338167 1.2000000000000002
      vertex 5.330351379684073 15.111087627168637 1.2000000000000002
      vertex 5.236816725380379 14.984970745338167 2.2
    endloop
  endfacet
  facet normal 0.8577286100002723 -0.5141027441932213 0
    outer loop
      vertex 5.330351379684073 15.111087627168637 1.2000000000000002
      vertex 5.411074022957369 15.245765221078404 1.2000000000000002
      vertex 5.330351379684073 15.111087627168637 2.2
    endloop
  endfacet
  facet normal 0.9039892931234439 -0.4275550934302809 0
    outer loop
      vertex 5.411074022957369 15.245765221078404 1.2000000000000002
      vertex 5.478207252018059 15.387706508215857 1.2000000000000002
      vertex 5.411074022957369 15.245765221078404 2.2
    endloop
  endfacet
  facet normal 0.6715589548470192 -0.7409511253549583 0
    outer loop
      vertex 5.1313708498984765 14.868629150101524 1.2000000000000002
      vertex 5.1313708498984765 14.868629150101524 2.2
      vertex 5.015029254661833 14.763183274619621 2.2
    endloop
  endfacet
  facet normal 0.7409511253549586 -0.671558954847019 0
    outer loop
      vertex 5.236816725380379 14.984970745338167 1.2000000000000002
      vertex 5.236816725380379 14.984970745338167 2.2
      vertex 5.1313708498984765 14.868629150101524 2.2
    endloop
  endfacet
  facet normal 0.8032075314806439 -0.5956993044924348 0
    outer loop
      vertex 5.330351379684073 15.111087627168637 1.2000000000000002
      vertex 5.330351379684073 15.111087627168637 2.2
      vertex 5.236816725380379 14.984970745338167 2.2
    endloop
  endfacet
  facet normal 0.8577286100002723 -0.5141027441932213 0
    outer loop
      vertex 5.411074022957369 15.245765221078404 1.2000000000000002
      vertex 5.411074022957369 15.245765221078404 2.2
      vertex 5.330351379684073 15.111087627168637 2.2
    endloop
  endfacet
  facet normal 0.9039892931234439 -0.4275550934302809 0
    outer loop
      vertex 5.411074022957369 15.245765221078404 2.2
      vertex 5.478207252018059 15.387706508215857 1.2000000000000002
      vertex 5.478207252018059 15.387706508215857 2.2
    endloop
  endfacet
  facet normal 0 0 -1
    outer loop
      vertex 5.1313708498984765 14.868629150101524 2.2
      vertex 5.236816725380379 14.984970745338167 2.2
      vertex 6.1 8.4 2.2
    endloop
  endfacet
  facet normal 0 0 -1
    outer loop
      vertex 5.236816725380379 14.984970745338167 2.2
      vertex 5.330351379684073 15.111087627168637 2.2
      vertex 6.1 8.4 2.2
    endloop
  endfacet
  facet normal 0 0 -1
    outer loop
      vertex 5.330351379684073 15.111087627168637 2.2
      vertex 5.411074022957369 15.245765221078404 2.2
      vertex 6.1 8.4 2.2
    endloop
  endfacet
  facet normal 0 0 -1
    outer loop
      vertex 5.411074022957369 15.245765221078404 2.2
      vertex 5.478207252018059 15.387706508215857 2.2
      vertex 6.1 8.4 2.2
    endloop
  endfacet
  facet normal 0 0 -1
    outer loop
      vertex 5.478207252018059 15.387706508215857 2.2
      vertex 6.1 15.6 2.2
      vertex 6.1 8.4 2.2
    endloop
  endfacet
  facet normal 0 0 1
    outer loop
      vertex 5.413498340914327 15.055530603866677 1.2000000000000002
      vertex 5.499266149392204 15.198625547395803 1.2000000000000002
      vertex 5.478207252018059 15.387706508215857 1.2000000000000002
    endloop
  endfacet
  facet normal 0 0 1
    outer loop
      vertex 5.499266149392204 15.198625547395803 1.2000000000000002
      vertex 5.531104537171534 15.53554451639286 1.2000000000000002
      vertex 5.478207252018059 15.387706508215857 1.2000000000000002
    endloop
  endfacet
  facet normal 0 0 1
    outer loop
      vertex 5.499266149392204 15.198625547395803 1.2000000000000002
      vertex 5.570595205269187 15.349438164979347 1.2000000000000002
      vertex 5.531104537171534 15.53554451639286 1.2000000000000002
    endloop
  endfacet
  facet normal 0.970031253194544 -0.24298017990326357 -3.4110789368291905e-15
    outer loop
      vertex 5.531104537171534 15.53554451639286 1.2000000000000002
      vertex 5.569256448645168 15.687855484774195 1.2000000000000002
      vertex 5.547249795327947 15.6 1.4000000000000004
    endloop
  endfacet
  facet normal 0 0 1
    outer loop
      vertex 5.570595205269187 15.349438164979347 1.2000000000000002
      vertex 5.569256448645168 15.687855484774195 1.2000000000000002
      vertex 5.531104537171534 15.53554451639286 1.2000000000000002
    endloop
  endfacet
  facet normal 0 0 1
    outer loop
      vertex 5.570595205269187 15.349438164979347 1.2000000000000002
      vertex 5.592295562675515 15.843172575472703 1.2000000000000002
      vertex 5.569256448645168 15.687855484774195 1.2000000000000002
    endloop
  endfacet
  facet normal 0.9891765099647806 -0.14673047445536444 0
    outer loop
      vertex 5.569256448645168 15.687855484774195 1.2000000000000002
      vertex 5.592295562675515 15.843172575472703 1.2000000000000002
      vertex 5.569256448645168 15.687855484774195 1.4000000000000004
    endloop
  endfacet
  facet normal 0.9700312531945459 -0.24298017990325632 0
    outer loop
      vertex 5.569256448645168 15.687855484774195 1.2000000000000002
      vertex 5.569256448645168 15.687855484774195 1.4000000000000004
      vertex 5.547249795327947 15.6 1.4000000000000004
    endloop
  endfacet
  facet normal 0 0 1
    outer loop
      vertex 5.570595205269187 15.349438164979347 1.2000000000000002
      vertex 5.626798570744755 15.506516048667415 1.2000000000000002
      vertex 5.592295562675515 15.843172575472703 1.2000000000000002
    endloop
  endfacet
  facet normal 0 0 1
    outer loop
      vertex 5.626798570744755 15.506516048667415 1.2000000000000002
      vertex 5.6 16 1.2000000000000002
      vertex 5.592295562675515 15.843172575472703 1.2000000000000002
    endloop
  endfacet
  facet normal 0.9987954562051724 -0.049067674327415406 0
    outer loop
      vertex 5.592295562675515 15.843172575472703 1.2000000000000002
      vertex 5.6 16 1.2000000000000002
      vertex 5.592295562675515 15.843172575472703 1.4000000000000004
    endloop
  endfacet
  facet normal 0 0 1
    outer loop
      vertex 5.626798570744755 15.506516048667415 1.2000000000000002
      vertex 5.667334976685492 15.668346452572582 1.2000000000000002
      vertex 5.626798570744755 16.493483951332585 1.2000000000000002
    endloop
  endfacet
  facet normal 0.9891765099647806 -0.14673047445536444 0
    outer loop
      vertex 5.569256448645168 15.687855484774195 1.4000000000000004
      vertex 5.592295562675515 15.843172575472703 1.2000000000000002
      vertex 5.592295562675515 15.843172575472703 1.4000000000000004
    endloop
  endfacet
  facet normal 0.9987954562051724 -0.049067674327415406 0
    outer loop
      vertex 5.592295562675515 15.843172575472703 1.4000000000000004
      vertex 5.6 16 1.2000000000000002
      vertex 5.6 16 1.4000000000000004
    endloop
  endfacet
  facet normal 0 0 1
    outer loop
      vertex 5.667334976685492 15.668346452572582 1.2000000000000002
      vertex 5.691814035342735 15.833370861439747 1.2000000000000002
      vertex 5.667334976685492 16.33165354742742 1.2000000000000002
    endloop
  endfacet
  facet normal 0.9415440651830221 -0.33688985339221633 0
    outer loop
      vertex 5.478207252018059 15.387706508215857 1.2000000000000002
      vertex 5.531104537171534 15.53554451639286 1.2000000000000002
      vertex 5.478207252018059 15.387706508215857 2.2
    endloop
  endfacet
  facet normal 0.9700312531945416 -0.24298017990327356 0
    outer loop
      vertex 5.531104537171534 15.53554451639286 1.2000000000000002
      vertex 5.547249795327947 15.6 1.4000000000000004
      vertex 5.531104537171534 15.53554451639286 2.2
    endloop
  endfacet
  facet normal 0 0 -1
    outer loop
      vertex 5.547249795327947 15.6 1.4000000000000004
      vertex 5.569256448645168 15.687855484774195 1.4000000000000004
      vertex 6.5 15.6 1.4000000000000004
    endloop
  endfacet
  facet normal 0 0 -1
    outer loop
      vertex 5.569256448645168 15.687855484774195 1.4000000000000004
      vertex 5.592295562675515 15.843172575472703 1.4000000000000004
      vertex 6.5 15.6 1.4000000000000004
    endloop
  endfacet
  facet normal 0 0 -1
    outer loop
      vertex 5.592295562675515 15.843172575472703 1.4000000000000004
      vertex 5.6 16 1.4000000000000004
      vertex 6.5 15.6 1.4000000000000004
    endloop
  endfacet
  facet normal 0 0 -1
    outer loop
      vertex 6.5 15.6 1.4000000000000004
      vertex 5.6 16 1.4000000000000004
      vertex 5.592295562675515 16.156827424527297 1.4000000000000004
    endloop
  endfacet
  facet normal 0.9415440651830221 -0.33688985339221633 0
    outer loop
      vertex 5.531104537171534 15.53554451639286 1.2000000000000002
      vertex 5.531104537171534 15.53554451639286 2.2
      vertex 5.478207252018059 15.387706508215857 2.2
    endloop
  endfacet
  facet normal 0.9700312531945415 -0.24298017990327356 0
    outer loop
      vertex 5.547249795327947 15.6 1.4000000000000004
      vertex 5.547249795327947 15.6 2.2
      vertex 5.531104537171534 15.53554451639286 2.2
    endloop
  endfacet
  facet normal 0 0 -1
    outer loop
      vertex 5.478207252018059 15.387706508215857 2.2
      vertex 5.531104537171534 15.53554451639286 2.2
      vertex 6.1 15.6 2.2
    endloop
  endfacet
  facet normal 0 -1 0
    outer loop
      vertex 5.547249795327947 15.6 1.4000000000000004
      vertex 6.1 15.6 2.2
      vertex 5.547249795327947 15.6 2.2
    endloop
  endfacet
  facet normal 0 -1 0
    outer loop
      vertex 5.547249795327947 15.6 1.4000000000000004
      vertex 6.1 15.6 2
      vertex 6.1 15.6 2.2
    endloop
  endfacet
  facet normal 0 0 -1
    outer loop
      vertex 5.531104537171534 15.53554451639286 2.2
      vertex 5.547249795327947 15.6 2.2
      vertex 6.1 15.6 2.2
    endloop
  endfacet
  facet normal 0 0 1
    outer loop
      vertex 1.6000000014901161 0.10000000000000142 3.2
      vertex 7.9 0.10000000000000142 3.2
      vertex 7.9 31.9 3.2
    endloop
  endfacet
  facet normal -1 0 0
    outer loop
      vertex 6.1 1.9000000000000004 2
      vertex 6.1 1.9000000000000004 2.2
      vertex 6.1 7.6 2
    endloop
  endfacet
  facet normal 0 0 -1
    outer loop
      vertex 6.1 1.9000000000000004 2
      vertex 6.1 7.6 2
      vertex 6.5 1.5 2
    endloop
  endfacet
  facet normal -1 0 0
    outer loop
      vertex 6.5 1.5 1.2000000000000002
      vertex 6.5 1.5 2
      vertex 6.5 7.6 1.4000000000000004
    endloop
  endfacet
  facet normal -1 0 0
    outer loop
      vertex 6.1 1.9000000000000004 2.2
      vertex 6.1 7.6 2.2
      vertex 6.1 7.6 2
    endloop
  endfacet
  facet normal 0 0 -1
    outer loop
      vertex 6.5 1.5 2
      vertex 6.1 7.6 2
      vertex 6.5 7.6 2
    endloop
  endfacet
  facet normal 0 -1 0
    outer loop
      vertex 5.5472497953279465 7.6 1.4000000000000004
      vertex 6.5 7.6 1.4000000000000004
      vertex 6.1 7.6 2
    endloop
  endfacet
  facet normal 0 -1 0
    outer loop
      vertex 6.1 7.6 2
      vertex 6.5 7.6 1.4000000000000004
      vertex 6.5 7.6 2
    endloop
  endfacet
  facet normal -1 0 0
    outer loop
      vertex 6.5 1.5 1.2000000000000002
      vertex 6.5 7.6 1.4000000000000004
      vertex 6.5 8.4 1.4000000000000004
    endloop
  endfacet
  facet normal -1 0 0
    outer loop
      vertex 6.5 1.5 2
      vertex 6.5 7.6 2
      vertex 6.5 7.6 1.4000000000000004
    endloop
  endfacet
  facet normal -1 0 0
    outer loop
      vertex 6.4 1.5999999999999996 0.40000000000000036
      vertex 6.4 1.5999999999999996 1.2000000000000002
      vertex 6.4 30.4 1.2000000000000002
    endloop
  endfacet
  facet normal -1 0 0
    outer loop
      vertex 6.5 1.5 0
      vertex 6.5 1.5 0.40000000000000036
      vertex 6.5 30.5 0
    endloop
  endfacet
  facet normal 0 0 -1
    outer loop
      vertex 6.4 1.5999999999999996 0.40000000000000036
      vertex 6.5 30.5 0.40000000000000036
      vertex 6.5 1.5 0.40000000000000036
    endloop
  endfacet
  facet normal 0 0 -1
    outer loop
      vertex 5.569256448645168 8.312144515225805 1.4000000000000004
      vertex 6.5 8.4 1.4000000000000004
      vertex 6.5 7.6 1.4000000000000004
    endloop
  endfacet
  facet normal 0 1 0
    outer loop
      vertex 5.5472497953279465 8.4 1.4000000000000004
      vertex 6.1 8.4 2
      vertex 6.5 8.4 1.4000000000000004
    endloop
  endfacet
  facet normal 0 1 0
    outer loop
      vertex 6.1 8.4 2
      vertex 6.5 8.4 2
      vertex 6.5 8.4 1.4000000000000004
    endloop
  endfacet
  facet normal 0 0 1
    outer loop
      vertex 6.4 1.5999999999999996 1.2000000000000002
      vertex 6.5 1.5 1.2000000000000002
      vertex 6.4 30.4 1.2000000000000002
    endloop
  endfacet
  facet normal -1 0 0
    outer loop
      vertex 6.1 8.4 2
      vertex 6.1 8.4 2.2
      vertex 6.1 15.6 2
    endloop
  endfacet
  facet normal 0 0 -1
    outer loop
      vertex 6.1 8.4 2
      vertex 6.1 15.6 2
      vertex 6.5 8.4 2
    endloop
  endfacet
  facet normal -1 0 0
    outer loop
      vertex 6.5 1.5 1.2000000000000002
      vertex 6.5 8.4 1.4000000000000004
      vertex 6.5 15.6 1.4000000000000004
    endloop
  endfacet
  facet normal -1 0 0
    outer loop
      vertex 6.5 8.4 1.4000000000000004
      vertex 6.5 8.4 2
      vertex 6.5 15.6 2
    endloop
  endfacet
  facet normal -1 0 0
    outer loop
      vertex 6.5 1.5 1.2000000000000002
      vertex 6.5 15.6 1.4000000000000004
      vertex 6.5 16.4 1.4000000000000004
    endloop
  endfacet
  facet normal -1 0 0
    outer loop
      vertex 6.1 8.4 2.2
      vertex 6.1 15.6 2.2
      vertex 6.1 15.6 2
    endloop
  endfacet
  facet normal 0 0 -1
    outer loop
      vertex 6.5 8.4 2
      vertex 6.1 15.6 2
      vertex 6.5 15.6 2
    endloop
  endfacet
  facet normal 0 -1 0
    outer loop
      vertex 5.547249795327947 15.6 1.4000000000000004
      vertex 6.5 15.6 2
      vertex 6.1 15.6 2
    endloop
  endfacet
  facet normal 0 -1 0
    outer loop
      vertex 5.547249795327947 15.6 1.4000000000000004
      vertex 6.5 15.6 1.4000000000000004
      vertex 6.5 15.6 2
    endloop
  endfacet
  facet normal -1 0 0
    outer loop
      vertex 6.5 1.5 1.2000000000000002
      vertex 6.5 16.4 1.4000000000000004
      vertex 6.5 23.6 1.4000000000000004
    endloop
  endfacet
  facet normal -1 0 0
    outer loop
      vertex 6.5 8.4 1.4000000000000004
      vertex 6.5 15.6 2
      vertex 6.5 15.6 1.4000000000000004
    endloop
  endfacet
  facet normal 0 0 -1
    outer loop
      vertex 6.5 1.5 0
      vertex 6.5 30.5 0
      vertex 7.9 0.10000000000000142 0
    endloop
  endfacet
  facet normal 1 0 0
    outer loop
      vertex 7.9 0.10000000000000142 0
      vertex 7.9 31.9 0
      vertex 7.9 0.10000000000000142 3.2
    endloop
  endfacet
  facet normal 0 0 -1
    outer loop
      vertex 3.5355445163928603 14.468895462828465 0
      vertex 4.312144515225805 17.56925644864517 0
      vertex 4.464455483607139 17.531104537171533 0
    endloop
  endfacet
  facet normal 0.049067674327415406 0.9987954562051724 0
    outer loop
      vertex 4 17.6 0
      vertex 4 17.6 0.40000000000000036
      vertex 4.156827424527297 17.592295562675517 0
    endloop
  endfacet
  facet normal 0.049067674327415406 0.9987954562051724 0
    outer loop
      vertex 4.156827424527297 17.592295562675517 0
      vertex 4 17.6 0.40000000000000036
      vertex 4.156827424527297 17.592295562675517 0.40000000000000036
    endloop
  endfacet
  facet normal 0.14673047445536444 0.9891765099647806 0
    outer loop
      vertex 4.156827424527297 17.592295562675517 0
      vertex 4.156827424527297 17.592295562675517 0.40000000000000036
      vertex 4.312144515225805 17.56925644864517 0
    endloop
  endfacet
  facet normal 0 0 -1
    outer loop
      vertex 4 17.6 0.40000000000000036
      vertex 4 17.7 0.40000000000000036
      vertex 4.156827424527297 17.592295562675517 0.40000000000000036
    endloop
  endfacet
  facet normal 0 0 -1
    outer loop
      vertex 4 17.7 0.40000000000000036
      vertex 4.166629138560253 17.691814035342734 0.40000000000000036
      vertex 4.156827424527297 17.592295562675517 0.40000000000000036
    endloop
  endfacet
  facet normal 0 0 -1
    outer loop
      vertex 4.156827424527297 17.592295562675517 0.40000000000000036
      vertex 4.166629138560253 17.691814035342734 0.40000000000000036
      vertex 4.312144515225805 17.56925644864517 0.40000000000000036
    endloop
  endfacet
  facet normal 0 0 -1
    outer loop
      vertex 3.687855484774195 14.430743551354832 0
      vertex 4.464455483607139 17.531104537171533 0
      vertex 4.612293491784143 17.47820725201806 0
    endloop
  endfacet
  facet normal 0.24298017990327958 0.9700312531945401 0
    outer loop
      vertex 4.312144515225805 17.56925644864517 0
      vertex 4.312144515225805 17.56925644864517 0.40000000000000036
      vertex 4.464455483607139 17.531104537171533 0
    endloop
  endfacet
  facet normal 0.14673047445536444 0.9891765099647806 0
    outer loop
      vertex 4.156827424527297 17.592295562675517 0.40000000000000036
      vertex 4.312144515225805 17.56925644864517 0.40000000000000036
      vertex 4.312144515225805 17.56925644864517 0
    endloop
  endfacet
  facet normal 0.24298017990327958 0.9700312531945401 0
    outer loop
      vertex 4.464455483607139 17.531104537171533 0
      vertex 4.312144515225805 17.56925644864517 0.40000000000000036
      vertex 4.464455483607139 17.531104537171533 0.40000000000000036
    endloop
  endfacet
  facet normal 0 0 -1
    outer loop
      vertex 4.166629138560253 17.691814035342734 0.40000000000000036
      vertex 4.331653547427418 17.667334976685492 0.40000000000000036
      vertex 4.312144515225805 17.56925644864517 0.40000000000000036
    endloop
  endfacet
  facet normal 0 0 -1
    outer loop
      vertex 4.312144515225805 17.56925644864517 0.40000000000000036
      vertex 4.331653547427418 17.667334976685492 0.40000000000000036
      vertex 4.464455483607139 17.531104537171533 0.40000000000000036
    endloop
  endfacet
  facet normal 0 0 -1
    outer loop
      vertex 4.331653547427418 17.667334976685492 0.40000000000000036
      vertex 4.493483951332586 17.626798570744754 0.40000000000000036
      vertex 4.464455483607139 17.531104537171533 0.40000000000000036
    endloop
  endfacet
  facet normal 0.04906767432741786 0.9987954562051724 0
    outer loop
      vertex 4 17.7 0.40000000000000036
      vertex 4 17.7 1.2000000000000002
      vertex 4.166629138560253 17.691814035342734 0.40000000000000036
    endloop
  endfacet
  facet normal 0.14673047445535692 0.9891765099647817 0
    outer loop
      vertex 4.166629138560253 17.691814035342734 0.40000000000000036
      vertex 4.166629138560253 17.691814035342734 1.2000000000000002
      vertex 4.331653547427418 17.667334976685492 0.40000000000000036
    endloop
  endfacet
  facet normal 0.04906767432741786 0.9987954562051724 0
    outer loop
      vertex 4.166629138560253 17.691814035342734 0.40000000000000036
      vertex 4 17.7 1.2000000000000002
      vertex 4.166629138560253 17.691814035342734 1.2000000000000002
    endloop
  endfacet
  facet normal 0.24298017990327253 0.9700312531945418 0
    outer loop
      vertex 4.331653547427418 17.667334976685492 0.40000000000000036
      vertex 4.331653547427418 17.667334976685492 1.2000000000000002
      vertex 4.493483951332586 17.626798570744754 0.40000000000000036
    endloop
  endfacet
  facet normal 0.14673047445535692 0.9891765099647817 0
    outer loop
      vertex 4.331653547427418 17.667334976685492 0.40000000000000036
      vertex 4.166629138560253 17.691814035342734 1.2000000000000002
      vertex 4.331653547427418 17.667334976685492 1.2000000000000002
    endloop
  endfacet
  facet normal 0.24298017990327253 0.9700312531945418 0
    outer loop
      vertex 4.493483951332586 17.626798570744754 0.40000000000000036
      vertex 4.331653547427418 17.667334976685492 1.2000000000000002
      vertex 4.493483951332586 17.626798570744754 1.2000000000000002
    endloop
  endfacet
  facet normal 0.3368898533922113 0.9415440651830238 0
    outer loop
      vertex 4.464455483607139 17.531104537171533 0
      vertex 4.464455483607139 17.531104537171533 0.40000000000000036
      vertex 4.612293491784143 17.47820725201806 0
    endloop
  endfacet
  facet normal 0.3368898533922113 0.9415440651830238 0
    outer loop
      vertex 4.464455483607139 17.531104537171533 0.40000000000000036
      vertex 4.612293491784143 17.47820725201806 0.40000000000000036
      vertex 4.612293491784143 17.47820725201806 0
    endloop
  endfacet
  facet normal 0.4275550934302809 0.9039892931234439 0
    outer loop
      vertex 4.612293491784143 17.47820725201806 0
      vertex 4.612293491784143 17.47820725201806 0.40000000000000036
      vertex 4.754234778921596 17.41107402295737 0
    endloop
  endfacet
  facet normal 0.4275550934302809 0.9039892931234439 0
    outer loop
      vertex 4.612293491784143 17.47820725201806 0.40000000000000036
      vertex 4.754234778921596 17.41107402295737 0.40000000000000036
      vertex 4.754234778921596 17.41107402295737 0
    endloop
  endfacet
  facet normal 0 0 -1
    outer loop
      vertex 4.464455483607139 17.531104537171533 0.40000000000000036
      vertex 4.493483951332586 17.626798570744754 0.40000000000000036
      vertex 4.612293491784143 17.47820725201806 0.40000000000000036
    endloop
  endfacet
  facet normal 0 0 -1
    outer loop
      vertex 4.493483951332586 17.626798570744754 0.40000000000000036
      vertex 4.650561835020652 17.57059520526919 0.40000000000000036
      vertex 4.612293491784143 17.47820725201806 0.40000000000000036
    endloop
  endfacet
  facet normal 0 0 -1
    outer loop
      vertex 4.612293491784143 17.47820725201806 0.40000000000000036
      vertex 4.650561835020652 17.57059520526919 0.40000000000000036
      vertex 4.754234778921596 17.41107402295737 0.40000000000000036
    endloop
  endfacet
  facet normal 0.5141027441932297 0.8577286100002675 0
    outer loop
      vertex 4.754234778921596 17.41107402295737 0
      vertex 4.754234778921596 17.41107402295737 0.40000000000000036
      vertex 4.8889123728313635 17.33035137968407 0
    endloop
  endfacet
  facet normal 0.5141027441932297 0.8577286100002675 0
    outer loop
      vertex 4.8889123728313635 17.33035137968407 0
      vertex 4.754234778921596 17.41107402295737 0.40000000000000036
      vertex 4.8889123728313635 17.33035137968407 0.40000000000000036
    endloop
  endfacet
  facet normal 0 0 -1
    outer loop
      vertex 4.612293491784143 17.47820725201806 0
      vertex 4.754234778921596 17.41107402295737 0
      vertex 5.478207252018059 16.612293491784143 0
    endloop
  endfacet
  facet normal 0.5956993044924276 0.8032075314806493 0
    outer loop
      vertex 4.8889123728313635 17.33035137968407 0
      vertex 4.8889123728313635 17.33035137968407 0.40000000000000036
      vertex 5.015029254661833 17.23681672538038 0
    endloop
  endfacet
  facet normal 0.5956993044924276 0.8032075314806493 0
    outer loop
      vertex 4.8889123728313635 17.33035137968407 0.40000000000000036
      vertex 5.015029254661833 17.23681672538038 0.40000000000000036
      vertex 5.015029254661833 17.23681672538038 0
    endloop
  endfacet
  facet normal 0 0 -1
    outer loop
      vertex 4.754234778921596 17.41107402295737 0.40000000000000036
      vertex 4.801374452604196 17.499266149392202 0.40000000000000036
      vertex 4.8889123728313635 17.33035137968407 0.40000000000000036
    endloop
  endfacet
  facet normal 0 0 -1
    outer loop
      vertex 4.650561835020652 17.57059520526919 0.40000000000000036
      vertex 4.801374452604196 17.499266149392202 0.40000000000000036
      vertex 4.754234778921596 17.41107402295737 0.40000000000000036
    endloop
  endfacet
  facet normal 0 0 -1
    outer loop
      vertex 4.801374452604196 17.499266149392202 0.40000000000000036
      vertex 4.944469396133324 17.413498340914327 0.40000000000000036
      vertex 4.8889123728313635 17.33035137968407 0.40000000000000036
    endloop
  endfacet
  facet normal 0 0 -1
    outer loop
      vertex 4.8889123728313635 17.33035137968407 0.40000000000000036
      vertex 4.944469396133324 17.413498340914327 0.40000000000000036
      vertex 5.015029254661833 17.23681672538038 0.40000000000000036
    endloop
  endfacet
  facet normal 0.3368898533922048 0.9415440651830264 0
    outer loop
      vertex 4.493483951332586 17.626798570744754 0.40000000000000036
      vertex 4.493483951332586 17.626798570744754 1.2000000000000002
      vertex 4.650561835020652 17.57059520526919 0.40000000000000036
    endloop
  endfacet
  facet normal 0.42755509343029674 0.9039892931234365 0
    outer loop
      vertex 4.650561835020652 17.57059520526919 0.40000000000000036
      vertex 4.650561835020652 17.57059520526919 1.2000000000000002
      vertex 4.801374452604196 17.499266149392202 0.40000000000000036
    endloop
  endfacet
  facet normal 0.3368898533922048 0.9415440651830264 0
    outer loop
      vertex 4.650561835020652 17.57059520526919 0.40000000000000036
      vertex 4.493483951332586 17.626798570744754 1.2000000000000002
      vertex 4.650561835020652 17.57059520526919 1.2000000000000002
    endloop
  endfacet
  facet normal 0.5141027441932154 0.857728610000276 0
    outer loop
      vertex 4.801374452604196 17.499266149392202 0.40000000000000036
      vertex 4.801374452604196 17.499266149392202 1.2000000000000002
      vertex 4.944469396133324 17.413498340914327 0.40000000000000036
    endloop
  endfacet
  facet normal 0.42755509343029674 0.9039892931234365 0
    outer loop
      vertex 4.801374452604196 17.499266149392202 0.40000000000000036
      vertex 4.650561835020652 17.57059520526919 1.2000000000000002
      vertex 4.801374452604196 17.499266149392202 1.2000000000000002
    endloop
  endfacet
  facet normal 0.5141027441932154 0.857728610000276 0
    outer loop
      vertex 4.944469396133324 17.413498340914327 0.40000000000000036
      vertex 4.801374452604196 17.499266149392202 1.2000000000000002
      vertex 4.944469396133324 17.413498340914327 1.2000000000000002
    endloop
  endfacet
  facet normal 0 0 1
    outer loop
      vertex 4 17.6 1.2000000000000002
      vertex 4.166629138560253 17.691814035342734 1.2000000000000002
      vertex 4 17.7 1.2000000000000002
    endloop
  endfacet
  facet normal 0 0 1
    outer loop
      vertex 4 17.6 1.2000000000000002
      vertex 4.156827424527297 17.592295562675517 1.2000000000000002
      vertex 4.166629138560253 17.691814035342734 1.2000000000000002
    endloop
  endfacet
  facet normal 0 0 1
    outer loop
      vertex 4.156827424527297 17.592295562675517 1.2000000000000002
      vertex 4.331653547427418 17.667334976685492 1.2000000000000002
      vertex 4.166629138560253 17.691814035342734 1.2000000000000002
    endloop
  endfacet
  facet normal 0.04906767432741541 0.9987954562051725 0
    outer loop
      vertex 4 17.6 1.2000000000000002
      vertex 4.156827424527297 17.592295562675517 2.2
      vertex 4.156827424527297 17.592295562675517 1.2000000000000002
    endloop
  endfacet
  facet normal 0 0 1
    outer loop
      vertex 4.156827424527297 17.592295562675517 1.2000000000000002
      vertex 4.312144515225805 17.56925644864517 1.2000000000000002
      vertex 4.331653547427418 17.667334976685492 1.2000000000000002
    endloop
  endfacet
  facet normal 0 0 1
    outer loop
      vertex 4.312144515225805 17.56925644864517 1.2000000000000002
      vertex 4.493483951332586 17.626798570744754 1.2000000000000002
      vertex 4.331653547427418 17.667334976685492 1.2000000000000002
    endloop
  endfacet
  facet normal 0 0 1
    outer loop
      vertex 4.312144515225805 17.56925644864517 1.2000000000000002
      vertex 4.464455483607139 17.531104537171533 1.2000000000000002
      vertex 4.493483951332586 17.626798570744754 1.2000000000000002
    endloop
  endfacet
  facet normal 0.14673047445536444 0.9891765099647806 0
    outer loop
      vertex 4.156827424527297 17.592295562675517 1.2000000000000002
      vertex 4.312144515225805 17.56925644864517 2.2
      vertex 4.312144515225805 17.56925644864517 1.2000000000000002
    endloop
  endfacet
  facet normal 0.24298017990327958 0.9700312531945401 0
    outer loop
      vertex 4.312144515225805 17.56925644864517 1.2000000000000002
      vertex 4.464455483607139 17.531104537171533 2.2
      vertex 4.464455483607139 17.531104537171533 1.2000000000000002
    endloop
  endfacet
  facet normal 0.04906767432741541 0.9987954562051725 0
    outer loop
      vertex 4 17.6 1.2000000000000002
      vertex 4 17.6 2.2
      vertex 4.156827424527297 17.592295562675517 2.2
    endloop
  endfacet
  facet normal 0.14673047445536444 0.9891765099647806 0
    outer loop
      vertex 4.156827424527297 17.592295562675517 1.2000000000000002
      vertex 4.156827424527297 17.592295562675517 2.2
      vertex 4.312144515225805 17.56925644864517 2.2
    endloop
  endfacet
  facet normal 0.24298017990327958 0.9700312531945401 0
    outer loop
      vertex 4.312144515225805 17.56925644864517 1.2000000000000002
      vertex 4.312144515225805 17.56925644864517 2.2
      vertex 4.464455483607139 17.531104537171533 2.2
    endloop
  endfacet
  facet normal 0 0 -1
    outer loop
      vertex 4 17.6 2.2
      vertex 4 22.4 2.2
      vertex 4.156827424527297 17.592295562675517 2.2
    endloop
  endfacet
  facet normal 0 0 -1
    outer loop
      vertex 4.156827424527297 17.592295562675517 2.2
      vertex 4.156827424527297 22.407704437324483 2.2
      vertex 4.312144515225805 17.56925644864517 2.2
    endloop
  endfacet
  facet normal 0 0 1
    outer loop
      vertex 4.464455483607139 17.531104537171533 1.2000000000000002
      vertex 4.650561835020652 17.57059520526919 1.2000000000000002
      vertex 4.493483951332586 17.626798570744754 1.2000000000000002
    endloop
  endfacet
  facet normal 0 0 1
    outer loop
      vertex 4.464455483607139 17.531104537171533 1.2000000000000002
      vertex 4.612293491784143 17.47820725201806 1.2000000000000002
      vertex 4.650561835020652 17.57059520526919 1.2000000000000002
    endloop
  endfacet
  facet normal 0 0 1
    outer loop
      vertex 4.612293491784143 17.47820725201806 1.2000000000000002
      vertex 4.754234778921596 17.41107402295737 1.2000000000000002
      vertex 4.801374452604196 17.499266149392202 1.2000000000000002
    endloop
  endfacet
  facet normal 0 0 1
    outer loop
      vertex 4.612293491784143 17.47820725201806 1.2000000000000002
      vertex 4.801374452604196 17.499266149392202 1.2000000000000002
      vertex 4.650561835020652 17.57059520526919 1.2000000000000002
    endloop
  endfacet
  facet normal 0.33688985339221134 0.9415440651830239 0
    outer loop
      vertex 4.464455483607139 17.531104537171533 1.2000000000000002
      vertex 4.612293491784143 17.47820725201806 2.2
      vertex 4.612293491784143 17.47820725201806 1.2000000000000002
    endloop
  endfacet
  facet normal 0.4275550934302809 0.9039892931234439 0
    outer loop
      vertex 4.612293491784143 17.47820725201806 1.2000000000000002
      vertex 4.754234778921596 17.41107402295737 2.2
      vertex 4.754234778921596 17.41107402295737 1.2000000000000002
    endloop
  endfacet
  facet normal 0 0 1
    outer loop
      vertex 4.754234778921596 17.41107402295737 1.2000000000000002
      vertex 4.944469396133324 17.413498340914327 1.2000000000000002
      vertex 4.801374452604196 17.499266149392202 1.2000000000000002
    endloop
  endfacet
  facet normal 0 0 1
    outer loop
      vertex 4.754234778921596 17.41107402295737 1.2000000000000002
      vertex 4.8889123728313635 17.33035137968407 1.2000000000000002
      vertex 4.944469396133324 17.413498340914327 1.2000000000000002
    endloop
  endfacet
  facet normal 0 0 1
    outer loop
      vertex 4.8889123728313635 17.33035137968407 1.2000000000000002
      vertex 5.078468583078197 17.314117770716653 1.2000000000000002
      vertex 4.944469396133324 17.413498340914327 1.2000000000000002
    endloop
  endfacet
  facet normal 0.5141027441932297 0.8577286100002673 0
    outer loop
      vertex 4.754234778921596 17.41107402295737 1.2000000000000002
      vertex 4.8889123728313635 17.33035137968407 2.2
      vertex 4.8889123728313635 17.33035137968407 1.2000000000000002
    endloop
  endfacet
  facet normal 0.5956993044924275 0.8032075314806492 0
    outer loop
      vertex 4.8889123728313635 17.33035137968407 1.2000000000000002
      vertex 5.015029254661833 17.23681672538038 2.2
      vertex 5.015029254661833 17.23681672538038 1.2000000000000002
    endloop
  endfacet
  facet normal 0.33688985339221134 0.9415440651830239 0
    outer loop
      vertex 4.464455483607139 17.531104537171533 1.2000000000000002
      vertex 4.464455483607139 17.531104537171533 2.2
      vertex 4.612293491784143 17.47820725201806 2.2
    endloop
  endfacet
  facet normal 0.4275550934302809 0.9039892931234439 0
    outer loop
      vertex 4.612293491784143 17.47820725201806 1.2000000000000002
      vertex 4.612293491784143 17.47820725201806 2.2
      vertex 4.754234778921596 17.41107402295737 2.2
    endloop
  endfacet
  facet normal 0.5141027441932297 0.8577286100002673 0
    outer loop
      vertex 4.754234778921596 17.41107402295737 1.2000000000000002
      vertex 4.754234778921596 17.41107402295737 2.2
      vertex 4.8889123728313635 17.33035137968407 2.2
    endloop
  endfacet
  facet normal 0.5956993044924275 0.8032075314806492 0
    outer loop
      vertex 4.8889123728313635 17.33035137968407 1.2000000000000002
      vertex 4.8889123728313635 17.33035137968407 2.2
      vertex 5.015029254661833 17.23681672538038 2.2
    endloop
  endfacet
  facet normal 0 0 -1
    outer loop
      vertex 4.312144515225805 17.56925644864517 2.2
      vertex 6.1 20 2.2
      vertex 4.464455483607139 17.531104537171533 2.2
    endloop
  endfacet
  facet normal 0.049067674327415406 -0.9987954562051724 0
    outer loop
      vertex 4 22.4 0
      vertex 4.156827424527297 22.407704437324483 0
      vertex 4.156827424527297 22.407704437324483 0.40000000000000036
    endloop
  endfacet
  facet normal 0.049067674327415406 -0.9987954562051724 0
    outer loop
      vertex 4 22.4 0
      vertex 4.156827424527297 22.407704437324483 0.40000000000000036
      vertex 4 22.4 0.40000000000000036
    endloop
  endfacet
  facet normal 0.14673047445536444 -0.9891765099647806 0
    outer loop
      vertex 4.156827424527297 22.407704437324483 0
      vertex 4.312144515225805 22.43074355135483 0.40000000000000036
      vertex 4.156827424527297 22.407704437324483 0.40000000000000036
    endloop
  endfacet
  facet normal 0 0 -1
    outer loop
      vertex 4 22.3 0.40000000000000036
      vertex 4 22.4 0.40000000000000036
      vertex 4.166629138560253 22.308185964657266 0.40000000000000036
    endloop
  endfacet
  facet normal 0 0 -1
    outer loop
      vertex 4 22.4 0.40000000000000036
      vertex 4.156827424527297 22.407704437324483 0.40000000000000036
      vertex 4.166629138560253 22.308185964657266 0.40000000000000036
    endloop
  endfacet
  facet normal 0 0 -1
    outer loop
      vertex 4.166629138560253 22.308185964657266 0.40000000000000036
      vertex 4.156827424527297 22.407704437324483 0.40000000000000036
      vertex 4.331653547427418 22.332665023314508 0.40000000000000036
    endloop
  endfacet
  facet normal 0 0 -1
    outer loop
      vertex 3.843172575472703 22.407704437324483 0
      vertex 4.464455483607139 25.531104537171537 0
      vertex 4 22.4 0
    endloop
  endfacet
  facet normal 0 0 -1
    outer loop
      vertex 4 22.4 0
      vertex 4.464455483607139 25.531104537171537 0
      vertex 4.156827424527297 22.407704437324483 0
    endloop
  endfacet
  facet normal 0.14673047445536444 -0.9891765099647806 0
    outer loop
      vertex 4.156827424527297 22.407704437324483 0
      vertex 4.312144515225805 22.43074355135483 0
      vertex 4.312144515225805 22.43074355135483 0.40000000000000036
    endloop
  endfacet
  facet normal 0.24298017990327958 -0.9700312531945401 0
    outer loop
      vertex 4.312144515225805 22.43074355135483 0
      vertex 4.464455483607139 22.468895462828467 0.40000000000000036
      vertex 4.312144515225805 22.43074355135483 0.40000000000000036
    endloop
  endfacet
  facet normal 0.24298017990327958 -0.9700312531945401 0
    outer loop
      vertex 4.312144515225805 22.43074355135483 0
      vertex 4.464455483607139 22.468895462828467 0
      vertex 4.464455483607139 22.468895462828467 0.40000000000000036
    endloop
  endfacet
  facet normal 0 0 -1
    outer loop
      vertex 4.156827424527297 22.407704437324483 0.40000000000000036
      vertex 4.312144515225805 22.43074355135483 0.40000000000000036
      vertex 4.331653547427418 22.332665023314508 0.40000000000000036
    endloop
  endfacet
  facet normal 0 0 -1
    outer loop
      vertex 4.331653547427418 22.332665023314508 0.40000000000000036
      vertex 4.312144515225805 22.43074355135483 0.40000000000000036
      vertex 4.493483951332586 22.373201429255246 0.40000000000000036
    endloop
  endfacet
  facet normal 0 0 -1
    outer loop
      vertex 4.312144515225805 22.43074355135483 0.40000000000000036
      vertex 4.464455483607139 22.468895462828467 0.40000000000000036
      vertex 4.493483951332586 22.373201429255246 0.40000000000000036
    endloop
  endfacet
  facet normal 0 0 -1
    outer loop
      vertex 4.156827424527297 22.407704437324483 0
      vertex 4.464455483607139 25.531104537171537 0
      vertex 4.312144515225805 22.43074355135483 0
    endloop
  endfacet
  facet normal 0 0 -1
    outer loop
      vertex 4.312144515225805 22.43074355135483 0
      vertex 4.464455483607139 25.531104537171537 0
      vertex 4.464455483607139 22.468895462828467 0
    endloop
  endfacet
  facet normal 0.04906767432741786 -0.9987954562051724 0
    outer loop
      vertex 4 22.3 0.40000000000000036
      vertex 4.166629138560253 22.308185964657266 0.40000000000000036
      vertex 4.166629138560253 22.308185964657266 1.2000000000000002
    endloop
  endfacet
  facet normal 0.04906767432741786 -0.9987954562051724 0
    outer loop
      vertex 4 22.3 0.40000000000000036
      vertex 4.166629138560253 22.308185964657266 1.2000000000000002
      vertex 4 22.3 1.2000000000000002
    endloop
  endfacet
  facet normal 0.14673047445535692 -0.9891765099647817 0
    outer loop
      vertex 4.166629138560253 22.308185964657266 0.40000000000000036
      vertex 4.331653547427418 22.332665023314508 1.2000000000000002
      vertex 4.166629138560253 22.308185964657266 1.2000000000000002
    endloop
  endfacet
  facet normal 0.14673047445535692 -0.9891765099647817 0
    outer loop
      vertex 4.166629138560253 22.308185964657266 0.40000000000000036
      vertex 4.331653547427418 22.332665023314508 0.40000000000000036
      vertex 4.331653547427418 22.332665023314508 1.2000000000000002
    endloop
  endfacet
  facet normal 0.24298017990327253 -0.9700312531945418 0
    outer loop
      vertex 4.331653547427418 22.332665023314508 0.40000000000000036
      vertex 4.493483951332586 22.373201429255246 0.40000000000000036
      vertex 4.493483951332586 22.373201429255246 1.2000000000000002
    endloop
  endfacet
  facet normal 0.24298017990327253 -0.9700312531945418 0
    outer loop
      vertex 4.331653547427418 22.332665023314508 0.40000000000000036
      vertex 4.493483951332586 22.373201429255246 1.2000000000000002
      vertex 4.331653547427418 22.332665023314508 1.2000000000000002
    endloop
  endfacet
  facet normal 0.3368898533922113 -0.9415440651830238 0
    outer loop
      vertex 4.464455483607139 22.468895462828467 0
      vertex 4.612293491784143 22.52179274798194 0
      vertex 4.612293491784143 22.52179274798194 0.40000000000000036
    endloop
  endfacet
  facet normal 0.3368898533922113 -0.9415440651830238 0
    outer loop
      vertex 4.464455483607139 22.468895462828467 0
      vertex 4.612293491784143 22.52179274798194 0.40000000000000036
      vertex 4.464455483607139 22.468895462828467 0.40000000000000036
    endloop
  endfacet
  facet normal 0.4275550934302809 -0.9039892931234439 0
    outer loop
      vertex 4.612293491784143 22.52179274798194 0
      vertex 4.754234778921596 22.58892597704263 0
      vertex 4.754234778921596 22.58892597704263 0.40000000000000036
    endloop
  endfacet
  facet normal 0.4275550934302809 -0.9039892931234439 0
    outer loop
      vertex 4.612293491784143 22.52179274798194 0
      vertex 4.754234778921596 22.58892597704263 0.40000000000000036
      vertex 4.612293491784143 22.52179274798194 0.40000000000000036
    endloop
  endfacet
  facet normal 0 0 -1
    outer loop
      vertex 4.464455483607139 22.468895462828467 0.40000000000000036
      vertex 4.650561835020652 22.429404794730814 0.40000000000000036
      vertex 4.493483951332586 22.373201429255246 0.40000000000000036
    endloop
  endfacet
  facet normal 0 0 -1
    outer loop
      vertex 4.464455483607139 22.468895462828467 0.40000000000000036
      vertex 4.612293491784143 22.52179274798194 0.40000000000000036
      vertex 4.650561835020652 22.429404794730814 0.40000000000000036
    endloop
  endfacet
  facet normal 0 0 -1
    outer loop
      vertex 4.650561835020652 22.429404794730814 0.40000000000000036
      vertex 4.612293491784143 22.52179274798194 0.40000000000000036
      vertex 4.801374452604196 22.500733850607794 0.40000000000000036
    endloop
  endfacet
  facet normal 0 0 -1
    outer loop
      vertex 4.612293491784143 22.52179274798194 0.40000000000000036
      vertex 4.754234778921596 22.58892597704263 0.40000000000000036
      vertex 4.801374452604196 22.500733850607794 0.40000000000000036
    endloop
  endfacet
  facet normal 0 0 -1
    outer loop
      vertex 4.464455483607139 22.468895462828467 0
      vertex 4.464455483607139 25.531104537171537 0
      vertex 4.612293491784143 22.52179274798194 0
    endloop
  endfacet
  facet normal 0 0 -1
    outer loop
      vertex 4.612293491784143 22.52179274798194 0
      vertex 4.464455483607139 25.531104537171537 0
      vertex 4.754234778921596 22.58892597704263 0
    endloop
  endfacet
  facet normal 0 0 -1
    outer loop
      vertex 4.754234778921596 22.58892597704263 0
      vertex 4.464455483607139 25.531104537171537 0
      vertex 4.8889123728313635 22.669648620315925 0
    endloop
  endfacet
  facet normal 0.514102744193213 -0.8577286100002773 0
    outer loop
      vertex 4.754234778921596 22.58892597704263 0
      vertex 4.8889123728313635 22.669648620315925 0
      vertex 4.8889123728313635 22.669648620315925 0.40000000000000036
    endloop
  endfacet
  facet normal 0.514102744193213 -0.8577286100002773 0
    outer loop
      vertex 4.754234778921596 22.58892597704263 0
      vertex 4.8889123728313635 22.669648620315925 0.40000000000000036
      vertex 4.754234778921596 22.58892597704263 0.40000000000000036
    endloop
  endfacet
  facet normal 0.595699304492442 -0.8032075314806385 0
    outer loop
      vertex 4.8889123728313635 22.669648620315925 0
      vertex 5.015029254661833 22.76318327461962 0
      vertex 5.015029254661833 22.76318327461962 0.40000000000000036
    endloop
  endfacet
  facet normal 0.595699304492442 -0.8032075314806385 0
    outer loop
      vertex 4.8889123728313635 22.669648620315925 0
      vertex 5.015029254661833 22.76318327461962 0.40000000000000036
      vertex 4.8889123728313635 22.669648620315925 0.40000000000000036
    endloop
  endfacet
  facet normal 0 0 -1
    outer loop
      vertex 4.754234778921596 22.58892597704263 0.40000000000000036
      vertex 4.944469396133324 22.586501659085673 0.40000000000000036
      vertex 4.801374452604196 22.500733850607794 0.40000000000000036
    endloop
  endfacet
  facet normal 0 0 -1
    outer loop
      vertex 4.754234778921596 22.58892597704263 0.40000000000000036
      vertex 4.8889123728313635 22.669648620315925 0.40000000000000036
      vertex 4.944469396133324 22.586501659085673 0.40000000000000036
    endloop
  endfacet
  facet normal 0 0 -1
    outer loop
      vertex 4.8889123728313635 22.669648620315925 0.40000000000000036
      vertex 5.078468583078197 22.685882229283347 0.40000000000000036
      vertex 4.944469396133324 22.586501659085673 0.40000000000000036
    endloop
  endfacet
  facet normal 0 0 -1
    outer loop
      vertex 4.8889123728313635 22.669648620315925 0
      vertex 4.464455483607139 25.531104537171537 0
      vertex 5.015029254661833 22.76318327461962 0
    endloop
  endfacet
  facet normal 0 0 -1
    outer loop
      vertex 5.015029254661833 22.76318327461962 0
      vertex 4.464455483607139 25.531104537171537 0
      vertex 5.1313708498984765 22.868629150101523 0
    endloop
  endfacet
  facet normal 0 0 -1
    outer loop
      vertex 5.1313708498984765 22.868629150101523 0
      vertex 4.464455483607139 25.531104537171537 0
      vertex 5.236816725380379 22.984970745338167 0
    endloop
  endfacet
  facet normal 0.3368898533922236 -0.9415440651830195 0
    outer loop
      vertex 4.493483951332586 22.373201429255246 0.40000000000000036
      vertex 4.650561835020652 22.429404794730814 0.40000000000000036
      vertex 4.650561835020652 22.429404794730814 1.2000000000000002
    endloop
  endfacet
  facet normal 0.3368898533922236 -0.9415440651830195 0
    outer loop
      vertex 4.493483951332586 22.373201429255246 0.40000000000000036
      vertex 4.650561835020652 22.429404794730814 1.2000000000000002
      vertex 4.493483951332586 22.373201429255246 1.2000000000000002
    endloop
  endfacet
  facet normal 0.42755509343026193 -0.9039892931234529 0
    outer loop
      vertex 4.650561835020652 22.429404794730814 0.40000000000000036
      vertex 4.801374452604196 22.500733850607794 1.2000000000000002
      vertex 4.650561835020652 22.429404794730814 1.2000000000000002
    endloop
  endfacet
  facet normal 0.42755509343026193 -0.9039892931234529 0
    outer loop
      vertex 4.650561835020652 22.429404794730814 0.40000000000000036
      vertex 4.801374452604196 22.500733850607794 0.40000000000000036
      vertex 4.801374452604196 22.500733850607794 1.2000000000000002
    endloop
  endfacet
  facet normal 0.5141027441932311 -0.8577286100002666 0
    outer loop
      vertex 4.801374452604196 22.500733850607794 0.40000000000000036
      vertex 4.944469396133324 22.586501659085673 0.40000000000000036
      vertex 4.944469396133324 22.586501659085673 1.2000000000000002
    endloop
  endfacet
  facet normal 0.5141027441932311 -0.8577286100002666 0
    outer loop
      vertex 4.801374452604196 22.500733850607794 0.40000000000000036
      vertex 4.944469396133324 22.586501659085673 1.2000000000000002
      vertex 4.801374452604196 22.500733850607794 1.2000000000000002
    endloop
  endfacet
  facet normal 0 0 -1
    outer loop
      vertex 4.156827424527297 17.592295562675517 2.2
      vertex 4 22.4 2.2
      vertex 4.156827424527297 22.407704437324483 2.2
    endloop
  endfacet
  facet normal 0 0 -1
    outer loop
      vertex 4.312144515225805 17.56925644864517 2.2
      vertex 4.156827424527297 22.407704437324483 2.2
      vertex 4.312144515225805 22.43074355135483 2.2
    endloop
  endfacet
  facet normal 0 0 1
    outer loop
      vertex 4 22.3 1.2000000000000002
      vertex 4.156827424527297 22.407704437324483 1.2000000000000002
      vertex 4 22.4 1.2000000000000002
    endloop
  endfacet
  facet normal 0 0 1
    outer loop
      vertex 4 22.3 1.2000000000000002
      vertex 4.166629138560253 22.308185964657266 1.2000000000000002
      vertex 4.156827424527297 22.407704437324483 1.2000000000000002
    endloop
  endfacet
  facet normal 0 0 1
    outer loop
      vertex 4.166629138560253 22.308185964657266 1.2000000000000002
      vertex 4.312144515225805 22.43074355135483 1.2000000000000002
      vertex 4.156827424527297 22.407704437324483 1.2000000000000002
    endloop
  endfacet
  facet normal 0.04906767432741541 -0.9987954562051725 0
    outer loop
      vertex 4 22.4 1.2000000000000002
      vertex 4.156827424527297 22.407704437324483 1.2000000000000002
      vertex 4 22.4 2.2
    endloop
  endfacet
  facet normal 0.14673047445536444 -0.9891765099647806 0
    outer loop
      vertex 4.156827424527297 22.407704437324483 1.2000000000000002
      vertex 4.312144515225805 22.43074355135483 1.2000000000000002
      vertex 4.156827424527297 22.407704437324483 2.2
    endloop
  endfacet
  facet normal 0 0 1
    outer loop
      vertex 4.166629138560253 22.308185964657266 1.2000000000000002
      vertex 4.331653547427418 22.332665023314508 1.2000000000000002
      vertex 4.312144515225805 22.43074355135483 1.2000000000000002
    endloop
  endfacet
  facet normal 0 0 1
    outer loop
      vertex 4.331653547427418 22.332665023314508 1.2000000000000002
      vertex 4.464455483607139 22.468895462828467 1.2000000000000002
      vertex 4.312144515225805 22.43074355135483 1.2000000000000002
    endloop
  endfacet
  facet normal 0 0 1
    outer loop
      vertex 4.331653547427418 22.332665023314508 1.2000000000000002
      vertex 4.493483951332586 22.373201429255246 1.2000000000000002
      vertex 4.464455483607139 22.468895462828467 1.2000000000000002
    endloop
  endfacet
  facet normal 0.24298017990327958 -0.9700312531945401 0
    outer loop
      vertex 4.312144515225805 22.43074355135483 1.2000000000000002
      vertex 4.464455483607139 22.468895462828467 1.2000000000000002
      vertex 4.312144515225805 22.43074355135483 2.2
    endloop
  endfacet
  facet normal 0.04906767432741541 -0.9987954562051725 0
    outer loop
      vertex 4.156827424527297 22.407704437324483 1.2000000000000002
      vertex 4.156827424527297 22.407704437324483 2.2
      vertex 4 22.4 2.2
    endloop
  endfacet
  facet normal 0.14673047445536444 -0.9891765099647806 0
    outer loop
      vertex 4.312144515225805 22.43074355135483 1.2000000000000002
      vertex 4.312144515225805 22.43074355135483 2.2
      vertex 4.156827424527297 22.407704437324483 2.2
    endloop
  endfacet
  facet normal 0.24298017990327958 -0.9700312531945401 0
    outer loop
      vertex 4.464455483607139 22.468895462828467 1.2000000000000002
      vertex 4.464455483607139 22.468895462828467 2.2
      vertex 4.312144515225805 22.43074355135483 2.2
    endloop
  endfacet
  facet normal 0 0 -1
    outer loop
      vertex 4.312144515225805 17.56925644864517 2.2
      vertex 4.312144515225805 22.43074355135483 2.2
      vertex 6.1 20 2.2
    endloop
  endfacet
  facet normal 0 0 -1
    outer loop
      vertex 4.312144515225805 22.43074355135483 2.2
      vertex 4.464455483607139 22.468895462828467 2.2
      vertex 6.1 20 2.2
    endloop
  endfacet
  facet normal 0 0 1
    outer loop
      vertex 4.464455483607139 22.468895462828467 1.2000000000000002
      vertex 4.493483951332586 22.373201429255246 1.2000000000000002
      vertex 4.612293491784143 22.52179274798194 1.2000000000000002
    endloop
  endfacet
  facet normal 0 0 1
    outer loop
      vertex 4.493483951332586 22.373201429255246 1.2000000000000002
      vertex 4.650561835020652 22.429404794730814 1.2000000000000002
      vertex 4.612293491784143 22.52179274798194 1.2000000000000002
    endloop
  endfacet
  facet normal 0 0 1
    outer loop
      vertex 4.650561835020652 22.429404794730814 1.2000000000000002
      vertex 4.754234778921596 22.58892597704263 1.2000000000000002
      vertex 4.612293491784143 22.52179274798194 1.2000000000000002
    endloop
  endfacet
  facet normal 0.33688985339221134 -0.9415440651830239 0
    outer loop
      vertex 4.464455483607139 22.468895462828467 1.2000000000000002
      vertex 4.612293491784143 22.52179274798194 1.2000000000000002
      vertex 4.464455483607139 22.468895462828467 2.2
    endloop
  endfacet
  facet normal 0.4275550934302809 -0.9039892931234439 0
    outer loop
      vertex 4.612293491784143 22.52179274798194 1.2000000000000002
      vertex 4.754234778921596 22.58892597704263 1.2000000000000002
      vertex 4.612293491784143 22.52179274798194 2.2
    endloop
  endfacet
  facet normal 0 0 1
    outer loop
      vertex 4.650561835020652 22.429404794730814 1.2000000000000002
      vertex 4.801374452604196 22.500733850607794 1.2000000000000002
      vertex 4.754234778921596 22.58892597704263 1.2000000000000002
    endloop
  endfacet
  facet normal 0 0 1
    outer loop
      vertex 4.754234778921596 22.58892597704263 1.2000000000000002
      vertex 4.801374452604196 22.500733850607794 1.2000000000000002
      vertex 4.8889123728313635 22.669648620315925 1.2000000000000002
    endloop
  endfacet
  facet normal 0 0 1
    outer loop
      vertex 4.801374452604196 22.500733850607794 1.2000000000000002
      vertex 4.944469396133324 22.586501659085673 1.2000000000000002
      vertex 4.8889123728313635 22.669648620315925 1.2000000000000002
    endloop
  endfacet
  facet normal 0 0 1
    outer loop
      vertex 4.8889123728313635 22.669648620315925 1.2000000000000002
      vertex 4.944469396133324 22.586501659085673 1.2000000000000002
      vertex 5.015029254661833 22.76318327461962 1.2000000000000002
    endloop
  endfacet
  facet normal 0.514102744193213 -0.8577286100002772 0
    outer loop
      vertex 4.754234778921596 22.58892597704263 1.2000000000000002
      vertex 4.8889123728313635 22.669648620315925 1.2000000000000002
      vertex 4.754234778921596 22.58892597704263 2.2
    endloop
  endfacet
  facet normal 0.595699304492442 -0.8032075314806384 0
    outer loop
      vertex 4.8889123728313635 22.669648620315925 1.2000000000000002
      vertex 5.015029254661833 22.76318327461962 1.2000000000000002
      vertex 4.8889123728313635 22.669648620315925 2.2
    endloop
  endfacet
  facet normal 0.33688985339221134 -0.9415440651830239 0
    outer loop
      vertex 4.464455483607139 22.468895462828467 2.2
      vertex 4.612293491784143 22.52179274798194 1.2000000000000002
      vertex 4.612293491784143 22.52179274798194 2.2
    endloop
  endfacet
  facet normal 0.4275550934302809 -0.9039892931234439 0
    outer loop
      vertex 4.754234778921596 22.58892597704263 1.2000000000000002
      vertex 4.754234778921596 22.58892597704263 2.2
      vertex 4.612293491784143 22.52179274798194 2.2
    endloop
  endfacet
  facet normal 0.514102744193213 -0.8577286100002772 0
    outer loop
      vertex 4.8889123728313635 22.669648620315925 1.2000000000000002
      vertex 4.8889123728313635 22.669648620315925 2.2
      vertex 4.754234778921596 22.58892597704263 2.2
    endloop
  endfacet
  facet normal 0.595699304492442 -0.8032075314806384 0
    outer loop
      vertex 4.8889123728313635 22.669648620315925 2.2
      vertex 5.015029254661833 22.76318327461962 1.2000000000000002
      vertex 5.015029254661833 22.76318327461962 2.2
    endloop
  endfacet
  facet normal 0 0 -1
    outer loop
      vertex 5.411074022957369 15.245765221078404 0
      vertex 4.612293491784143 17.47820725201806 0
      vertex 5.478207252018059 15.387706508215857 0
    endloop
  endfacet
  facet normal 0 0 -1
    outer loop
      vertex 5.478207252018059 15.387706508215857 0
      vertex 4.612293491784143 17.47820725201806 0
      vertex 5.531104537171534 15.53554451639286 0
    endloop
  endfacet
  facet normal 0 0 -1
    outer loop
      vertex 4.612293491784143 17.47820725201806 0
      vertex 5.478207252018059 16.612293491784143 0
      vertex 5.531104537171534 16.46445548360714 0
    endloop
  endfacet
  facet normal 0 0 -1
    outer loop
      vertex 4.754234778921596 17.41107402295737 0
      vertex 5.411074022957369 16.754234778921596 0
      vertex 5.478207252018059 16.612293491784143 0
    endloop
  endfacet
  facet normal 0 0 -1
    outer loop
      vertex 4.8889123728313635 17.33035137968407 0
      vertex 5.330351379684073 16.888912372831363 0
      vertex 5.411074022957369 16.754234778921596 0
    endloop
  endfacet
  facet normal 0 0 -1
    outer loop
      vertex 4.754234778921596 17.41107402295737 0
      vertex 4.8889123728313635 17.33035137968407 0
      vertex 5.411074022957369 16.754234778921596 0
    endloop
  endfacet
  facet normal 0 0 -1
    outer loop
      vertex 4.8889123728313635 17.33035137968407 0
      vertex 5.015029254661833 17.23681672538038 0
      vertex 5.330351379684073 16.888912372831363 0
    endloop
  endfacet
  facet normal 0.671558954847013 0.740951125354964 0
    outer loop
      vertex 5.015029254661833 17.23681672538038 0
      vertex 5.015029254661833 17.23681672538038 0.40000000000000036
      vertex 5.1313708498984765 17.131370849898477 0
    endloop
  endfacet
  facet normal 0.671558954847013 0.740951125354964 0
    outer loop
      vertex 5.1313708498984765 17.131370849898477 0
      vertex 5.015029254661833 17.23681672538038 0.40000000000000036
      vertex 5.1313708498984765 17.131370849898477 0.40000000000000036
    endloop
  endfacet
  facet normal 0 0 -1
    outer loop
      vertex 5.015029254661833 17.23681672538038 0
      vertex 5.1313708498984765 17.131370849898477 0
      vertex 5.236816725380379 17.015029254661833 0
    endloop
  endfacet
  facet normal 0 0 -1
    outer loop
      vertex 5.015029254661833 17.23681672538038 0
      vertex 5.236816725380379 17.015029254661833 0
      vertex 5.330351379684073 16.888912372831363 0
    endloop
  endfacet
  facet normal 0.7409511253549637 0.6715589548470133 0
    outer loop
      vertex 5.1313708498984765 17.131370849898477 0
      vertex 5.1313708498984765 17.131370849898477 0.40000000000000036
      vertex 5.236816725380379 17.015029254661833 0
    endloop
  endfacet
  facet normal 0.7409511253549637 0.6715589548470133 0
    outer loop
      vertex 5.1313708498984765 17.131370849898477 0.40000000000000036
      vertex 5.236816725380379 17.015029254661833 0.40000000000000036
      vertex 5.236816725380379 17.015029254661833 0
    endloop
  endfacet
  facet normal 0 0 -1
    outer loop
      vertex 4.944469396133324 17.413498340914327 0.40000000000000036
      vertex 5.078468583078197 17.314117770716653 0.40000000000000036
      vertex 5.015029254661833 17.23681672538038 0.40000000000000036
    endloop
  endfacet
  facet normal 0 0 -1
    outer loop
      vertex 5.015029254661833 17.23681672538038 0.40000000000000036
      vertex 5.078468583078197 17.314117770716653 0.40000000000000036
      vertex 5.1313708498984765 17.131370849898477 0.40000000000000036
    endloop
  endfacet
  facet normal 0 0 -1
    outer loop
      vertex 5.078468583078197 17.314117770716653 0.40000000000000036
      vertex 5.202081528017131 17.202081528017132 0.40000000000000036
      vertex 5.1313708498984765 17.131370849898477 0.40000000000000036
    endloop
  endfacet
  facet normal 0 0 -1
    outer loop
      vertex 5.1313708498984765 17.131370849898477 0.40000000000000036
      vertex 5.202081528017131 17.202081528017132 0.40000000000000036
      vertex 5.236816725380379 17.015029254661833 0.40000000000000036
    endloop
  endfacet
  facet normal 0 0 -1
    outer loop
      vertex 5.531104537171534 15.53554451639286 0
      vertex 4.612293491784143 17.47820725201806 0
      vertex 5.569256448645168 15.687855484774195 0
    endloop
  endfacet
  facet normal 0 0 -1
    outer loop
      vertex 5.569256448645168 15.687855484774195 0
      vertex 4.612293491784143 17.47820725201806 0
      vertex 5.592295562675515 15.843172575472703 0
    endloop
  endfacet
  facet normal 0 0 -1
    outer loop
      vertex 5.592295562675515 15.843172575472703 0
      vertex 4.612293491784143 17.47820725201806 0
      vertex 5.6 16 0
    endloop
  endfacet
  facet normal 0 0 -1
    outer loop
      vertex 4.612293491784143 17.47820725201806 0
      vertex 5.592295562675515 16.156827424527297 0
      vertex 5.6 16 0
    endloop
  endfacet
  facet normal 0 0 -1
    outer loop
      vertex 4.612293491784143 17.47820725201806 0
      vertex 5.569256448645168 16.312144515225807 0
      vertex 5.592295562675515 16.156827424527297 0
    endloop
  endfacet
  facet normal 0 0 -1
    outer loop
      vertex 4.612293491784143 17.47820725201806 0
      vertex 5.531104537171534 16.46445548360714 0
      vertex 5.569256448645168 16.312144515225807 0
    endloop
  endfacet
  facet normal 0.8032075314806439 0.5956993044924349 0
    outer loop
      vertex 5.330351379684073 16.888912372831363 0
      vertex 5.236816725380379 17.015029254661833 0
      vertex 5.236816725380379 17.015029254661833 0.40000000000000036
    endloop
  endfacet
  facet normal 0.8032075314806439 0.5956993044924349 0
    outer loop
      vertex 5.330351379684073 16.888912372831363 0
      vertex 5.236816725380379 17.015029254661833 0.40000000000000036
      vertex 5.330351379684073 16.888912372831363 0.40000000000000036
    endloop
  endfacet
  facet normal 0.8577286100002722 0.5141027441932212 0
    outer loop
      vertex 5.330351379684073 16.888912372831363 0
      vertex 5.330351379684073 16.888912372831363 0.40000000000000036
      vertex 5.411074022957369 16.754234778921596 0
    endloop
  endfacet
  facet normal 0.9039892931234439 0.4275550934302809 0
    outer loop
      vertex 5.411074022957369 16.754234778921596 0
      vertex 5.411074022957369 16.754234778921596 0.40000000000000036
      vertex 5.478207252018059 16.612293491784143 0
    endloop
  endfacet
  facet normal 0.8577286100002722 0.5141027441932212 0
    outer loop
      vertex 5.411074022957369 16.754234778921596 0
      vertex 5.330351379684073 16.888912372831363 0.40000000000000036
      vertex 5.411074022957369 16.754234778921596 0.40000000000000036
    endloop
  endfacet
  facet normal 0.9039892931234439 0.4275550934302809 0
    outer loop
      vertex 5.411074022957369 16.754234778921596 0.40000000000000036
      vertex 5.478207252018059 16.612293491784143 0.40000000000000036
      vertex 5.478207252018059 16.612293491784143 0
    endloop
  endfacet
  facet normal 0 0 -1
    outer loop
      vertex 5.330351379684073 16.888912372831363 0.40000000000000036
      vertex 5.314117770716653 17.078468583078198 0.40000000000000036
      vertex 5.413498340914327 16.944469396133325 0.40000000000000036
    endloop
  endfacet
  facet normal 0 0 -1
    outer loop
      vertex 5.330351379684073 16.888912372831363 0.40000000000000036
      vertex 5.413498340914327 16.944469396133325 0.40000000000000036
      vertex 5.411074022957369 16.754234778921596 0.40000000000000036
    endloop
  endfacet
  facet normal 0 0 -1
    outer loop
      vertex 5.411074022957369 16.754234778921596 0.40000000000000036
      vertex 5.413498340914327 16.944469396133325 0.40000000000000036
      vertex 5.478207252018059 16.612293491784143 0.40000000000000036
    endloop
  endfacet
  facet normal 0 0 -1
    outer loop
      vertex 5.202081528017131 17.202081528017132 0.40000000000000036
      vertex 5.314117770716653 17.078468583078198 0.40000000000000036
      vertex 5.236816725380379 17.015029254661833 0.40000000000000036
    endloop
  endfacet
  facet normal 0 0 -1
    outer loop
      vertex 5.330351379684073 16.888912372831363 0.40000000000000036
      vertex 5.236816725380379 17.015029254661833 0.40000000000000036
      vertex 5.314117770716653 17.078468583078198 0.40000000000000036
    endloop
  endfacet
  facet normal 0.5956993044924342 0.803207531480644 0
    outer loop
      vertex 4.944469396133324 17.413498340914327 0.40000000000000036
      vertex 4.944469396133324 17.413498340914327 1.2000000000000002
      vertex 5.078468583078197 17.314117770716653 0.40000000000000036
    endloop
  endfacet
  facet normal 0.6715589548470129 0.740951125354964 0
    outer loop
      vertex 5.078468583078197 17.314117770716653 0.40000000000000036
      vertex 5.078468583078197 17.314117770716653 1.2000000000000002
      vertex 5.202081528017131 17.202081528017132 0.40000000000000036
    endloop
  endfacet
  facet normal 0.5956993044924342 0.803207531480644 0
    outer loop
      vertex 4.944469396133324 17.413498340914327 1.2000000000000002
      vertex 5.078468583078197 17.314117770716653 1.2000000000000002
      vertex 5.078468583078197 17.314117770716653 0.40000000000000036
    endloop
  endfacet
  facet normal 0.6715589548470129 0.740951125354964 0
    outer loop
      vertex 5.202081528017131 17.202081528017132 0.40000000000000036
      vertex 5.078468583078197 17.314117770716653 1.2000000000000002
      vertex 5.202081528017131 17.202081528017132 1.2000000000000002
    endloop
  endfacet
  facet normal 0.803207531480644 0.5956993044924342 0
    outer loop
      vertex 5.413498340914327 16.944469396133325 0.40000000000000036
      vertex 5.314117770716653 17.078468583078198 0.40000000000000036
      vertex 5.413498340914327 16.944469396133325 1.2000000000000002
    endloop
  endfacet
  facet normal 0.8577286100002711 0.5141027441932232 0
    outer loop
      vertex 5.413498340914327 16.944469396133325 0.40000000000000036
      vertex 5.413498340914327 16.944469396133325 1.2000000000000002
      vertex 5.499266149392204 16.801374452604197 1.2000000000000002
    endloop
  endfacet
  facet normal 0.7409511253549614 0.6715589548470159 0
    outer loop
      vertex 5.202081528017131 17.202081528017132 0.40000000000000036
      vertex 5.314117770716653 17.078468583078198 1.2000000000000002
      vertex 5.314117770716653 17.078468583078198 0.40000000000000036
    endloop
  endfacet
  facet normal 0.7409511253549614 0.6715589548470159 0
    outer loop
      vertex 5.202081528017131 17.202081528017132 0.40000000000000036
      vertex 5.202081528017131 17.202081528017132 1.2000000000000002
      vertex 5.314117770716653 17.078468583078198 1.2000000000000002
    endloop
  endfacet
  facet normal 0.803207531480644 0.5956993044924342 0
    outer loop
      vertex 5.314117770716653 17.078468583078198 0.40000000000000036
      vertex 5.314117770716653 17.078468583078198 1.2000000000000002
      vertex 5.413498340914327 16.944469396133325 1.2000000000000002
    endloop
  endfacet
  facet normal 0.9700312531945435 0.24298017990326629 0
    outer loop
      vertex 5.531104537171534 16.46445548360714 0
      vertex 5.531104537171534 16.46445548360714 0.40000000000000036
      vertex 5.569256448645168 16.312144515225807 0
    endloop
  endfacet
  facet normal 0.9891765099647809 0.14673047445536283 0
    outer loop
      vertex 5.569256448645168 16.312144515225807 0
      vertex 5.569256448645168 16.312144515225807 0.40000000000000036
      vertex 5.592295562675515 16.156827424527297 0
    endloop
  endfacet
  facet normal 0.9700312531945435 0.24298017990326629 0
    outer loop
      vertex 5.569256448645168 16.312144515225807 0
      vertex 5.531104537171534 16.46445548360714 0.40000000000000036
      vertex 5.569256448645168 16.312144515225807 0.40000000000000036
    endloop
  endfacet
  facet normal 0.9415440651830221 0.33688985339221633 0
    outer loop
      vertex 5.531104537171534 16.46445548360714 0
      vertex 5.478207252018059 16.612293491784143 0
      vertex 5.478207252018059 16.612293491784143 0.40000000000000036
    endloop
  endfacet
  facet normal 0.9415440651830221 0.33688985339221633 0
    outer loop
      vertex 5.531104537171534 16.46445548360714 0
      vertex 5.478207252018059 16.612293491784143 0.40000000000000036
      vertex 5.531104537171534 16.46445548360714 0.40000000000000036
    endloop
  endfacet
  facet normal 0.9987954562051724 0.049067674327415406 0
    outer loop
      vertex 5.6 16 0
      vertex 5.592295562675515 16.156827424527297 0
      vertex 5.592295562675515 16.156827424527297 0.40000000000000036
    endloop
  endfacet
  facet normal 0.9987954562051724 0.049067674327415406 0
    outer loop
      vertex 5.6 16 0
      vertex 5.592295562675515 16.156827424527297 0.40000000000000036
      vertex 5.6 16 0.40000000000000036
    endloop
  endfacet
  facet normal 0.9891765099647809 0.14673047445536283 0
    outer loop
      vertex 5.592295562675515 16.156827424527297 0
      vertex 5.569256448645168 16.312144515225807 0.40000000000000036
      vertex 5.592295562675515 16.156827424527297 0.40000000000000036
    endloop
  endfacet
  facet normal 0 0 -1
    outer loop
      vertex 5.531104537171534 16.46445548360714 0.40000000000000036
      vertex 5.570595205269187 16.650561835020653 0.40000000000000036
      vertex 5.569256448645168 16.312144515225807 0.40000000000000036
    endloop
  endfacet
  facet normal 0 0 -1
    outer loop
      vertex 5.569256448645168 16.312144515225807 0.40000000000000036
      vertex 5.570595205269187 16.650561835020653 0.40000000000000036
      vertex 5.592295562675515 16.156827424527297 0.40000000000000036
    endloop
  endfacet
  facet normal 0 0 -1
    outer loop
      vertex 5.531104537171534 16.46445548360714 0.40000000000000036
      vertex 5.478207252018059 16.612293491784143 0.40000000000000036
      vertex 5.499266149392204 16.801374452604197 0.40000000000000036
    endloop
  endfacet
  facet normal 0 0 -1
    outer loop
      vertex 5.413498340914327 16.944469396133325 0.40000000000000036
      vertex 5.499266149392204 16.801374452604197 0.40000000000000036
      vertex 5.478207252018059 16.612293491784143 0.40000000000000036
    endloop
  endfacet
  facet normal 0 0 -1
    outer loop
      vertex 5.531104537171534 16.46445548360714 0.40000000000000036
      vertex 5.499266149392204 16.801374452604197 0.40000000000000036
      vertex 5.570595205269187 16.650561835020653 0.40000000000000036
    endloop
  endfacet
  facet normal 0 0 -1
    outer loop
      vertex 5.6 16 0.40000000000000036
      vertex 5.592295562675515 16.156827424527297 0.40000000000000036
      vertex 5.626798570744755 16.493483951332585 0.40000000000000036
    endloop
  endfacet
  facet normal 0 0 -1
    outer loop
      vertex 5.626798570744755 15.506516048667415 0.40000000000000036
      vertex 5.626798570744755 16.493483951332585 0.40000000000000036
      vertex 5.667334976685492 16.33165354742742 0.40000000000000036
    endloop
  endfacet
  facet normal 0 0 -1
    outer loop
      vertex 5.570595205269187 16.650561835020653 0.40000000000000036
      vertex 5.626798570744755 16.493483951332585 0.40000000000000036
      vertex 5.592295562675515 16.156827424527297 0.40000000000000036
    endloop
  endfacet
  facet normal 0 0 -1
    outer loop
      vertex 5.667334976685492 15.668346452572582 0.40000000000000036
      vertex 5.667334976685492 16.33165354742742 0.40000000000000036
      vertex 5.691814035342735 16.166629138560253 0.40000000000000036
    endloop
  endfacet
  facet normal 0 0 -1
    outer loop
      vertex 5.691814035342735 15.833370861439747 0.40000000000000036
      vertex 5.691814035342735 16.166629138560253 0.40000000000000036
      vertex 5.7 16 0.40000000000000036
    endloop
  endfacet
  facet normal 0.8577286100002711 0.5141027441932232 0
    outer loop
      vertex 5.413498340914327 16.944469396133325 0.40000000000000036
      vertex 5.499266149392204 16.801374452604197 1.2000000000000002
      vertex 5.499266149392204 16.801374452604197 0.40000000000000036
    endloop
  endfacet
  facet normal 0.9039892931234448 0.42755509343027936 0
    outer loop
      vertex 5.499266149392204 16.801374452604197 0.40000000000000036
      vertex 5.570595205269187 16.650561835020653 1.2000000000000002
      vertex 5.570595205269187 16.650561835020653 0.40000000000000036
    endloop
  endfacet
  facet normal 0.9987954562051724 0.04906767432741786 0
    outer loop
      vertex 5.7 16 0.40000000000000036
      vertex 5.691814035342735 16.166629138560253 0.40000000000000036
      vertex 5.7 16 1.2000000000000002
    endloop
  endfacet
  facet normal 0.9891765099647808 0.1467304744553621 0
    outer loop
      vertex 5.691814035342735 16.166629138560253 0.40000000000000036
      vertex 5.667334976685492 16.33165354742742 0.40000000000000036
      vertex 5.691814035342735 16.166629138560253 1.2000000000000002
    endloop
  endfacet
  facet normal 0.9700312531945441 0.2429801799032638 0
    outer loop
      vertex 5.626798570744755 16.493483951332585 0.40000000000000036
      vertex 5.667334976685492 16.33165354742742 1.2000000000000002
      vertex 5.667334976685492 16.33165354742742 0.40000000000000036
    endloop
  endfacet
  facet normal 0.9415440651830207 0.3368898533922202 0
    outer loop
      vertex 5.570595205269187 16.650561835020653 0.40000000000000036
      vertex 5.626798570744755 16.493483951332585 1.2000000000000002
      vertex 5.626798570744755 16.493483951332585 0.40000000000000036
    endloop
  endfacet
  facet normal 0.9039892931234448 0.42755509343027936 0
    outer loop
      vertex 5.499266149392204 16.801374452604197 0.40000000000000036
      vertex 5.499266149392204 16.801374452604197 1.2000000000000002
      vertex 5.570595205269187 16.650561835020653 1.2000000000000002
    endloop
  endfacet
  facet normal 0.9700312531945441 0.2429801799032638 0
    outer loop
      vertex 5.626798570744755 16.493483951332585 0.40000000000000036
      vertex 5.626798570744755 16.493483951332585 1.2000000000000002
      vertex 5.667334976685492 16.33165354742742 1.2000000000000002
    endloop
  endfacet
  facet normal 0.9987954562051724 0.04906767432741786 0
    outer loop
      vertex 5.691814035342735 16.166629138560253 0.40000000000000036
      vertex 5.691814035342735 16.166629138560253 1.2000000000000002
      vertex 5.7 16 1.2000000000000002
    endloop
  endfacet
  facet normal 0.9891765099647808 0.1467304744553621 0
    outer loop
      vertex 5.667334976685492 16.33165354742742 0.40000000000000036
      vertex 5.667334976685492 16.33165354742742 1.2000000000000002
      vertex 5.691814035342735 16.166629138560253 1.2000000000000002
    endloop
  endfacet
  facet normal 0.9415440651830207 0.3368898533922202 0
    outer loop
      vertex 5.570595205269187 16.650561835020653 0.40000000000000036
      vertex 5.570595205269187 16.650561835020653 1.2000000000000002
      vertex 5.626798570744755 16.493483951332585 1.2000000000000002
    endloop
  endfacet
  facet normal 0 0 1
    outer loop
      vertex 4.8889123728313635 17.33035137968407 1.2000000000000002
      vertex 5.015029254661833 17.23681672538038 1.2000000000000002
      vertex 5.078468583078197 17.314117770716653 1.2000000000000002
    endloop
  endfacet
  facet normal 0 0 1
    outer loop
      vertex 5.015029254661833 17.23681672538038 1.2000000000000002
      vertex 5.1313708498984765 17.131370849898477 1.2000000000000002
      vertex 5.202081528017131 17.202081528017132 1.2000000000000002
    endloop
  endfacet
  facet normal 0 0 1
    outer loop
      vertex 5.015029254661833 17.23681672538038 1.2000000000000002
      vertex 5.202081528017131 17.202081528017132 1.2000000000000002
      vertex 5.078468583078197 17.314117770716653 1.2000000000000002
    endloop
  endfacet
  facet normal 0 0 1
    outer loop
      vertex 5.1313708498984765 17.131370849898477 1.2000000000000002
      vertex 5.314117770716653 17.078468583078198 1.2000000000000002
      vertex 5.202081528017131 17.202081528017132 1.2000000000000002
    endloop
  endfacet
  facet normal 0.671558954847013 0.740951125354964 0
    outer loop
      vertex 5.015029254661833 17.23681672538038 1.2000000000000002
      vertex 5.1313708498984765 17.131370849898477 2.2
      vertex 5.1313708498984765 17.131370849898477 1.2000000000000002
    endloop
  endfacet
  facet normal 0.7409511253549637 0.6715589548470133 0
    outer loop
      vertex 5.1313708498984765 17.131370849898477 1.2000000000000002
      vertex 5.236816725380379 17.015029254661833 2.2
      vertex 5.236816725380379 17.015029254661833 1.2000000000000002
    endloop
  endfacet
  facet normal 0 0 1
    outer loop
      vertex 5.330351379684073 16.888912372831363 1.2000000000000002
      vertex 5.413498340914327 16.944469396133325 1.2000000000000002
      vertex 5.236816725380379 17.015029254661833 1.2000000000000002
    endloop
  endfacet
  facet normal 0 0 1
    outer loop
      vertex 5.330351379684073 16.888912372831363 1.2000000000000002
      vertex 5.411074022957369 16.754234778921596 1.2000000000000002
      vertex 5.413498340914327 16.944469396133325 1.2000000000000002
    endloop
  endfacet
  facet normal 0 0 1
    outer loop
      vertex 5.411074022957369 16.754234778921596 1.2000000000000002
      vertex 5.499266149392204 16.801374452604197 1.2000000000000002
      vertex 5.413498340914327 16.944469396133325 1.2000000000000002
    endloop
  endfacet
  facet normal 0.8032075314806439 0.5956993044924348 0
    outer loop
      vertex 5.330351379684073 16.888912372831363 1.2000000000000002
      vertex 5.236816725380379 17.015029254661833 1.2000000000000002
      vertex 5.330351379684073 16.888912372831363 2.2
    endloop
  endfacet
  facet normal 0.8577286100002723 0.5141027441932213 0
    outer loop
      vertex 5.330351379684073 16.888912372831363 1.2000000000000002
      vertex 5.411074022957369 16.754234778921596 2.2
      vertex 5.411074022957369 16.754234778921596 1.2000000000000002
    endloop
  endfacet
  facet normal 0.9039892931234439 0.4275550934302809 0
    outer loop
      vertex 5.411074022957369 16.754234778921596 1.2000000000000002
      vertex 5.478207252018059 16.612293491784143 2.2
      vertex 5.478207252018059 16.612293491784143 1.2000000000000002
    endloop
  endfacet
  facet normal 0 0 1
    outer loop
      vertex 5.1313708498984765 17.131370849898477 1.2000000000000002
      vertex 5.236816725380379 17.015029254661833 1.2000000000000002
      vertex 5.314117770716653 17.078468583078198 1.2000000000000002
    endloop
  endfacet
  facet normal 0 0 1
    outer loop
      vertex 5.413498340914327 16.944469396133325 1.2000000000000002
      vertex 5.314117770716653 17.078468583078198 1.2000000000000002
      vertex 5.236816725380379 17.015029254661833 1.2000000000000002
    endloop
  endfacet
  facet normal 0.671558954847013 0.740951125354964 0
    outer loop
      vertex 5.015029254661833 17.23681672538038 1.2000000000000002
      vertex 5.015029254661833 17.23681672538038 2.2
      vertex 5.1313708498984765 17.131370849898477 2.2
    endloop
  endfacet
  facet normal 0.7409511253549637 0.6715589548470133 0
    outer loop
      vertex 5.1313708498984765 17.131370849898477 1.2000000000000002
      vertex 5.1313708498984765 17.131370849898477 2.2
      vertex 5.236816725380379 17.015029254661833 2.2
    endloop
  endfacet
  facet normal 0.8032075314806439 0.5956993044924348 0
    outer loop
      vertex 5.236816725380379 17.015029254661833 1.2000000000000002
      vertex 5.236816725380379 17.015029254661833 2.2
      vertex 5.330351379684073 16.888912372831363 2.2
    endloop
  endfacet
  facet normal 0.8577286100002723 0.5141027441932213 0
    outer loop
      vertex 5.330351379684073 16.888912372831363 1.2000000000000002
      vertex 5.330351379684073 16.888912372831363 2.2
      vertex 5.411074022957369 16.754234778921596 2.2
    endloop
  endfacet
  facet normal 0.9039892931234439 0.4275550934302809 0
    outer loop
      vertex 5.411074022957369 16.754234778921596 1.2000000000000002
      vertex 5.411074022957369 16.754234778921596 2.2
      vertex 5.478207252018059 16.612293491784143 2.2
    endloop
  endfacet
  facet normal 0 0 -1
    outer loop
      vertex 4.464455483607139 17.531104537171533 2.2
      vertex 6.1 20 2.2
      vertex 4.612293491784143 17.47820725201806 2.2
    endloop
  endfacet
  facet normal 0 0 -1
    outer loop
      vertex 4.612293491784143 17.47820725201806 2.2
      vertex 6.1 20 2.2
      vertex 4.754234778921596 17.41107402295737 2.2
    endloop
  endfacet
  facet normal 0 0 -1
    outer loop
      vertex 4.754234778921596 17.41107402295737 2.2
      vertex 6.1 20 2.2
      vertex 4.8889123728313635 17.33035137968407 2.2
    endloop
  endfacet
  facet normal 0 0 -1
    outer loop
      vertex 4.8889123728313635 17.33035137968407 2.2
      vertex 6.1 20 2.2
      vertex 5.015029254661833 17.23681672538038 2.2
    endloop
  endfacet
  facet normal 0 0 -1
    outer loop
      vertex 5.015029254661833 17.23681672538038 2.2
      vertex 6.1 20 2.2
      vertex 5.1313708498984765 17.131370849898477 2.2
    endloop
  endfacet
  facet normal 0.9700312531945435 0.24298017990326629 -3.3144086835587647e-16
    outer loop
      vertex 5.531104537171534 16.46445548360714 1.2000000000000002
      vertex 5.547249795327947 16.4 1.4000000000000004
      vertex 5.569256448645168 16.312144515225807 1.2000000000000002
    endloop
  endfacet
  facet normal 0 0 1
    outer loop
      vertex 5.531104537171534 16.46445548360714 1.2000000000000002
      vertex 5.569256448645168 16.312144515225807 1.2000000000000002
      vertex 5.570595205269187 16.650561835020653 1.2000000000000002
    endloop
  endfacet
  facet normal 0 0 1
    outer loop
      vertex 5.569256448645168 16.312144515225807 1.2000000000000002
      vertex 5.592295562675515 16.156827424527297 1.2000000000000002
      vertex 5.570595205269187 16.650561835020653 1.2000000000000002
    endloop
  endfacet
  facet normal 0.9700312531945435 0.24298017990326554 0
    outer loop
      vertex 5.569256448645168 16.312144515225807 1.2000000000000002
      vertex 5.547249795327947 16.4 1.4000000000000004
      vertex 5.569256448645168 16.312144515225807 1.4000000000000004
    endloop
  endfacet
  facet normal 0.9891765099647809 0.14673047445536283 0
    outer loop
      vertex 5.569256448645168 16.312144515225807 1.2000000000000002
      vertex 5.569256448645168 16.312144515225807 1.4000000000000004
      vertex 5.592295562675515 16.156827424527297 1.4000000000000004
    endloop
  endfacet
  facet normal 0 0 1
    outer loop
      vertex 5.411074022957369 16.754234778921596 1.2000000000000002
      vertex 5.478207252018059 16.612293491784143 1.2000000000000002
      vertex 5.499266149392204 16.801374452604197 1.2000000000000002
    endloop
  endfacet
  facet normal 0 0 1
    outer loop
      vertex 5.478207252018059 16.612293491784143 1.2000000000000002
      vertex 5.570595205269187 16.650561835020653 1.2000000000000002
      vertex 5.499266149392204 16.801374452604197 1.2000000000000002
    endloop
  endfacet
  facet normal 0 0 1
    outer loop
      vertex 5.531104537171534 16.46445548360714 1.2000000000000002
      vertex 5.570595205269187 16.650561835020653 1.2000000000000002
      vertex 5.478207252018059 16.612293491784143 1.2000000000000002
    endloop
  endfacet
  facet normal 0 0 1
    outer loop
      vertex 5.626798570744755 15.506516048667415 1.2000000000000002
      vertex 5.570595205269187 16.650561835020653 1.2000000000000002
      vertex 5.6 16 1.2000000000000002
    endloop
  endfacet
  facet normal 0.9987954562051724 0.049067674327415406 0
    outer loop
      vertex 5.6 16 1.2000000000000002
      vertex 5.592295562675515 16.156827424527297 1.2000000000000002
      vertex 5.6 16 1.4000000000000004
    endloop
  endfacet
  facet normal 0 0 1
    outer loop
      vertex 5.626798570744755 15.506516048667415 1.2000000000000002
      vertex 5.626798570744755 16.493483951332585 1.2000000000000002
      vertex 5.570595205269187 16.650561835020653 1.2000000000000002
    endloop
  endfacet
  facet normal 0.9891765099647809 0.14673047445536283 0
    outer loop
      vertex 5.569256448645168 16.312144515225807 1.2000000000000002
      vertex 5.592295562675515 16.156827424527297 1.4000000000000004
      vertex 5.592295562675515 16.156827424527297 1.2000000000000002
    endloop
  endfacet
  facet normal 0.9987954562051724 0.049067674327415406 0
    outer loop
      vertex 5.592295562675515 16.156827424527297 1.2000000000000002
      vertex 5.592295562675515 16.156827424527297 1.4000000000000004
      vertex 5.6 16 1.4000000000000004
    endloop
  endfacet
  facet normal 0 0 1
    outer loop
      vertex 5.570595205269187 16.650561835020653 1.2000000000000002
      vertex 5.592295562675515 16.156827424527297 1.2000000000000002
      vertex 5.6 16 1.2000000000000002
    endloop
  endfacet
  facet normal 0 0 1
    outer loop
      vertex 5.667334976685492 15.668346452572582 1.2000000000000002
      vertex 5.667334976685492 16.33165354742742 1.2000000000000002
      vertex 5.626798570744755 16.493483951332585 1.2000000000000002
    endloop
  endfacet
  facet normal 0 0 1
    outer loop
      vertex 5.691814035342735 15.833370861439747 1.2000000000000002
      vertex 5.691814035342735 16.166629138560253 1.2000000000000002
      vertex 5.667334976685492 16.33165354742742 1.2000000000000002
    endloop
  endfacet
  facet normal 0 0 1
    outer loop
      vertex 5.691814035342735 15.833370861439747 1.2000000000000002
      vertex 5.7 16 1.2000000000000002
      vertex 5.691814035342735 16.166629138560253 1.2000000000000002
    endloop
  endfacet
  facet normal 0.9700312531945432 0.24298017990326728 0
    outer loop
      vertex 5.531104537171534 16.46445548360714 1.2000000000000002
      vertex 5.531104537171534 16.46445548360714 2.2
      vertex 5.547249795327947 16.4 1.4000000000000004
    endloop
  endfacet
  facet normal 0.9415440651830221 0.33688985339221633 0
    outer loop
      vertex 5.531104537171534 16.46445548360714 1.2000000000000002
      vertex 5.478207252018059 16.612293491784143 1.2000000000000002
      vertex 5.531104537171534 16.46445548360714 2.2
    endloop
  endfacet
  facet normal 0 0 -1
    outer loop
      vertex 6.5 15.6 1.4000000000000004
      vertex 5.592295562675515 16.156827424527297 1.4000000000000004
      vertex 5.569256448645168 16.312144515225807 1.4000000000000004
    endloop
  endfacet
  facet normal 0 0 -1
    outer loop
      vertex 5.547249795327947 16.4 1.4000000000000004
      vertex 6.5 16.4 1.4000000000000004
      vertex 5.569256448645168 16.312144515225807 1.4000000000000004
    endloop
  endfacet
  facet normal 0.9700312531945431 0.24298017990326723 0
    outer loop
      vertex 5.547249795327947 16.4 1.4000000000000004
      vertex 5.531104537171534 16.46445548360714 2.2
      vertex 5.547249795327947 16.4 2.2
    endloop
  endfacet
  facet normal 0.9415440651830221 0.33688985339221633 0
    outer loop
      vertex 5.478207252018059 16.612293491784143 1.2000000000000002
      vertex 5.478207252018059 16.612293491784143 2.2
      vertex 5.531104537171534 16.46445548360714 2.2
    endloop
  endfacet
  facet normal 0 0 -1
    outer loop
      vertex 5.330351379684073 16.888912372831363 2.2
      vertex 5.236816725380379 17.015029254661833 2.2
      vertex 6.1 20 2.2
    endloop
  endfacet
  facet normal 0 0 -1
    outer loop
      vertex 5.330351379684073 16.888912372831363 2.2
      vertex 6.1 20 2.2
      vertex 5.411074022957369 16.754234778921596 2.2
    endloop
  endfacet
  facet normal 0 0 -1
    outer loop
      vertex 5.531104537171534 16.46445548360714 2.2
      vertex 5.478207252018059 16.612293491784143 2.2
      vertex 6.1 20 2.2
    endloop
  endfacet
  facet normal 0 0 -1
    outer loop
      vertex 5.411074022957369 16.754234778921596 2.2
      vertex 6.1 20 2.2
      vertex 5.478207252018059 16.612293491784143 2.2
    endloop
  endfacet
  facet normal 0 1 0
    outer loop
      vertex 5.547249795327947 16.4 1.4000000000000004
      vertex 5.547249795327947 16.4 2.2
      vertex 6.1 16.4 2
    endloop
  endfacet
  facet normal 0 1 0
    outer loop
      vertex 5.547249795327947 16.4 2.2
      vertex 6.1 16.4 2.2
      vertex 6.1 16.4 2
    endloop
  endfacet
  facet normal 0 0 -1
    outer loop
      vertex 5.531104537171534 16.46445548360714 2.2
      vertex 6.1 20 2.2
      vertex 5.547249795327947 16.4 2.2
    endloop
  endfacet
  facet normal 0 0 -1
    outer loop
      vertex 5.547249795327947 16.4 2.2
      vertex 6.1 20 2.2
      vertex 6.1 16.4 2.2
    endloop
  endfacet
  facet normal 0 0 -1
    outer loop
      vertex 5.1313708498984765 17.131370849898477 2.2
      vertex 6.1 20 2.2
      vertex 5.236816725380379 17.015029254661833 2.2
    endloop
  endfacet
  facet normal 0.671558954847013 -0.740951125354964 0
    outer loop
      vertex 5.015029254661833 22.76318327461962 0
      vertex 5.1313708498984765 22.868629150101523 0
      vertex 5.1313708498984765 22.868629150101523 0.40000000000000036
    endloop
  endfacet
  facet normal 0.671558954847013 -0.740951125354964 0
    outer loop
      vertex 5.015029254661833 22.76318327461962 0
      vertex 5.1313708498984765 22.868629150101523 0.40000000000000036
      vertex 5.015029254661833 22.76318327461962 0.40000000000000036
    endloop
  endfacet
  facet normal 0.7409511253549637 -0.6715589548470133 0
    outer loop
      vertex 5.1313708498984765 22.868629150101523 0
      vertex 5.236816725380379 22.984970745338167 0
      vertex 5.236816725380379 22.984970745338167 0.40000000000000036
    endloop
  endfacet
  facet normal 0.7409511253549637 -0.6715589548470133 0
    outer loop
      vertex 5.1313708498984765 22.868629150101523 0
      vertex 5.236816725380379 22.984970745338167 0.40000000000000036
      vertex 5.1313708498984765 22.868629150101523 0.40000000000000036
    endloop
  endfacet
  facet normal 0 0 -1
    outer loop
      vertex 4.8889123728313635 22.669648620315925 0.40000000000000036
      vertex 5.015029254661833 22.76318327461962 0.40000000000000036
      vertex 5.078468583078197 22.685882229283347 0.40000000000000036
    endloop
  endfacet
  facet normal 0 0 -1
    outer loop
      vertex 5.015029254661833 22.76318327461962 0.40000000000000036
      vertex 5.202081528017131 22.797918471982868 0.40000000000000036
      vertex 5.078468583078197 22.685882229283347 0.40000000000000036
    endloop
  endfacet
  facet normal 0 0 -1
    outer loop
      vertex 5.015029254661833 22.76318327461962 0.40000000000000036
      vertex 5.1313708498984765 22.868629150101523 0.40000000000000036
      vertex 5.202081528017131 22.797918471982868 0.40000000000000036
    endloop
  endfacet
  facet normal 0 0 -1
    outer loop
      vertex 5.1313708498984765 22.868629150101523 0.40000000000000036
      vertex 5.314117770716653 22.921531416921802 0.40000000000000036
      vertex 5.202081528017131 22.797918471982868 0.40000000000000036
    endloop
  endfacet
  facet normal 0 0 -1
    outer loop
      vertex 5.236816725380379 22.984970745338167 0
      vertex 4.464455483607139 25.531104537171537 0
      vertex 5.330351379684073 23.111087627168637 0
    endloop
  endfacet
  facet normal 0 0 -1
    outer loop
      vertex 5.1313708498984765 22.868629150101523 0.40000000000000036
      vertex 5.236816725380379 22.984970745338167 0.40000000000000036
      vertex 5.314117770716653 22.921531416921802 0.40000000000000036
    endloop
  endfacet
  facet normal 0.8032075314806439 -0.5956993044924349 0
    outer loop
      vertex 5.236816725380379 22.984970745338167 0
      vertex 5.330351379684073 23.111087627168637 0
      vertex 5.330351379684073 23.111087627168637 0.40000000000000036
    endloop
  endfacet
  facet normal 0.8032075314806439 -0.5956993044924349 0
    outer loop
      vertex 5.236816725380379 22.984970745338167 0
      vertex 5.330351379684073 23.111087627168637 0.40000000000000036
      vertex 5.236816725380379 22.984970745338167 0.40000000000000036
    endloop
  endfacet
  facet normal 0.8577286100002722 -0.5141027441932212 0
    outer loop
      vertex 5.330351379684073 23.111087627168637 0
      vertex 5.411074022957369 23.245765221078404 0
      vertex 5.411074022957369 23.245765221078404 0.40000000000000036
    endloop
  endfacet
  facet normal 0.9039892931234439 -0.4275550934302809 0
    outer loop
      vertex 5.411074022957369 23.245765221078404 0
      vertex 5.478207252018059 23.387706508215857 0
      vertex 5.478207252018059 23.387706508215857 0.40000000000000036
    endloop
  endfacet
  facet normal 0.8577286100002722 -0.5141027441932212 0
    outer loop
      vertex 5.330351379684073 23.111087627168637 0
      vertex 5.411074022957369 23.245765221078404 0.40000000000000036
      vertex 5.330351379684073 23.111087627168637 0.40000000000000036
    endloop
  endfacet
  facet normal 0.9039892931234439 -0.4275550934302809 0
    outer loop
      vertex 5.411074022957369 23.245765221078404 0
      vertex 5.478207252018059 23.387706508215857 0.40000000000000036
      vertex 5.411074022957369 23.245765221078404 0.40000000000000036
    endloop
  endfacet
  facet normal 0 0 -1
    outer loop
      vertex 5.314117770716653 22.921531416921802 0.40000000000000036
      vertex 5.236816725380379 22.984970745338167 0.40000000000000036
      vertex 5.413498340914327 23.055530603866675 0.40000000000000036
    endloop
  endfacet
  facet normal 0 0 -1
    outer loop
      vertex 5.236816725380379 22.984970745338167 0.40000000000000036
      vertex 5.330351379684073 23.111087627168637 0.40000000000000036
      vertex 5.413498340914327 23.055530603866675 0.40000000000000036
    endloop
  endfacet
  facet normal 0 0 -1
    outer loop
      vertex 5.330351379684073 23.111087627168637 0.40000000000000036
      vertex 5.411074022957369 23.245765221078404 0.40000000000000036
      vertex 5.413498340914327 23.055530603866675 0.40000000000000036
    endloop
  endfacet
  facet normal 0 0 -1
    outer loop
      vertex 5.413498340914327 23.055530603866675 0.40000000000000036
      vertex 5.411074022957369 23.245765221078404 0.40000000000000036
      vertex 5.499266149392204 23.198625547395803 0.40000000000000036
    endloop
  endfacet
  facet normal 0.5956993044924342 -0.803207531480644 0
    outer loop
      vertex 4.944469396133324 22.586501659085673 0.40000000000000036
      vertex 5.078468583078197 22.685882229283347 0.40000000000000036
      vertex 5.078468583078197 22.685882229283347 1.2000000000000002
    endloop
  endfacet
  facet normal 0.6715589548470129 -0.740951125354964 0
    outer loop
      vertex 5.078468583078197 22.685882229283347 0.40000000000000036
      vertex 5.202081528017131 22.797918471982868 0.40000000000000036
      vertex 5.202081528017131 22.797918471982868 1.2000000000000002
    endloop
  endfacet
  facet normal 0.5956993044924342 -0.803207531480644 0
    outer loop
      vertex 4.944469396133324 22.586501659085673 0.40000000000000036
      vertex 5.078468583078197 22.685882229283347 1.2000000000000002
      vertex 4.944469396133324 22.586501659085673 1.2000000000000002
    endloop
  endfacet
  facet normal 0.6715589548470129 -0.740951125354964 0
    outer loop
      vertex 5.078468583078197 22.685882229283347 0.40000000000000036
      vertex 5.202081528017131 22.797918471982868 1.2000000000000002
      vertex 5.078468583078197 22.685882229283347 1.2000000000000002
    endloop
  endfacet
  facet normal 0.7409511253549614 -0.6715589548470159 0
    outer loop
      vertex 5.202081528017131 22.797918471982868 0.40000000000000036
      vertex 5.314117770716653 22.921531416921802 0.40000000000000036
      vertex 5.202081528017131 22.797918471982868 1.2000000000000002
    endloop
  endfacet
  facet normal 0.7409511253549614 -0.6715589548470159 0
    outer loop
      vertex 5.314117770716653 22.921531416921802 0.40000000000000036
      vertex 5.314117770716653 22.921531416921802 1.2000000000000002
      vertex 5.202081528017131 22.797918471982868 1.2000000000000002
    endloop
  endfacet
  facet normal 0.803207531480644 -0.5956993044924342 0
    outer loop
      vertex 5.314117770716653 22.921531416921802 0.40000000000000036
      vertex 5.413498340914327 23.055530603866675 0.40000000000000036
      vertex 5.314117770716653 22.921531416921802 1.2000000000000002
    endloop
  endfacet
  facet normal 0.8577286100002711 -0.5141027441932232 0
    outer loop
      vertex 5.413498340914327 23.055530603866675 0.40000000000000036
      vertex 5.499266149392204 23.198625547395803 0.40000000000000036
      vertex 5.413498340914327 23.055530603866675 1.2000000000000002
    endloop
  endfacet
  facet normal 0.803207531480644 -0.5956993044924342 0
    outer loop
      vertex 5.413498340914327 23.055530603866675 0.40000000000000036
      vertex 5.413498340914327 23.055530603866675 1.2000000000000002
      vertex 5.314117770716653 22.921531416921802 1.2000000000000002
    endloop
  endfacet
  facet normal 0.9415440651830221 -0.33688985339221633 0
    outer loop
      vertex 5.478207252018059 23.387706508215857 0
      vertex 5.531104537171534 23.53554451639286 0.40000000000000036
      vertex 5.478207252018059 23.387706508215857 0.40000000000000036
    endloop
  endfacet
  facet normal 0.9415440651830221 -0.33688985339221633 0
    outer loop
      vertex 5.478207252018059 23.387706508215857 0
      vertex 5.531104537171534 23.53554451639286 0
      vertex 5.531104537171534 23.53554451639286 0.40000000000000036
    endloop
  endfacet
  facet normal 0.9700312531945446 -0.24298017990326093 0
    outer loop
      vertex 5.531104537171534 23.53554451639286 0
      vertex 5.569256448645168 23.687855484774197 0
      vertex 5.569256448645168 23.687855484774197 0.40000000000000036
    endloop
  endfacet
  facet normal 0.9700312531945446 -0.24298017990326093 0
    outer loop
      vertex 5.531104537171534 23.53554451639286 0
      vertex 5.569256448645168 23.687855484774197 0.40000000000000036
      vertex 5.531104537171534 23.53554451639286 0.40000000000000036
    endloop
  endfacet
  facet normal 0.9891765099647803 -0.1467304744553661 0
    outer loop
      vertex 5.569256448645168 23.687855484774197 0
      vertex 5.592295562675515 23.843172575472703 0.40000000000000036
      vertex 5.569256448645168 23.687855484774197 0.40000000000000036
    endloop
  endfacet
  facet normal 0.9891765099647803 -0.1467304744553661 0
    outer loop
      vertex 5.569256448645168 23.687855484774197 0
      vertex 5.592295562675515 23.843172575472703 0
      vertex 5.592295562675515 23.843172575472703 0.40000000000000036
    endloop
  endfacet
  facet normal 0.9987954562051724 -0.049067674327415406 0
    outer loop
      vertex 5.592295562675515 23.843172575472703 0
      vertex 5.6 24 0
      vertex 5.6 24 0.40000000000000036
    endloop
  endfacet
  facet normal 0.9987954562051724 -0.049067674327415406 0
    outer loop
      vertex 5.592295562675515 23.843172575472703 0
      vertex 5.6 24 0.40000000000000036
      vertex 5.592295562675515 23.843172575472703 0.40000000000000036
    endloop
  endfacet
  facet normal 0 0 -1
    outer loop
      vertex 5.411074022957369 23.245765221078404 0.40000000000000036
      vertex 5.478207252018059 23.387706508215857 0.40000000000000036
      vertex 5.499266149392204 23.198625547395803 0.40000000000000036
    endloop
  endfacet
  facet normal 0 0 -1
    outer loop
      vertex 5.499266149392204 23.198625547395803 0.40000000000000036
      vertex 5.478207252018059 23.387706508215857 0.40000000000000036
      vertex 5.570595205269187 23.349438164979347 0.40000000000000036
    endloop
  endfacet
  facet normal 0 0 -1
    outer loop
      vertex 5.478207252018059 23.387706508215857 0.40000000000000036
      vertex 5.531104537171534 23.53554451639286 0.40000000000000036
      vertex 5.570595205269187 23.349438164979347 0.40000000000000036
    endloop
  endfacet
  facet normal 0 0 -1
    outer loop
      vertex 5.570595205269187 23.349438164979347 0.40000000000000036
      vertex 5.531104537171534 23.53554451639286 0.40000000000000036
      vertex 5.569256448645168 23.687855484774197 0.40000000000000036
    endloop
  endfacet
  facet normal 0 0 -1
    outer loop
      vertex 5.570595205269187 23.349438164979347 0.40000000000000036
      vertex 5.569256448645168 23.687855484774197 0.40000000000000036
      vertex 5.592295562675515 23.843172575472703 0.40000000000000036
    endloop
  endfacet
  facet normal 0 0 -1
    outer loop
      vertex 5.570595205269187 23.349438164979347 0.40000000000000036
      vertex 5.592295562675515 23.843172575472703 0.40000000000000036
      vertex 5.6 24 0.40000000000000036
    endloop
  endfacet
  facet normal 0 0 -1
    outer loop
      vertex 5.570595205269187 23.349438164979347 0.40000000000000036
      vertex 5.626798570744755 24.493483951332585 0.40000000000000036
      vertex 5.626798570744755 23.506516048667415 0.40000000000000036
    endloop
  endfacet
  facet normal 0 0 -1
    outer loop
      vertex 5.570595205269187 23.349438164979347 0.40000000000000036
      vertex 5.6 24 0.40000000000000036
      vertex 5.626798570744755 24.493483951332585 0.40000000000000036
    endloop
  endfacet
  facet normal 0 0 -1
    outer loop
      vertex 5.626798570744755 23.506516048667415 0.40000000000000036
      vertex 5.667334976685492 24.33165354742742 0.40000000000000036
      vertex 5.667334976685492 23.66834645257258 0.40000000000000036
    endloop
  endfacet
  facet normal 0 0 -1
    outer loop
      vertex 5.667334976685492 23.66834645257258 0.40000000000000036
      vertex 5.691814035342735 24.166629138560253 0.40000000000000036
      vertex 5.691814035342735 23.833370861439747 0.40000000000000036
    endloop
  endfacet
  facet normal 0.9039892931234448 -0.42755509343027936 0
    outer loop
      vertex 5.499266149392204 23.198625547395803 0.40000000000000036
      vertex 5.570595205269187 23.349438164979347 0.40000000000000036
      vertex 5.499266149392204 23.198625547395803 1.2000000000000002
    endloop
  endfacet
  facet normal 0.9415440651830207 -0.3368898533922202 0
    outer loop
      vertex 5.570595205269187 23.349438164979347 0.40000000000000036
      vertex 5.626798570744755 23.506516048667415 0.40000000000000036
      vertex 5.570595205269187 23.349438164979347 1.2000000000000002
    endloop
  endfacet
  facet normal 0.9700312531945441 -0.2429801799032638 0
    outer loop
      vertex 5.626798570744755 23.506516048667415 0.40000000000000036
      vertex 5.667334976685492 23.66834645257258 0.40000000000000036
      vertex 5.626798570744755 23.506516048667415 1.2000000000000002
    endloop
  endfacet
  facet normal 0.9891765099647808 -0.1467304744553621 0
    outer loop
      vertex 5.667334976685492 23.66834645257258 0.40000000000000036
      vertex 5.691814035342735 23.833370861439747 0.40000000000000036
      vertex 5.667334976685492 23.66834645257258 1.2000000000000002
    endloop
  endfacet
  facet normal 0.9987954562051724 -0.04906767432741786 0
    outer loop
      vertex 5.691814035342735 23.833370861439747 0.40000000000000036
      vertex 5.7 24 0.40000000000000036
      vertex 5.691814035342735 23.833370861439747 1.2000000000000002
    endloop
  endfacet
  facet normal 0.8577286100002711 -0.5141027441932232 0
    outer loop
      vertex 5.499266149392204 23.198625547395803 0.40000000000000036
      vertex 5.499266149392204 23.198625547395803 1.2000000000000002
      vertex 5.413498340914327 23.055530603866675 1.2000000000000002
    endloop
  endfacet
  facet normal 0.9039892931234448 -0.42755509343027936 0
    outer loop
      vertex 5.570595205269187 23.349438164979347 0.40000000000000036
      vertex 5.570595205269187 23.349438164979347 1.2000000000000002
      vertex 5.499266149392204 23.198625547395803 1.2000000000000002
    endloop
  endfacet
  facet normal 0.9415440651830207 -0.3368898533922202 0
    outer loop
      vertex 5.626798570744755 23.506516048667415 0.40000000000000036
      vertex 5.626798570744755 23.506516048667415 1.2000000000000002
      vertex 5.570595205269187 23.349438164979347 1.2000000000000002
    endloop
  endfacet
  facet normal 0.9700312531945441 -0.2429801799032638 0
    outer loop
      vertex 5.667334976685492 23.66834645257258 0.40000000000000036
      vertex 5.667334976685492 23.66834645257258 1.2000000000000002
      vertex 5.626798570744755 23.506516048667415 1.2000000000000002
    endloop
  endfacet
  facet normal 0.9891765099647808 -0.1467304744553621 0
    outer loop
      vertex 5.691814035342735 23.833370861439747 0.40000000000000036
      vertex 5.691814035342735 23.833370861439747 1.2000000000000002
      vertex 5.667334976685492 23.66834645257258 1.2000000000000002
    endloop
  endfacet
  facet normal 0.9987954562051724 -0.04906767432741786 0
    outer loop
      vertex 5.691814035342735 23.833370861439747 1.2000000000000002
      vertex 5.7 24 0.40000000000000036
      vertex 5.7 24 1.2000000000000002
    endloop
  endfacet
  facet normal 0 0 -1
    outer loop
      vertex 4.464455483607139 22.468895462828467 2.2
      vertex 4.612293491784143 22.52179274798194 2.2
      vertex 6.1 20 2.2
    endloop
  endfacet
  facet normal 0 0 -1
    outer loop
      vertex 4.612293491784143 22.52179274798194 2.2
      vertex 4.754234778921596 22.58892597704263 2.2
      vertex 6.1 20 2.2
    endloop
  endfacet
  facet normal 0 0 -1
    outer loop
      vertex 4.754234778921596 22.58892597704263 2.2
      vertex 4.8889123728313635 22.669648620315925 2.2
      vertex 6.1 20 2.2
    endloop
  endfacet
  facet normal 0 0 -1
    outer loop
      vertex 4.8889123728313635 22.669648620315925 2.2
      vertex 5.015029254661833 22.76318327461962 2.2
      vertex 6.1 20 2.2
    endloop
  endfacet
  facet normal 0 0 -1
    outer loop
      vertex 5.015029254661833 22.76318327461962 2.2
      vertex 5.1313708498984765 22.868629150101523 2.2
      vertex 6.1 20 2.2
    endloop
  endfacet
  facet normal 0 0 1
    outer loop
      vertex 4.944469396133324 22.586501659085673 1.2000000000000002
      vertex 5.078468583078197 22.685882229283347 1.2000000000000002
      vertex 5.015029254661833 22.76318327461962 1.2000000000000002
    endloop
  endfacet
  facet normal 0 0 1
    outer loop
      vertex 5.015029254661833 22.76318327461962 1.2000000000000002
      vertex 5.078468583078197 22.685882229283347 1.2000000000000002
      vertex 5.1313708498984765 22.868629150101523 1.2000000000000002
    endloop
  endfacet
  facet normal 0 0 1
    outer loop
      vertex 5.078468583078197 22.685882229283347 1.2000000000000002
      vertex 5.202081528017131 22.797918471982868 1.2000000000000002
      vertex 5.1313708498984765 22.868629150101523 1.2000000000000002
    endloop
  endfacet
  facet normal 0 0 1
    outer loop
      vertex 5.1313708498984765 22.868629150101523 1.2000000000000002
      vertex 5.202081528017131 22.797918471982868 1.2000000000000002
      vertex 5.236816725380379 22.984970745338167 1.2000000000000002
    endloop
  endfacet
  facet normal 0.671558954847013 -0.740951125354964 0
    outer loop
      vertex 5.015029254661833 22.76318327461962 1.2000000000000002
      vertex 5.1313708498984765 22.868629150101523 1.2000000000000002
      vertex 5.015029254661833 22.76318327461962 2.2
    endloop
  endfacet
  facet normal 0.7409511253549637 -0.6715589548470133 0
    outer loop
      vertex 5.1313708498984765 22.868629150101523 1.2000000000000002
      vertex 5.236816725380379 22.984970745338167 1.2000000000000002
      vertex 5.1313708498984765 22.868629150101523 2.2
    endloop
  endfacet
  facet normal 0 0 1
    outer loop
      vertex 5.202081528017131 22.797918471982868 1.2000000000000002
      vertex 5.314117770716653 22.921531416921802 1.2000000000000002
      vertex 5.236816725380379 22.984970745338167 1.2000000000000002
    endloop
  endfacet
  facet normal 0 0 1
    outer loop
      vertex 5.314117770716653 22.921531416921802 1.2000000000000002
      vertex 5.330351379684073 23.111087627168637 1.2000000000000002
      vertex 5.236816725380379 22.984970745338167 1.2000000000000002
    endloop
  endfacet
  facet normal 0 0 1
    outer loop
      vertex 5.314117770716653 22.921531416921802 1.2000000000000002
      vertex 5.413498340914327 23.055530603866675 1.2000000000000002
      vertex 5.330351379684073 23.111087627168637 1.2000000000000002
    endloop
  endfacet
  facet normal 0 0 1
    outer loop
      vertex 5.330351379684073 23.111087627168637 1.2000000000000002
      vertex 5.413498340914327 23.055530603866675 1.2000000000000002
      vertex 5.411074022957369 23.245765221078404 1.2000000000000002
    endloop
  endfacet
  facet normal 0 0 1
    outer loop
      vertex 5.413498340914327 23.055530603866675 1.2000000000000002
      vertex 5.478207252018059 23.387706508215857 1.2000000000000002
      vertex 5.411074022957369 23.245765221078404 1.2000000000000002
    endloop
  endfacet
  facet normal 0.8032075314806439 -0.5956993044924348 0
    outer loop
      vertex 5.236816725380379 22.984970745338167 1.2000000000000002
      vertex 5.330351379684073 23.111087627168637 1.2000000000000002
      vertex 5.236816725380379 22.984970745338167 2.2
    endloop
  endfacet
  facet normal 0.8577286100002723 -0.5141027441932213 0
    outer loop
      vertex 5.330351379684073 23.111087627168637 1.2000000000000002
      vertex 5.411074022957369 23.245765221078404 1.2000000000000002
      vertex 5.330351379684073 23.111087627168637 2.2
    endloop
  endfacet
  facet normal 0.9039892931234439 -0.4275550934302809 0
    outer loop
      vertex 5.411074022957369 23.245765221078404 1.2000000000000002
      vertex 5.478207252018059 23.387706508215857 1.2000000000000002
      vertex 5.411074022957369 23.245765221078404 2.2
    endloop
  endfacet
  facet normal 0.671558954847013 -0.740951125354964 0
    outer loop
      vertex 5.1313708498984765 22.868629150101523 1.2000000000000002
      vertex 5.1313708498984765 22.868629150101523 2.2
      vertex 5.015029254661833 22.76318327461962 2.2
    endloop
  endfacet
  facet normal 0.7409511253549637 -0.6715589548470133 0
    outer loop
      vertex 5.236816725380379 22.984970745338167 1.2000000000000002
      vertex 5.236816725380379 22.984970745338167 2.2
      vertex 5.1313708498984765 22.868629150101523 2.2
    endloop
  endfacet
  facet normal 0.8032075314806439 -0.5956993044924348 0
    outer loop
      vertex 5.330351379684073 23.111087627168637 1.2000000000000002
      vertex 5.330351379684073 23.111087627168637 2.2
      vertex 5.236816725380379 22.984970745338167 2.2
    endloop
  endfacet
  facet normal 0.8577286100002723 -0.5141027441932213 0
    outer loop
      vertex 5.411074022957369 23.245765221078404 1.2000000000000002
      vertex 5.411074022957369 23.245765221078404 2.2
      vertex 5.330351379684073 23.111087627168637 2.2
    endloop
  endfacet
  facet normal 0.9039892931234439 -0.4275550934302809 0
    outer loop
      vertex 5.411074022957369 23.245765221078404 2.2
      vertex 5.478207252018059 23.387706508215857 1.2000000000000002
      vertex 5.478207252018059 23.387706508215857 2.2
    endloop
  endfacet
  facet normal 0 0 -1
    outer loop
      vertex 5.1313708498984765 22.868629150101523 2.2
      vertex 5.236816725380379 22.984970745338167 2.2
      vertex 6.1 20 2.2
    endloop
  endfacet
  facet normal 0 0 1
    outer loop
      vertex 5.413498340914327 23.055530603866675 1.2000000000000002
      vertex 5.499266149392204 23.198625547395803 1.2000000000000002
      vertex 5.478207252018059 23.387706508215857 1.2000000000000002
    endloop
  endfacet
  facet normal 0 0 1
    outer loop
      vertex 5.499266149392204 23.198625547395803 1.2000000000000002
      vertex 5.531104537171534 23.53554451639286 1.2000000000000002
      vertex 5.478207252018059 23.387706508215857 1.2000000000000002
    endloop
  endfacet
  facet normal 0 0 1
    outer loop
      vertex 5.499266149392204 23.198625547395803 1.2000000000000002
      vertex 5.570595205269187 23.349438164979347 1.2000000000000002
      vertex 5.531104537171534 23.53554451639286 1.2000000000000002
    endloop
  endfacet
  facet normal 0.9700312531945446 -0.24298017990326093 2.1543656443131494e-15
    outer loop
      vertex 5.531104537171534 23.53554451639286 1.2000000000000002
      vertex 5.569256448645168 23.687855484774197 1.2000000000000002
      vertex 5.5472497953279465 23.6 1.4000000000000004
    endloop
  endfacet
  facet normal 0 0 1
    outer loop
      vertex 5.570595205269187 23.349438164979347 1.2000000000000002
      vertex 5.569256448645168 23.687855484774197 1.2000000000000002
      vertex 5.531104537171534 23.53554451639286 1.2000000000000002
    endloop
  endfacet
  facet normal 0 0 1
    outer loop
      vertex 5.570595205269187 23.349438164979347 1.2000000000000002
      vertex 5.592295562675515 23.843172575472703 1.2000000000000002
      vertex 5.569256448645168 23.687855484774197 1.2000000000000002
    endloop
  endfacet
  facet normal 0.9700312531945436 -0.24298017990326556 0
    outer loop
      vertex 5.569256448645168 23.687855484774197 1.2000000000000002
      vertex 5.569256448645168 23.687855484774197 1.4000000000000004
      vertex 5.5472497953279465 23.6 1.4000000000000004
    endloop
  endfacet
  facet normal 0.9891765099647803 -0.1467304744553661 0
    outer loop
      vertex 5.569256448645168 23.687855484774197 1.2000000000000002
      vertex 5.592295562675515 23.843172575472703 1.2000000000000002
      vertex 5.569256448645168 23.687855484774197 1.4000000000000004
    endloop
  endfacet
  facet normal 0 0 1
    outer loop
      vertex 5.570595205269187 23.349438164979347 1.2000000000000002
      vertex 5.626798570744755 23.506516048667415 1.2000000000000002
      vertex 5.592295562675515 23.843172575472703 1.2000000000000002
    endloop
  endfacet
  facet normal 0 0 1
    outer loop
      vertex 5.626798570744755 23.506516048667415 1.2000000000000002
      vertex 5.6 24 1.2000000000000002
      vertex 5.592295562675515 23.843172575472703 1.2000000000000002
    endloop
  endfacet
  facet normal 0.9987954562051724 -0.049067674327415406 0
    outer loop
      vertex 5.592295562675515 23.843172575472703 1.2000000000000002
      vertex 5.6 24 1.2000000000000002
      vertex 5.592295562675515 23.843172575472703 1.4000000000000004
    endloop
  endfacet
  facet normal 0 0 1
    outer loop
      vertex 5.626798570744755 23.506516048667415 1.2000000000000002
      vertex 5.667334976685492 23.66834645257258 1.2000000000000002
      vertex 5.626798570744755 24.493483951332585 1.2000000000000002
    endloop
  endfacet
  facet normal 0.9891765099647803 -0.1467304744553661 0
    outer loop
      vertex 5.569256448645168 23.687855484774197 1.4000000000000004
      vertex 5.592295562675515 23.843172575472703 1.2000000000000002
      vertex 5.592295562675515 23.843172575472703 1.4000000000000004
    endloop
  endfacet
  facet normal 0.9987954562051724 -0.049067674327415406 0
    outer loop
      vertex 5.592295562675515 23.843172575472703 1.4000000000000004
      vertex 5.6 24 1.2000000000000002
      vertex 5.6 24 1.4000000000000004
    endloop
  endfacet
  facet normal 0 0 1
    outer loop
      vertex 5.667334976685492 23.66834645257258 1.2000000000000002
      vertex 5.691814035342735 23.833370861439747 1.2000000000000002
      vertex 5.667334976685492 24.33165354742742 1.2000000000000002
    endloop
  endfacet
  facet normal 0.9415440651830221 -0.33688985339221633 0
    outer loop
      vertex 5.478207252018059 23.387706508215857 1.2000000000000002
      vertex 5.531104537171534 23.53554451639286 1.2000000000000002
      vertex 5.478207252018059 23.387706508215857 2.2
    endloop
  endfacet
  facet normal 0.9700312531945463 -0.24298017990325466 0
    outer loop
      vertex 5.531104537171534 23.53554451639286 1.2000000000000002
      vertex 5.5472497953279465 23.6 1.4000000000000004
      vertex 5.531104537171534 23.53554451639286 2.2
    endloop
  endfacet
  facet normal 0 0 -1
    outer loop
      vertex 5.5472497953279465 23.6 1.4000000000000004
      vertex 5.569256448645168 23.687855484774197 1.4000000000000004
      vertex 6.5 23.6 1.4000000000000004
    endloop
  endfacet
  facet normal 0 0 -1
    outer loop
      vertex 5.569256448645168 23.687855484774197 1.4000000000000004
      vertex 5.592295562675515 23.843172575472703 1.4000000000000004
      vertex 6.5 23.6 1.4000000000000004
    endloop
  endfacet
  facet normal 0 0 -1
    outer loop
      vertex 5.592295562675515 23.843172575472703 1.4000000000000004
      vertex 5.6 24 1.4000000000000004
      vertex 6.5 23.6 1.4000000000000004
    endloop
  endfacet
  facet normal 0 0 -1
    outer loop
      vertex 5.6 24 1.4000000000000004
      vertex 5.592295562675515 24.156827424527297 1.4000000000000004
      vertex 6.5 23.6 1.4000000000000004
    endloop
  endfacet
  facet normal 0 0 -1
    outer loop
      vertex 5.236816725380379 22.984970745338167 2.2
      vertex 5.330351379684073 23.111087627168637 2.2
      vertex 6.1 20 2.2
    endloop
  endfacet
  facet normal 0 0 -1
    outer loop
      vertex 5.330351379684073 23.111087627168637 2.2
      vertex 5.411074022957369 23.245765221078404 2.2
      vertex 6.1 20 2.2
    endloop
  endfacet
  facet normal 0 0 -1
    outer loop
      vertex 5.411074022957369 23.245765221078404 2.2
      vertex 5.478207252018059 23.387706508215857 2.2
      vertex 6.1 20 2.2
    endloop
  endfacet
  facet normal 0.9415440651830221 -0.33688985339221633 0
    outer loop
      vertex 5.531104537171534 23.53554451639286 1.2000000000000002
      vertex 5.531104537171534 23.53554451639286 2.2
      vertex 5.478207252018059 23.387706508215857 2.2
    endloop
  endfacet
  facet normal 0.9700312531945463 -0.24298017990325466 0
    outer loop
      vertex 5.5472497953279465 23.6 1.4000000000000004
      vertex 5.5472497953279465 23.6 2.2
      vertex 5.531104537171534 23.53554451639286 2.2
    endloop
  endfacet
  facet normal 0 0 -1
    outer loop
      vertex 5.478207252018059 23.387706508215857 2.2
      vertex 5.531104537171534 23.53554451639286 2.2
      vertex 6.1 23.6 2.2
    endloop
  endfacet
  facet normal 0 0 -1
    outer loop
      vertex 5.478207252018059 23.387706508215857 2.2
      vertex 6.1 23.6 2.2
      vertex 6.1 20 2.2
    endloop
  endfacet
  facet normal 0 -1 0
    outer loop
      vertex 5.5472497953279465 23.6 1.4000000000000004
      vertex 6.1 23.6 2.2
      vertex 5.5472497953279465 23.6 2.2
    endloop
  endfacet
  facet normal 0 -1 0
    outer loop
      vertex 5.5472497953279465 23.6 1.4000000000000004
      vertex 6.1 23.6 2
      vertex 6.1 23.6 2.2
    endloop
  endfacet
  facet normal 0 0 -1
    outer loop
      vertex 5.531104537171534 23.53554451639286 2.2
      vertex 5.5472497953279465 23.6 2.2
      vertex 6.1 23.6 2.2
    endloop
  endfacet
  facet normal 0 0 -1
    outer loop
      vertex 3.5355445163928603 22.468895462828467 0
      vertex 4.312144515225805 25.56925644864517 0
      vertex 4.464455483607139 25.531104537171537 0
    endloop
  endfacet
  facet normal 0.049067674327415406 0.9987954562051724 0
    outer loop
      vertex 4 25.6 0
      vertex 4 25.6 0.40000000000000036
      vertex 4.156827424527297 25.592295562675517 0
    endloop
  endfacet
  facet normal 0.049067674327415406 0.9987954562051724 0
    outer loop
      vertex 4.156827424527297 25.592295562675517 0
      vertex 4 25.6 0.40000000000000036
      vertex 4.156827424527297 25.592295562675517 0.40000000000000036
    endloop
  endfacet
  facet normal 0.14673047445536444 0.9891765099647806 0
    outer loop
      vertex 4.156827424527297 25.592295562675517 0
      vertex 4.156827424527297 25.592295562675517 0.40000000000000036
      vertex 4.312144515225805 25.56925644864517 0
    endloop
  endfacet
  facet normal 0 0 -1
    outer loop
      vertex 4 25.6 0.40000000000000036
      vertex 4 25.7 0.40000000000000036
      vertex 4.156827424527297 25.592295562675517 0.40000000000000036
    endloop
  endfacet
  facet normal 0 0 -1
    outer loop
      vertex 4 25.7 0.40000000000000036
      vertex 4.166629138560253 25.691814035342734 0.40000000000000036
      vertex 4.156827424527297 25.592295562675517 0.40000000000000036
    endloop
  endfacet
  facet normal 0 0 -1
    outer loop
      vertex 4.156827424527297 25.592295562675517 0.40000000000000036
      vertex 4.166629138560253 25.691814035342734 0.40000000000000036
      vertex 4.312144515225805 25.56925644864517 0.40000000000000036
    endloop
  endfacet
  facet normal 0.24298017990325826 0.9700312531945454 0
    outer loop
      vertex 4.312144515225805 25.56925644864517 0
      vertex 4.312144515225805 25.56925644864517 0.40000000000000036
      vertex 4.464455483607139 25.531104537171537 0
    endloop
  endfacet
  facet normal 0.14673047445536444 0.9891765099647806 0
    outer loop
      vertex 4.156827424527297 25.592295562675517 0.40000000000000036
      vertex 4.312144515225805 25.56925644864517 0.40000000000000036
      vertex 4.312144515225805 25.56925644864517 0
    endloop
  endfacet
  facet normal 0.24298017990325826 0.9700312531945454 0
    outer loop
      vertex 4.464455483607139 25.531104537171537 0
      vertex 4.312144515225805 25.56925644864517 0.40000000000000036
      vertex 4.464455483607139 25.531104537171537 0.40000000000000036
    endloop
  endfacet
  facet normal 0 0 -1
    outer loop
      vertex 4.166629138560253 25.691814035342734 0.40000000000000036
      vertex 4.331653547427418 25.667334976685492 0.40000000000000036
      vertex 4.312144515225805 25.56925644864517 0.40000000000000036
    endloop
  endfacet
  facet normal 0 0 -1
    outer loop
      vertex 4.312144515225805 25.56925644864517 0.40000000000000036
      vertex 4.331653547427418 25.667334976685492 0.40000000000000036
      vertex 4.464455483607139 25.531104537171537 0.40000000000000036
    endloop
  endfacet
  facet normal 0 0 -1
    outer loop
      vertex 4.331653547427418 25.667334976685492 0.40000000000000036
      vertex 4.493483951332586 25.626798570744754 0.40000000000000036
      vertex 4.464455483607139 25.531104537171537 0.40000000000000036
    endloop
  endfacet
  facet normal 0.04906767432741786 0.9987954562051724 0
    outer loop
      vertex 4 25.7 0.40000000000000036
      vertex 4 25.7 1.2000000000000002
      vertex 4.166629138560253 25.691814035342734 0.40000000000000036
    endloop
  endfacet
  facet normal 0.14673047445535692 0.9891765099647817 0
    outer loop
      vertex 4.166629138560253 25.691814035342734 0.40000000000000036
      vertex 4.166629138560253 25.691814035342734 1.2000000000000002
      vertex 4.331653547427418 25.667334976685492 0.40000000000000036
    endloop
  endfacet
  facet normal 0.04906767432741786 0.9987954562051724 0
    outer loop
      vertex 4.166629138560253 25.691814035342734 0.40000000000000036
      vertex 4 25.7 1.2000000000000002
      vertex 4.166629138560253 25.691814035342734 1.2000000000000002
    endloop
  endfacet
  facet normal 0.24298017990327253 0.9700312531945418 0
    outer loop
      vertex 4.331653547427418 25.667334976685492 0.40000000000000036
      vertex 4.331653547427418 25.667334976685492 1.2000000000000002
      vertex 4.493483951332586 25.626798570744754 0.40000000000000036
    endloop
  endfacet
  facet normal 0.14673047445535692 0.9891765099647817 0
    outer loop
      vertex 4.331653547427418 25.667334976685492 0.40000000000000036
      vertex 4.166629138560253 25.691814035342734 1.2000000000000002
      vertex 4.331653547427418 25.667334976685492 1.2000000000000002
    endloop
  endfacet
  facet normal 0.24298017990327253 0.9700312531945418 0
    outer loop
      vertex 4.493483951332586 25.626798570744754 0.40000000000000036
      vertex 4.331653547427418 25.667334976685492 1.2000000000000002
      vertex 4.493483951332586 25.626798570744754 1.2000000000000002
    endloop
  endfacet
  facet normal 0.3368898533922314 0.9415440651830167 0
    outer loop
      vertex 4.464455483607139 25.531104537171537 0
      vertex 4.464455483607139 25.531104537171537 0.40000000000000036
      vertex 4.612293491784143 25.47820725201806 0
    endloop
  endfacet
  facet normal 0.3368898533922314 0.9415440651830167 0
    outer loop
      vertex 4.464455483607139 25.531104537171537 0.40000000000000036
      vertex 4.612293491784143 25.47820725201806 0.40000000000000036
      vertex 4.612293491784143 25.47820725201806 0
    endloop
  endfacet
  facet normal 0 0 -1
    outer loop
      vertex 4.464455483607139 25.531104537171537 0
      vertex 4.754234778921596 25.41107402295737 0
      vertex 4.8889123728313635 25.330351379684075 0
    endloop
  endfacet
  facet normal 0.4275550934302809 0.9039892931234439 0
    outer loop
      vertex 4.612293491784143 25.47820725201806 0.40000000000000036
      vertex 4.754234778921596 25.41107402295737 0.40000000000000036
      vertex 4.754234778921596 25.41107402295737 0
    endloop
  endfacet
  facet normal 0 0 -1
    outer loop
      vertex 4.464455483607139 25.531104537171537 0
      vertex 4.612293491784143 25.47820725201806 0
      vertex 4.754234778921596 25.41107402295737 0
    endloop
  endfacet
  facet normal 0.4275550934302809 0.9039892931234439 0
    outer loop
      vertex 4.612293491784143 25.47820725201806 0
      vertex 4.612293491784143 25.47820725201806 0.40000000000000036
      vertex 4.754234778921596 25.41107402295737 0
    endloop
  endfacet
  facet normal 0 0 -1
    outer loop
      vertex 4.464455483607139 25.531104537171537 0.40000000000000036
      vertex 4.493483951332586 25.626798570744754 0.40000000000000036
      vertex 4.612293491784143 25.47820725201806 0.40000000000000036
    endloop
  endfacet
  facet normal 0 0 -1
    outer loop
      vertex 4.493483951332586 25.626798570744754 0.40000000000000036
      vertex 4.650561835020652 25.570595205269186 0.40000000000000036
      vertex 4.612293491784143 25.47820725201806 0.40000000000000036
    endloop
  endfacet
  facet normal 0 0 -1
    outer loop
      vertex 4.612293491784143 25.47820725201806 0.40000000000000036
      vertex 4.650561835020652 25.570595205269186 0.40000000000000036
      vertex 4.754234778921596 25.41107402295737 0.40000000000000036
    endloop
  endfacet
  facet normal 0 0 -1
    outer loop
      vertex 4.464455483607139 25.531104537171537 0
      vertex 4.8889123728313635 25.330351379684075 0
      vertex 5.015029254661833 25.23681672538038 0
    endloop
  endfacet
  facet normal 0.514102744193213 0.8577286100002773 0
    outer loop
      vertex 4.754234778921596 25.41107402295737 0
      vertex 4.754234778921596 25.41107402295737 0.40000000000000036
      vertex 4.8889123728313635 25.330351379684075 0
    endloop
  endfacet
  facet normal 0.514102744193213 0.8577286100002773 0
    outer loop
      vertex 4.8889123728313635 25.330351379684075 0
      vertex 4.754234778921596 25.41107402295737 0.40000000000000036
      vertex 4.8889123728313635 25.330351379684075 0.40000000000000036
    endloop
  endfacet
  facet normal 0 0 -1
    outer loop
      vertex 4.464455483607139 25.531104537171537 0
      vertex 5.015029254661833 25.23681672538038 0
      vertex 5.1313708498984765 25.131370849898474 0
    endloop
  endfacet
  facet normal 0 0 -1
    outer loop
      vertex 4.464455483607139 25.531104537171537 0
      vertex 5.1313708498984765 25.131370849898474 0
      vertex 5.236816725380379 25.015029254661833 0
    endloop
  endfacet
  facet normal 0.595699304492442 0.8032075314806385 0
    outer loop
      vertex 4.8889123728313635 25.330351379684075 0
      vertex 4.8889123728313635 25.330351379684075 0.40000000000000036
      vertex 5.015029254661833 25.23681672538038 0
    endloop
  endfacet
  facet normal 0.595699304492442 0.8032075314806385 0
    outer loop
      vertex 4.8889123728313635 25.330351379684075 0.40000000000000036
      vertex 5.015029254661833 25.23681672538038 0.40000000000000036
      vertex 5.015029254661833 25.23681672538038 0
    endloop
  endfacet
  facet normal 0 0 -1
    outer loop
      vertex 4.754234778921596 25.41107402295737 0.40000000000000036
      vertex 4.801374452604196 25.499266149392206 0.40000000000000036
      vertex 4.8889123728313635 25.330351379684075 0.40000000000000036
    endloop
  endfacet
  facet normal 0 0 -1
    outer loop
      vertex 4.650561835020652 25.570595205269186 0.40000000000000036
      vertex 4.801374452604196 25.499266149392206 0.40000000000000036
      vertex 4.754234778921596 25.41107402295737 0.40000000000000036
    endloop
  endfacet
  facet normal 0 0 -1
    outer loop
      vertex 4.801374452604196 25.499266149392206 0.40000000000000036
      vertex 4.944469396133324 25.413498340914327 0.40000000000000036
      vertex 4.8889123728313635 25.330351379684075 0.40000000000000036
    endloop
  endfacet
  facet normal 0 0 -1
    outer loop
      vertex 4.8889123728313635 25.330351379684075 0.40000000000000036
      vertex 4.944469396133324 25.413498340914327 0.40000000000000036
      vertex 5.015029254661833 25.23681672538038 0.40000000000000036
    endloop
  endfacet
  facet normal 0.3368898533922236 0.9415440651830195 0
    outer loop
      vertex 4.493483951332586 25.626798570744754 0.40000000000000036
      vertex 4.493483951332586 25.626798570744754 1.2000000000000002
      vertex 4.650561835020652 25.570595205269186 0.40000000000000036
    endloop
  endfacet
  facet normal 0.42755509343026193 0.9039892931234529 0
    outer loop
      vertex 4.650561835020652 25.570595205269186 0.40000000000000036
      vertex 4.650561835020652 25.570595205269186 1.2000000000000002
      vertex 4.801374452604196 25.499266149392206 0.40000000000000036
    endloop
  endfacet
  facet normal 0.3368898533922236 0.9415440651830195 0
    outer loop
      vertex 4.650561835020652 25.570595205269186 0.40000000000000036
      vertex 4.493483951332586 25.626798570744754 1.2000000000000002
      vertex 4.650561835020652 25.570595205269186 1.2000000000000002
    endloop
  endfacet
  facet normal 0.5141027441932311 0.8577286100002666 0
    outer loop
      vertex 4.801374452604196 25.499266149392206 0.40000000000000036
      vertex 4.801374452604196 25.499266149392206 1.2000000000000002
      vertex 4.944469396133324 25.413498340914327 0.40000000000000036
    endloop
  endfacet
  facet normal 0.42755509343026193 0.9039892931234529 0
    outer loop
      vertex 4.801374452604196 25.499266149392206 0.40000000000000036
      vertex 4.650561835020652 25.570595205269186 1.2000000000000002
      vertex 4.801374452604196 25.499266149392206 1.2000000000000002
    endloop
  endfacet
  facet normal 0.5141027441932311 0.8577286100002666 0
    outer loop
      vertex 4.944469396133324 25.413498340914327 0.40000000000000036
      vertex 4.801374452604196 25.499266149392206 1.2000000000000002
      vertex 4.944469396133324 25.413498340914327 1.2000000000000002
    endloop
  endfacet
  facet normal 0 0 1
    outer loop
      vertex 4 25.6 1.2000000000000002
      vertex 4.166629138560253 25.691814035342734 1.2000000000000002
      vertex 4 25.7 1.2000000000000002
    endloop
  endfacet
  facet normal 0 0 1
    outer loop
      vertex 4 25.6 1.2000000000000002
      vertex 4.156827424527297 25.592295562675517 1.2000000000000002
      vertex 4.166629138560253 25.691814035342734 1.2000000000000002
    endloop
  endfacet
  facet normal 0 0 1
    outer loop
      vertex 4.156827424527297 25.592295562675517 1.2000000000000002
      vertex 4.331653547427418 25.667334976685492 1.2000000000000002
      vertex 4.166629138560253 25.691814035342734 1.2000000000000002
    endloop
  endfacet
  facet normal 0.04906767432741541 0.9987954562051725 0
    outer loop
      vertex 4 25.6 1.2000000000000002
      vertex 4.156827424527297 25.592295562675517 2.2
      vertex 4.156827424527297 25.592295562675517 1.2000000000000002
    endloop
  endfacet
  facet normal 0 0 1
    outer loop
      vertex 4.156827424527297 25.592295562675517 1.2000000000000002
      vertex 4.312144515225805 25.56925644864517 1.2000000000000002
      vertex 4.331653547427418 25.667334976685492 1.2000000000000002
    endloop
  endfacet
  facet normal 0 0 1
    outer loop
      vertex 4.312144515225805 25.56925644864517 1.2000000000000002
      vertex 4.493483951332586 25.626798570744754 1.2000000000000002
      vertex 4.331653547427418 25.667334976685492 1.2000000000000002
    endloop
  endfacet
  facet normal 0 0 1
    outer loop
      vertex 4.312144515225805 25.56925644864517 1.2000000000000002
      vertex 4.464455483607139 25.531104537171537 1.2000000000000002
      vertex 4.493483951332586 25.626798570744754 1.2000000000000002
    endloop
  endfacet
  facet normal 0.14673047445536444 0.9891765099647806 0
    outer loop
      vertex 4.156827424527297 25.592295562675517 1.2000000000000002
      vertex 4.312144515225805 25.56925644864517 2.2
      vertex 4.312144515225805 25.56925644864517 1.2000000000000002
    endloop
  endfacet
  facet normal 0.2429801799032583 0.9700312531945454 0
    outer loop
      vertex 4.312144515225805 25.56925644864517 1.2000000000000002
      vertex 4.464455483607139 25.531104537171537 2.2
      vertex 4.464455483607139 25.531104537171537 1.2000000000000002
    endloop
  endfacet
  facet normal 0.04906767432741541 0.9987954562051725 0
    outer loop
      vertex 4 25.6 1.2000000000000002
      vertex 4 25.6 2.2
      vertex 4.156827424527297 25.592295562675517 2.2
    endloop
  endfacet
  facet normal 0.14673047445536444 0.9891765099647806 0
    outer loop
      vertex 4.156827424527297 25.592295562675517 1.2000000000000002
      vertex 4.156827424527297 25.592295562675517 2.2
      vertex 4.312144515225805 25.56925644864517 2.2
    endloop
  endfacet
  facet normal 0.2429801799032583 0.9700312531945454 0
    outer loop
      vertex 4.312144515225805 25.56925644864517 1.2000000000000002
      vertex 4.312144515225805 25.56925644864517 2.2
      vertex 4.464455483607139 25.531104537171537 2.2
    endloop
  endfacet
  facet normal 0 0 1
    outer loop
      vertex 4.464455483607139 25.531104537171537 1.2000000000000002
      vertex 4.650561835020652 25.570595205269186 1.2000000000000002
      vertex 4.493483951332586 25.626798570744754 1.2000000000000002
    endloop
  endfacet
  facet normal 0 0 1
    outer loop
      vertex 4.464455483607139 25.531104537171537 1.2000000000000002
      vertex 4.612293491784143 25.47820725201806 1.2000000000000002
      vertex 4.650561835020652 25.570595205269186 1.2000000000000002
    endloop
  endfacet
  facet normal 0 0 1
    outer loop
      vertex 4.612293491784143 25.47820725201806 1.2000000000000002
      vertex 4.801374452604196 25.499266149392206 1.2000000000000002
      vertex 4.650561835020652 25.570595205269186 1.2000000000000002
    endloop
  endfacet
  facet normal 0 0 1
    outer loop
      vertex 4.612293491784143 25.47820725201806 1.2000000000000002
      vertex 4.754234778921596 25.41107402295737 1.2000000000000002
      vertex 4.801374452604196 25.499266149392206 1.2000000000000002
    endloop
  endfacet
  facet normal 0.3368898533922314 0.9415440651830168 0
    outer loop
      vertex 4.464455483607139 25.531104537171537 1.2000000000000002
      vertex 4.612293491784143 25.47820725201806 2.2
      vertex 4.612293491784143 25.47820725201806 1.2000000000000002
    endloop
  endfacet
  facet normal 0.4275550934302809 0.9039892931234439 0
    outer loop
      vertex 4.612293491784143 25.47820725201806 1.2000000000000002
      vertex 4.754234778921596 25.41107402295737 2.2
      vertex 4.754234778921596 25.41107402295737 1.2000000000000002
    endloop
  endfacet
  facet normal 0 0 1
    outer loop
      vertex 4.754234778921596 25.41107402295737 1.2000000000000002
      vertex 4.944469396133324 25.413498340914327 1.2000000000000002
      vertex 4.801374452604196 25.499266149392206 1.2000000000000002
    endloop
  endfacet
  facet normal 0 0 1
    outer loop
      vertex 4.754234778921596 25.41107402295737 1.2000000000000002
      vertex 4.8889123728313635 25.330351379684075 1.2000000000000002
      vertex 4.944469396133324 25.413498340914327 1.2000000000000002
    endloop
  endfacet
  facet normal 0 0 1
    outer loop
      vertex 4.8889123728313635 25.330351379684075 1.2000000000000002
      vertex 5.078468583078197 25.314117770716653 1.2000000000000002
      vertex 4.944469396133324 25.413498340914327 1.2000000000000002
    endloop
  endfacet
  facet normal 0.514102744193213 0.8577286100002772 0
    outer loop
      vertex 4.754234778921596 25.41107402295737 1.2000000000000002
      vertex 4.8889123728313635 25.330351379684075 2.2
      vertex 4.8889123728313635 25.330351379684075 1.2000000000000002
    endloop
  endfacet
  facet normal 0.595699304492442 0.8032075314806384 0
    outer loop
      vertex 4.8889123728313635 25.330351379684075 1.2000000000000002
      vertex 5.015029254661833 25.23681672538038 2.2
      vertex 5.015029254661833 25.23681672538038 1.2000000000000002
    endloop
  endfacet
  facet normal 0.3368898533922314 0.9415440651830168 0
    outer loop
      vertex 4.464455483607139 25.531104537171537 1.2000000000000002
      vertex 4.464455483607139 25.531104537171537 2.2
      vertex 4.612293491784143 25.47820725201806 2.2
    endloop
  endfacet
  facet normal 0.4275550934302809 0.9039892931234439 0
    outer loop
      vertex 4.612293491784143 25.47820725201806 1.2000000000000002
      vertex 4.612293491784143 25.47820725201806 2.2
      vertex 4.754234778921596 25.41107402295737 2.2
    endloop
  endfacet
  facet normal 0.514102744193213 0.8577286100002772 0
    outer loop
      vertex 4.754234778921596 25.41107402295737 1.2000000000000002
      vertex 4.754234778921596 25.41107402295737 2.2
      vertex 4.8889123728313635 25.330351379684075 2.2
    endloop
  endfacet
  facet normal 0.595699304492442 0.8032075314806384 0
    outer loop
      vertex 4.8889123728313635 25.330351379684075 1.2000000000000002
      vertex 4.8889123728313635 25.330351379684075 2.2
      vertex 5.015029254661833 25.23681672538038 2.2
    endloop
  endfacet
  facet normal 0 0 -1
    outer loop
      vertex 3.843172575472703 25.592295562675517 2.2
      vertex 6.1 30.1 2.2
      vertex 4 25.6 2.2
    endloop
  endfacet
  facet normal 0 0 -1
    outer loop
      vertex 4 25.6 2.2
      vertex 6.1 30.1 2.2
      vertex 4.156827424527297 25.592295562675517 2.2
    endloop
  endfacet
  facet normal 0 0 -1
    outer loop
      vertex 4.156827424527297 25.592295562675517 2.2
      vertex 6.1 30.1 2.2
      vertex 4.312144515225805 25.56925644864517 2.2
    endloop
  endfacet
  facet normal 0 0 -1
    outer loop
      vertex 4.312144515225805 25.56925644864517 2.2
      vertex 6.1 30.1 2.2
      vertex 4.464455483607139 25.531104537171537 2.2
    endloop
  endfacet
  facet normal 0 -1 0
    outer loop
      vertex 1.5 30.5 0
      vertex 6.5 30.5 0
      vertex 6.5 30.5 0.40000000000000036
    endloop
  endfacet
  facet normal 0 0 -1
    outer loop
      vertex 1.6 30.4 0.40000000000000036
      vertex 6.5 30.5 0.40000000000000036
      vertex 6.4 30.4 0.40000000000000036
    endloop
  endfacet
  facet normal 0 -1 0
    outer loop
      vertex 1.6 30.4 1.2000000000000002
      vertex 6.4 30.4 0.40000000000000036
      vertex 6.4 30.4 1.2000000000000002
    endloop
  endfacet
  facet normal 0 0 1
    outer loop
      vertex 1.5 30.5 1.2000000000000002
      vertex 6.4 30.4 1.2000000000000002
      vertex 6.5 30.5 1.2000000000000002
    endloop
  endfacet
  facet normal 0 -1 0
    outer loop
      vertex 1.5 30.5 1.2000000000000002
      vertex 6.5 30.5 1.2000000000000002
      vertex 6.5 30.5 2
    endloop
  endfacet
  facet normal 0 -1 0
    outer loop
      vertex 1.9 30.1 2.2
      vertex 6.1 30.1 2
      vertex 6.1 30.1 2.2
    endloop
  endfacet
  facet normal 0 0 -1
    outer loop
      vertex 1.9 30.1 2
      vertex 6.5 30.5 2
      vertex 6.1 30.1 2
    endloop
  endfacet
  facet normal 0 0 -1
    outer loop
      vertex 5.330351379684073 23.111087627168637 0
      vertex 4.464455483607139 25.531104537171537 0
      vertex 5.411074022957369 23.245765221078404 0
    endloop
  endfacet
  facet normal 0 0 -1
    outer loop
      vertex 5.411074022957369 23.245765221078404 0
      vertex 4.464455483607139 25.531104537171537 0
      vertex 5.478207252018059 23.387706508215857 0
    endloop
  endfacet
  facet normal 0 0 -1
    outer loop
      vertex 5.478207252018059 23.387706508215857 0
      vertex 4.464455483607139 25.531104537171537 0
      vertex 5.531104537171534 23.53554451639286 0
    endloop
  endfacet
  facet normal 0 0 -1
    outer loop
      vertex 5.531104537171534 23.53554451639286 0
      vertex 4.464455483607139 25.531104537171537 0
      vertex 5.569256448645168 23.687855484774197 0
    endloop
  endfacet
  facet normal 0 0 -1
    outer loop
      vertex 5.569256448645168 23.687855484774197 0
      vertex 4.464455483607139 25.531104537171537 0
      vertex 5.592295562675515 23.843172575472703 0
    endloop
  endfacet
  facet normal 0 0 -1
    outer loop
      vertex 4.464455483607139 25.531104537171537 0
      vertex 5.569256448645168 24.312144515225803 0
      vertex 5.592295562675515 24.156827424527297 0
    endloop
  endfacet
  facet normal 0 0 -1
    outer loop
      vertex 4.464455483607139 25.531104537171537 0
      vertex 5.531104537171534 24.46445548360714 0
      vertex 5.569256448645168 24.312144515225803 0
    endloop
  endfacet
  facet normal 0 0 -1
    outer loop
      vertex 4.464455483607139 25.531104537171537 0
      vertex 5.478207252018059 24.612293491784143 0
      vertex 5.531104537171534 24.46445548360714 0
    endloop
  endfacet
  facet normal 0 0 -1
    outer loop
      vertex 4.464455483607139 25.531104537171537 0
      vertex 5.236816725380379 25.015029254661833 0
      vertex 5.330351379684073 24.888912372831363 0
    endloop
  endfacet
  facet normal 0 0 -1
    outer loop
      vertex 4.464455483607139 25.531104537171537 0
      vertex 5.330351379684073 24.888912372831363 0
      vertex 5.411074022957369 24.754234778921596 0
    endloop
  endfacet
  facet normal 0.6715589548470254 0.7409511253549527 0
    outer loop
      vertex 5.015029254661833 25.23681672538038 0
      vertex 5.015029254661833 25.23681672538038 0.40000000000000036
      vertex 5.1313708498984765 25.131370849898474 0
    endloop
  endfacet
  facet normal 0.6715589548470254 0.7409511253549527 0
    outer loop
      vertex 5.1313708498984765 25.131370849898474 0
      vertex 5.015029254661833 25.23681672538038 0.40000000000000036
      vertex 5.1313708498984765 25.131370849898474 0.40000000000000036
    endloop
  endfacet
  facet normal 0 0 -1
    outer loop
      vertex 4.464455483607139 25.531104537171537 0
      vertex 5.411074022957369 24.754234778921596 0
      vertex 5.478207252018059 24.612293491784143 0
    endloop
  endfacet
  facet normal 0.7409511253549534 0.6715589548470247 0
    outer loop
      vertex 5.1313708498984765 25.131370849898474 0
      vertex 5.1313708498984765 25.131370849898474 0.40000000000000036
      vertex 5.236816725380379 25.015029254661833 0
    endloop
  endfacet
  facet normal 0.7409511253549534 0.6715589548470247 0
    outer loop
      vertex 5.1313708498984765 25.131370849898474 0.40000000000000036
      vertex 5.236816725380379 25.015029254661833 0.40000000000000036
      vertex 5.236816725380379 25.015029254661833 0
    endloop
  endfacet
  facet normal 0 0 -1
    outer loop
      vertex 4.944469396133324 25.413498340914327 0.40000000000000036
      vertex 5.078468583078197 25.314117770716653 0.40000000000000036
      vertex 5.015029254661833 25.23681672538038 0.40000000000000036
    endloop
  endfacet
  facet normal 0 0 -1
    outer loop
      vertex 5.015029254661833 25.23681672538038 0.40000000000000036
      vertex 5.078468583078197 25.314117770716653 0.40000000000000036
      vertex 5.1313708498984765 25.131370849898474 0.40000000000000036
    endloop
  endfacet
  facet normal 0 0 -1
    outer loop
      vertex 5.078468583078197 25.314117770716653 0.40000000000000036
      vertex 5.202081528017131 25.202081528017132 0.40000000000000036
      vertex 5.1313708498984765 25.131370849898474 0.40000000000000036
    endloop
  endfacet
  facet normal 0 0 -1
    outer loop
      vertex 5.1313708498984765 25.131370849898474 0.40000000000000036
      vertex 5.202081528017131 25.202081528017132 0.40000000000000036
      vertex 5.236816725380379 25.015029254661833 0.40000000000000036
    endloop
  endfacet
  facet normal 0 0 -1
    outer loop
      vertex 5.592295562675515 23.843172575472703 0
      vertex 4.464455483607139 25.531104537171537 0
      vertex 5.6 24 0
    endloop
  endfacet
  facet normal 0 0 -1
    outer loop
      vertex 4.464455483607139 25.531104537171537 0
      vertex 5.592295562675515 24.156827424527297 0
      vertex 5.6 24 0
    endloop
  endfacet
  facet normal 0.8032075314806439 0.5956993044924349 0
    outer loop
      vertex 5.330351379684073 24.888912372831363 0
      vertex 5.236816725380379 25.015029254661833 0.40000000000000036
      vertex 5.330351379684073 24.888912372831363 0.40000000000000036
    endloop
  endfacet
  facet normal 0.8577286100002722 0.5141027441932212 0
    outer loop
      vertex 5.330351379684073 24.888912372831363 0
      vertex 5.330351379684073 24.888912372831363 0.40000000000000036
      vertex 5.411074022957369 24.754234778921596 0
    endloop
  endfacet
  facet normal 0.9039892931234439 0.4275550934302809 0
    outer loop
      vertex 5.411074022957369 24.754234778921596 0
      vertex 5.411074022957369 24.754234778921596 0.40000000000000036
      vertex 5.478207252018059 24.612293491784143 0
    endloop
  endfacet
  facet normal 0.8577286100002722 0.5141027441932212 0
    outer loop
      vertex 5.411074022957369 24.754234778921596 0
      vertex 5.330351379684073 24.888912372831363 0.40000000000000036
      vertex 5.411074022957369 24.754234778921596 0.40000000000000036
    endloop
  endfacet
  facet normal 0.9039892931234439 0.4275550934302809 0
    outer loop
      vertex 5.411074022957369 24.754234778921596 0.40000000000000036
      vertex 5.478207252018059 24.612293491784143 0.40000000000000036
      vertex 5.478207252018059 24.612293491784143 0
    endloop
  endfacet
  facet normal 0 0 -1
    outer loop
      vertex 5.330351379684073 24.888912372831363 0.40000000000000036
      vertex 5.413498340914327 24.94446939613332 0.40000000000000036
      vertex 5.411074022957369 24.754234778921596 0.40000000000000036
    endloop
  endfacet
  facet normal 0 0 -1
    outer loop
      vertex 5.411074022957369 24.754234778921596 0.40000000000000036
      vertex 5.413498340914327 24.94446939613332 0.40000000000000036
      vertex 5.478207252018059 24.612293491784143 0.40000000000000036
    endloop
  endfacet
  facet normal 0.8032075314806439 0.5956993044924349 0
    outer loop
      vertex 5.330351379684073 24.888912372831363 0
      vertex 5.236816725380379 25.015029254661833 0
      vertex 5.236816725380379 25.015029254661833 0.40000000000000036
    endloop
  endfacet
  facet normal 0 0 -1
    outer loop
      vertex 5.202081528017131 25.202081528017132 0.40000000000000036
      vertex 5.314117770716653 25.078468583078198 0.40000000000000036
      vertex 5.236816725380379 25.015029254661833 0.40000000000000036
    endloop
  endfacet
  facet normal 0 0 -1
    outer loop
      vertex 5.330351379684073 24.888912372831363 0.40000000000000036
      vertex 5.236816725380379 25.015029254661833 0.40000000000000036
      vertex 5.314117770716653 25.078468583078198 0.40000000000000036
    endloop
  endfacet
  facet normal 0 0 -1
    outer loop
      vertex 5.330351379684073 24.888912372831363 0.40000000000000036
      vertex 5.314117770716653 25.078468583078198 0.40000000000000036
      vertex 5.413498340914327 24.94446939613332 0.40000000000000036
    endloop
  endfacet
  facet normal 0.5956993044924342 0.803207531480644 0
    outer loop
      vertex 4.944469396133324 25.413498340914327 0.40000000000000036
      vertex 4.944469396133324 25.413498340914327 1.2000000000000002
      vertex 5.078468583078197 25.314117770716653 0.40000000000000036
    endloop
  endfacet
  facet normal 0.6715589548470129 0.740951125354964 0
    outer loop
      vertex 5.078468583078197 25.314117770716653 0.40000000000000036
      vertex 5.078468583078197 25.314117770716653 1.2000000000000002
      vertex 5.202081528017131 25.202081528017132 0.40000000000000036
    endloop
  endfacet
  facet normal 0.5956993044924342 0.803207531480644 0
    outer loop
      vertex 4.944469396133324 25.413498340914327 1.2000000000000002
      vertex 5.078468583078197 25.314117770716653 1.2000000000000002
      vertex 5.078468583078197 25.314117770716653 0.40000000000000036
    endloop
  endfacet
  facet normal 0.6715589548470129 0.740951125354964 0
    outer loop
      vertex 5.202081528017131 25.202081528017132 0.40000000000000036
      vertex 5.078468583078197 25.314117770716653 1.2000000000000002
      vertex 5.202081528017131 25.202081528017132 1.2000000000000002
    endloop
  endfacet
  facet normal 0.8577286100002655 0.5141027441932325 0
    outer loop
      vertex 5.413498340914327 24.94446939613332 0.40000000000000036
      vertex 5.413498340914327 24.94446939613332 1.2000000000000002
      vertex 5.499266149392204 24.801374452604197 1.2000000000000002
    endloop
  endfacet
  facet normal 0.7409511253549614 0.6715589548470159 0
    outer loop
      vertex 5.202081528017131 25.202081528017132 0.40000000000000036
      vertex 5.314117770716653 25.078468583078198 1.2000000000000002
      vertex 5.314117770716653 25.078468583078198 0.40000000000000036
    endloop
  endfacet
  facet normal 0.8032075314806517 0.5956993044924241 0
    outer loop
      vertex 5.314117770716653 25.078468583078198 0.40000000000000036
      vertex 5.413498340914327 24.94446939613332 1.2000000000000002
      vertex 5.413498340914327 24.94446939613332 0.40000000000000036
    endloop
  endfacet
  facet normal 0.7409511253549614 0.6715589548470159 0
    outer loop
      vertex 5.202081528017131 25.202081528017132 0.40000000000000036
      vertex 5.202081528017131 25.202081528017132 1.2000000000000002
      vertex 5.314117770716653 25.078468583078198 1.2000000000000002
    endloop
  endfacet
  facet normal 0.8032075314806517 0.5956993044924241 0
    outer loop
      vertex 5.314117770716653 25.078468583078198 0.40000000000000036
      vertex 5.314117770716653 25.078468583078198 1.2000000000000002
      vertex 5.413498340914327 24.94446939613332 1.2000000000000002
    endloop
  endfacet
  facet normal 0.9700312531945446 0.24298017990326093 0
    outer loop
      vertex 5.569256448645168 24.312144515225803 0
      vertex 5.531104537171534 24.46445548360714 0
      vertex 5.531104537171534 24.46445548360714 0.40000000000000036
    endloop
  endfacet
  facet normal 0.9891765099647803 0.1467304744553661 0
    outer loop
      vertex 5.569256448645168 24.312144515225803 0
      vertex 5.569256448645168 24.312144515225803 0.40000000000000036
      vertex 5.592295562675515 24.156827424527297 0
    endloop
  endfacet
  facet normal 0.9700312531945446 0.24298017990326093 0
    outer loop
      vertex 5.569256448645168 24.312144515225803 0
      vertex 5.531104537171534 24.46445548360714 0.40000000000000036
      vertex 5.569256448645168 24.312144515225803 0.40000000000000036
    endloop
  endfacet
  facet normal 0.9415440651830221 0.33688985339221633 0
    outer loop
      vertex 5.478207252018059 24.612293491784143 0
      vertex 5.478207252018059 24.612293491784143 0.40000000000000036
      vertex 5.531104537171534 24.46445548360714 0
    endloop
  endfacet
  facet normal 0.9415440651830221 0.33688985339221633 0
    outer loop
      vertex 5.531104537171534 24.46445548360714 0
      vertex 5.478207252018059 24.612293491784143 0.40000000000000036
      vertex 5.531104537171534 24.46445548360714 0.40000000000000036
    endloop
  endfacet
  facet normal 0.9987954562051724 0.049067674327415406 0
    outer loop
      vertex 5.6 24 0
      vertex 5.592295562675515 24.156827424527297 0
      vertex 5.592295562675515 24.156827424527297 0.40000000000000036
    endloop
  endfacet
  facet normal 0.9987954562051724 0.049067674327415406 0
    outer loop
      vertex 5.6 24 0
      vertex 5.592295562675515 24.156827424527297 0.40000000000000036
      vertex 5.6 24 0.40000000000000036
    endloop
  endfacet
  facet normal 0.9891765099647803 0.1467304744553661 0
    outer loop
      vertex 5.592295562675515 24.156827424527297 0
      vertex 5.569256448645168 24.312144515225803 0.40000000000000036
      vertex 5.592295562675515 24.156827424527297 0.40000000000000036
    endloop
  endfacet
  facet normal 0 0 -1
    outer loop
      vertex 5.569256448645168 24.312144515225803 0.40000000000000036
      vertex 5.570595205269187 24.650561835020653 0.40000000000000036
      vertex 5.592295562675515 24.156827424527297 0.40000000000000036
    endloop
  endfacet
  facet normal 0 0 -1
    outer loop
      vertex 5.478207252018059 24.612293491784143 0.40000000000000036
      vertex 5.499266149392204 24.801374452604197 0.40000000000000036
      vertex 5.531104537171534 24.46445548360714 0.40000000000000036
    endloop
  endfacet
  facet normal 0 0 -1
    outer loop
      vertex 5.413498340914327 24.94446939613332 0.40000000000000036
      vertex 5.499266149392204 24.801374452604197 0.40000000000000036
      vertex 5.478207252018059 24.612293491784143 0.40000000000000036
    endloop
  endfacet
  facet normal 0 0 -1
    outer loop
      vertex 5.499266149392204 24.801374452604197 0.40000000000000036
      vertex 5.570595205269187 24.650561835020653 0.40000000000000036
      vertex 5.531104537171534 24.46445548360714 0.40000000000000036
    endloop
  endfacet
  facet normal 0 0 -1
    outer loop
      vertex 5.569256448645168 24.312144515225803 0.40000000000000036
      vertex 5.531104537171534 24.46445548360714 0.40000000000000036
      vertex 5.570595205269187 24.650561835020653 0.40000000000000036
    endloop
  endfacet
  facet normal 0 0 -1
    outer loop
      vertex 5.626798570744755 23.506516048667415 0.40000000000000036
      vertex 5.626798570744755 24.493483951332585 0.40000000000000036
      vertex 5.667334976685492 24.33165354742742 0.40000000000000036
    endloop
  endfacet
  facet normal 0 0 -1
    outer loop
      vertex 5.6 24 0.40000000000000036
      vertex 5.592295562675515 24.156827424527297 0.40000000000000036
      vertex 5.626798570744755 24.493483951332585 0.40000000000000036
    endloop
  endfacet
  facet normal 0 0 -1
    outer loop
      vertex 5.570595205269187 24.650561835020653 0.40000000000000036
      vertex 5.626798570744755 24.493483951332585 0.40000000000000036
      vertex 5.592295562675515 24.156827424527297 0.40000000000000036
    endloop
  endfacet
  facet normal 0 0 -1
    outer loop
      vertex 5.667334976685492 23.66834645257258 0.40000000000000036
      vertex 5.667334976685492 24.33165354742742 0.40000000000000036
      vertex 5.691814035342735 24.166629138560253 0.40000000000000036
    endloop
  endfacet
  facet normal 0 0 -1
    outer loop
      vertex 5.691814035342735 23.833370861439747 0.40000000000000036
      vertex 5.691814035342735 24.166629138560253 0.40000000000000036
      vertex 5.7 24 0.40000000000000036
    endloop
  endfacet
  facet normal 0.8577286100002655 0.5141027441932325 0
    outer loop
      vertex 5.413498340914327 24.94446939613332 0.40000000000000036
      vertex 5.499266149392204 24.801374452604197 1.2000000000000002
      vertex 5.499266149392204 24.801374452604197 0.40000000000000036
    endloop
  endfacet
  facet normal 0.9039892931234448 0.42755509343027936 0
    outer loop
      vertex 5.499266149392204 24.801374452604197 0.40000000000000036
      vertex 5.570595205269187 24.650561835020653 1.2000000000000002
      vertex 5.570595205269187 24.650561835020653 0.40000000000000036
    endloop
  endfacet
  facet normal 0.9987954562051724 0.04906767432741786 0
    outer loop
      vertex 5.7 24 0.40000000000000036
      vertex 5.691814035342735 24.166629138560253 0.40000000000000036
      vertex 5.7 24 1.2000000000000002
    endloop
  endfacet
  facet normal 0.9700312531945441 0.2429801799032638 0
    outer loop
      vertex 5.667334976685492 24.33165354742742 0.40000000000000036
      vertex 5.626798570744755 24.493483951332585 0.40000000000000036
      vertex 5.667334976685492 24.33165354742742 1.2000000000000002
    endloop
  endfacet
  facet normal 0.9891765099647808 0.1467304744553621 0
    outer loop
      vertex 5.691814035342735 24.166629138560253 0.40000000000000036
      vertex 5.667334976685492 24.33165354742742 0.40000000000000036
      vertex 5.691814035342735 24.166629138560253 1.2000000000000002
    endloop
  endfacet
  facet normal 0.9415440651830207 0.3368898533922202 0
    outer loop
      vertex 5.570595205269187 24.650561835020653 0.40000000000000036
      vertex 5.626798570744755 24.493483951332585 1.2000000000000002
      vertex 5.626798570744755 24.493483951332585 0.40000000000000036
    endloop
  endfacet
  facet normal 0.9039892931234448 0.42755509343027936 0
    outer loop
      vertex 5.499266149392204 24.801374452604197 0.40000000000000036
      vertex 5.499266149392204 24.801374452604197 1.2000000000000002
      vertex 5.570595205269187 24.650561835020653 1.2000000000000002
    endloop
  endfacet
  facet normal 0.9700312531945441 0.2429801799032638 0
    outer loop
      vertex 5.626798570744755 24.493483951332585 0.40000000000000036
      vertex 5.626798570744755 24.493483951332585 1.2000000000000002
      vertex 5.667334976685492 24.33165354742742 1.2000000000000002
    endloop
  endfacet
  facet normal 0.9987954562051724 0.04906767432741786 0
    outer loop
      vertex 5.691814035342735 24.166629138560253 0.40000000000000036
      vertex 5.691814035342735 24.166629138560253 1.2000000000000002
      vertex 5.7 24 1.2000000000000002
    endloop
  endfacet
  facet normal 0.9891765099647808 0.1467304744553621 0
    outer loop
      vertex 5.667334976685492 24.33165354742742 0.40000000000000036
      vertex 5.667334976685492 24.33165354742742 1.2000000000000002
      vertex 5.691814035342735 24.166629138560253 1.2000000000000002
    endloop
  endfacet
  facet normal 0.9415440651830207 0.3368898533922202 0
    outer loop
      vertex 5.570595205269187 24.650561835020653 0.40000000000000036
      vertex 5.570595205269187 24.650561835020653 1.2000000000000002
      vertex 5.626798570744755 24.493483951332585 1.2000000000000002
    endloop
  endfacet
  facet normal 0 0 1
    outer loop
      vertex 4.8889123728313635 25.330351379684075 1.2000000000000002
      vertex 5.015029254661833 25.23681672538038 1.2000000000000002
      vertex 5.078468583078197 25.314117770716653 1.2000000000000002
    endloop
  endfacet
  facet normal 0 0 1
    outer loop
      vertex 5.015029254661833 25.23681672538038 1.2000000000000002
      vertex 5.1313708498984765 25.131370849898474 1.2000000000000002
      vertex 5.202081528017131 25.202081528017132 1.2000000000000002
    endloop
  endfacet
  facet normal 0 0 1
    outer loop
      vertex 5.015029254661833 25.23681672538038 1.2000000000000002
      vertex 5.202081528017131 25.202081528017132 1.2000000000000002
      vertex 5.078468583078197 25.314117770716653 1.2000000000000002
    endloop
  endfacet
  facet normal 0 0 1
    outer loop
      vertex 5.1313708498984765 25.131370849898474 1.2000000000000002
      vertex 5.314117770716653 25.078468583078198 1.2000000000000002
      vertex 5.202081528017131 25.202081528017132 1.2000000000000002
    endloop
  endfacet
  facet normal 0.6715589548470254 0.7409511253549527 0
    outer loop
      vertex 5.015029254661833 25.23681672538038 1.2000000000000002
      vertex 5.1313708498984765 25.131370849898474 2.2
      vertex 5.1313708498984765 25.131370849898474 1.2000000000000002
    endloop
  endfacet
  facet normal 0.7409511253549536 0.6715589548470247 0
    outer loop
      vertex 5.1313708498984765 25.131370849898474 1.2000000000000002
      vertex 5.236816725380379 25.015029254661833 2.2
      vertex 5.236816725380379 25.015029254661833 1.2000000000000002
    endloop
  endfacet
  facet normal 0 0 1
    outer loop
      vertex 5.330351379684073 24.888912372831363 1.2000000000000002
      vertex 5.411074022957369 24.754234778921596 1.2000000000000002
      vertex 5.413498340914327 24.94446939613332 1.2000000000000002
    endloop
  endfacet
  facet normal 0 0 1
    outer loop
      vertex 5.411074022957369 24.754234778921596 1.2000000000000002
      vertex 5.499266149392204 24.801374452604197 1.2000000000000002
      vertex 5.413498340914327 24.94446939613332 1.2000000000000002
    endloop
  endfacet
  facet normal 0.8032075314806439 0.5956993044924348 0
    outer loop
      vertex 5.330351379684073 24.888912372831363 1.2000000000000002
      vertex 5.236816725380379 25.015029254661833 1.2000000000000002
      vertex 5.330351379684073 24.888912372831363 2.2
    endloop
  endfacet
  facet normal 0.8577286100002723 0.5141027441932213 0
    outer loop
      vertex 5.330351379684073 24.888912372831363 1.2000000000000002
      vertex 5.411074022957369 24.754234778921596 2.2
      vertex 5.411074022957369 24.754234778921596 1.2000000000000002
    endloop
  endfacet
  facet normal 0.9039892931234439 0.4275550934302809 0
    outer loop
      vertex 5.411074022957369 24.754234778921596 1.2000000000000002
      vertex 5.478207252018059 24.612293491784143 2.2
      vertex 5.478207252018059 24.612293491784143 1.2000000000000002
    endloop
  endfacet
  facet normal 0 0 1
    outer loop
      vertex 5.1313708498984765 25.131370849898474 1.2000000000000002
      vertex 5.236816725380379 25.015029254661833 1.2000000000000002
      vertex 5.314117770716653 25.078468583078198 1.2000000000000002
    endloop
  endfacet
  facet normal 0 0 1
    outer loop
      vertex 5.236816725380379 25.015029254661833 1.2000000000000002
      vertex 5.413498340914327 24.94446939613332 1.2000000000000002
      vertex 5.314117770716653 25.078468583078198 1.2000000000000002
    endloop
  endfacet
  facet normal 0 0 1
    outer loop
      vertex 5.330351379684073 24.888912372831363 1.2000000000000002
      vertex 5.413498340914327 24.94446939613332 1.2000000000000002
      vertex 5.236816725380379 25.015029254661833 1.2000000000000002
    endloop
  endfacet
  facet normal 0.6715589548470254 0.7409511253549527 0
    outer loop
      vertex 5.015029254661833 25.23681672538038 1.2000000000000002
      vertex 5.015029254661833 25.23681672538038 2.2
      vertex 5.1313708498984765 25.131370849898474 2.2
    endloop
  endfacet
  facet normal 0.7409511253549536 0.6715589548470247 0
    outer loop
      vertex 5.1313708498984765 25.131370849898474 1.2000000000000002
      vertex 5.1313708498984765 25.131370849898474 2.2
      vertex 5.236816725380379 25.015029254661833 2.2
    endloop
  endfacet
  facet normal 0.8577286100002723 0.5141027441932213 0
    outer loop
      vertex 5.330351379684073 24.888912372831363 1.2000000000000002
      vertex 5.330351379684073 24.888912372831363 2.2
      vertex 5.411074022957369 24.754234778921596 2.2
    endloop
  endfacet
  facet normal 0.9039892931234439 0.4275550934302809 0
    outer loop
      vertex 5.411074022957369 24.754234778921596 1.2000000000000002
      vertex 5.411074022957369 24.754234778921596 2.2
      vertex 5.478207252018059 24.612293491784143 2.2
    endloop
  endfacet
  facet normal 0.8032075314806439 0.5956993044924348 0
    outer loop
      vertex 5.236816725380379 25.015029254661833 1.2000000000000002
      vertex 5.236816725380379 25.015029254661833 2.2
      vertex 5.330351379684073 24.888912372831363 2.2
    endloop
  endfacet
  facet normal 0 0 -1
    outer loop
      vertex 4.464455483607139 25.531104537171537 2.2
      vertex 6.1 30.1 2.2
      vertex 4.612293491784143 25.47820725201806 2.2
    endloop
  endfacet
  facet normal 0 0 -1
    outer loop
      vertex 4.612293491784143 25.47820725201806 2.2
      vertex 6.1 30.1 2.2
      vertex 4.754234778921596 25.41107402295737 2.2
    endloop
  endfacet
  facet normal 0 0 -1
    outer loop
      vertex 4.8889123728313635 25.330351379684075 2.2
      vertex 6.1 30.1 2.2
      vertex 5.015029254661833 25.23681672538038 2.2
    endloop
  endfacet
  facet normal 0 0 -1
    outer loop
      vertex 5.015029254661833 25.23681672538038 2.2
      vertex 6.1 30.1 2.2
      vertex 5.1313708498984765 25.131370849898474 2.2
    endloop
  endfacet
  facet normal 0 0 -1
    outer loop
      vertex 4.754234778921596 25.41107402295737 2.2
      vertex 6.1 30.1 2.2
      vertex 4.8889123728313635 25.330351379684075 2.2
    endloop
  endfacet
  facet normal 0.9700312531945446 0.24298017990326093 2.1543656443131494e-15
    outer loop
      vertex 5.569256448645168 24.312144515225803 1.2000000000000002
      vertex 5.531104537171534 24.46445548360714 1.2000000000000002
      vertex 5.5472497953279465 24.4 1.4000000000000004
    endloop
  endfacet
  facet normal 0 0 1
    outer loop
      vertex 5.569256448645168 24.312144515225803 1.2000000000000002
      vertex 5.592295562675515 24.156827424527297 1.2000000000000002
      vertex 5.570595205269187 24.650561835020653 1.2000000000000002
    endloop
  endfacet
  facet normal 0.9891765099647803 0.1467304744553661 0
    outer loop
      vertex 5.569256448645168 24.312144515225803 1.2000000000000002
      vertex 5.569256448645168 24.312144515225803 1.4000000000000004
      vertex 5.592295562675515 24.156827424527297 1.4000000000000004
    endloop
  endfacet
  facet normal 0.9700312531945436 0.24298017990326556 0
    outer loop
      vertex 5.569256448645168 24.312144515225803 1.2000000000000002
      vertex 5.5472497953279465 24.4 1.4000000000000004
      vertex 5.569256448645168 24.312144515225803 1.4000000000000004
    endloop
  endfacet
  facet normal 0 0 1
    outer loop
      vertex 5.478207252018059 24.612293491784143 1.2000000000000002
      vertex 5.570595205269187 24.650561835020653 1.2000000000000002
      vertex 5.499266149392204 24.801374452604197 1.2000000000000002
    endloop
  endfacet
  facet normal 0 0 1
    outer loop
      vertex 5.411074022957369 24.754234778921596 1.2000000000000002
      vertex 5.478207252018059 24.612293491784143 1.2000000000000002
      vertex 5.499266149392204 24.801374452604197 1.2000000000000002
    endloop
  endfacet
  facet normal 0 0 1
    outer loop
      vertex 5.478207252018059 24.612293491784143 1.2000000000000002
      vertex 5.531104537171534 24.46445548360714 1.2000000000000002
      vertex 5.570595205269187 24.650561835020653 1.2000000000000002
    endloop
  endfacet
  facet normal 0 0 1
    outer loop
      vertex 5.569256448645168 24.312144515225803 1.2000000000000002
      vertex 5.570595205269187 24.650561835020653 1.2000000000000002
      vertex 5.531104537171534 24.46445548360714 1.2000000000000002
    endloop
  endfacet
  facet normal 0 0 1
    outer loop
      vertex 5.626798570744755 23.506516048667415 1.2000000000000002
      vertex 5.570595205269187 24.650561835020653 1.2000000000000002
      vertex 5.6 24 1.2000000000000002
    endloop
  endfacet
  facet normal 0.9987954562051724 0.049067674327415406 0
    outer loop
      vertex 5.6 24 1.2000000000000002
      vertex 5.592295562675515 24.156827424527297 1.2000000000000002
      vertex 5.6 24 1.4000000000000004
    endloop
  endfacet
  facet normal 0.9987954562051724 0.049067674327415406 0
    outer loop
      vertex 5.592295562675515 24.156827424527297 1.2000000000000002
      vertex 5.592295562675515 24.156827424527297 1.4000000000000004
      vertex 5.6 24 1.4000000000000004
    endloop
  endfacet
  facet normal 0 0 1
    outer loop
      vertex 5.570595205269187 24.650561835020653 1.2000000000000002
      vertex 5.592295562675515 24.156827424527297 1.2000000000000002
      vertex 5.6 24 1.2000000000000002
    endloop
  endfacet
  facet normal 0 0 1
    outer loop
      vertex 5.626798570744755 23.506516048667415 1.2000000000000002
      vertex 5.626798570744755 24.493483951332585 1.2000000000000002
      vertex 5.570595205269187 24.650561835020653 1.2000000000000002
    endloop
  endfacet
  facet normal 0.9891765099647803 0.1467304744553661 0
    outer loop
      vertex 5.569256448645168 24.312144515225803 1.2000000000000002
      vertex 5.592295562675515 24.156827424527297 1.4000000000000004
      vertex 5.592295562675515 24.156827424527297 1.2000000000000002
    endloop
  endfacet
  facet normal 0 0 1
    outer loop
      vertex 5.667334976685492 23.66834645257258 1.2000000000000002
      vertex 5.667334976685492 24.33165354742742 1.2000000000000002
      vertex 5.626798570744755 24.493483951332585 1.2000000000000002
    endloop
  endfacet
  facet normal 0 0 1
    outer loop
      vertex 5.691814035342735 23.833370861439747 1.2000000000000002
      vertex 5.7 24 1.2000000000000002
      vertex 5.691814035342735 24.166629138560253 1.2000000000000002
    endloop
  endfacet
  facet normal 0 0 1
    outer loop
      vertex 5.691814035342735 23.833370861439747 1.2000000000000002
      vertex 5.691814035342735 24.166629138560253 1.2000000000000002
      vertex 5.667334976685492 24.33165354742742 1.2000000000000002
    endloop
  endfacet
  facet normal 0.9700312531945463 0.24298017990325466 0
    outer loop
      vertex 5.5472497953279465 24.4 1.4000000000000004
      vertex 5.531104537171534 24.46445548360714 1.2000000000000002
      vertex 5.531104537171534 24.46445548360714 2.2
    endloop
  endfacet
  facet normal 0.9415440651830221 0.33688985339221633 0
    outer loop
      vertex 5.478207252018059 24.612293491784143 1.2000000000000002
      vertex 5.531104537171534 24.46445548360714 2.2
      vertex 5.531104537171534 24.46445548360714 1.2000000000000002
    endloop
  endfacet
  facet normal 0 0 -1
    outer loop
      vertex 5.569256448645168 24.312144515225803 1.4000000000000004
      vertex 6.5 23.6 1.4000000000000004
      vertex 5.592295562675515 24.156827424527297 1.4000000000000004
    endloop
  endfacet
  facet normal 0 0 -1
    outer loop
      vertex 5.5472497953279465 24.4 1.4000000000000004
      vertex 6.5 24.4 1.4000000000000004
      vertex 5.569256448645168 24.312144515225803 1.4000000000000004
    endloop
  endfacet
  facet normal 0.9700312531945463 0.24298017990325466 0
    outer loop
      vertex 5.5472497953279465 24.4 1.4000000000000004
      vertex 5.531104537171534 24.46445548360714 2.2
      vertex 5.5472497953279465 24.4 2.2
    endloop
  endfacet
  facet normal 0.9415440651830221 0.33688985339221633 0
    outer loop
      vertex 5.478207252018059 24.612293491784143 1.2000000000000002
      vertex 5.478207252018059 24.612293491784143 2.2
      vertex 5.531104537171534 24.46445548360714 2.2
    endloop
  endfacet
  facet normal 0 1 0
    outer loop
      vertex 5.5472497953279465 24.4 1.4000000000000004
      vertex 5.5472497953279465 24.4 2.2
      vertex 6.1 24.4 2
    endloop
  endfacet
  facet normal 0 0 -1
    outer loop
      vertex 5.5472497953279465 24.4 2.2
      vertex 5.531104537171534 24.46445548360714 2.2
      vertex 6.1 24.4 2.2
    endloop
  endfacet
  facet normal 0 1 0
    outer loop
      vertex 5.5472497953279465 24.4 2.2
      vertex 6.1 24.4 2.2
      vertex 6.1 24.4 2
    endloop
  endfacet
  facet normal 0 0 -1
    outer loop
      vertex 5.1313708498984765 25.131370849898474 2.2
      vertex 6.1 30.1 2.2
      vertex 5.236816725380379 25.015029254661833 2.2
    endloop
  endfacet
  facet normal 0 0 -1
    outer loop
      vertex 5.330351379684073 24.888912372831363 2.2
      vertex 5.236816725380379 25.015029254661833 2.2
      vertex 6.1 30.1 2.2
    endloop
  endfacet
  facet normal 0 0 -1
    outer loop
      vertex 5.478207252018059 24.612293491784143 2.2
      vertex 6.1 30.1 2.2
      vertex 5.531104537171534 24.46445548360714 2.2
    endloop
  endfacet
  facet normal 0 0 -1
    outer loop
      vertex 5.330351379684073 24.888912372831363 2.2
      vertex 6.1 30.1 2.2
      vertex 5.411074022957369 24.754234778921596 2.2
    endloop
  endfacet
  facet normal 0 0 -1
    outer loop
      vertex 5.411074022957369 24.754234778921596 2.2
      vertex 6.1 30.1 2.2
      vertex 5.478207252018059 24.612293491784143 2.2
    endloop
  endfacet
  facet normal 0 0 -1
    outer loop
      vertex 5.531104537171534 24.46445548360714 2.2
      vertex 6.1 30.1 2.2
      vertex 6.1 24.4 2.2
    endloop
  endfacet
  facet normal 0 0 -1
    outer loop
      vertex 1.5 30.5 0
      vertex 7.9 31.9 0
      vertex 6.5 30.5 0
    endloop
  endfacet
  facet normal 0 1 0
    outer loop
      vertex 0.09999999999999964 31.9 0
      vertex 7.9 31.9 3.2
      vertex 7.9 31.9 0
    endloop
  endfacet
  facet normal 0 0 -1
    outer loop
      vertex 6.5 15.6 1.4000000000000004
      vertex 5.569256448645168 16.312144515225807 1.4000000000000004
      vertex 6.5 16.4 1.4000000000000004
    endloop
  endfacet
  facet normal 0 1 0
    outer loop
      vertex 5.547249795327947 16.4 1.4000000000000004
      vertex 6.1 16.4 2
      vertex 6.5 16.4 1.4000000000000004
    endloop
  endfacet
  facet normal 0 1 0
    outer loop
      vertex 6.1 16.4 2
      vertex 6.5 16.4 2
      vertex 6.5 16.4 1.4000000000000004
    endloop
  endfacet
  facet normal -1 0 0
    outer loop
      vertex 6.1 16.4 2
      vertex 6.1 16.4 2.2
      vertex 6.1 20 2.2
    endloop
  endfacet
  facet normal 0 0 -1
    outer loop
      vertex 6.1 16.4 2
      vertex 6.1 23.6 2
      vertex 6.5 16.4 2
    endloop
  endfacet
  facet normal -1 0 0
    outer loop
      vertex 6.5 1.5 1.2000000000000002
      vertex 6.5 23.6 1.4000000000000004
      vertex 6.5 24.4 1.4000000000000004
    endloop
  endfacet
  facet normal -1 0 0
    outer loop
      vertex 6.5 1.5 1.2000000000000002
      vertex 6.5 24.4 1.4000000000000004
      vertex 6.5 30.5 1.2000000000000002
    endloop
  endfacet
  facet normal -1 0 0
    outer loop
      vertex 6.5 16.4 1.4000000000000004
      vertex 6.5 16.4 2
      vertex 6.5 23.6 2
    endloop
  endfacet
  facet normal 0 0 -1
    outer loop
      vertex 6.4 1.5999999999999996 0.40000000000000036
      vertex 6.4 30.4 0.40000000000000036
      vertex 6.5 30.5 0.40000000000000036
    endloop
  endfacet
  facet normal -1 0 0
    outer loop
      vertex 6.4 1.5999999999999996 0.40000000000000036
      vertex 6.4 30.4 1.2000000000000002
      vertex 6.4 30.4 0.40000000000000036
    endloop
  endfacet
  facet normal -1 0 0
    outer loop
      vertex 6.5 1.5 0.40000000000000036
      vertex 6.5 30.5 0.40000000000000036
      vertex 6.5 30.5 0
    endloop
  endfacet
  facet normal -1 0 0
    outer loop
      vertex 6.1 16.4 2
      vertex 6.1 20 2.2
      vertex 6.1 23.6 2
    endloop
  endfacet
  facet normal 0 0 -1
    outer loop
      vertex 6.5 16.4 2
      vertex 6.1 23.6 2
      vertex 6.5 23.6 2
    endloop
  endfacet
  facet normal 0 -1 0
    outer loop
      vertex 5.5472497953279465 23.6 1.4000000000000004
      vertex 6.5 23.6 2
      vertex 6.1 23.6 2
    endloop
  endfacet
  facet normal 0 -1 0
    outer loop
      vertex 5.5472497953279465 23.6 1.4000000000000004
      vertex 6.5 23.6 1.4000000000000004
      vertex 6.5 23.6 2
    endloop
  endfacet
  facet normal -1 0 0
    outer loop
      vertex 6.1 20 2.2
      vertex 6.1 23.6 2.2
      vertex 6.1 23.6 2
    endloop
  endfacet
  facet normal 0 0 1
    outer loop
      vertex 6.5 1.5 1.2000000000000002
      vertex 6.5 30.5 1.2000000000000002
      vertex 6.4 30.4 1.2000000000000002
    endloop
  endfacet
  facet normal -1 0 0
    outer loop
      vertex 6.5 16.4 1.4000000000000004
      vertex 6.5 23.6 2
      vertex 6.5 23.6 1.4000000000000004
    endloop
  endfacet
  facet normal 0 0 -1
    outer loop
      vertex 7.9 0.10000000000000142 0
      vertex 6.5 30.5 0
      vertex 7.9 31.9 0
    endloop
  endfacet
  facet normal 1 0 0
    outer loop
      vertex 7.9 0.10000000000000142 3.2
      vertex 7.9 31.9 0
      vertex 7.9 31.9 3.2
    endloop
  endfacet
  facet normal 0 0 -1
    outer loop
      vertex 5.569256448645168 24.312144515225803 1.4000000000000004
      vertex 6.5 24.4 1.4000000000000004
      vertex 6.5 23.6 1.4000000000000004
    endloop
  endfacet
  facet normal 0 1 0
    outer loop
      vertex 5.5472497953279465 24.4 1.4000000000000004
      vertex 6.1 24.4 2
      vertex 6.5 24.4 1.4000000000000004
    endloop
  endfacet
  facet normal 0 1 0
    outer loop
      vertex 6.1 24.4 2
      vertex 6.5 24.4 2
      vertex 6.5 24.4 1.4000000000000004
    endloop
  endfacet
  facet normal -1 0 0
    outer loop
      vertex 6.1 24.4 2
      vertex 6.1 24.4 2.2
      vertex 6.1 30.1 2.2
    endloop
  endfacet
  facet normal 0 0 -1
    outer loop
      vertex 6.1 24.4 2
      vertex 6.1 30.1 2
      vertex 6.5 24.4 2
    endloop
  endfacet
  facet normal -1 0 0
    outer loop
      vertex 6.5 24.4 1.4000000000000004
      vertex 6.5 24.4 2
      vertex 6.5 30.5 1.2000000000000002
    endloop
  endfacet
  facet normal -1 0 0
    outer loop
      vertex 6.1 24.4 2
      vertex 6.1 30.1 2.2
      vertex 6.1 30.1 2
    endloop
  endfacet
  facet normal 0 0 -1
    outer loop
      vertex 6.5 24.4 2
      vertex 6.1 30.1 2
      vertex 6.5 30.5 2
    endloop
  endfacet
  facet normal -1 0 0
    outer loop
      vertex 6.5 24.4 2
      vertex 6.5 30.5 2
      vertex 6.5 30.5 1.2000000000000002
    endloop
  endfacet
  facet normal 0 0.6234898026602054 0.7818314818288774
    outer loop
      vertex 0.09999999999999964 12.554958134889603 3.800144173204899
      vertex 0.09999999999999964 11.198062263429165 4.882232524454594
      vertex 1.6000000014901161 11.198062263429165 4.882232524454594
    endloop
  endfacet
  facet normal 0 0 1
    outer loop
      vertex 0.09999999999999964 18.554958134889603 3.800144173204899
      vertex 0.09999999999999964 12.554958134889603 3.800144173204899
      vertex 1.6000000014901161 12.554958134889603 3.800144173204899
    endloop
  endfacet
  facet normal 0 0.6234898026602054 0.7818314818288774
    outer loop
      vertex 0.09999999999999964 12.554958134889603 3.800144173204899
      vertex 1.6000000014901161 11.198062263429165 4.882232524454594
      vertex 1.6000000014901161 12.554958134889603 3.800144173204899
    endloop
  endfacet
  facet normal 0 1 0
    outer loop
      vertex 0.09999999999999964 11.198062263429165 4.882232524454594
      vertex 0.09999999999999964 11.198062263429165 7.117767475545406
      vertex 1.6000000014901161 11.198062263429165 7.117767475545406
    endloop
  endfacet
  facet normal 0 1 0
    outer loop
      vertex 0.09999999999999964 11.198062263429165 4.882232524454594
      vertex 1.6000000014901161 11.198062263429165 7.117767475545406
      vertex 1.6000000014901161 11.198062263429165 4.882232524454594
    endloop
  endfacet
  facet normal 0 0.6234898026602054 -0.7818314818288774
    outer loop
      vertex 0.09999999999999964 11.198062263429165 7.117767475545406
      vertex 0.09999999999999964 12.554958134889603 8.199855826795101
      vertex 1.6000000014901161 12.554958134889603 8.199855826795101
    endloop
  endfacet
  facet normal 0 0.6234898026602054 -0.7818314818288774
    outer loop
      vertex 1.6000000014901161 12.554958134889603 8.199855826795101
      vertex 1.6000000014901161 11.198062263429165 7.117767475545406
      vertex 0.09999999999999964 11.198062263429165 7.117767475545406
    endloop
  endfacet
  facet normal 0 0 -1
    outer loop
      vertex 0.09999999999999964 12.554958134889603 8.199855826795101
      vertex 1.6000000014901161 18.554958134889603 8.199855826795101
      vertex 1.6000000014901161 12.554958134889603 8.199855826795101
    endloop
  endfacet
  facet normal 0 -0.22252093389930702 0.9749279121948353
    outer loop
      vertex 1.6000000014901161 18.554958134889603 3.800144173204899
      vertex 0.09999999999999964 20.246979601681232 4.186337031424046
      vertex 0.09999999999999964 18.554958134889603 3.800144173204899
    endloop
  endfacet
  facet normal 0 -0.9009688678385959 0.43388373925008833
    outer loop
      vertex 1.6000000014901161 20.246979601681232 4.186337031424046
      vertex 0.09999999999999964 21 5.75
      vertex 0.09999999999999964 20.246979601681232 4.186337031424046
    endloop
  endfacet
  facet normal 0 0 1
    outer loop
      vertex 1.6000000014901161 12.554958134889603 3.800144173204899
      vertex 1.6000000014901161 18.554958134889603 3.800144173204899
      vertex 0.09999999999999964 18.554958134889603 3.800144173204899
    endloop
  endfacet
  facet normal 0 -0.22252093389930702 0.9749279121948353
    outer loop
      vertex 1.6000000014901161 18.554958134889603 3.800144173204899
      vertex 1.6000000014901161 20.246979601681232 4.186337031424046
      vertex 0.09999999999999964 20.246979601681232 4.186337031424046
    endloop
  endfacet
  facet normal 0 -1 0
    outer loop
      vertex 0.09999999999999964 21 6.25
      vertex 0.09999999999999964 21 5.75
      vertex 1.6000000014901161 21 5.75
    endloop
  endfacet
  facet normal 0 -0.9009688678385959 -0.43388373925008833
    outer loop
      vertex 0.09999999999999964 20.246979601681232 7.813662968575954
      vertex 0.09999999999999964 21 6.25
      vertex 1.6000000014901161 21 6.25
    endloop
  endfacet
  facet normal 0 -0.9009688678385959 0.43388373925008833
    outer loop
      vertex 1.6000000014901161 20.246979601681232 4.186337031424046
      vertex 1.6000000014901161 21 5.75
      vertex 0.09999999999999964 21 5.75
    endloop
  endfacet
  facet normal 0 -1 0
    outer loop
      vertex 0.09999999999999964 21 6.25
      vertex 1.6000000014901161 21 5.75
      vertex 1.6000000014901161 21 6.25
    endloop
  endfacet
  facet normal 0 0 -1
    outer loop
      vertex 0.09999999999999964 12.554958134889603 8.199855826795101
      vertex 0.09999999999999964 18.554958134889603 8.199855826795101
      vertex 1.6000000014901161 18.554958134889603 8.199855826795101
    endloop
  endfacet
  facet normal 0 -0.22252093389930702 -0.9749279121948353
    outer loop
      vertex 0.09999999999999964 18.554958134889603 8.199855826795101
      vertex 0.09999999999999964 20.246979601681232 7.813662968575954
      vertex 1.6000000014901161 20.246979601681232 7.813662968575954
    endloop
  endfacet
  facet normal 0 -0.22252093389930702 -0.9749279121948353
    outer loop
      vertex 0.09999999999999964 18.554958134889603 8.199855826795101
      vertex 1.6000000014901161 20.246979601681232 7.813662968575954
      vertex 1.6000000014901161 18.554958134889603 8.199855826795101
    endloop
  endfacet
  facet normal 0 -0.9009688678385959 -0.43388373925008833
    outer loop
      vertex 0.09999999999999964 20.246979601681232 7.813662968575954
      vertex 1.6000000014901161 21 6.25
      vertex 1.6000000014901161 20.246979601681232 7.813662968575954
    endloop
  endfacet
endsolid OpenSCAD_Model
