solid OpenSCAD_Model
  facet normal 0 0 -1
    outer loop
      vertex -6.985 -6.985 -1.5
      vertex -4.8751551618830655 -1.029824544423392 -1.5
      vertex -1.5 -6.985 -1.5
    endloop
  endfacet
  facet normal 0 0 -1
    outer loop
      vertex -6.985 -6.985 -1.5
      vertex -6.050073509136851 -0.40181760398334426 -1.5
      vertex -6.006017327565773 -0.49496657366729757 -1.5
    endloop
  endfacet
  facet normal 0 0 -1
    outer loop
      vertex -6.985 -6.985 -1.5
      vertex -5.822462120245875 -0.742462120245875 -1.5
      vertex -5.746112948371827 -0.8116609760308738 -1.5
    endloop
  endfacet
  facet normal 0 0 -1
    outer loop
      vertex -6.985 -6.985 -1.5
      vertex -5.746112948371827 -0.8116609760308738 -1.5
      vertex -5.663348744670582 -0.8730430929176726 -1.5
    endloop
  endfacet
  facet normal 0 0 -1
    outer loop
      vertex -6.985 -6.985 -1.5
      vertex -5.953043092917673 -0.5833487446705823 -1.5
      vertex -5.891660976030874 -0.6661129483718278 -1.5
    endloop
  endfacet
  facet normal 0 0 -1
    outer loop
      vertex -6.985 -6.985 -1.5
      vertex -5.891660976030874 -0.6661129483718278 -1.5
      vertex -5.822462120245875 -0.742462120245875 -1.5
    endloop
  endfacet
  facet normal 0 0 -1
    outer loop
      vertex -6.985 -6.985 -1.5
      vertex -6.006017327565773 -0.49496657366729757 -1.5
      vertex -5.953043092917673 -0.5833487446705823 -1.5
    endloop
  endfacet
  facet normal 0 0 -1
    outer loop
      vertex -6.985 -6.985 -1.5
      vertex -6.08478735251882 -0.30479891111718543 -1.5
      vertex -6.050073509136851 -0.40181760398334426 -1.5
    endloop
  endfacet
  facet normal 0 0 -1
    outer loop
      vertex -6.985 -6.985 -1.5
      vertex -6.109824544423392 -0.20484483811693466 -1.5
      vertex -6.08478735251882 -0.30479891111718543 -1.5
    endloop
  endfacet
  facet normal 0 0 -1
    outer loop
      vertex -6.985 -6.985 -1.5
      vertex -6.124943963005807 -0.10291799734603864 -1.5
      vertex -6.109824544423392 -0.20484483811693466 -1.5
    endloop
  endfacet
  facet normal 0 0 -1
    outer loop
      vertex -6.985 -6.985 -1.5
      vertex -6.13 0 -1.5
      vertex -6.124943963005807 -0.10291799734603864 -1.5
    endloop
  endfacet
  facet normal 0 0 -1
    outer loop
      vertex -6.985 -6.985 -1.5
      vertex -5.5749665736672975 -0.9260173275657728 -1.5
      vertex -5.481817603983345 -0.9700735091368511 -1.5
    endloop
  endfacet
  facet normal 0 0 -1
    outer loop
      vertex -6.985 -6.985 -1.5
      vertex -5.663348744670582 -0.8730430929176726 -1.5
      vertex -5.5749665736672975 -0.9260173275657728 -1.5
    endloop
  endfacet
  facet normal 0 0 -1
    outer loop
      vertex -6.985 -6.985 -1.5
      vertex -5.481817603983345 -0.9700735091368511 -1.5
      vertex -5.384798911117185 -1.0047873525188193 -1.5
    endloop
  endfacet
  facet normal 0 0 -1
    outer loop
      vertex -6.985 -6.985 -1.5
      vertex -5.384798911117185 -1.0047873525188193 -1.5
      vertex -5.284844838116935 -1.029824544423392 -1.5
    endloop
  endfacet
  facet normal 0 0 -1
    outer loop
      vertex -6.985 -6.985 -1.5
      vertex -5.284844838116935 -1.029824544423392 -1.5
      vertex -5.182917997346038 -1.0449439630058068 -1.5
    endloop
  endfacet
  facet normal 0 0 -1
    outer loop
      vertex -6.985 -6.985 -1.5
      vertex -5.182917997346038 -1.0449439630058068 -1.5
      vertex -5.08 -1.05 -1.5
    endloop
  endfacet
  facet normal 0 0 -1
    outer loop
      vertex -6.985 -6.985 -1.5
      vertex -5.08 -1.05 -1.5
      vertex -4.977082002653962 -1.0449439630058068 -1.5
    endloop
  endfacet
  facet normal 0 0 -1
    outer loop
      vertex -6.985 -6.985 -1.5
      vertex -4.977082002653962 -1.0449439630058068 -1.5
      vertex -4.8751551618830655 -1.029824544423392 -1.5
    endloop
  endfacet
  facet normal 0 0 -1
    outer loop
      vertex -4.8751551618830655 -1.029824544423392 -1.5
      vertex -4.775201088882815 -1.0047873525188193 -1.5
      vertex -1.5 -6.985 -1.5
    endloop
  endfacet
  facet normal 0 0 -1
    outer loop
      vertex -4.775201088882815 -1.0047873525188193 -1.5
      vertex -4.6781823960166555 -0.9700735091368511 -1.5
      vertex -1.5 -6.985 -1.5
    endloop
  endfacet
  facet normal 0 0 -1
    outer loop
      vertex -4.6781823960166555 -0.9700735091368511 -1.5
      vertex -4.585033426332703 -0.9260173275657728 -1.5
      vertex -1.5 -6.985 -1.5
    endloop
  endfacet
  facet normal 0 0 -1
    outer loop
      vertex -4.585033426332703 -0.9260173275657728 -1.5
      vertex -4.496651255329418 -0.8730430929176726 -1.5
      vertex -1.5 -6.985 -1.5
    endloop
  endfacet
  facet normal 0 -1 0
    outer loop
      vertex -6.985 -6.985 -1.5
      vertex -1.5 -6.985 -1.5
      vertex -1.5 -6.985 1.5
    endloop
  endfacet
  facet normal 0 0 -1
    outer loop
      vertex -4.496651255329418 -0.8730430929176726 -1.5
      vertex -4.413887051628173 -0.8116609760308738 -1.5
      vertex -1.5 -6.985 -1.5
    endloop
  endfacet
  facet normal 0 0 -1
    outer loop
      vertex -4.413887051628173 -0.8116609760308738 -1.5
      vertex -4.337537879754125 -0.742462120245875 -1.5
      vertex -1.5 -6.985 -1.5
    endloop
  endfacet
  facet normal 0 0 -1
    outer loop
      vertex -4.337537879754125 -0.742462120245875 -1.5
      vertex -4.268339023969126 -0.6661129483718278 -1.5
      vertex -1.5 -6.985 -1.5
    endloop
  endfacet
  facet normal 0 0 -1
    outer loop
      vertex -4.268339023969126 -0.6661129483718278 -1.5
      vertex -4.206956907082327 -0.5833487446705823 -1.5
      vertex -1.5 -6.985 -1.5
    endloop
  endfacet
  facet normal 0 0 -1
    outer loop
      vertex -4.206956907082327 -0.5833487446705823 -1.5
      vertex -1.5 -1.1631708554020337 -1.5
      vertex -1.5 -6.985 -1.5
    endloop
  endfacet
  facet normal 0 0 -1
    outer loop
      vertex -4.206956907082327 -0.5833487446705823 -1.5
      vertex -4.1539826724342275 -0.49496657366729757 -1.5
      vertex -1.7553711117714448 -0.7270985214936706 -1.5
    endloop
  endfacet
  facet normal 0 0 -1
    outer loop
      vertex -4.1539826724342275 -0.49496657366729757 -1.5
      vertex -4.109926490863149 -0.40181760398334426 -1.5
      vertex -1.8181866378911966 -0.5515408867834785 -1.5
    endloop
  endfacet
  facet normal 0 0 -1
    outer loop
      vertex -4.109926490863149 -0.40181760398334426 -1.5
      vertex -4.07521264748118 -0.30479891111718543 -1.5
      vertex -1.8181866378911966 -0.5515408867834785 -1.5
    endloop
  endfacet
  facet normal 0 0 -1
    outer loop
      vertex -4.07521264748118 -0.30479891111718543 -1.5
      vertex -4.050175455576608 -0.20484483811693466 -1.5
      vertex -1.8634920327661377 -0.3706716118306437 -1.5
    endloop
  endfacet
  facet normal 0 0 -1
    outer loop
      vertex -4.050175455576608 -0.20484483811693466 -1.5
      vertex -4.0350560369941935 -0.10291799734603864 -1.5
      vertex -1.890850980677174 -0.18623256662616514 -1.5
    endloop
  endfacet
  facet normal 0 0 -1
    outer loop
      vertex -4.0350560369941935 -0.10291799734603864 -1.5
      vertex -4.03 0 -1.5
      vertex -1.9 0 -1.5
    endloop
  endfacet
  facet normal 0 0 -1
    outer loop
      vertex -4.206956907082327 -0.5833487446705823 -1.5
      vertex -1.5797922633748358 -1.0555834427372441 -1.5
      vertex -1.5 -1.1631708554020337 -1.5
    endloop
  endfacet
  facet normal 0 0 -1
    outer loop
      vertex -4.206956907082327 -0.5833487446705823 -1.5
      vertex -1.7553711117714448 -0.7270985214936706 -1.5
      vertex -1.6756504022618746 -0.8956537999693954 -1.5
    endloop
  endfacet
  facet normal 0 0 -1
    outer loop
      vertex -4.206956907082327 -0.5833487446705823 -1.5
      vertex -1.6756504022618746 -0.8956537999693954 -1.5
      vertex -1.5797922633748358 -1.0555834427372441 -1.5
    endloop
  endfacet
  facet normal 0 0 -1
    outer loop
      vertex -4.1539826724342275 -0.49496657366729757 -1.5
      vertex -1.8181866378911966 -0.5515408867834785 -1.5
      vertex -1.7553711117714448 -0.7270985214936706 -1.5
    endloop
  endfacet
  facet normal 0 0 -1
    outer loop
      vertex -4.07521264748118 -0.30479891111718543 -1.5
      vertex -1.8634920327661377 -0.3706716118306437 -1.5
      vertex -1.8181866378911966 -0.5515408867834785 -1.5
    endloop
  endfacet
  facet normal 0 0 -1
    outer loop
      vertex -4.050175455576608 -0.20484483811693466 -1.5
      vertex -1.890850980677174 -0.18623256662616514 -1.5
      vertex -1.8634920327661377 -0.3706716118306437 -1.5
    endloop
  endfacet
  facet normal 0 0 -1
    outer loop
      vertex -4.0350560369941935 -0.10291799734603864 -1.5
      vertex -1.9 0 -1.5
      vertex -1.890850980677174 -0.18623256662616514 -1.5
    endloop
  endfacet
  facet normal 0 -1 0
    outer loop
      vertex -6.985 -6.985 -1.5
      vertex -1.5 -6.985 1.5
      vertex -6.985 -6.985 1.5
    endloop
  endfacet
  facet normal -1 0 0
    outer loop
      vertex -6.985 -6.985 -1.5
      vertex -6.985 -6.985 1.5
      vertex -6.985 6.985 1.5
    endloop
  endfacet
  facet normal 0 0 1
    outer loop
      vertex -6.985 -6.985 1.5
      vertex -6.006017327565773 -0.49496657366729757 1.5
      vertex -6.050073509136851 -0.40181760398334426 1.5
    endloop
  endfacet
  facet normal 0 0 1
    outer loop
      vertex -6.985 -6.985 1.5
      vertex -5.746112948371827 -0.8116609760308738 1.5
      vertex -5.822462120245875 -0.742462120245875 1.5
    endloop
  endfacet
  facet normal 0 0 1
    outer loop
      vertex -6.985 -6.985 1.5
      vertex -5.663348744670582 -0.8730430929176726 1.5
      vertex -5.746112948371827 -0.8116609760308738 1.5
    endloop
  endfacet
  facet normal 0 0 1
    outer loop
      vertex -6.985 -6.985 1.5
      vertex -5.891660976030874 -0.6661129483718278 1.5
      vertex -5.953043092917673 -0.5833487446705823 1.5
    endloop
  endfacet
  facet normal 0 0 1
    outer loop
      vertex -6.985 -6.985 1.5
      vertex -5.822462120245875 -0.742462120245875 1.5
      vertex -5.891660976030874 -0.6661129483718278 1.5
    endloop
  endfacet
  facet normal 0 0 1
    outer loop
      vertex -6.985 -6.985 1.5
      vertex -5.953043092917673 -0.5833487446705823 1.5
      vertex -6.006017327565773 -0.49496657366729757 1.5
    endloop
  endfacet
  facet normal 0 0 1
    outer loop
      vertex -6.985 -6.985 1.5
      vertex -6.050073509136851 -0.40181760398334426 1.5
      vertex -6.08478735251882 -0.30479891111718543 1.5
    endloop
  endfacet
  facet normal 0 0 1
    outer loop
      vertex -6.985 -6.985 1.5
      vertex -6.08478735251882 -0.30479891111718543 1.5
      vertex -6.109824544423392 -0.20484483811693466 1.5
    endloop
  endfacet
  facet normal 0 0 1
    outer loop
      vertex -6.985 -6.985 1.5
      vertex -6.109824544423392 -0.20484483811693466 1.5
      vertex -6.124943963005807 -0.10291799734603864 1.5
    endloop
  endfacet
  facet normal 0 0 1
    outer loop
      vertex -6.985 -6.985 1.5
      vertex -6.124943963005807 -0.10291799734603864 1.5
      vertex -6.13 0 1.5
    endloop
  endfacet
  facet normal 0 0 1
    outer loop
      vertex -6.985 -6.985 1.5
      vertex -6.13 0 1.5
      vertex -6.124943963005807 0.10291799734603864 1.5
    endloop
  endfacet
  facet normal 0 0 1
    outer loop
      vertex -6.985 -6.985 1.5
      vertex -5.481817603983345 -0.9700735091368511 1.5
      vertex -5.5749665736672975 -0.9260173275657728 1.5
    endloop
  endfacet
  facet normal 0 0 1
    outer loop
      vertex -6.985 -6.985 1.5
      vertex -5.5749665736672975 -0.9260173275657728 1.5
      vertex -5.663348744670582 -0.8730430929176726 1.5
    endloop
  endfacet
  facet normal 0 0 1
    outer loop
      vertex -6.985 -6.985 1.5
      vertex -5.384798911117185 -1.0047873525188193 1.5
      vertex -5.481817603983345 -0.9700735091368511 1.5
    endloop
  endfacet
  facet normal 0 0 1
    outer loop
      vertex -6.985 -6.985 1.5
      vertex -5.284844838116935 -1.029824544423392 1.5
      vertex -5.384798911117185 -1.0047873525188193 1.5
    endloop
  endfacet
  facet normal 0 0 1
    outer loop
      vertex -6.985 -6.985 1.5
      vertex -5.182917997346038 -1.0449439630058068 1.5
      vertex -5.284844838116935 -1.029824544423392 1.5
    endloop
  endfacet
  facet normal 0 0 1
    outer loop
      vertex -6.985 -6.985 1.5
      vertex -5.08 -1.05 1.5
      vertex -5.182917997346038 -1.0449439630058068 1.5
    endloop
  endfacet
  facet normal 0 0 1
    outer loop
      vertex -6.985 -6.985 1.5
      vertex -4.977082002653962 -1.0449439630058068 1.5
      vertex -5.08 -1.05 1.5
    endloop
  endfacet
  facet normal 0 0 1
    outer loop
      vertex -6.985 -6.985 1.5
      vertex -4.8751551618830655 -1.029824544423392 1.5
      vertex -4.977082002653962 -1.0449439630058068 1.5
    endloop
  endfacet
  facet normal 0 0 1
    outer loop
      vertex -6.985 -6.985 1.5
      vertex -4.775201088882815 -1.0047873525188193 1.5
      vertex -4.8751551618830655 -1.029824544423392 1.5
    endloop
  endfacet
  facet normal 0 0 1
    outer loop
      vertex -6.985 -6.985 1.5
      vertex -4.6781823960166555 -0.9700735091368511 1.5
      vertex -4.775201088882815 -1.0047873525188193 1.5
    endloop
  endfacet
  facet normal 0 0 1
    outer loop
      vertex -6.985 -6.985 1.5
      vertex -4.585033426332703 -0.9260173275657728 1.5
      vertex -4.6781823960166555 -0.9700735091368511 1.5
    endloop
  endfacet
  facet normal 0 0 1
    outer loop
      vertex -6.985 -6.985 1.5
      vertex -4.496651255329418 -0.8730430929176726 1.5
      vertex -4.585033426332703 -0.9260173275657728 1.5
    endloop
  endfacet
  facet normal 0 0 1
    outer loop
      vertex -6.985 -6.985 1.5
      vertex -4.413887051628173 -0.8116609760308738 1.5
      vertex -4.496651255329418 -0.8730430929176726 1.5
    endloop
  endfacet
  facet normal 0 0 1
    outer loop
      vertex -6.985 -6.985 1.5
      vertex -4.337537879754125 -0.742462120245875 1.5
      vertex -4.413887051628173 -0.8116609760308738 1.5
    endloop
  endfacet
  facet normal 0 0 1
    outer loop
      vertex -6.985 -6.985 1.5
      vertex -4.268339023969126 -0.6661129483718278 1.5
      vertex -4.337537879754125 -0.742462120245875 1.5
    endloop
  endfacet
  facet normal 0 0 1
    outer loop
      vertex -6.985 -6.985 1.5
      vertex -4.206956907082327 -0.5833487446705823 1.5
      vertex -4.268339023969126 -0.6661129483718278 1.5
    endloop
  endfacet
  facet normal 0 0 1
    outer loop
      vertex -6.985 -6.985 1.5
      vertex -1.7553711117714448 -0.7270985214936706 1.5
      vertex -4.206956907082327 -0.5833487446705823 1.5
    endloop
  endfacet
  facet normal 0 0 1
    outer loop
      vertex -6.985 -6.985 1.5
      vertex -1.5 -6.985 1.5
      vertex -1.5 -1.1631708554020337 1.5
    endloop
  endfacet
  facet normal 0 0 1
    outer loop
      vertex -6.985 -6.985 1.5
      vertex -1.5 -1.1631708554020337 1.5
      vertex -1.5797922633748358 -1.0555834427372441 1.5
    endloop
  endfacet
  facet normal 0 0 1
    outer loop
      vertex -6.985 -6.985 1.5
      vertex -1.5797922633748358 -1.0555834427372441 1.5
      vertex -1.6756504022618746 -0.8956537999693954 1.5
    endloop
  endfacet
  facet normal 0 0 1
    outer loop
      vertex -6.985 -6.985 1.5
      vertex -1.6756504022618746 -0.8956537999693954 1.5
      vertex -1.7553711117714448 -0.7270985214936706 1.5
    endloop
  endfacet
  facet normal 0 0 1
    outer loop
      vertex -4.206956907082327 -0.5833487446705823 1.5
      vertex -1.7553711117714448 -0.7270985214936706 1.5
      vertex -4.1539826724342275 -0.49496657366729757 1.5
    endloop
  endfacet
  facet normal 0 0 1
    outer loop
      vertex -4.1539826724342275 -0.49496657366729757 1.5
      vertex -1.8181866378911966 -0.5515408867834785 1.5
      vertex -4.109926490863149 -0.40181760398334426 1.5
    endloop
  endfacet
  facet normal 0 0 1
    outer loop
      vertex -4.109926490863149 -0.40181760398334426 1.5
      vertex -1.8634920327661377 -0.3706716118306437 1.5
      vertex -4.07521264748118 -0.30479891111718543 1.5
    endloop
  endfacet
  facet normal 0 0 1
    outer loop
      vertex -4.07521264748118 -0.30479891111718543 1.5
      vertex -1.8634920327661377 -0.3706716118306437 1.5
      vertex -4.050175455576608 -0.20484483811693466 1.5
    endloop
  endfacet
  facet normal 0 0 1
    outer loop
      vertex -4.050175455576608 -0.20484483811693466 1.5
      vertex -1.890850980677174 -0.18623256662616514 1.5
      vertex -4.0350560369941935 -0.10291799734603864 1.5
    endloop
  endfacet
  facet normal 0 0 1
    outer loop
      vertex -4.0350560369941935 -0.10291799734603864 1.5
      vertex -1.9 0 1.5
      vertex -4.03 0 1.5
    endloop
  endfacet
  facet normal 0 0 1
    outer loop
      vertex -4.1539826724342275 -0.49496657366729757 1.5
      vertex -1.7553711117714448 -0.7270985214936706 1.5
      vertex -1.8181866378911966 -0.5515408867834785 1.5
    endloop
  endfacet
  facet normal 0 0 1
    outer loop
      vertex -4.109926490863149 -0.40181760398334426 1.5
      vertex -1.8181866378911966 -0.5515408867834785 1.5
      vertex -1.8634920327661377 -0.3706716118306437 1.5
    endloop
  endfacet
  facet normal 0 0 1
    outer loop
      vertex -4.050175455576608 -0.20484483811693466 1.5
      vertex -1.8634920327661377 -0.3706716118306437 1.5
      vertex -1.890850980677174 -0.18623256662616514 1.5
    endloop
  endfacet
  facet normal 0 0 1
    outer loop
      vertex -4.0350560369941935 -0.10291799734603864 1.5
      vertex -1.890850980677174 -0.18623256662616514 1.5
      vertex -1.9 0 1.5
    endloop
  endfacet
  facet normal 0 0 -1
    outer loop
      vertex -6.985 -6.985 -1.5
      vertex -6.985 6.985 -1.5
      vertex -6.13 0 -1.5
    endloop
  endfacet
  facet normal 0 0 -1
    outer loop
      vertex -6.13 0 -1.5
      vertex -6.985 6.985 -1.5
      vertex -6.124943963005807 0.10291799734603864 -1.5
    endloop
  endfacet
  facet normal 0 0 -1
    outer loop
      vertex -6.124943963005807 0.10291799734603864 -1.5
      vertex -6.985 6.985 -1.5
      vertex -6.109824544423392 0.20484483811693466 -1.5
    endloop
  endfacet
  facet normal 0 0 -1
    outer loop
      vertex -6.109824544423392 0.20484483811693466 -1.5
      vertex -6.985 6.985 -1.5
      vertex -6.08478735251882 0.30479891111718543 -1.5
    endloop
  endfacet
  facet normal 0 0 -1
    outer loop
      vertex -6.08478735251882 0.30479891111718543 -1.5
      vertex -6.985 6.985 -1.5
      vertex -6.050073509136851 0.40181760398334426 -1.5
    endloop
  endfacet
  facet normal 0 0 -1
    outer loop
      vertex -6.050073509136851 0.40181760398334426 -1.5
      vertex -6.985 6.985 -1.5
      vertex -6.006017327565773 0.49496657366729757 -1.5
    endloop
  endfacet
  facet normal 0 0 -1
    outer loop
      vertex -6.006017327565773 0.49496657366729757 -1.5
      vertex -6.985 6.985 -1.5
      vertex -5.953043092917673 0.5833487446705823 -1.5
    endloop
  endfacet
  facet normal 0 0 -1
    outer loop
      vertex -5.953043092917673 0.5833487446705823 -1.5
      vertex -6.985 6.985 -1.5
      vertex -5.891660976030874 0.6661129483718278 -1.5
    endloop
  endfacet
  facet normal 0 0 -1
    outer loop
      vertex -5.891660976030874 0.6661129483718278 -1.5
      vertex -6.985 6.985 -1.5
      vertex -5.822462120245875 0.742462120245875 -1.5
    endloop
  endfacet
  facet normal 0 0 -1
    outer loop
      vertex -5.822462120245875 0.742462120245875 -1.5
      vertex -6.985 6.985 -1.5
      vertex -5.746112948371827 0.8116609760308738 -1.5
    endloop
  endfacet
  facet normal 0 0 -1
    outer loop
      vertex -5.746112948371827 0.8116609760308738 -1.5
      vertex -6.985 6.985 -1.5
      vertex -5.663348744670582 0.8730430929176726 -1.5
    endloop
  endfacet
  facet normal 0 0 -1
    outer loop
      vertex -5.663348744670582 0.8730430929176726 -1.5
      vertex -6.985 6.985 -1.5
      vertex -5.5749665736672975 0.9260173275657728 -1.5
    endloop
  endfacet
  facet normal 0 0 -1
    outer loop
      vertex -5.5749665736672975 0.9260173275657728 -1.5
      vertex -6.985 6.985 -1.5
      vertex -5.481817603983345 0.9700735091368511 -1.5
    endloop
  endfacet
  facet normal 0 0 -1
    outer loop
      vertex -5.481817603983345 0.9700735091368511 -1.5
      vertex -6.985 6.985 -1.5
      vertex -5.384798911117185 1.0047873525188193 -1.5
    endloop
  endfacet
  facet normal 0 0 -1
    outer loop
      vertex -5.384798911117185 1.0047873525188193 -1.5
      vertex -6.985 6.985 -1.5
      vertex -5.284844838116935 1.029824544423392 -1.5
    endloop
  endfacet
  facet normal 0 0 -1
    outer loop
      vertex -5.284844838116935 1.029824544423392 -1.5
      vertex -6.985 6.985 -1.5
      vertex -5.182917997346038 1.0449439630058068 -1.5
    endloop
  endfacet
  facet normal 0 0 -1
    outer loop
      vertex -5.182917997346038 1.0449439630058068 -1.5
      vertex -6.985 6.985 -1.5
      vertex -5.08 1.05 -1.5
    endloop
  endfacet
  facet normal 0 0 -1
    outer loop
      vertex -4.206956907082327 0.5833487446705823 -1.5
      vertex -3.1573448850438486 1.7500222842218016 -1.5
      vertex -3.122028728611782 1.6911008368862785 -1.5
    endloop
  endfacet
  facet normal 0 0 -1
    outer loop
      vertex -4.206956907082327 0.5833487446705823 -1.5
      vertex -3.1867156727579005 1.8121215973444373 -1.5
      vertex -3.1573448850438486 1.7500222842218016 -1.5
    endloop
  endfacet
  facet normal 0 0 -1
    outer loop
      vertex -4.206956907082327 0.5833487446705823 -1.5
      vertex -3.2265496962822615 1.9434367745887102 -1.5
      vertex -3.209858235012546 1.8768007259218764 -1.5
    endloop
  endfacet
  facet normal 0 0 -1
    outer loop
      vertex -4.206956907082327 0.5833487446705823 -1.5
      vertex -3.2366293086705378 2.0113880017693075 -1.5
      vertex -3.2265496962822615 1.9434367745887102 -1.5
    endloop
  endfacet
  facet normal 0 0 -1
    outer loop
      vertex -4.206956907082327 0.5833487446705823 -1.5
      vertex -3.209858235012546 1.8768007259218764 -1.5
      vertex -3.1867156727579005 1.8121215973444373 -1.5
    endloop
  endfacet
  facet normal 0 0 -1
    outer loop
      vertex -4.206956907082327 0.5833487446705823 -1.5
      vertex -3.24 2.08 -1.5
      vertex -3.2366293086705378 2.0113880017693075 -1.5
    endloop
  endfacet
  facet normal 0 0 -1
    outer loop
      vertex -4.206956907082327 0.5833487446705823 -1.5
      vertex -3.2366293086705378 2.1486119982306926 -1.5
      vertex -3.24 2.08 -1.5
    endloop
  endfacet
  facet normal 0 0 -1
    outer loop
      vertex -4.206956907082327 0.5833487446705823 -1.5
      vertex -3.2265496962822615 2.21656322541129 -1.5
      vertex -3.2366293086705378 2.1486119982306926 -1.5
    endloop
  endfacet
  facet normal 0 0 -1
    outer loop
      vertex -4.206956907082327 0.5833487446705823 -1.5
      vertex -3.209858235012546 2.2831992740781235 -1.5
      vertex -3.2265496962822615 2.21656322541129 -1.5
    endloop
  endfacet
  facet normal 0 0 -1
    outer loop
      vertex -4.206956907082327 0.5833487446705823 -1.5
      vertex -3.1867156727579005 2.347878402655563 -1.5
      vertex -3.209858235012546 2.2831992740781235 -1.5
    endloop
  endfacet
  facet normal 0 0 -1
    outer loop
      vertex -5.08 1.05 -1.5
      vertex -3.081107317353916 4.6359247010854485 -1.5
      vertex -4.977082002653962 1.0449439630058068 -1.5
    endloop
  endfacet
  facet normal 0 0 -1
    outer loop
      vertex -4.775201088882815 1.0047873525188193 -1.5
      vertex -2.9089400000000003 4.486008209402258 -1.5
      vertex -4.6781823960166555 0.9700735091368511 -1.5
    endloop
  endfacet
  facet normal 0 0 -1
    outer loop
      vertex -4.6781823960166555 0.9700735091368511 -1.5
      vertex -2.9089400000000003 4.486008209402258 -1.5
      vertex -4.585033426332703 0.9260173275657728 -1.5
    endloop
  endfacet
  facet normal 0 0 -1
    outer loop
      vertex -4.496651255329418 0.8730430929176726 -1.5
      vertex -2.9089400000000003 4.486008209402258 -1.5
      vertex -4.413887051628173 0.8116609760308738 -1.5
    endloop
  endfacet
  facet normal 0 0 -1
    outer loop
      vertex -4.496651255329418 0.8730430929176726 -1.5
      vertex -4.585033426332703 0.9260173275657728 -1.5
      vertex -2.9089400000000003 4.486008209402258 -1.5
    endloop
  endfacet
  facet normal 0 0 -1
    outer loop
      vertex -4.977082002653962 1.0449439630058068 -1.5
      vertex -3.034974746830583 4.585025253169417 -1.5
      vertex -4.8751551618830655 1.029824544423392 -1.5
    endloop
  endfacet
  facet normal 0 0 -1
    outer loop
      vertex -4.8751551618830655 1.029824544423392 -1.5
      vertex -2.984075298914552 4.538892682646084 -1.5
      vertex -4.775201088882815 1.0047873525188193 -1.5
    endloop
  endfacet
  facet normal 0 0 -1
    outer loop
      vertex -4.206956907082327 0.5833487446705823 -1.5
      vertex -4.268339023969126 0.6661129483718278 -1.5
      vertex -2.9089400000000003 4.486008209402258 -1.5
    endloop
  endfacet
  facet normal 0 0 -1
    outer loop
      vertex -4.413887051628173 0.8116609760308738 -1.5
      vertex -2.9089400000000003 4.486008209402258 -1.5
      vertex -4.337537879754125 0.742462120245875 -1.5
    endloop
  endfacet
  facet normal 0 0 -1
    outer loop
      vertex -4.337537879754125 0.742462120245875 -1.5
      vertex -2.9089400000000003 4.486008209402258 -1.5
      vertex -4.268339023969126 0.6661129483718278 -1.5
    endloop
  endfacet
  facet normal 0 0 -1
    outer loop
      vertex -4.206956907082327 0.5833487446705823 -1.5
      vertex -3.1573448850438486 2.4099777157781985 -1.5
      vertex -3.1867156727579005 2.347878402655563 -1.5
    endloop
  endfacet
  facet normal 0 0 -1
    outer loop
      vertex -5.08 1.05 -1.5
      vertex -3.122028728611782 4.691100836886278 -1.5
      vertex -3.081107317353916 4.6359247010854485 -1.5
    endloop
  endfacet
  facet normal 0 0 -1
    outer loop
      vertex -4.977082002653962 1.0449439630058068 -1.5
      vertex -3.081107317353916 4.6359247010854485 -1.5
      vertex -3.034974746830583 4.585025253169417 -1.5
    endloop
  endfacet
  facet normal 0 0 -1
    outer loop
      vertex -4.8751551618830655 1.029824544423392 -1.5
      vertex -3.034974746830583 4.585025253169417 -1.5
      vertex -2.984075298914552 4.538892682646084 -1.5
    endloop
  endfacet
  facet normal 0 0 -1
    outer loop
      vertex -4.775201088882815 1.0047873525188193 -1.5
      vertex -2.984075298914552 4.538892682646084 -1.5
      vertex -2.9288991631137216 4.497971271388218 -1.5
    endloop
  endfacet
  facet normal 0 0 -1
    outer loop
      vertex -4.775201088882815 1.0047873525188193 -1.5
      vertex -2.9288991631137216 4.497971271388218 -1.5
      vertex -2.9089400000000003 4.486008209402258 -1.5
    endloop
  endfacet
  facet normal -1 0 0
    outer loop
      vertex -6.985 -6.985 -1.5
      vertex -6.985 6.985 1.5
      vertex -6.985 6.985 -1.5
    endloop
  endfacet
  facet normal 0 0 -1
    outer loop
      vertex -5.08 1.05 -1.5
      vertex -6.985 6.985 -1.5
      vertex -3.24 5.08 -1.5
    endloop
  endfacet
  facet normal 0 0 -1
    outer loop
      vertex -5.08 1.05 -1.5
      vertex -3.209858235012546 4.876800725921877 -1.5
      vertex -3.1867156727579005 4.812121597344437 -1.5
    endloop
  endfacet
  facet normal 0 0 -1
    outer loop
      vertex -5.08 1.05 -1.5
      vertex -3.2265496962822615 4.943436774588711 -1.5
      vertex -3.209858235012546 4.876800725921877 -1.5
    endloop
  endfacet
  facet normal 0 0 -1
    outer loop
      vertex -5.08 1.05 -1.5
      vertex -3.2366293086705378 5.0113880017693075 -1.5
      vertex -3.2265496962822615 4.943436774588711 -1.5
    endloop
  endfacet
  facet normal 0 0 -1
    outer loop
      vertex -5.08 1.05 -1.5
      vertex -3.1867156727579005 4.812121597344437 -1.5
      vertex -3.1573448850438486 4.750022284221802 -1.5
    endloop
  endfacet
  facet normal 0 0 -1
    outer loop
      vertex -5.08 1.05 -1.5
      vertex -3.1573448850438486 4.750022284221802 -1.5
      vertex -3.122028728611782 4.691100836886278 -1.5
    endloop
  endfacet
  facet normal 0 0 -1
    outer loop
      vertex -5.08 1.05 -1.5
      vertex -3.24 5.08 -1.5
      vertex -3.2366293086705378 5.0113880017693075 -1.5
    endloop
  endfacet
  facet normal 0 0 -1
    outer loop
      vertex -6.985 6.985 -1.5
      vertex -3.2366293086705378 5.148611998230693 -1.5
      vertex -3.24 5.08 -1.5
    endloop
  endfacet
  facet normal 0 0 -1
    outer loop
      vertex -6.985 6.985 -1.5
      vertex -3.2265496962822615 5.2165632254112895 -1.5
      vertex -3.2366293086705378 5.148611998230693 -1.5
    endloop
  endfacet
  facet normal 0 0 -1
    outer loop
      vertex -6.985 6.985 -1.5
      vertex -3.209858235012546 5.2831992740781235 -1.5
      vertex -3.2265496962822615 5.2165632254112895 -1.5
    endloop
  endfacet
  facet normal 0 0 -1
    outer loop
      vertex -6.985 6.985 -1.5
      vertex -3.1867156727579005 5.347878402655563 -1.5
      vertex -3.209858235012546 5.2831992740781235 -1.5
    endloop
  endfacet
  facet normal 0 0 -1
    outer loop
      vertex -6.985 6.985 -1.5
      vertex -3.1573448850438486 5.409977715778198 -1.5
      vertex -3.1867156727579005 5.347878402655563 -1.5
    endloop
  endfacet
  facet normal 0 0 -1
    outer loop
      vertex -6.985 6.985 -1.5
      vertex -3.122028728611782 5.468899163113722 -1.5
      vertex -3.1573448850438486 5.409977715778198 -1.5
    endloop
  endfacet
  facet normal 0 0 -1
    outer loop
      vertex -6.985 6.985 -1.5
      vertex -3.081107317353916 5.524075298914552 -1.5
      vertex -3.122028728611782 5.468899163113722 -1.5
    endloop
  endfacet
  facet normal 0 0 -1
    outer loop
      vertex -6.985 6.985 -1.5
      vertex -3.034974746830583 5.574974746830583 -1.5
      vertex -3.081107317353916 5.524075298914552 -1.5
    endloop
  endfacet
  facet normal 0 0 -1
    outer loop
      vertex -6.985 6.985 -1.5
      vertex -2.984075298914552 5.621107317353916 -1.5
      vertex -3.034974746830583 5.574974746830583 -1.5
    endloop
  endfacet
  facet normal 0 0 -1
    outer loop
      vertex -6.985 6.985 -1.5
      vertex -2.9288991631137216 5.662028728611782 -1.5
      vertex -2.984075298914552 5.621107317353916 -1.5
    endloop
  endfacet
  facet normal 0 0 -1
    outer loop
      vertex -6.985 6.985 -1.5
      vertex -2.8699777157781985 5.697344885043849 -1.5
      vertex -2.9288991631137216 5.662028728611782 -1.5
    endloop
  endfacet
  facet normal 0 0 -1
    outer loop
      vertex -6.985 6.985 -1.5
      vertex -2.8078784026555628 5.7267156727579005 -1.5
      vertex -2.8699777157781985 5.697344885043849 -1.5
    endloop
  endfacet
  facet normal 0 0 -1
    outer loop
      vertex -6.985 6.985 -1.5
      vertex -2.7431992740781235 5.749858235012546 -1.5
      vertex -2.8078784026555628 5.7267156727579005 -1.5
    endloop
  endfacet
  facet normal 0 0 -1
    outer loop
      vertex -6.985 6.985 -1.5
      vertex -2.67656322541129 5.7665496962822616 -1.5
      vertex -2.7431992740781235 5.749858235012546 -1.5
    endloop
  endfacet
  facet normal 0 0 -1
    outer loop
      vertex -6.985 6.985 -1.5
      vertex -2.6086119982306926 5.776629308670538 -1.5
      vertex -2.67656322541129 5.7665496962822616 -1.5
    endloop
  endfacet
  facet normal 0 0 -1
    outer loop
      vertex -6.985 6.985 -1.5
      vertex -2.54 5.78 -1.5
      vertex -2.6086119982306926 5.776629308670538 -1.5
    endloop
  endfacet
  facet normal 0 0 -1
    outer loop
      vertex -6.985 6.985 -1.5
      vertex -2.4713880017693075 5.776629308670538 -1.5
      vertex -2.54 5.78 -1.5
    endloop
  endfacet
  facet normal 0 0 -1
    outer loop
      vertex -6.985 6.985 -1.5
      vertex -2.40343677458871 5.7665496962822616 -1.5
      vertex -2.4713880017693075 5.776629308670538 -1.5
    endloop
  endfacet
  facet normal 0 0 -1
    outer loop
      vertex -6.985 6.985 -1.5
      vertex -2.3368007259218766 5.749858235012546 -1.5
      vertex -2.40343677458871 5.7665496962822616 -1.5
    endloop
  endfacet
  facet normal 0 0 -1
    outer loop
      vertex -4.03 0 -1.5
      vertex -4.0350560369941935 0.10291799734603864 -1.5
      vertex -1.9 0 -1.5
    endloop
  endfacet
  facet normal 0 0 -1
    outer loop
      vertex -4.050175455576608 0.20484483811693466 -1.5
      vertex -1.890850980677174 0.18623256662616514 -1.5
      vertex -4.0350560369941935 0.10291799734603864 -1.5
    endloop
  endfacet
  facet normal 0 0 -1
    outer loop
      vertex -4.050175455576608 0.20484483811693466 -1.5
      vertex -4.07521264748118 0.30479891111718543 -1.5
      vertex -1.8634920327661377 0.3706716118306437 -1.5
    endloop
  endfacet
  facet normal 0 0 -1
    outer loop
      vertex -4.07521264748118 0.30479891111718543 -1.5
      vertex -4.109926490863149 0.40181760398334426 -1.5
      vertex -1.8634920327661377 0.3706716118306437 -1.5
    endloop
  endfacet
  facet normal 0 0 -1
    outer loop
      vertex -4.109926490863149 0.40181760398334426 -1.5
      vertex -4.1539826724342275 0.49496657366729757 -1.5
      vertex -1.8181866378911966 0.5515408867834785 -1.5
    endloop
  endfacet
  facet normal 0 0 -1
    outer loop
      vertex -4.1539826724342275 0.49496657366729757 -1.5
      vertex -4.206956907082327 0.5833487446705823 -1.5
      vertex -1.7553711117714448 0.7270985214936706 -1.5
    endloop
  endfacet
  facet normal 0 0 -1
    outer loop
      vertex -4.206956907082327 0.5833487446705823 -1.5
      vertex -3.122028728611782 1.6911008368862785 -1.5
      vertex -3.081107317353916 1.6359247010854483 -1.5
    endloop
  endfacet
  facet normal 0 0 -1
    outer loop
      vertex -4.206956907082327 0.5833487446705823 -1.5
      vertex -3.081107317353916 1.6359247010854483 -1.5
      vertex -3.034974746830583 1.585025253169417 -1.5
    endloop
  endfacet
  facet normal 0 0 -1
    outer loop
      vertex -4.206956907082327 0.5833487446705823 -1.5
      vertex -3.034974746830583 1.585025253169417 -1.5
      vertex -2.984075298914552 1.5388926826460843 -1.5
    endloop
  endfacet
  facet normal 0 0 -1
    outer loop
      vertex -4.206956907082327 0.5833487446705823 -1.5
      vertex -2.9288991631137216 1.4979712713882183 -1.5
      vertex -2.8699777157781985 1.4626551149561515 -1.5
    endloop
  endfacet
  facet normal 0 0 -1
    outer loop
      vertex -4.206956907082327 0.5833487446705823 -1.5
      vertex -2.8699777157781985 1.4626551149561515 -1.5
      vertex -2.8078784026555628 1.4332843272420994 -1.5
    endloop
  endfacet
  facet normal 0 0 -1
    outer loop
      vertex -4.206956907082327 0.5833487446705823 -1.5
      vertex -2.984075298914552 1.5388926826460843 -1.5
      vertex -2.9288991631137216 1.4979712713882183 -1.5
    endloop
  endfacet
  facet normal 0 0 -1
    outer loop
      vertex -4.206956907082327 0.5833487446705823 -1.5
      vertex -2.8078784026555628 1.4332843272420994 -1.5
      vertex -2.7431992740781235 1.410141764987454 -1.5
    endloop
  endfacet
  facet normal 0 0 -1
    outer loop
      vertex -4.206956907082327 0.5833487446705823 -1.5
      vertex -2.7431992740781235 1.410141764987454 -1.5
      vertex -2.67656322541129 1.3934503037177388 -1.5
    endloop
  endfacet
  facet normal 0 0 -1
    outer loop
      vertex -4.206956907082327 0.5833487446705823 -1.5
      vertex -2.67656322541129 1.3934503037177388 -1.5
      vertex -2.6086119982306926 1.3833706913294623 -1.5
    endloop
  endfacet
  facet normal 0 0 -1
    outer loop
      vertex -4.206956907082327 0.5833487446705823 -1.5
      vertex -2.6086119982306926 1.3833706913294623 -1.5
      vertex -2.54 1.3800000000000001 -1.5
    endloop
  endfacet
  facet normal 0 0 -1
    outer loop
      vertex -4.206956907082327 0.5833487446705823 -1.5
      vertex -2.54 1.3800000000000001 -1.5
      vertex -2.4713880017693075 1.3833706913294623 -1.5
    endloop
  endfacet
  facet normal 0 0 -1
    outer loop
      vertex -4.206956907082327 0.5833487446705823 -1.5
      vertex -2.4713880017693075 1.3833706913294623 -1.5
      vertex -2.40343677458871 1.3934503037177388 -1.5
    endloop
  endfacet
  facet normal 0 0 -1
    outer loop
      vertex -4.206956907082327 0.5833487446705823 -1.5
      vertex -2.40343677458871 1.3934503037177388 -1.5
      vertex -1.7553711117714448 0.7270985214936706 -1.5
    endloop
  endfacet
  facet normal 0 0 -1
    outer loop
      vertex -4.0350560369941935 0.10291799734603864 -1.5
      vertex -1.890850980677174 0.18623256662616514 -1.5
      vertex -1.9 0 -1.5
    endloop
  endfacet
  facet normal 0 0 -1
    outer loop
      vertex -4.050175455576608 0.20484483811693466 -1.5
      vertex -1.8634920327661377 0.3706716118306437 -1.5
      vertex -1.890850980677174 0.18623256662616514 -1.5
    endloop
  endfacet
  facet normal 0 0 -1
    outer loop
      vertex -4.109926490863149 0.40181760398334426 -1.5
      vertex -1.8181866378911966 0.5515408867834785 -1.5
      vertex -1.8634920327661377 0.3706716118306437 -1.5
    endloop
  endfacet
  facet normal 0 0 -1
    outer loop
      vertex -4.1539826724342275 0.49496657366729757 -1.5
      vertex -1.7553711117714448 0.7270985214936706 -1.5
      vertex -1.8181866378911966 0.5515408867834785 -1.5
    endloop
  endfacet
  facet normal 0 0 -1
    outer loop
      vertex -1.7553711117714448 0.7270985214936706 -1.5
      vertex -2.40343677458871 1.3934503037177388 -1.5
      vertex -2.3368007259218766 1.410141764987454 -1.5
    endloop
  endfacet
  facet normal 0 0 -1
    outer loop
      vertex -1.7553711117714448 0.7270985214936706 -1.5
      vertex -2.3368007259218766 1.410141764987454 -1.5
      vertex -2.2721215973444373 1.4332843272420994 -1.5
    endloop
  endfacet
  facet normal 0 0 -1
    outer loop
      vertex -1.7553711117714448 0.7270985214936706 -1.5
      vertex -2.2721215973444373 1.4332843272420994 -1.5
      vertex -2.2100222842218016 1.4626551149561515 -1.5
    endloop
  endfacet
  facet normal 0 0 -1
    outer loop
      vertex -1.7553711117714448 0.7270985214936706 -1.5
      vertex -2.2100222842218016 1.4626551149561515 -1.5
      vertex -2.1511008368862785 1.4979712713882183 -1.5
    endloop
  endfacet
  facet normal 0 0 -1
    outer loop
      vertex -1.7553711117714448 0.7270985214936706 -1.5
      vertex -2.1511008368862785 1.4979712713882183 -1.5
      vertex -2.095924701085448 1.5388926826460843 -1.5
    endloop
  endfacet
  facet normal 0 0 -1
    outer loop
      vertex -1.7553711117714448 0.7270985214936706 -1.5
      vertex -2.095924701085448 1.5388926826460843 -1.5
      vertex -2.045025253169417 1.585025253169417 -1.5
    endloop
  endfacet
  facet normal 0 0 -1
    outer loop
      vertex -1.7553711117714448 0.7270985214936706 -1.5
      vertex -1.9226551149561515 1.7500222842218016 -1.5
      vertex -1.6756504022618746 0.8956537999693954 -1.5
    endloop
  endfacet
  facet normal 0 0 -1
    outer loop
      vertex -1.7553711117714448 0.7270985214936706 -1.5
      vertex -2.045025253169417 1.585025253169417 -1.5
      vertex -1.9988926826460842 1.6359247010854483 -1.5
    endloop
  endfacet
  facet normal 0 0 -1
    outer loop
      vertex -1.7553711117714448 0.7270985214936706 -1.5
      vertex -1.9988926826460842 1.6359247010854483 -1.5
      vertex -1.9579712713882182 1.6911008368862785 -1.5
    endloop
  endfacet
  facet normal 0 0 -1
    outer loop
      vertex -1.7553711117714448 0.7270985214936706 -1.5
      vertex -1.9579712713882182 1.6911008368862785 -1.5
      vertex -1.9226551149561515 1.7500222842218016 -1.5
    endloop
  endfacet
  facet normal 0 0 -1
    outer loop
      vertex -1.6756504022618746 0.8956537999693954 -1.5
      vertex -1.9226551149561515 1.7500222842218016 -1.5
      vertex -1.8932843272420994 1.8121215973444373 -1.5
    endloop
  endfacet
  facet normal 0 0 -1
    outer loop
      vertex -1.6756504022618746 0.8956537999693954 -1.5
      vertex -1.8932843272420994 1.8121215973444373 -1.5
      vertex -1.8701417649874539 1.8768007259218764 -1.5
    endloop
  endfacet
  facet normal 0 0 -1
    outer loop
      vertex -1.5797922633748358 1.0555834427372441 -1.5
      vertex -1.8701417649874539 1.8768007259218764 -1.5
      vertex -1.8534503037177388 1.9434367745887102 -1.5
    endloop
  endfacet
  facet normal 0 0 -1
    outer loop
      vertex -1.5797922633748358 1.0555834427372441 -1.5
      vertex -1.8534503037177388 1.9434367745887102 -1.5
      vertex -1.8433706913294623 2.0113880017693075 -1.5
    endloop
  endfacet
  facet normal 0 0 -1
    outer loop
      vertex -1.5797922633748358 1.0555834427372441 -1.5
      vertex -1.8433706913294623 2.0113880017693075 -1.5
      vertex -1.84 2.08 -1.5
    endloop
  endfacet
  facet normal 0 0 -1
    outer loop
      vertex -4.206956907082327 0.5833487446705823 -1.5
      vertex -2.9089400000000003 4.486008209402258 -1.5
      vertex -3.1573448850438486 2.4099777157781985 -1.5
    endloop
  endfacet
  facet normal 0 0 -1
    outer loop
      vertex -2.9089400000000003 4.486008209402258 -1.5
      vertex -3.122028728611782 2.4688991631137216 -1.5
      vertex -3.1573448850438486 2.4099777157781985 -1.5
    endloop
  endfacet
  facet normal 0 0 -1
    outer loop
      vertex -2.9089400000000003 4.486008209402258 -1.5
      vertex -3.081107317353916 2.524075298914552 -1.5
      vertex -3.122028728611782 2.4688991631137216 -1.5
    endloop
  endfacet
  facet normal 0 0 -1
    outer loop
      vertex -2.9089400000000003 4.486008209402258 -1.5
      vertex -3.034974746830583 2.5749747468305832 -1.5
      vertex -3.081107317353916 2.524075298914552 -1.5
    endloop
  endfacet
  facet normal 0 0 -1
    outer loop
      vertex -2.9089400000000003 4.486008209402258 -1.5
      vertex -2.984075298914552 2.621107317353916 -1.5
      vertex -3.034974746830583 2.5749747468305832 -1.5
    endloop
  endfacet
  facet normal 0 0 -1
    outer loop
      vertex -2.9089400000000003 4.486008209402258 -1.5
      vertex -2.9288991631137216 2.662028728611782 -1.5
      vertex -2.984075298914552 2.621107317353916 -1.5
    endloop
  endfacet
  facet normal 0 0 -1
    outer loop
      vertex -2.9089400000000003 4.486008209402258 -1.5
      vertex -2.9089400000000003 2.6739917905977415 -1.5
      vertex -2.9288991631137216 2.662028728611782 -1.5
    endloop
  endfacet
  facet normal 0 0 -1
    outer loop
      vertex -1.4687198613892003 1.2053472399109264 -1.5
      vertex -1.8932843272420994 2.347878402655563 -1.5
      vertex -2.1710599999999998 4.486008209402258 -1.5
    endloop
  endfacet
  facet normal 0 0 -1
    outer loop
      vertex -2.1710599999999998 4.486008209402258 -1.5
      vertex -2.1511008368862785 2.662028728611782 -1.5
      vertex -2.1710599999999998 2.6739917905977415 -1.5
    endloop
  endfacet
  facet normal 0 0 -1
    outer loop
      vertex -2.1710599999999998 4.486008209402258 -1.5
      vertex -2.095924701085448 2.621107317353916 -1.5
      vertex -2.1511008368862785 2.662028728611782 -1.5
    endloop
  endfacet
  facet normal 0 0 -1
    outer loop
      vertex -2.1710599999999998 4.486008209402258 -1.5
      vertex -2.045025253169417 2.5749747468305832 -1.5
      vertex -2.095924701085448 2.621107317353916 -1.5
    endloop
  endfacet
  facet normal 0 0 -1
    outer loop
      vertex -1.9988926826460842 2.524075298914552 -1.5
      vertex -2.1710599999999998 4.486008209402258 -1.5
      vertex -1.9579712713882182 2.4688991631137216 -1.5
    endloop
  endfacet
  facet normal 0 0 -1
    outer loop
      vertex -2.1710599999999998 4.486008209402258 -1.5
      vertex -1.8932843272420994 2.347878402655563 -1.5
      vertex -1.9226551149561515 2.4099777157781985 -1.5
    endloop
  endfacet
  facet normal 0 0 -1
    outer loop
      vertex -2.1710599999999998 4.486008209402258 -1.5
      vertex -1.9226551149561515 2.4099777157781985 -1.5
      vertex -1.9579712713882182 2.4688991631137216 -1.5
    endloop
  endfacet
  facet normal 0 0 -1
    outer loop
      vertex -2.1710599999999998 4.486008209402258 -1.5
      vertex -1.9988926826460842 2.524075298914552 -1.5
      vertex -2.045025253169417 2.5749747468305832 -1.5
    endloop
  endfacet
  facet normal 0 0 -1
    outer loop
      vertex -1.6756504022618746 0.8956537999693954 -1.5
      vertex -1.8701417649874539 1.8768007259218764 -1.5
      vertex -1.5797922633748358 1.0555834427372441 -1.5
    endloop
  endfacet
  facet normal 0 0 -1
    outer loop
      vertex -1.5797922633748358 1.0555834427372441 -1.5
      vertex -1.84 2.08 -1.5
      vertex -1.4687198613892003 1.2053472399109264 -1.5
    endloop
  endfacet
  facet normal 0 0 -1
    outer loop
      vertex -1.4687198613892003 1.2053472399109264 -1.5
      vertex -1.84 2.08 -1.5
      vertex -1.8433706913294623 2.1486119982306926 -1.5
    endloop
  endfacet
  facet normal 0 0 -1
    outer loop
      vertex -1.4687198613892003 1.2053472399109264 -1.5
      vertex -1.8433706913294623 2.1486119982306926 -1.5
      vertex -1.8534503037177388 2.21656322541129 -1.5
    endloop
  endfacet
  facet normal 0 0 -1
    outer loop
      vertex -1.4687198613892003 1.2053472399109264 -1.5
      vertex -1.8534503037177388 2.21656322541129 -1.5
      vertex -1.8701417649874539 2.2831992740781235 -1.5
    endloop
  endfacet
  facet normal 0 0 -1
    outer loop
      vertex -1.4687198613892003 1.2053472399109264 -1.5
      vertex -1.8701417649874539 2.2831992740781235 -1.5
      vertex -1.8932843272420994 2.347878402655563 -1.5
    endloop
  endfacet
  facet normal 0 0 -1
    outer loop
      vertex -1.4687198613892003 1.2053472399109264 -1.5
      vertex -2.1710599999999998 4.486008209402258 -1.5
      vertex -1.3435028842544403 1.3435028842544403 -1.5
    endloop
  endfacet
  facet normal 0 0 -1
    outer loop
      vertex -1.3435028842544403 1.3435028842544403 -1.5
      vertex -2.1710599999999998 4.486008209402258 -1.5
      vertex -1.2053472399109264 1.4687198613892003 -1.5
    endloop
  endfacet
  facet normal 0 0 -1
    outer loop
      vertex -1.2053472399109264 1.4687198613892003 -1.5
      vertex -2.1710599999999998 4.486008209402258 -1.5
      vertex -1.0555834427372441 1.5797922633748358 -1.5
    endloop
  endfacet
  facet normal 0 0 -1
    outer loop
      vertex -1.0555834427372441 1.5797922633748358 -1.5
      vertex -2.1710599999999998 4.486008209402258 -1.5
      vertex -0.8956537999693954 1.6756504022618746 -1.5
    endloop
  endfacet
  facet normal 0 0 -1
    outer loop
      vertex -0.8956537999693954 1.6756504022618746 -1.5
      vertex -2.1710599999999998 4.486008209402258 -1.5
      vertex -0.7270985214936706 1.7553711117714448 -1.5
    endloop
  endfacet
  facet normal 0 0 -1
    outer loop
      vertex -0.7270985214936706 1.7553711117714448 -1.5
      vertex -2.095924701085448 4.538892682646084 -1.5
      vertex -0.5515408867834785 1.8181866378911966 -1.5
    endloop
  endfacet
  facet normal 0 0 -1
    outer loop
      vertex -0.5515408867834785 1.8181866378911966 -1.5
      vertex -2.045025253169417 4.585025253169417 -1.5
      vertex -0.3706716118306437 1.8634920327661377 -1.5
    endloop
  endfacet
  facet normal 0 0 -1
    outer loop
      vertex -0.3706716118306437 1.8634920327661377 -1.5
      vertex -1.9579712713882182 4.691100836886278 -1.5
      vertex -0.18623256662616514 1.890850980677174 -1.5
    endloop
  endfacet
  facet normal 0 0 -1
    outer loop
      vertex -0.18623256662616514 1.890850980677174 -1.5
      vertex -1.9226551149561515 4.750022284221802 -1.5
      vertex 0 1.9 -1.5
    endloop
  endfacet
  facet normal 0 0 -1
    outer loop
      vertex -1.8701417649874539 4.876800725921877 -1.5
      vertex 0.18623256662616514 1.890850980677174 -1.5
      vertex 0 1.9 -1.5
    endloop
  endfacet
  facet normal 0 0 -1
    outer loop
      vertex -1.8534503037177388 4.943436774588711 -1.5
      vertex 0.3706716118306437 1.8634920327661377 -1.5
      vertex 0.18623256662616514 1.890850980677174 -1.5
    endloop
  endfacet
  facet normal 0 0 -1
    outer loop
      vertex -0.7270985214936706 1.7553711117714448 -1.5
      vertex -2.1710599999999998 4.486008209402258 -1.5
      vertex -2.1511008368862785 4.497971271388218 -1.5
    endloop
  endfacet
  facet normal 0 0 -1
    outer loop
      vertex -0.7270985214936706 1.7553711117714448 -1.5
      vertex -2.1511008368862785 4.497971271388218 -1.5
      vertex -2.095924701085448 4.538892682646084 -1.5
    endloop
  endfacet
  facet normal 0 0 -1
    outer loop
      vertex -0.5515408867834785 1.8181866378911966 -1.5
      vertex -2.095924701085448 4.538892682646084 -1.5
      vertex -2.045025253169417 4.585025253169417 -1.5
    endloop
  endfacet
  facet normal 0 0 -1
    outer loop
      vertex -0.3706716118306437 1.8634920327661377 -1.5
      vertex -2.045025253169417 4.585025253169417 -1.5
      vertex -1.9988926826460842 4.6359247010854485 -1.5
    endloop
  endfacet
  facet normal 0 0 -1
    outer loop
      vertex -0.3706716118306437 1.8634920327661377 -1.5
      vertex -1.9988926826460842 4.6359247010854485 -1.5
      vertex -1.9579712713882182 4.691100836886278 -1.5
    endloop
  endfacet
  facet normal 0 0 -1
    outer loop
      vertex -0.18623256662616514 1.890850980677174 -1.5
      vertex -1.9579712713882182 4.691100836886278 -1.5
      vertex -1.9226551149561515 4.750022284221802 -1.5
    endloop
  endfacet
  facet normal 0 0 -1
    outer loop
      vertex -1.9226551149561515 4.750022284221802 -1.5
      vertex -1.8932843272420994 4.812121597344437 -1.5
      vertex 0 1.9 -1.5
    endloop
  endfacet
  facet normal 0 0 -1
    outer loop
      vertex -1.8932843272420994 4.812121597344437 -1.5
      vertex -1.8701417649874539 4.876800725921877 -1.5
      vertex 0 1.9 -1.5
    endloop
  endfacet
  facet normal 0 0 -1
    outer loop
      vertex -1.8701417649874539 4.876800725921877 -1.5
      vertex -1.8534503037177388 4.943436774588711 -1.5
      vertex 0.18623256662616514 1.890850980677174 -1.5
    endloop
  endfacet
  facet normal 0 0 -1
    outer loop
      vertex -1.8534503037177388 4.943436774588711 -1.5
      vertex -1.8433706913294623 5.0113880017693075 -1.5
      vertex 3.1529411146416737 6.079234291539098 -1.5
    endloop
  endfacet
  facet normal 0 0 -1
    outer loop
      vertex -1.8433706913294623 5.0113880017693075 -1.5
      vertex -1.84 5.08 -1.5
      vertex 3.1529411146416737 6.079234291539098 -1.5
    endloop
  endfacet
  facet normal 0 0 -1
    outer loop
      vertex -1.84 5.08 -1.5
      vertex -1.8433706913294623 5.148611998230693 -1.5
      vertex 3.2089592359914345 6.141040764008565 -1.5
    endloop
  endfacet
  facet normal 0 0 -1
    outer loop
      vertex -1.8433706913294623 5.148611998230693 -1.5
      vertex -1.8534503037177388 5.2165632254112895 -1.5
      vertex 3.2707657084609014 6.197058885358326 -1.5
    endloop
  endfacet
  facet normal 0 0 -1
    outer loop
      vertex -1.8534503037177388 5.2165632254112895 -1.5
      vertex -1.8701417649874539 5.2831992740781235 -1.5
      vertex 3.337765301933338 6.246749170457163 -1.5
    endloop
  endfacet
  facet normal 0 0 -1
    outer loop
      vertex -1.8701417649874539 5.2831992740781235 -1.5
      vertex -1.8932843272420994 5.347878402655563 -1.5
      vertex 3.409312773697902 6.289633074696102 -1.5
    endloop
  endfacet
  facet normal 0 0 -1
    outer loop
      vertex -1.8932843272420994 5.347878402655563 -1.5
      vertex -1.9226551149561515 5.409977715778198 -1.5
      vertex 3.563258024333707 6.353399285372378 -1.5
    endloop
  endfacet
  facet normal 0 0 -1
    outer loop
      vertex -6.985 6.985 -1.5
      vertex 6.985 6.985 -1.5
      vertex -2.3368007259218766 5.749858235012546 -1.5
    endloop
  endfacet
  facet normal 0 1 0
    outer loop
      vertex -6.985 6.985 -1.5
      vertex -6.985 6.985 1.5
      vertex 6.985 6.985 -1.5
    endloop
  endfacet
  facet normal 0 0 1
    outer loop
      vertex -6.985 -6.985 1.5
      vertex -6.124943963005807 0.10291799734603864 1.5
      vertex -6.985 6.985 1.5
    endloop
  endfacet
  facet normal 0 0 1
    outer loop
      vertex -6.124943963005807 0.10291799734603864 1.5
      vertex -6.109824544423392 0.20484483811693466 1.5
      vertex -6.985 6.985 1.5
    endloop
  endfacet
  facet normal 0 0 1
    outer loop
      vertex -6.109824544423392 0.20484483811693466 1.5
      vertex -6.08478735251882 0.30479891111718543 1.5
      vertex -6.985 6.985 1.5
    endloop
  endfacet
  facet normal 0 0 1
    outer loop
      vertex -6.08478735251882 0.30479891111718543 1.5
      vertex -6.050073509136851 0.40181760398334426 1.5
      vertex -6.985 6.985 1.5
    endloop
  endfacet
  facet normal 0 0 1
    outer loop
      vertex -6.050073509136851 0.40181760398334426 1.5
      vertex -6.006017327565773 0.49496657366729757 1.5
      vertex -6.985 6.985 1.5
    endloop
  endfacet
  facet normal 0 0 1
    outer loop
      vertex -6.006017327565773 0.49496657366729757 1.5
      vertex -5.953043092917673 0.5833487446705823 1.5
      vertex -6.985 6.985 1.5
    endloop
  endfacet
  facet normal 0 0 1
    outer loop
      vertex -5.953043092917673 0.5833487446705823 1.5
      vertex -5.891660976030874 0.6661129483718278 1.5
      vertex -6.985 6.985 1.5
    endloop
  endfacet
  facet normal 0 0 1
    outer loop
      vertex -5.891660976030874 0.6661129483718278 1.5
      vertex -5.822462120245875 0.742462120245875 1.5
      vertex -6.985 6.985 1.5
    endloop
  endfacet
  facet normal 0 0 1
    outer loop
      vertex -5.822462120245875 0.742462120245875 1.5
      vertex -5.746112948371827 0.8116609760308738 1.5
      vertex -6.985 6.985 1.5
    endloop
  endfacet
  facet normal 0 0 1
    outer loop
      vertex -5.746112948371827 0.8116609760308738 1.5
      vertex -5.663348744670582 0.8730430929176726 1.5
      vertex -6.985 6.985 1.5
    endloop
  endfacet
  facet normal 0 0 1
    outer loop
      vertex -5.663348744670582 0.8730430929176726 1.5
      vertex -5.5749665736672975 0.9260173275657728 1.5
      vertex -6.985 6.985 1.5
    endloop
  endfacet
  facet normal 0 0 1
    outer loop
      vertex -5.5749665736672975 0.9260173275657728 1.5
      vertex -5.481817603983345 0.9700735091368511 1.5
      vertex -6.985 6.985 1.5
    endloop
  endfacet
  facet normal 0 0 1
    outer loop
      vertex -5.481817603983345 0.9700735091368511 1.5
      vertex -5.384798911117185 1.0047873525188193 1.5
      vertex -6.985 6.985 1.5
    endloop
  endfacet
  facet normal 0 0 1
    outer loop
      vertex -5.384798911117185 1.0047873525188193 1.5
      vertex -5.284844838116935 1.029824544423392 1.5
      vertex -6.985 6.985 1.5
    endloop
  endfacet
  facet normal 0 0 1
    outer loop
      vertex -5.284844838116935 1.029824544423392 1.5
      vertex -5.182917997346038 1.0449439630058068 1.5
      vertex -6.985 6.985 1.5
    endloop
  endfacet
  facet normal 0 0 1
    outer loop
      vertex -5.182917997346038 1.0449439630058068 1.5
      vertex -5.08 1.05 1.5
      vertex -6.985 6.985 1.5
    endloop
  endfacet
  facet normal 0 0 1
    outer loop
      vertex -5.08 1.05 1.5
      vertex -4.977082002653962 1.0449439630058068 1.5
      vertex -6.985 6.985 1.5
    endloop
  endfacet
  facet normal 0 0 1
    outer loop
      vertex -4.977082002653962 1.0449439630058068 1.5
      vertex -4.8751551618830655 1.029824544423392 1.5
      vertex -6.985 6.985 1.5
    endloop
  endfacet
  facet normal 0 0 1
    outer loop
      vertex -4.8751551618830655 1.029824544423392 1.5
      vertex -4.775201088882815 1.0047873525188193 1.5
      vertex -6.985 6.985 1.5
    endloop
  endfacet
  facet normal 0 0 1
    outer loop
      vertex -4.775201088882815 1.0047873525188193 1.5
      vertex -4.6781823960166555 0.9700735091368511 1.5
      vertex -6.985 6.985 1.5
    endloop
  endfacet
  facet normal 0 0 1
    outer loop
      vertex -4.496651255329418 0.8730430929176726 1.5
      vertex -6.985 6.985 1.5
      vertex -4.585033426332703 0.9260173275657728 1.5
    endloop
  endfacet
  facet normal 0 0 1
    outer loop
      vertex -4.6781823960166555 0.9700735091368511 1.5
      vertex -4.585033426332703 0.9260173275657728 1.5
      vertex -6.985 6.985 1.5
    endloop
  endfacet
  facet normal 0 0 1
    outer loop
      vertex -4.496651255329418 0.8730430929176726 1.5
      vertex -4.413887051628173 0.8116609760308738 1.5
      vertex -6.985 6.985 1.5
    endloop
  endfacet
  facet normal 0 0 1
    outer loop
      vertex -4.413887051628173 0.8116609760308738 1.5
      vertex -4.337537879754125 0.742462120245875 1.5
      vertex -6.985 6.985 1.5
    endloop
  endfacet
  facet normal 0 0 1
    outer loop
      vertex -4.206956907082327 0.5833487446705823 1.5
      vertex -3.122028728611782 1.6911008368862785 1.5
      vertex -3.1573448850438486 1.7500222842218016 1.5
    endloop
  endfacet
  facet normal 0 0 1
    outer loop
      vertex -4.206956907082327 0.5833487446705823 1.5
      vertex -3.1573448850438486 1.7500222842218016 1.5
      vertex -3.1867156727579005 1.8121215973444373 1.5
    endloop
  endfacet
  facet normal 0 0 1
    outer loop
      vertex -4.206956907082327 0.5833487446705823 1.5
      vertex -3.209858235012546 1.8768007259218764 1.5
      vertex -3.2265496962822615 1.9434367745887102 1.5
    endloop
  endfacet
  facet normal 0 0 1
    outer loop
      vertex -4.206956907082327 0.5833487446705823 1.5
      vertex -3.2265496962822615 1.9434367745887102 1.5
      vertex -3.2366293086705378 2.0113880017693075 1.5
    endloop
  endfacet
  facet normal 0 0 1
    outer loop
      vertex -4.206956907082327 0.5833487446705823 1.5
      vertex -3.1867156727579005 1.8121215973444373 1.5
      vertex -3.209858235012546 1.8768007259218764 1.5
    endloop
  endfacet
  facet normal 0 0 1
    outer loop
      vertex -4.206956907082327 0.5833487446705823 1.5
      vertex -3.2366293086705378 2.0113880017693075 1.5
      vertex -3.24 2.08 1.5
    endloop
  endfacet
  facet normal 0 0 1
    outer loop
      vertex -4.206956907082327 0.5833487446705823 1.5
      vertex -3.24 2.08 1.5
      vertex -3.2366293086705378 2.1486119982306926 1.5
    endloop
  endfacet
  facet normal 0 0 1
    outer loop
      vertex -4.206956907082327 0.5833487446705823 1.5
      vertex -3.2366293086705378 2.1486119982306926 1.5
      vertex -3.2265496962822615 2.21656322541129 1.5
    endloop
  endfacet
  facet normal 0 0 1
    outer loop
      vertex -4.206956907082327 0.5833487446705823 1.5
      vertex -3.2265496962822615 2.21656322541129 1.5
      vertex -3.209858235012546 2.2831992740781235 1.5
    endloop
  endfacet
  facet normal 0 0 1
    outer loop
      vertex -4.337537879754125 0.742462120245875 1.5
      vertex -4.268339023969126 0.6661129483718278 1.5
      vertex -6.985 6.985 1.5
    endloop
  endfacet
  facet normal 0 0 1
    outer loop
      vertex -4.206956907082327 0.5833487446705823 1.5
      vertex -6.985 6.985 1.5
      vertex -4.268339023969126 0.6661129483718278 1.5
    endloop
  endfacet
  facet normal 0 0 1
    outer loop
      vertex -4.206956907082327 0.5833487446705823 1.5
      vertex -3.209858235012546 2.2831992740781235 1.5
      vertex -6.985 6.985 1.5
    endloop
  endfacet
  facet normal 0 0 1
    outer loop
      vertex -6.985 6.985 1.5
      vertex -3.209858235012546 2.2831992740781235 1.5
      vertex -3.1867156727579005 2.347878402655563 1.5
    endloop
  endfacet
  facet normal 0 0 1
    outer loop
      vertex -6.985 6.985 1.5
      vertex -3.1867156727579005 2.347878402655563 1.5
      vertex -3.1573448850438486 2.4099777157781985 1.5
    endloop
  endfacet
  facet normal 0 0 1
    outer loop
      vertex -6.985 6.985 1.5
      vertex -3.1573448850438486 2.4099777157781985 1.5
      vertex -3.122028728611782 2.4688991631137216 1.5
    endloop
  endfacet
  facet normal 0 0 1
    outer loop
      vertex -6.985 6.985 1.5
      vertex -3.122028728611782 2.4688991631137216 1.5
      vertex -3.081107317353916 2.524075298914552 1.5
    endloop
  endfacet
  facet normal 0 0 1
    outer loop
      vertex -6.985 6.985 1.5
      vertex -3.081107317353916 2.524075298914552 1.5
      vertex -3.034974746830583 2.5749747468305832 1.5
    endloop
  endfacet
  facet normal 0 0 1
    outer loop
      vertex -6.985 6.985 1.5
      vertex -3.034974746830583 2.5749747468305832 1.5
      vertex -2.984075298914552 2.621107317353916 1.5
    endloop
  endfacet
  facet normal 0 0 1
    outer loop
      vertex -6.985 6.985 1.5
      vertex -2.984075298914552 2.621107317353916 1.5
      vertex -2.9288991631137216 2.662028728611782 1.5
    endloop
  endfacet
  facet normal 0 0 1
    outer loop
      vertex -6.985 6.985 1.5
      vertex -2.9288991631137216 2.662028728611782 1.5
      vertex -2.8699777157781985 2.6973448850438486 1.5
    endloop
  endfacet
  facet normal 0 0 1
    outer loop
      vertex -6.985 6.985 1.5
      vertex -2.8699777157781985 2.6973448850438486 1.5
      vertex -2.8078784026555628 2.7267156727579005 1.5
    endloop
  endfacet
  facet normal 0 0 1
    outer loop
      vertex -6.985 6.985 1.5
      vertex -2.8078784026555628 2.7267156727579005 1.5
      vertex -2.7431992740781235 2.749858235012546 1.5
    endloop
  endfacet
  facet normal 0 0 1
    outer loop
      vertex -6.985 6.985 1.5
      vertex -2.7431992740781235 2.749858235012546 1.5
      vertex -2.9288991631137216 4.497971271388218 1.5
    endloop
  endfacet
  facet normal 0 0 1
    outer loop
      vertex -6.985 6.985 1.5
      vertex -3.034974746830583 4.585025253169417 1.5
      vertex -3.081107317353916 4.6359247010854485 1.5
    endloop
  endfacet
  facet normal 0 0 1
    outer loop
      vertex -6.985 6.985 1.5
      vertex -3.081107317353916 4.6359247010854485 1.5
      vertex -3.122028728611782 4.691100836886278 1.5
    endloop
  endfacet
  facet normal 0 0 1
    outer loop
      vertex -6.985 6.985 1.5
      vertex -3.2265496962822615 4.943436774588711 1.5
      vertex -3.2366293086705378 5.0113880017693075 1.5
    endloop
  endfacet
  facet normal 0 0 1
    outer loop
      vertex -6.985 6.985 1.5
      vertex -3.122028728611782 4.691100836886278 1.5
      vertex -3.1573448850438486 4.750022284221802 1.5
    endloop
  endfacet
  facet normal 0 0 1
    outer loop
      vertex -6.985 6.985 1.5
      vertex -3.1867156727579005 4.812121597344437 1.5
      vertex -3.209858235012546 4.876800725921877 1.5
    endloop
  endfacet
  facet normal 0 0 1
    outer loop
      vertex -6.985 6.985 1.5
      vertex -3.1573448850438486 4.750022284221802 1.5
      vertex -3.1867156727579005 4.812121597344437 1.5
    endloop
  endfacet
  facet normal 0 0 1
    outer loop
      vertex -6.985 6.985 1.5
      vertex -3.209858235012546 4.876800725921877 1.5
      vertex -3.2265496962822615 4.943436774588711 1.5
    endloop
  endfacet
  facet normal 0 0 1
    outer loop
      vertex -6.985 6.985 1.5
      vertex -3.2366293086705378 5.0113880017693075 1.5
      vertex -3.24 5.08 1.5
    endloop
  endfacet
  facet normal 0 0 1
    outer loop
      vertex -6.985 6.985 1.5
      vertex -3.24 5.08 1.5
      vertex -3.2366293086705378 5.148611998230693 1.5
    endloop
  endfacet
  facet normal 0 0 1
    outer loop
      vertex -6.985 6.985 1.5
      vertex -3.2366293086705378 5.148611998230693 1.5
      vertex -3.2265496962822615 5.2165632254112895 1.5
    endloop
  endfacet
  facet normal 0 0 1
    outer loop
      vertex -6.985 6.985 1.5
      vertex -3.2265496962822615 5.2165632254112895 1.5
      vertex -3.209858235012546 5.2831992740781235 1.5
    endloop
  endfacet
  facet normal 0 0 1
    outer loop
      vertex -6.985 6.985 1.5
      vertex -3.209858235012546 5.2831992740781235 1.5
      vertex -3.1867156727579005 5.347878402655563 1.5
    endloop
  endfacet
  facet normal 0 0 1
    outer loop
      vertex -6.985 6.985 1.5
      vertex -3.1867156727579005 5.347878402655563 1.5
      vertex -3.1573448850438486 5.409977715778198 1.5
    endloop
  endfacet
  facet normal 0 0 1
    outer loop
      vertex -6.985 6.985 1.5
      vertex -3.1573448850438486 5.409977715778198 1.5
      vertex -3.122028728611782 5.468899163113722 1.5
    endloop
  endfacet
  facet normal 0 0 1
    outer loop
      vertex -6.985 6.985 1.5
      vertex -3.122028728611782 5.468899163113722 1.5
      vertex -3.081107317353916 5.524075298914552 1.5
    endloop
  endfacet
  facet normal 0 0 1
    outer loop
      vertex -6.985 6.985 1.5
      vertex -3.081107317353916 5.524075298914552 1.5
      vertex -3.034974746830583 5.574974746830583 1.5
    endloop
  endfacet
  facet normal 0 0 1
    outer loop
      vertex -6.985 6.985 1.5
      vertex -2.9288991631137216 4.497971271388218 1.5
      vertex -2.984075298914552 4.538892682646084 1.5
    endloop
  endfacet
  facet normal 0 0 1
    outer loop
      vertex -6.985 6.985 1.5
      vertex -2.984075298914552 4.538892682646084 1.5
      vertex -3.034974746830583 4.585025253169417 1.5
    endloop
  endfacet
  facet normal 0 0 1
    outer loop
      vertex -6.985 6.985 1.5
      vertex -3.034974746830583 5.574974746830583 1.5
      vertex -2.984075298914552 5.621107317353916 1.5
    endloop
  endfacet
  facet normal 0 0 1
    outer loop
      vertex -6.985 6.985 1.5
      vertex -2.984075298914552 5.621107317353916 1.5
      vertex -2.9288991631137216 5.662028728611782 1.5
    endloop
  endfacet
  facet normal 0 0 1
    outer loop
      vertex -6.985 6.985 1.5
      vertex -2.9288991631137216 5.662028728611782 1.5
      vertex -2.8699777157781985 5.697344885043849 1.5
    endloop
  endfacet
  facet normal 0 0 1
    outer loop
      vertex -6.985 6.985 1.5
      vertex -2.8699777157781985 5.697344885043849 1.5
      vertex -2.8078784026555628 5.7267156727579005 1.5
    endloop
  endfacet
  facet normal 0 0 1
    outer loop
      vertex -6.985 6.985 1.5
      vertex -2.8078784026555628 5.7267156727579005 1.5
      vertex -2.7431992740781235 5.749858235012546 1.5
    endloop
  endfacet
  facet normal 0 0 1
    outer loop
      vertex -6.985 6.985 1.5
      vertex -2.7431992740781235 5.749858235012546 1.5
      vertex -2.67656322541129 5.7665496962822616 1.5
    endloop
  endfacet
  facet normal 0 0 1
    outer loop
      vertex -6.985 6.985 1.5
      vertex -2.67656322541129 5.7665496962822616 1.5
      vertex -2.6086119982306926 5.776629308670538 1.5
    endloop
  endfacet
  facet normal 0 0 1
    outer loop
      vertex -6.985 6.985 1.5
      vertex -2.6086119982306926 5.776629308670538 1.5
      vertex -2.54 5.78 1.5
    endloop
  endfacet
  facet normal 0 0 1
    outer loop
      vertex -6.985 6.985 1.5
      vertex -2.54 5.78 1.5
      vertex -2.4713880017693075 5.776629308670538 1.5
    endloop
  endfacet
  facet normal 0 0 1
    outer loop
      vertex -6.985 6.985 1.5
      vertex -2.4713880017693075 5.776629308670538 1.5
      vertex -2.40343677458871 5.7665496962822616 1.5
    endloop
  endfacet
  facet normal 0 0 1
    outer loop
      vertex -6.985 6.985 1.5
      vertex -2.40343677458871 5.7665496962822616 1.5
      vertex -2.3368007259218766 5.749858235012546 1.5
    endloop
  endfacet
  facet normal 0 0 1
    outer loop
      vertex -4.03 0 1.5
      vertex -1.890850980677174 0.18623256662616514 1.5
      vertex -4.0350560369941935 0.10291799734603864 1.5
    endloop
  endfacet
  facet normal 0 0 1
    outer loop
      vertex -4.050175455576608 0.20484483811693466 1.5
      vertex -4.0350560369941935 0.10291799734603864 1.5
      vertex -1.890850980677174 0.18623256662616514 1.5
    endloop
  endfacet
  facet normal 0 0 1
    outer loop
      vertex -4.050175455576608 0.20484483811693466 1.5
      vertex -1.8634920327661377 0.3706716118306437 1.5
      vertex -4.07521264748118 0.30479891111718543 1.5
    endloop
  endfacet
  facet normal 0 0 1
    outer loop
      vertex -4.07521264748118 0.30479891111718543 1.5
      vertex -1.8181866378911966 0.5515408867834785 1.5
      vertex -4.109926490863149 0.40181760398334426 1.5
    endloop
  endfacet
  facet normal 0 0 1
    outer loop
      vertex -4.109926490863149 0.40181760398334426 1.5
      vertex -1.8181866378911966 0.5515408867834785 1.5
      vertex -4.1539826724342275 0.49496657366729757 1.5
    endloop
  endfacet
  facet normal 0 0 1
    outer loop
      vertex -4.1539826724342275 0.49496657366729757 1.5
      vertex -1.7553711117714448 0.7270985214936706 1.5
      vertex -4.206956907082327 0.5833487446705823 1.5
    endloop
  endfacet
  facet normal 0 0 1
    outer loop
      vertex -4.206956907082327 0.5833487446705823 1.5
      vertex -3.081107317353916 1.6359247010854483 1.5
      vertex -3.122028728611782 1.6911008368862785 1.5
    endloop
  endfacet
  facet normal 0 0 1
    outer loop
      vertex -4.206956907082327 0.5833487446705823 1.5
      vertex -3.034974746830583 1.585025253169417 1.5
      vertex -3.081107317353916 1.6359247010854483 1.5
    endloop
  endfacet
  facet normal 0 0 1
    outer loop
      vertex -4.206956907082327 0.5833487446705823 1.5
      vertex -2.984075298914552 1.5388926826460843 1.5
      vertex -3.034974746830583 1.585025253169417 1.5
    endloop
  endfacet
  facet normal 0 0 1
    outer loop
      vertex -4.206956907082327 0.5833487446705823 1.5
      vertex -2.8699777157781985 1.4626551149561515 1.5
      vertex -2.9288991631137216 1.4979712713882183 1.5
    endloop
  endfacet
  facet normal 0 0 1
    outer loop
      vertex -4.206956907082327 0.5833487446705823 1.5
      vertex -2.8078784026555628 1.4332843272420994 1.5
      vertex -2.8699777157781985 1.4626551149561515 1.5
    endloop
  endfacet
  facet normal 0 0 1
    outer loop
      vertex -4.206956907082327 0.5833487446705823 1.5
      vertex -2.9288991631137216 1.4979712713882183 1.5
      vertex -2.984075298914552 1.5388926826460843 1.5
    endloop
  endfacet
  facet normal 0 0 1
    outer loop
      vertex -4.206956907082327 0.5833487446705823 1.5
      vertex -2.7431992740781235 1.410141764987454 1.5
      vertex -2.8078784026555628 1.4332843272420994 1.5
    endloop
  endfacet
  facet normal 0 0 1
    outer loop
      vertex -4.206956907082327 0.5833487446705823 1.5
      vertex -2.67656322541129 1.3934503037177388 1.5
      vertex -2.7431992740781235 1.410141764987454 1.5
    endloop
  endfacet
  facet normal 0 0 1
    outer loop
      vertex -4.206956907082327 0.5833487446705823 1.5
      vertex -2.6086119982306926 1.3833706913294623 1.5
      vertex -2.67656322541129 1.3934503037177388 1.5
    endloop
  endfacet
  facet normal 0 0 1
    outer loop
      vertex -4.206956907082327 0.5833487446705823 1.5
      vertex -2.54 1.3800000000000001 1.5
      vertex -2.6086119982306926 1.3833706913294623 1.5
    endloop
  endfacet
  facet normal 0 0 1
    outer loop
      vertex -4.206956907082327 0.5833487446705823 1.5
      vertex -2.4713880017693075 1.3833706913294623 1.5
      vertex -2.54 1.3800000000000001 1.5
    endloop
  endfacet
  facet normal 0 0 1
    outer loop
      vertex -4.206956907082327 0.5833487446705823 1.5
      vertex -2.40343677458871 1.3934503037177388 1.5
      vertex -2.4713880017693075 1.3833706913294623 1.5
    endloop
  endfacet
  facet normal 0 0 1
    outer loop
      vertex -4.206956907082327 0.5833487446705823 1.5
      vertex -1.6756504022618746 0.8956537999693954 1.5
      vertex -2.40343677458871 1.3934503037177388 1.5
    endloop
  endfacet
  facet normal 0 0 1
    outer loop
      vertex -4.03 0 1.5
      vertex -1.9 0 1.5
      vertex -1.890850980677174 0.18623256662616514 1.5
    endloop
  endfacet
  facet normal 0 0 1
    outer loop
      vertex -4.050175455576608 0.20484483811693466 1.5
      vertex -1.890850980677174 0.18623256662616514 1.5
      vertex -1.8634920327661377 0.3706716118306437 1.5
    endloop
  endfacet
  facet normal 0 0 1
    outer loop
      vertex -4.07521264748118 0.30479891111718543 1.5
      vertex -1.8634920327661377 0.3706716118306437 1.5
      vertex -1.8181866378911966 0.5515408867834785 1.5
    endloop
  endfacet
  facet normal 0 0 1
    outer loop
      vertex -4.1539826724342275 0.49496657366729757 1.5
      vertex -1.8181866378911966 0.5515408867834785 1.5
      vertex -1.7553711117714448 0.7270985214936706 1.5
    endloop
  endfacet
  facet normal 0 0 1
    outer loop
      vertex -4.206956907082327 0.5833487446705823 1.5
      vertex -1.7553711117714448 0.7270985214936706 1.5
      vertex -1.6756504022618746 0.8956537999693954 1.5
    endloop
  endfacet
  facet normal 0 0 1
    outer loop
      vertex -1.6756504022618746 0.8956537999693954 1.5
      vertex -2.3368007259218766 1.410141764987454 1.5
      vertex -2.40343677458871 1.3934503037177388 1.5
    endloop
  endfacet
  facet normal 0 0 1
    outer loop
      vertex -1.6756504022618746 0.8956537999693954 1.5
      vertex -2.2721215973444373 1.4332843272420994 1.5
      vertex -2.3368007259218766 1.410141764987454 1.5
    endloop
  endfacet
  facet normal 0 0 1
    outer loop
      vertex -1.6756504022618746 0.8956537999693954 1.5
      vertex -2.2100222842218016 1.4626551149561515 1.5
      vertex -2.2721215973444373 1.4332843272420994 1.5
    endloop
  endfacet
  facet normal 0 0 1
    outer loop
      vertex -1.6756504022618746 0.8956537999693954 1.5
      vertex -1.5797922633748358 1.0555834427372441 1.5
      vertex -2.2100222842218016 1.4626551149561515 1.5
    endloop
  endfacet
  facet normal 0 0 1
    outer loop
      vertex -1.5797922633748358 1.0555834427372441 1.5
      vertex -2.1511008368862785 1.4979712713882183 1.5
      vertex -2.2100222842218016 1.4626551149561515 1.5
    endloop
  endfacet
  facet normal 0 0 1
    outer loop
      vertex -1.5797922633748358 1.0555834427372441 1.5
      vertex -2.095924701085448 1.5388926826460843 1.5
      vertex -2.1511008368862785 1.4979712713882183 1.5
    endloop
  endfacet
  facet normal 0 0 1
    outer loop
      vertex -1.5797922633748358 1.0555834427372441 1.5
      vertex -2.045025253169417 1.585025253169417 1.5
      vertex -2.095924701085448 1.5388926826460843 1.5
    endloop
  endfacet
  facet normal 0 0 1
    outer loop
      vertex -1.4687198613892003 1.2053472399109264 1.5
      vertex -1.9988926826460842 1.6359247010854483 1.5
      vertex -2.045025253169417 1.585025253169417 1.5
    endloop
  endfacet
  facet normal 0 0 1
    outer loop
      vertex -1.4687198613892003 1.2053472399109264 1.5
      vertex -1.9579712713882182 1.6911008368862785 1.5
      vertex -1.9988926826460842 1.6359247010854483 1.5
    endloop
  endfacet
  facet normal 0 0 1
    outer loop
      vertex -2.9288991631137216 4.497971271388218 1.5
      vertex -2.7431992740781235 2.749858235012546 1.5
      vertex -2.67656322541129 2.7665496962822616 1.5
    endloop
  endfacet
  facet normal 0 0 1
    outer loop
      vertex -2.9288991631137216 4.497971271388218 1.5
      vertex -2.67656322541129 2.7665496962822616 1.5
      vertex -2.6086119982306926 2.776629308670538 1.5
    endloop
  endfacet
  facet normal 0 0 1
    outer loop
      vertex -2.9288991631137216 4.497971271388218 1.5
      vertex -2.6086119982306926 2.776629308670538 1.5
      vertex -2.54 2.7800000000000002 1.5
    endloop
  endfacet
  facet normal 0 0 1
    outer loop
      vertex -2.9288991631137216 4.497971271388218 1.5
      vertex -2.54 2.7800000000000002 1.5
      vertex -2.4713880017693075 2.776629308670538 1.5
    endloop
  endfacet
  facet normal 0 0 1
    outer loop
      vertex -2.9288991631137216 4.497971271388218 1.5
      vertex -2.4713880017693075 2.776629308670538 1.5
      vertex -2.40343677458871 2.7665496962822616 1.5
    endloop
  endfacet
  facet normal 0 0 1
    outer loop
      vertex -2.9288991631137216 4.497971271388218 1.5
      vertex -2.3368007259218766 2.749858235012546 1.5
      vertex -2.2721215973444373 2.7267156727579005 1.5
    endloop
  endfacet
  facet normal 0 0 1
    outer loop
      vertex -2.9288991631137216 4.497971271388218 1.5
      vertex -2.40343677458871 2.7665496962822616 1.5
      vertex -2.3368007259218766 2.749858235012546 1.5
    endloop
  endfacet
  facet normal 0 0 1
    outer loop
      vertex -2.9288991631137216 4.497971271388218 1.5
      vertex -2.2721215973444373 2.7267156727579005 1.5
      vertex -2.2100222842218016 2.6973448850438486 1.5
    endloop
  endfacet
  facet normal 0 0 1
    outer loop
      vertex -2.9288991631137216 4.497971271388218 1.5
      vertex -2.2100222842218016 2.6973448850438486 1.5
      vertex -2.1511008368862785 2.662028728611782 1.5
    endloop
  endfacet
  facet normal 0 0 1
    outer loop
      vertex -2.9288991631137216 4.497971271388218 1.5
      vertex -1.9988926826460842 2.524075298914552 1.5
      vertex -1.9579712713882182 2.4688991631137216 1.5
    endloop
  endfacet
  facet normal 0 0 1
    outer loop
      vertex -2.9288991631137216 4.497971271388218 1.5
      vertex -2.1511008368862785 2.662028728611782 1.5
      vertex -2.095924701085448 2.621107317353916 1.5
    endloop
  endfacet
  facet normal 0 0 1
    outer loop
      vertex -2.9288991631137216 4.497971271388218 1.5
      vertex -2.095924701085448 2.621107317353916 1.5
      vertex -2.045025253169417 2.5749747468305832 1.5
    endloop
  endfacet
  facet normal 0 0 1
    outer loop
      vertex -2.9288991631137216 4.497971271388218 1.5
      vertex -2.045025253169417 2.5749747468305832 1.5
      vertex -1.9988926826460842 2.524075298914552 1.5
    endloop
  endfacet
  facet normal 0 0 1
    outer loop
      vertex -2.9288991631137216 4.497971271388218 1.5
      vertex -1.9579712713882182 2.4688991631137216 1.5
      vertex -1.9226551149561515 2.4099777157781985 1.5
    endloop
  endfacet
  facet normal 0 0 1
    outer loop
      vertex -1.3435028842544403 1.3435028842544403 1.5
      vertex -2.8699777157781985 4.462655114956151 1.5
      vertex -2.9288991631137216 4.497971271388218 1.5
    endloop
  endfacet
  facet normal 0 0 1
    outer loop
      vertex -1.3435028842544403 1.3435028842544403 1.5
      vertex -2.8078784026555628 4.4332843272421 1.5
      vertex -2.8699777157781985 4.462655114956151 1.5
    endloop
  endfacet
  facet normal 0 0 1
    outer loop
      vertex -1.3435028842544403 1.3435028842544403 1.5
      vertex -2.7431992740781235 4.410141764987454 1.5
      vertex -2.8078784026555628 4.4332843272421 1.5
    endloop
  endfacet
  facet normal 0 0 1
    outer loop
      vertex -1.3435028842544403 1.3435028842544403 1.5
      vertex -2.67656322541129 4.393450303717739 1.5
      vertex -2.7431992740781235 4.410141764987454 1.5
    endloop
  endfacet
  facet normal 0 0 1
    outer loop
      vertex -1.3435028842544403 1.3435028842544403 1.5
      vertex -2.6086119982306926 4.383370691329462 1.5
      vertex -2.67656322541129 4.393450303717739 1.5
    endloop
  endfacet
  facet normal 0 0 1
    outer loop
      vertex -1.3435028842544403 1.3435028842544403 1.5
      vertex -2.9288991631137216 4.497971271388218 1.5
      vertex -1.9226551149561515 2.4099777157781985 1.5
    endloop
  endfacet
  facet normal 0 0 1
    outer loop
      vertex -1.3435028842544403 1.3435028842544403 1.5
      vertex -2.54 4.38 1.5
      vertex -2.6086119982306926 4.383370691329462 1.5
    endloop
  endfacet
  facet normal 0 0 1
    outer loop
      vertex -1.2053472399109264 1.4687198613892003 1.5
      vertex -2.4713880017693075 4.383370691329462 1.5
      vertex -2.54 4.38 1.5
    endloop
  endfacet
  facet normal 0 0 1
    outer loop
      vertex -1.2053472399109264 1.4687198613892003 1.5
      vertex -2.40343677458871 4.393450303717739 1.5
      vertex -2.4713880017693075 4.383370691329462 1.5
    endloop
  endfacet
  facet normal 0 0 1
    outer loop
      vertex -1.0555834427372441 1.5797922633748358 1.5
      vertex -2.3368007259218766 4.410141764987454 1.5
      vertex -2.40343677458871 4.393450303717739 1.5
    endloop
  endfacet
  facet normal 0 0 1
    outer loop
      vertex -1.5797922633748358 1.0555834427372441 1.5
      vertex -1.4687198613892003 1.2053472399109264 1.5
      vertex -2.045025253169417 1.585025253169417 1.5
    endloop
  endfacet
  facet normal 0 0 1
    outer loop
      vertex -1.4687198613892003 1.2053472399109264 1.5
      vertex -1.3435028842544403 1.3435028842544403 1.5
      vertex -1.9579712713882182 1.6911008368862785 1.5
    endloop
  endfacet
  facet normal 0 0 1
    outer loop
      vertex -1.3435028842544403 1.3435028842544403 1.5
      vertex -1.9226551149561515 1.7500222842218016 1.5
      vertex -1.9579712713882182 1.6911008368862785 1.5
    endloop
  endfacet
  facet normal 0 0 1
    outer loop
      vertex -1.3435028842544403 1.3435028842544403 1.5
      vertex -1.8932843272420994 1.8121215973444373 1.5
      vertex -1.9226551149561515 1.7500222842218016 1.5
    endloop
  endfacet
  facet normal 0 0 1
    outer loop
      vertex -1.3435028842544403 1.3435028842544403 1.5
      vertex -1.8701417649874539 1.8768007259218764 1.5
      vertex -1.8932843272420994 1.8121215973444373 1.5
    endloop
  endfacet
  facet normal 0 0 1
    outer loop
      vertex -1.3435028842544403 1.3435028842544403 1.5
      vertex -1.8534503037177388 1.9434367745887102 1.5
      vertex -1.8701417649874539 1.8768007259218764 1.5
    endloop
  endfacet
  facet normal 0 0 1
    outer loop
      vertex -1.3435028842544403 1.3435028842544403 1.5
      vertex -1.8433706913294623 2.0113880017693075 1.5
      vertex -1.8534503037177388 1.9434367745887102 1.5
    endloop
  endfacet
  facet normal 0 0 1
    outer loop
      vertex -1.3435028842544403 1.3435028842544403 1.5
      vertex -1.84 2.08 1.5
      vertex -1.8433706913294623 2.0113880017693075 1.5
    endloop
  endfacet
  facet normal 0 0 1
    outer loop
      vertex -1.3435028842544403 1.3435028842544403 1.5
      vertex -1.8433706913294623 2.1486119982306926 1.5
      vertex -1.84 2.08 1.5
    endloop
  endfacet
  facet normal 0 0 1
    outer loop
      vertex -1.3435028842544403 1.3435028842544403 1.5
      vertex -1.8534503037177388 2.21656322541129 1.5
      vertex -1.8433706913294623 2.1486119982306926 1.5
    endloop
  endfacet
  facet normal 0 0 1
    outer loop
      vertex -1.3435028842544403 1.3435028842544403 1.5
      vertex -1.8701417649874539 2.2831992740781235 1.5
      vertex -1.8534503037177388 2.21656322541129 1.5
    endloop
  endfacet
  facet normal 0 0 1
    outer loop
      vertex -1.3435028842544403 1.3435028842544403 1.5
      vertex -1.8932843272420994 2.347878402655563 1.5
      vertex -1.8701417649874539 2.2831992740781235 1.5
    endloop
  endfacet
  facet normal 0 0 1
    outer loop
      vertex -1.3435028842544403 1.3435028842544403 1.5
      vertex -1.9226551149561515 2.4099777157781985 1.5
      vertex -1.8932843272420994 2.347878402655563 1.5
    endloop
  endfacet
  facet normal 0 0 1
    outer loop
      vertex -1.3435028842544403 1.3435028842544403 1.5
      vertex -1.2053472399109264 1.4687198613892003 1.5
      vertex -2.54 4.38 1.5
    endloop
  endfacet
  facet normal 0 0 1
    outer loop
      vertex -1.2053472399109264 1.4687198613892003 1.5
      vertex -1.0555834427372441 1.5797922633748358 1.5
      vertex -2.40343677458871 4.393450303717739 1.5
    endloop
  endfacet
  facet normal 0 0 1
    outer loop
      vertex -1.0555834427372441 1.5797922633748358 1.5
      vertex -0.8956537999693954 1.6756504022618746 1.5
      vertex -2.3368007259218766 4.410141764987454 1.5
    endloop
  endfacet
  facet normal 0 0 1
    outer loop
      vertex -0.8956537999693954 1.6756504022618746 1.5
      vertex -0.7270985214936706 1.7553711117714448 1.5
      vertex -2.3368007259218766 4.410141764987454 1.5
    endloop
  endfacet
  facet normal 0 0 1
    outer loop
      vertex -0.7270985214936706 1.7553711117714448 1.5
      vertex -0.5515408867834785 1.8181866378911966 1.5
      vertex -2.3368007259218766 4.410141764987454 1.5
    endloop
  endfacet
  facet normal 0 0 1
    outer loop
      vertex -0.5515408867834785 1.8181866378911966 1.5
      vertex -0.3706716118306437 1.8634920327661377 1.5
      vertex -2.3368007259218766 4.410141764987454 1.5
    endloop
  endfacet
  facet normal 0 0 1
    outer loop
      vertex -0.3706716118306437 1.8634920327661377 1.5
      vertex -0.18623256662616514 1.890850980677174 1.5
      vertex -2.3368007259218766 4.410141764987454 1.5
    endloop
  endfacet
  facet normal 0 0 1
    outer loop
      vertex -2.3368007259218766 4.410141764987454 1.5
      vertex 0.7270985214936706 1.7553711117714448 1.5
      vertex 0.8956537999693954 1.6756504022618746 1.5
    endloop
  endfacet
  facet normal 0 0 1
    outer loop
      vertex -2.3368007259218766 4.410141764987454 1.5
      vertex 0.8956537999693954 1.6756504022618746 1.5
      vertex 1.0555834427372441 1.5797922633748358 1.5
    endloop
  endfacet
  facet normal 0 0 1
    outer loop
      vertex -0.18623256662616514 1.890850980677174 1.5
      vertex 0 1.9 1.5
      vertex -2.3368007259218766 4.410141764987454 1.5
    endloop
  endfacet
  facet normal 0 0 1
    outer loop
      vertex -2.3368007259218766 4.410141764987454 1.5
      vertex 0 1.9 1.5
      vertex 0.18623256662616514 1.890850980677174 1.5
    endloop
  endfacet
  facet normal 0 0 1
    outer loop
      vertex -2.3368007259218766 4.410141764987454 1.5
      vertex 0.18623256662616514 1.890850980677174 1.5
      vertex 0.3706716118306437 1.8634920327661377 1.5
    endloop
  endfacet
  facet normal 0 0 1
    outer loop
      vertex -2.3368007259218766 4.410141764987454 1.5
      vertex 0.3706716118306437 1.8634920327661377 1.5
      vertex 0.5515408867834785 1.8181866378911966 1.5
    endloop
  endfacet
  facet normal 0 0 1
    outer loop
      vertex -2.3368007259218766 4.410141764987454 1.5
      vertex 0.5515408867834785 1.8181866378911966 1.5
      vertex 0.7270985214936706 1.7553711117714448 1.5
    endloop
  endfacet
  facet normal 0 0 1
    outer loop
      vertex -2.3368007259218766 4.410141764987454 1.5
      vertex 2.996600714627623 2.2932580243337073 1.5
      vertex -2.2721215973444373 4.4332843272421 1.5
    endloop
  endfacet
  facet normal 0 0 1
    outer loop
      vertex -2.2721215973444373 4.4332843272421 1.5
      vertex 2.9640929823286326 2.4566854307198733 1.5
      vertex -2.2100222842218016 4.462655114956151 1.5
    endloop
  endfacet
  facet normal 0 0 1
    outer loop
      vertex -2.2100222842218016 4.462655114956151 1.5
      vertex 2.9640929823286326 2.6233145692801267 1.5
      vertex -2.1511008368862785 4.497971271388218 1.5
    endloop
  endfacet
  facet normal 0 0 1
    outer loop
      vertex -2.1511008368862785 4.497971271388218 1.5
      vertex 2.996600714627623 2.786741975666293 1.5
      vertex -2.095924701085448 4.538892682646084 1.5
    endloop
  endfacet
  facet normal 0 0 1
    outer loop
      vertex -2.095924701085448 4.538892682646084 1.5
      vertex 3.0247023973654064 2.865280917510326 1.5
      vertex -2.045025253169417 4.585025253169417 1.5
    endloop
  endfacet
  facet normal 0 0 1
    outer loop
      vertex -2.045025253169417 4.585025253169417 1.5
      vertex 3.0247023973654064 2.865280917510326 1.5
      vertex -1.9988926826460842 4.6359247010854485 1.5
    endloop
  endfacet
  facet normal 0 0 1
    outer loop
      vertex -1.9988926826460842 4.6359247010854485 1.5
      vertex 3.0247023973654064 2.865280917510326 1.5
      vertex -1.9579712713882182 4.691100836886278 1.5
    endloop
  endfacet
  facet normal 0 0 1
    outer loop
      vertex -1.9579712713882182 4.691100836886278 1.5
      vertex 3.0603669253038985 2.940687226302098 1.5
      vertex -1.9226551149561515 4.750022284221802 1.5
    endloop
  endfacet
  facet normal 0 0 1
    outer loop
      vertex -1.9226551149561515 4.750022284221802 1.5
      vertex 3.1032508295428367 6.012234698066662 1.5
      vertex -1.8932843272420994 4.812121597344437 1.5
    endloop
  endfacet
  facet normal 0 0 1
    outer loop
      vertex -1.8932843272420994 4.812121597344437 1.5
      vertex 3.1529411146416737 6.079234291539098 1.5
      vertex -1.8701417649874539 4.876800725921877 1.5
    endloop
  endfacet
  facet normal 0 0 1
    outer loop
      vertex -1.8701417649874539 4.876800725921877 1.5
      vertex 3.1529411146416737 6.079234291539098 1.5
      vertex -1.8534503037177388 4.943436774588711 1.5
    endloop
  endfacet
  facet normal 0 0 1
    outer loop
      vertex -1.8534503037177388 4.943436774588711 1.5
      vertex 3.2089592359914345 6.141040764008565 1.5
      vertex -1.8433706913294623 5.0113880017693075 1.5
    endloop
  endfacet
  facet normal 0 0 1
    outer loop
      vertex -1.8433706913294623 5.0113880017693075 1.5
      vertex 3.2089592359914345 6.141040764008565 1.5
      vertex -1.84 5.08 1.5
    endloop
  endfacet
  facet normal 0 0 1
    outer loop
      vertex -1.84 5.08 1.5
      vertex 3.2707657084609014 6.197058885358326 1.5
      vertex -1.8433706913294623 5.148611998230693 1.5
    endloop
  endfacet
  facet normal 0 0 1
    outer loop
      vertex -1.8433706913294623 5.148611998230693 1.5
      vertex 3.337765301933338 6.246749170457163 1.5
      vertex -1.8534503037177388 5.2165632254112895 1.5
    endloop
  endfacet
  facet normal 0 0 1
    outer loop
      vertex -1.8534503037177388 5.2165632254112895 1.5
      vertex 3.409312773697902 6.289633074696102 1.5
      vertex -1.8701417649874539 5.2831992740781235 1.5
    endloop
  endfacet
  facet normal 0 0 1
    outer loop
      vertex -1.8701417649874539 5.2831992740781235 1.5
      vertex 3.484719082489674 6.325297602634594 1.5
      vertex -1.8932843272420994 5.347878402655563 1.5
    endloop
  endfacet
  facet normal 0 0 1
    outer loop
      vertex -1.8932843272420994 5.347878402655563 1.5
      vertex 3.644173226286291 6.373667488342746 1.5
      vertex -1.9226551149561515 5.409977715778198 1.5
    endloop
  endfacet
  facet normal 0 0 1
    outer loop
      vertex -6.985 6.985 1.5
      vertex -2.3368007259218766 5.749858235012546 1.5
      vertex 6.985 6.985 1.5
    endloop
  endfacet
  facet normal 0 0 -1
    outer loop
      vertex 1.5 -6.985 -1.5
      vertex 1.5 -1.1631708554020337 -1.5
      vertex 6.985 -6.985 -1.5
    endloop
  endfacet
  facet normal 0 0 -1
    outer loop
      vertex 1.5 -1.1631708554020337 -1.5
      vertex 1.5797922633748358 -1.0555834427372441 -1.5
      vertex 6.985 -6.985 -1.5
    endloop
  endfacet
  facet normal 0 0 -1
    outer loop
      vertex 1.5797922633748358 -1.0555834427372441 -1.5
      vertex 1.6756504022618746 -0.8956537999693954 -1.5
      vertex 6.985 -6.985 -1.5
    endloop
  endfacet
  facet normal 0 0 -1
    outer loop
      vertex 1.6756504022618746 -0.8956537999693954 -1.5
      vertex 1.7553711117714448 -0.7270985214936706 -1.5
      vertex 6.985 -6.985 -1.5
    endloop
  endfacet
  facet normal 0 0 -1
    outer loop
      vertex 1.7553711117714448 -0.7270985214936706 -1.5
      vertex 1.8181866378911966 -0.5515408867834785 -1.5
      vertex 4.1539826724342275 -0.49496657366729757 -1.5
    endloop
  endfacet
  facet normal 0 0 -1
    outer loop
      vertex 1.8181866378911966 -0.5515408867834785 -1.5
      vertex 1.8634920327661377 -0.3706716118306437 -1.5
      vertex 4.109926490863149 -0.40181760398334426 -1.5
    endloop
  endfacet
  facet normal 0 0 -1
    outer loop
      vertex 1.8634920327661377 -0.3706716118306437 -1.5
      vertex 1.890850980677174 -0.18623256662616514 -1.5
      vertex 4.050175455576608 -0.20484483811693466 -1.5
    endloop
  endfacet
  facet normal 0 0 -1
    outer loop
      vertex 1.890850980677174 -0.18623256662616514 -1.5
      vertex 1.9 0 -1.5
      vertex 4.0350560369941935 -0.10291799734603864 -1.5
    endloop
  endfacet
  facet normal 0 0 -1
    outer loop
      vertex 1.7553711117714448 -0.7270985214936706 -1.5
      vertex 4.1539826724342275 -0.49496657366729757 -1.5
      vertex 4.206956907082327 -0.5833487446705823 -1.5
    endloop
  endfacet
  facet normal 0 0 -1
    outer loop
      vertex 1.8181866378911966 -0.5515408867834785 -1.5
      vertex 4.109926490863149 -0.40181760398334426 -1.5
      vertex 4.1539826724342275 -0.49496657366729757 -1.5
    endloop
  endfacet
  facet normal 0 0 -1
    outer loop
      vertex 1.8634920327661377 -0.3706716118306437 -1.5
      vertex 4.07521264748118 -0.30479891111718543 -1.5
      vertex 4.109926490863149 -0.40181760398334426 -1.5
    endloop
  endfacet
  facet normal 0 0 -1
    outer loop
      vertex 1.8634920327661377 -0.3706716118306437 -1.5
      vertex 4.050175455576608 -0.20484483811693466 -1.5
      vertex 4.07521264748118 -0.30479891111718543 -1.5
    endloop
  endfacet
  facet normal 0 0 -1
    outer loop
      vertex 1.890850980677174 -0.18623256662616514 -1.5
      vertex 4.0350560369941935 -0.10291799734603864 -1.5
      vertex 4.050175455576608 -0.20484483811693466 -1.5
    endloop
  endfacet
  facet normal 0 0 -1
    outer loop
      vertex 4.0350560369941935 -0.10291799734603864 -1.5
      vertex 1.9 0 -1.5
      vertex 4.03 0 -1.5
    endloop
  endfacet
  facet normal 0 -1 0
    outer loop
      vertex 1.5 -6.985 -1.5
      vertex 6.985 -6.985 -1.5
      vertex 6.985 -6.985 1.5
    endloop
  endfacet
  facet normal 0 0 -1
    outer loop
      vertex 1.7553711117714448 -0.7270985214936706 -1.5
      vertex 4.206956907082327 -0.5833487446705823 -1.5
      vertex 6.985 -6.985 -1.5
    endloop
  endfacet
  facet normal 0 0 -1
    outer loop
      vertex 6.985 -6.985 -1.5
      vertex 4.206956907082327 -0.5833487446705823 -1.5
      vertex 4.268339023969126 -0.6661129483718278 -1.5
    endloop
  endfacet
  facet normal 0 0 -1
    outer loop
      vertex 6.985 -6.985 -1.5
      vertex 4.268339023969126 -0.6661129483718278 -1.5
      vertex 4.337537879754125 -0.742462120245875 -1.5
    endloop
  endfacet
  facet normal 0 0 -1
    outer loop
      vertex 6.985 -6.985 -1.5
      vertex 4.337537879754125 -0.742462120245875 -1.5
      vertex 4.413887051628173 -0.8116609760308738 -1.5
    endloop
  endfacet
  facet normal 0 0 -1
    outer loop
      vertex 6.985 -6.985 -1.5
      vertex 4.413887051628173 -0.8116609760308738 -1.5
      vertex 4.496651255329418 -0.8730430929176726 -1.5
    endloop
  endfacet
  facet normal 0 0 -1
    outer loop
      vertex 6.985 -6.985 -1.5
      vertex 4.585033426332703 -0.9260173275657728 -1.5
      vertex 4.6781823960166555 -0.9700735091368511 -1.5
    endloop
  endfacet
  facet normal 0 0 -1
    outer loop
      vertex 6.985 -6.985 -1.5
      vertex 4.496651255329418 -0.8730430929176726 -1.5
      vertex 4.585033426332703 -0.9260173275657728 -1.5
    endloop
  endfacet
  facet normal 0 0 -1
    outer loop
      vertex 6.985 -6.985 -1.5
      vertex 4.6781823960166555 -0.9700735091368511 -1.5
      vertex 4.775201088882815 -1.0047873525188193 -1.5
    endloop
  endfacet
  facet normal 0 0 -1
    outer loop
      vertex 6.985 -6.985 -1.5
      vertex 4.775201088882815 -1.0047873525188193 -1.5
      vertex 4.8751551618830655 -1.029824544423392 -1.5
    endloop
  endfacet
  facet normal 0 0 -1
    outer loop
      vertex 6.985 -6.985 -1.5
      vertex 4.8751551618830655 -1.029824544423392 -1.5
      vertex 4.977082002653962 -1.0449439630058068 -1.5
    endloop
  endfacet
  facet normal 0 0 -1
    outer loop
      vertex 6.985 -6.985 -1.5
      vertex 4.977082002653962 -1.0449439630058068 -1.5
      vertex 5.08 -1.05 -1.5
    endloop
  endfacet
  facet normal 0 0 -1
    outer loop
      vertex 6.985 -6.985 -1.5
      vertex 5.08 -1.05 -1.5
      vertex 5.182917997346038 -1.0449439630058068 -1.5
    endloop
  endfacet
  facet normal 0 0 -1
    outer loop
      vertex 6.985 -6.985 -1.5
      vertex 5.182917997346038 -1.0449439630058068 -1.5
      vertex 5.284844838116935 -1.029824544423392 -1.5
    endloop
  endfacet
  facet normal 0 0 -1
    outer loop
      vertex 6.985 -6.985 -1.5
      vertex 5.284844838116935 -1.029824544423392 -1.5
      vertex 5.384798911117185 -1.0047873525188193 -1.5
    endloop
  endfacet
  facet normal 0 0 -1
    outer loop
      vertex 6.985 -6.985 -1.5
      vertex 5.384798911117185 -1.0047873525188193 -1.5
      vertex 5.481817603983345 -0.9700735091368511 -1.5
    endloop
  endfacet
  facet normal 0 0 -1
    outer loop
      vertex 6.985 -6.985 -1.5
      vertex 5.481817603983345 -0.9700735091368511 -1.5
      vertex 5.5749665736672975 -0.9260173275657728 -1.5
    endloop
  endfacet
  facet normal 0 0 -1
    outer loop
      vertex 6.985 -6.985 -1.5
      vertex 5.5749665736672975 -0.9260173275657728 -1.5
      vertex 5.663348744670582 -0.8730430929176726 -1.5
    endloop
  endfacet
  facet normal 0 0 -1
    outer loop
      vertex 6.985 -6.985 -1.5
      vertex 5.663348744670582 -0.8730430929176726 -1.5
      vertex 5.746112948371827 -0.8116609760308738 -1.5
    endloop
  endfacet
  facet normal 0 0 -1
    outer loop
      vertex 6.985 -6.985 -1.5
      vertex 5.746112948371827 -0.8116609760308738 -1.5
      vertex 5.822462120245875 -0.742462120245875 -1.5
    endloop
  endfacet
  facet normal 0 0 -1
    outer loop
      vertex 6.985 -6.985 -1.5
      vertex 5.822462120245875 -0.742462120245875 -1.5
      vertex 5.891660976030874 -0.6661129483718278 -1.5
    endloop
  endfacet
  facet normal 0 0 -1
    outer loop
      vertex 6.985 -6.985 -1.5
      vertex 5.891660976030874 -0.6661129483718278 -1.5
      vertex 5.953043092917673 -0.5833487446705823 -1.5
    endloop
  endfacet
  facet normal 0 0 -1
    outer loop
      vertex 6.985 -6.985 -1.5
      vertex 5.953043092917673 -0.5833487446705823 -1.5
      vertex 6.006017327565773 -0.49496657366729757 -1.5
    endloop
  endfacet
  facet normal 0 0 -1
    outer loop
      vertex 6.985 -6.985 -1.5
      vertex 6.006017327565773 -0.49496657366729757 -1.5
      vertex 6.050073509136851 -0.40181760398334426 -1.5
    endloop
  endfacet
  facet normal 0 0 -1
    outer loop
      vertex 6.985 -6.985 -1.5
      vertex 6.050073509136851 -0.40181760398334426 -1.5
      vertex 6.08478735251882 -0.30479891111718543 -1.5
    endloop
  endfacet
  facet normal 0 0 -1
    outer loop
      vertex 6.985 -6.985 -1.5
      vertex 6.08478735251882 -0.30479891111718543 -1.5
      vertex 6.109824544423392 -0.20484483811693466 -1.5
    endloop
  endfacet
  facet normal 0 0 -1
    outer loop
      vertex 6.985 -6.985 -1.5
      vertex 6.109824544423392 -0.20484483811693466 -1.5
      vertex 6.124943963005807 -0.10291799734603864 -1.5
    endloop
  endfacet
  facet normal 0 0 -1
    outer loop
      vertex 6.985 -6.985 -1.5
      vertex 6.124943963005807 -0.10291799734603864 -1.5
      vertex 6.985 6.985 -1.5
    endloop
  endfacet
  facet normal 1 0 0
    outer loop
      vertex 6.985 -6.985 -1.5
      vertex 6.985 6.985 -1.5
      vertex 6.985 -6.985 1.5
    endloop
  endfacet
  facet normal 0 -1 0
    outer loop
      vertex 1.5 -6.985 -1.5
      vertex 6.985 -6.985 1.5
      vertex 1.5 -6.985 1.5
    endloop
  endfacet
  facet normal 0 0 1
    outer loop
      vertex 1.5 -6.985 1.5
      vertex 4.206956907082327 -0.5833487446705823 1.5
      vertex 1.5 -1.1631708554020337 1.5
    endloop
  endfacet
  facet normal 0 0 1
    outer loop
      vertex 1.5 -6.985 1.5
      vertex 4.413887051628173 -0.8116609760308738 1.5
      vertex 4.337537879754125 -0.742462120245875 1.5
    endloop
  endfacet
  facet normal 0 0 1
    outer loop
      vertex 1.5 -6.985 1.5
      vertex 4.496651255329418 -0.8730430929176726 1.5
      vertex 4.413887051628173 -0.8116609760308738 1.5
    endloop
  endfacet
  facet normal 0 0 1
    outer loop
      vertex 1.5 -6.985 1.5
      vertex 4.268339023969126 -0.6661129483718278 1.5
      vertex 4.206956907082327 -0.5833487446705823 1.5
    endloop
  endfacet
  facet normal 0 0 1
    outer loop
      vertex 1.5 -6.985 1.5
      vertex 4.337537879754125 -0.742462120245875 1.5
      vertex 4.268339023969126 -0.6661129483718278 1.5
    endloop
  endfacet
  facet normal 0 0 1
    outer loop
      vertex 1.5 -1.1631708554020337 1.5
      vertex 4.206956907082327 -0.5833487446705823 1.5
      vertex 1.5797922633748358 -1.0555834427372441 1.5
    endloop
  endfacet
  facet normal 0 0 1
    outer loop
      vertex 1.5797922633748358 -1.0555834427372441 1.5
      vertex 4.206956907082327 -0.5833487446705823 1.5
      vertex 1.6756504022618746 -0.8956537999693954 1.5
    endloop
  endfacet
  facet normal 0 0 1
    outer loop
      vertex 1.6756504022618746 -0.8956537999693954 1.5
      vertex 4.206956907082327 -0.5833487446705823 1.5
      vertex 1.7553711117714448 -0.7270985214936706 1.5
    endloop
  endfacet
  facet normal 0 0 1
    outer loop
      vertex 1.7553711117714448 -0.7270985214936706 1.5
      vertex 4.1539826724342275 -0.49496657366729757 1.5
      vertex 1.8181866378911966 -0.5515408867834785 1.5
    endloop
  endfacet
  facet normal 0 0 1
    outer loop
      vertex 1.8181866378911966 -0.5515408867834785 1.5
      vertex 4.07521264748118 -0.30479891111718543 1.5
      vertex 1.8634920327661377 -0.3706716118306437 1.5
    endloop
  endfacet
  facet normal 0 0 1
    outer loop
      vertex 1.8634920327661377 -0.3706716118306437 1.5
      vertex 4.050175455576608 -0.20484483811693466 1.5
      vertex 1.890850980677174 -0.18623256662616514 1.5
    endloop
  endfacet
  facet normal 0 0 1
    outer loop
      vertex 1.890850980677174 -0.18623256662616514 1.5
      vertex 4.0350560369941935 -0.10291799734603864 1.5
      vertex 1.9 0 1.5
    endloop
  endfacet
  facet normal 0 0 1
    outer loop
      vertex 1.7553711117714448 -0.7270985214936706 1.5
      vertex 4.206956907082327 -0.5833487446705823 1.5
      vertex 4.1539826724342275 -0.49496657366729757 1.5
    endloop
  endfacet
  facet normal 0 0 1
    outer loop
      vertex 1.8181866378911966 -0.5515408867834785 1.5
      vertex 4.1539826724342275 -0.49496657366729757 1.5
      vertex 4.109926490863149 -0.40181760398334426 1.5
    endloop
  endfacet
  facet normal 0 0 1
    outer loop
      vertex 1.8181866378911966 -0.5515408867834785 1.5
      vertex 4.109926490863149 -0.40181760398334426 1.5
      vertex 4.07521264748118 -0.30479891111718543 1.5
    endloop
  endfacet
  facet normal 0 0 1
    outer loop
      vertex 1.8634920327661377 -0.3706716118306437 1.5
      vertex 4.07521264748118 -0.30479891111718543 1.5
      vertex 4.050175455576608 -0.20484483811693466 1.5
    endloop
  endfacet
  facet normal 0 0 1
    outer loop
      vertex 1.890850980677174 -0.18623256662616514 1.5
      vertex 4.050175455576608 -0.20484483811693466 1.5
      vertex 4.0350560369941935 -0.10291799734603864 1.5
    endloop
  endfacet
  facet normal 0 0 1
    outer loop
      vertex 4.0350560369941935 -0.10291799734603864 1.5
      vertex 4.03 0 1.5
      vertex 1.9 0 1.5
    endloop
  endfacet
  facet normal 0 0 1
    outer loop
      vertex 1.5 -6.985 1.5
      vertex 6.985 -6.985 1.5
      vertex 4.8751551618830655 -1.029824544423392 1.5
    endloop
  endfacet
  facet normal 0 0 1
    outer loop
      vertex 1.5 -6.985 1.5
      vertex 4.6781823960166555 -0.9700735091368511 1.5
      vertex 4.585033426332703 -0.9260173275657728 1.5
    endloop
  endfacet
  facet normal 0 0 1
    outer loop
      vertex 1.5 -6.985 1.5
      vertex 4.585033426332703 -0.9260173275657728 1.5
      vertex 4.496651255329418 -0.8730430929176726 1.5
    endloop
  endfacet
  facet normal 0 0 1
    outer loop
      vertex 1.5 -6.985 1.5
      vertex 4.775201088882815 -1.0047873525188193 1.5
      vertex 4.6781823960166555 -0.9700735091368511 1.5
    endloop
  endfacet
  facet normal 0 0 1
    outer loop
      vertex 1.5 -6.985 1.5
      vertex 4.8751551618830655 -1.029824544423392 1.5
      vertex 4.775201088882815 -1.0047873525188193 1.5
    endloop
  endfacet
  facet normal 0 0 1
    outer loop
      vertex 6.985 -6.985 1.5
      vertex 4.977082002653962 -1.0449439630058068 1.5
      vertex 4.8751551618830655 -1.029824544423392 1.5
    endloop
  endfacet
  facet normal 0 0 1
    outer loop
      vertex 6.985 -6.985 1.5
      vertex 5.08 -1.05 1.5
      vertex 4.977082002653962 -1.0449439630058068 1.5
    endloop
  endfacet
  facet normal 0 0 1
    outer loop
      vertex 6.985 -6.985 1.5
      vertex 5.182917997346038 -1.0449439630058068 1.5
      vertex 5.08 -1.05 1.5
    endloop
  endfacet
  facet normal 0 0 1
    outer loop
      vertex 6.985 -6.985 1.5
      vertex 5.284844838116935 -1.029824544423392 1.5
      vertex 5.182917997346038 -1.0449439630058068 1.5
    endloop
  endfacet
  facet normal 0 0 1
    outer loop
      vertex 6.985 -6.985 1.5
      vertex 5.384798911117185 -1.0047873525188193 1.5
      vertex 5.284844838116935 -1.029824544423392 1.5
    endloop
  endfacet
  facet normal 0 0 1
    outer loop
      vertex 6.985 -6.985 1.5
      vertex 5.481817603983345 -0.9700735091368511 1.5
      vertex 5.384798911117185 -1.0047873525188193 1.5
    endloop
  endfacet
  facet normal 0 0 1
    outer loop
      vertex 6.985 -6.985 1.5
      vertex 5.5749665736672975 -0.9260173275657728 1.5
      vertex 5.481817603983345 -0.9700735091368511 1.5
    endloop
  endfacet
  facet normal 0 0 1
    outer loop
      vertex 6.985 -6.985 1.5
      vertex 5.663348744670582 -0.8730430929176726 1.5
      vertex 5.5749665736672975 -0.9260173275657728 1.5
    endloop
  endfacet
  facet normal 0 0 1
    outer loop
      vertex 6.985 -6.985 1.5
      vertex 5.746112948371827 -0.8116609760308738 1.5
      vertex 5.663348744670582 -0.8730430929176726 1.5
    endloop
  endfacet
  facet normal 0 0 1
    outer loop
      vertex 6.985 -6.985 1.5
      vertex 5.822462120245875 -0.742462120245875 1.5
      vertex 5.746112948371827 -0.8116609760308738 1.5
    endloop
  endfacet
  facet normal 0 0 1
    outer loop
      vertex 6.985 -6.985 1.5
      vertex 5.891660976030874 -0.6661129483718278 1.5
      vertex 5.822462120245875 -0.742462120245875 1.5
    endloop
  endfacet
  facet normal 0 0 1
    outer loop
      vertex 6.985 -6.985 1.5
      vertex 5.953043092917673 -0.5833487446705823 1.5
      vertex 5.891660976030874 -0.6661129483718278 1.5
    endloop
  endfacet
  facet normal 0 0 1
    outer loop
      vertex 6.985 -6.985 1.5
      vertex 6.006017327565773 -0.49496657366729757 1.5
      vertex 5.953043092917673 -0.5833487446705823 1.5
    endloop
  endfacet
  facet normal 0 0 1
    outer loop
      vertex 6.985 -6.985 1.5
      vertex 6.050073509136851 -0.40181760398334426 1.5
      vertex 6.006017327565773 -0.49496657366729757 1.5
    endloop
  endfacet
  facet normal 0 0 1
    outer loop
      vertex 6.985 -6.985 1.5
      vertex 6.08478735251882 -0.30479891111718543 1.5
      vertex 6.050073509136851 -0.40181760398334426 1.5
    endloop
  endfacet
  facet normal 0 0 1
    outer loop
      vertex 6.985 -6.985 1.5
      vertex 6.109824544423392 -0.20484483811693466 1.5
      vertex 6.08478735251882 -0.30479891111718543 1.5
    endloop
  endfacet
  facet normal 0 0 1
    outer loop
      vertex 6.985 -6.985 1.5
      vertex 6.124943963005807 -0.10291799734603864 1.5
      vertex 6.109824544423392 -0.20484483811693466 1.5
    endloop
  endfacet
  facet normal 0 0 1
    outer loop
      vertex 6.985 -6.985 1.5
      vertex 6.13 0 1.5
      vertex 6.124943963005807 -0.10291799734603864 1.5
    endloop
  endfacet
  facet normal 0 0 -1
    outer loop
      vertex 0.3706716118306437 1.8634920327661377 -1.5
      vertex 3.4410600000000002 4.775351605530755 -1.5
      vertex 0.5515408867834785 1.8181866378911966 -1.5
    endloop
  endfacet
  facet normal 0 0 -1
    outer loop
      vertex 0.5515408867834785 1.8181866378911966 -1.5
      vertex 3.4410600000000002 4.775351605530755 -1.5
      vertex 0.7270985214936706 1.7553711117714448 -1.5
    endloop
  endfacet
  facet normal 0 0 -1
    outer loop
      vertex 0.8956537999693954 1.6756504022618746 -1.5
      vertex 0.7270985214936706 1.7553711117714448 -1.5
      vertex 3.4410600000000002 4.775351605530755 -1.5
    endloop
  endfacet
  facet normal 0 0 -1
    outer loop
      vertex 1.9 0 -1.5
      vertex 1.890850980677174 0.18623256662616514 -1.5
      vertex 4.03 0 -1.5
    endloop
  endfacet
  facet normal 0 0 -1
    outer loop
      vertex 1.890850980677174 0.18623256662616514 -1.5
      vertex 1.8634920327661377 0.3706716118306437 -1.5
      vertex 4.050175455576608 0.20484483811693466 -1.5
    endloop
  endfacet
  facet normal 0 0 -1
    outer loop
      vertex 1.8634920327661377 0.3706716118306437 -1.5
      vertex 1.8181866378911966 0.5515408867834785 -1.5
      vertex 4.07521264748118 0.30479891111718543 -1.5
    endloop
  endfacet
  facet normal 0 0 -1
    outer loop
      vertex 1.4687198613892003 1.2053472399109264 -1.5
      vertex 1.3435028842544403 1.3435028842544403 -1.5
      vertex 3.0247023973654064 2.214719082489674 -1.5
    endloop
  endfacet
  facet normal 0 0 -1
    outer loop
      vertex 1.4687198613892003 1.2053472399109264 -1.5
      vertex 3.0603669253038985 2.139312773697902 -1.5
      vertex 1.5797922633748358 1.0555834427372441 -1.5
    endloop
  endfacet
  facet normal 0 0 -1
    outer loop
      vertex 1.5797922633748358 1.0555834427372441 -1.5
      vertex 3.1529411146416737 2.0007657084609014 -1.5
      vertex 1.6756504022618746 0.8956537999693954 -1.5
    endloop
  endfacet
  facet normal 0 0 -1
    outer loop
      vertex 1.8181866378911966 0.5515408867834785 -1.5
      vertex 1.7553711117714448 0.7270985214936706 -1.5
      vertex 3.337765301933338 1.8332508295428367 -1.5
    endloop
  endfacet
  facet normal 0 0 -1
    outer loop
      vertex 1.6756504022618746 0.8956537999693954 -1.5
      vertex 3.2089592359914345 1.9389592359914345 -1.5
      vertex 1.7553711117714448 0.7270985214936706 -1.5
    endloop
  endfacet
  facet normal 0 0 -1
    outer loop
      vertex 1.5797922633748358 1.0555834427372441 -1.5
      vertex 3.1032508295428367 2.0677653019333384 -1.5
      vertex 3.1529411146416737 2.0007657084609014 -1.5
    endloop
  endfacet
  facet normal 0 0 -1
    outer loop
      vertex 1.890850980677174 0.18623256662616514 -1.5
      vertex 4.0350560369941935 0.10291799734603864 -1.5
      vertex 4.03 0 -1.5
    endloop
  endfacet
  facet normal 0 0 -1
    outer loop
      vertex 1.890850980677174 0.18623256662616514 -1.5
      vertex 4.050175455576608 0.20484483811693466 -1.5
      vertex 4.0350560369941935 0.10291799734603864 -1.5
    endloop
  endfacet
  facet normal 0 0 -1
    outer loop
      vertex 1.8634920327661377 0.3706716118306437 -1.5
      vertex 4.07521264748118 0.30479891111718543 -1.5
      vertex 4.050175455576608 0.20484483811693466 -1.5
    endloop
  endfacet
  facet normal 0 0 -1
    outer loop
      vertex 1.8181866378911966 0.5515408867834785 -1.5
      vertex 4.109926490863149 0.40181760398334426 -1.5
      vertex 4.07521264748118 0.30479891111718543 -1.5
    endloop
  endfacet
  facet normal 0 0 -1
    outer loop
      vertex 1.8181866378911966 0.5515408867834785 -1.5
      vertex 4.1539826724342275 0.49496657366729757 -1.5
      vertex 4.109926490863149 0.40181760398334426 -1.5
    endloop
  endfacet
  facet normal 0 0 -1
    outer loop
      vertex 1.7553711117714448 0.7270985214936706 -1.5
      vertex 3.2089592359914345 1.9389592359914345 -1.5
      vertex 3.2707657084609014 1.8829411146416737 -1.5
    endloop
  endfacet
  facet normal 0 0 -1
    outer loop
      vertex 1.7553711117714448 0.7270985214936706 -1.5
      vertex 3.2707657084609014 1.8829411146416737 -1.5
      vertex 3.337765301933338 1.8332508295428367 -1.5
    endloop
  endfacet
  facet normal 0 0 -1
    outer loop
      vertex 1.6756504022618746 0.8956537999693954 -1.5
      vertex 3.1529411146416737 2.0007657084609014 -1.5
      vertex 3.2089592359914345 1.9389592359914345 -1.5
    endloop
  endfacet
  facet normal 0 0 -1
    outer loop
      vertex 1.8181866378911966 0.5515408867834785 -1.5
      vertex 3.337765301933338 1.8332508295428367 -1.5
      vertex 3.409312773697902 1.7903669253038983 -1.5
    endloop
  endfacet
  facet normal 0 0 -1
    outer loop
      vertex 1.8181866378911966 0.5515408867834785 -1.5
      vertex 3.409312773697902 1.7903669253038983 -1.5
      vertex 3.484719082489674 1.7547023973654063 -1.5
    endloop
  endfacet
  facet normal 0 0 -1
    outer loop
      vertex 1.8181866378911966 0.5515408867834785 -1.5
      vertex 3.484719082489674 1.7547023973654063 -1.5
      vertex 4.1539826724342275 0.49496657366729757 -1.5
    endloop
  endfacet
  facet normal 0 0 -1
    outer loop
      vertex 1.0555834427372441 1.5797922633748358 -1.5
      vertex 3.4410600000000002 4.775351605530755 -1.5
      vertex 1.2053472399109264 1.4687198613892003 -1.5
    endloop
  endfacet
  facet normal 0 0 -1
    outer loop
      vertex 1.2053472399109264 1.4687198613892003 -1.5
      vertex 3.4410600000000002 4.775351605530755 -1.5
      vertex 1.3435028842544403 1.3435028842544403 -1.5
    endloop
  endfacet
  facet normal 0 0 -1
    outer loop
      vertex 1.3435028842544403 1.3435028842544403 -1.5
      vertex 2.996600714627623 2.2932580243337073 -1.5
      vertex 3.0247023973654064 2.214719082489674 -1.5
    endloop
  endfacet
  facet normal 0 0 -1
    outer loop
      vertex 1.4687198613892003 1.2053472399109264 -1.5
      vertex 3.0247023973654064 2.214719082489674 -1.5
      vertex 3.0603669253038985 2.139312773697902 -1.5
    endloop
  endfacet
  facet normal 0 0 -1
    outer loop
      vertex 1.5797922633748358 1.0555834427372441 -1.5
      vertex 3.0603669253038985 2.139312773697902 -1.5
      vertex 3.1032508295428367 2.0677653019333384 -1.5
    endloop
  endfacet
  facet normal 0 0 -1
    outer loop
      vertex 1.3435028842544403 1.3435028842544403 -1.5
      vertex 2.976332511657254 2.374173226286291 -1.5
      vertex 2.996600714627623 2.2932580243337073 -1.5
    endloop
  endfacet
  facet normal 0 0 -1
    outer loop
      vertex 1.3435028842544403 1.3435028842544403 -1.5
      vertex 2.9640929823286326 2.4566854307198733 -1.5
      vertex 2.976332511657254 2.374173226286291 -1.5
    endloop
  endfacet
  facet normal 0 0 -1
    outer loop
      vertex 1.3435028842544403 1.3435028842544403 -1.5
      vertex 2.96 2.54 -1.5
      vertex 2.9640929823286326 2.4566854307198733 -1.5
    endloop
  endfacet
  facet normal 0 0 -1
    outer loop
      vertex 1.3435028842544403 1.3435028842544403 -1.5
      vertex 2.9640929823286326 2.6233145692801267 -1.5
      vertex 2.96 2.54 -1.5
    endloop
  endfacet
  facet normal 0 0 -1
    outer loop
      vertex 1.3435028842544403 1.3435028842544403 -1.5
      vertex 2.976332511657254 2.705826773713709 -1.5
      vertex 2.9640929823286326 2.6233145692801267 -1.5
    endloop
  endfacet
  facet normal 0 0 -1
    outer loop
      vertex 1.3435028842544403 1.3435028842544403 -1.5
      vertex 2.996600714627623 2.786741975666293 -1.5
      vertex 2.976332511657254 2.705826773713709 -1.5
    endloop
  endfacet
  facet normal 0 0 -1
    outer loop
      vertex 1.3435028842544403 1.3435028842544403 -1.5
      vertex 3.0247023973654064 2.865280917510326 -1.5
      vertex 2.996600714627623 2.786741975666293 -1.5
    endloop
  endfacet
  facet normal 0 0 -1
    outer loop
      vertex 1.3435028842544403 1.3435028842544403 -1.5
      vertex 3.0603669253038985 2.940687226302098 -1.5
      vertex 3.0247023973654064 2.865280917510326 -1.5
    endloop
  endfacet
  facet normal 0 0 -1
    outer loop
      vertex 1.3435028842544403 1.3435028842544403 -1.5
      vertex 3.1032508295428367 3.0122346980666617 -1.5
      vertex 3.0603669253038985 2.940687226302098 -1.5
    endloop
  endfacet
  facet normal 0 0 -1
    outer loop
      vertex 1.3435028842544403 1.3435028842544403 -1.5
      vertex 3.1529411146416737 3.0792342915390987 -1.5
      vertex 3.1032508295428367 3.0122346980666617 -1.5
    endloop
  endfacet
  facet normal 0 0 -1
    outer loop
      vertex 1.3435028842544403 1.3435028842544403 -1.5
      vertex 3.2089592359914345 3.1410407640085656 -1.5
      vertex 3.1529411146416737 3.0792342915390987 -1.5
    endloop
  endfacet
  facet normal 0 0 -1
    outer loop
      vertex 0.8956537999693954 1.6756504022618746 -1.5
      vertex 3.4410600000000002 4.775351605530755 -1.5
      vertex 1.0555834427372441 1.5797922633748358 -1.5
    endloop
  endfacet
  facet normal 0 0 -1
    outer loop
      vertex 1.3435028842544403 1.3435028842544403 -1.5
      vertex 3.4410600000000002 4.775351605530755 -1.5
      vertex 3.2089592359914345 3.1410407640085656 -1.5
    endloop
  endfacet
  facet normal 0 0 -1
    outer loop
      vertex -1.8534503037177388 4.943436774588711 -1.5
      vertex 2.996600714627623 5.293258024333707 -1.5
      vertex 0.3706716118306437 1.8634920327661377 -1.5
    endloop
  endfacet
  facet normal 0 0 -1
    outer loop
      vertex -1.8534503037177388 4.943436774588711 -1.5
      vertex 2.976332511657254 5.374173226286291 -1.5
      vertex 2.996600714627623 5.293258024333707 -1.5
    endloop
  endfacet
  facet normal 0 0 -1
    outer loop
      vertex -2.3368007259218766 5.749858235012546 -1.5
      vertex 6.985 6.985 -1.5
      vertex -2.2721215973444373 5.7267156727579005 -1.5
    endloop
  endfacet
  facet normal 0 0 -1
    outer loop
      vertex -2.2721215973444373 5.7267156727579005 -1.5
      vertex 6.985 6.985 -1.5
      vertex -2.2100222842218016 5.697344885043849 -1.5
    endloop
  endfacet
  facet normal 0 0 -1
    outer loop
      vertex -2.1511008368862785 5.662028728611782 -1.5
      vertex 6.985 6.985 -1.5
      vertex -2.095924701085448 5.621107317353916 -1.5
    endloop
  endfacet
  facet normal 0 0 -1
    outer loop
      vertex -1.9988926826460842 5.524075298914552 -1.5
      vertex -2.045025253169417 5.574974746830583 -1.5
      vertex 6.985 6.985 -1.5
    endloop
  endfacet
  facet normal 0 0 -1
    outer loop
      vertex -2.095924701085448 5.621107317353916 -1.5
      vertex 6.985 6.985 -1.5
      vertex -2.045025253169417 5.574974746830583 -1.5
    endloop
  endfacet
  facet normal 0 0 -1
    outer loop
      vertex -1.9988926826460842 5.524075298914552 -1.5
      vertex 6.985 6.985 -1.5
      vertex -1.9579712713882182 5.468899163113722 -1.5
    endloop
  endfacet
  facet normal 0 0 -1
    outer loop
      vertex -1.9226551149561515 5.409977715778198 -1.5
      vertex -1.9579712713882182 5.468899163113722 -1.5
      vertex 6.985 6.985 -1.5
    endloop
  endfacet
  facet normal 0 0 -1
    outer loop
      vertex -1.8534503037177388 4.943436774588711 -1.5
      vertex 2.9640929823286326 5.456685430719873 -1.5
      vertex 2.976332511657254 5.374173226286291 -1.5
    endloop
  endfacet
  facet normal 0 0 -1
    outer loop
      vertex -1.8534503037177388 4.943436774588711 -1.5
      vertex 2.96 5.54 -1.5
      vertex 2.9640929823286326 5.456685430719873 -1.5
    endloop
  endfacet
  facet normal 0 0 -1
    outer loop
      vertex -1.8534503037177388 4.943436774588711 -1.5
      vertex 2.9640929823286326 5.623314569280127 -1.5
      vertex 2.96 5.54 -1.5
    endloop
  endfacet
  facet normal 0 0 -1
    outer loop
      vertex -1.8534503037177388 4.943436774588711 -1.5
      vertex 2.976332511657254 5.705826773713709 -1.5
      vertex 2.9640929823286326 5.623314569280127 -1.5
    endloop
  endfacet
  facet normal 0 0 -1
    outer loop
      vertex -1.8534503037177388 4.943436774588711 -1.5
      vertex 2.996600714627623 5.786741975666293 -1.5
      vertex 2.976332511657254 5.705826773713709 -1.5
    endloop
  endfacet
  facet normal 0 0 -1
    outer loop
      vertex -1.8534503037177388 4.943436774588711 -1.5
      vertex 3.0247023973654064 5.865280917510327 -1.5
      vertex 2.996600714627623 5.786741975666293 -1.5
    endloop
  endfacet
  facet normal 0 0 -1
    outer loop
      vertex -1.8534503037177388 4.943436774588711 -1.5
      vertex 3.0603669253038985 5.940687226302098 -1.5
      vertex 3.0247023973654064 5.865280917510327 -1.5
    endloop
  endfacet
  facet normal 0 0 -1
    outer loop
      vertex -1.8534503037177388 4.943436774588711 -1.5
      vertex 3.1032508295428367 6.012234698066662 -1.5
      vertex 3.0603669253038985 5.940687226302098 -1.5
    endloop
  endfacet
  facet normal 0 0 -1
    outer loop
      vertex -1.8534503037177388 4.943436774588711 -1.5
      vertex 3.1529411146416737 6.079234291539098 -1.5
      vertex 3.1032508295428367 6.012234698066662 -1.5
    endloop
  endfacet
  facet normal 0 0 -1
    outer loop
      vertex -1.84 5.08 -1.5
      vertex 3.2089592359914345 6.141040764008565 -1.5
      vertex 3.1529411146416737 6.079234291539098 -1.5
    endloop
  endfacet
  facet normal 0 0 -1
    outer loop
      vertex -1.8433706913294623 5.148611998230693 -1.5
      vertex 3.2707657084609014 6.197058885358326 -1.5
      vertex 3.2089592359914345 6.141040764008565 -1.5
    endloop
  endfacet
  facet normal 0 0 -1
    outer loop
      vertex -1.8534503037177388 5.2165632254112895 -1.5
      vertex 3.337765301933338 6.246749170457163 -1.5
      vertex 3.2707657084609014 6.197058885358326 -1.5
    endloop
  endfacet
  facet normal 0 0 -1
    outer loop
      vertex -1.8701417649874539 5.2831992740781235 -1.5
      vertex 3.409312773697902 6.289633074696102 -1.5
      vertex 3.337765301933338 6.246749170457163 -1.5
    endloop
  endfacet
  facet normal 0 0 -1
    outer loop
      vertex -1.8932843272420994 5.347878402655563 -1.5
      vertex 3.484719082489674 6.325297602634594 -1.5
      vertex 3.409312773697902 6.289633074696102 -1.5
    endloop
  endfacet
  facet normal 0 0 -1
    outer loop
      vertex -1.8932843272420994 5.347878402655563 -1.5
      vertex 3.563258024333707 6.353399285372378 -1.5
      vertex 3.484719082489674 6.325297602634594 -1.5
    endloop
  endfacet
  facet normal 0 0 -1
    outer loop
      vertex -2.2100222842218016 5.697344885043849 -1.5
      vertex 6.985 6.985 -1.5
      vertex -2.1511008368862785 5.662028728611782 -1.5
    endloop
  endfacet
  facet normal 0 0 -1
    outer loop
      vertex 0.3706716118306437 1.8634920327661377 -1.5
      vertex 3.0603669253038985 5.1393127736979025 -1.5
      vertex 3.1032508295428367 5.067765301933338 -1.5
    endloop
  endfacet
  facet normal 0 0 -1
    outer loop
      vertex 0.3706716118306437 1.8634920327661377 -1.5
      vertex 3.0247023973654064 5.214719082489673 -1.5
      vertex 3.0603669253038985 5.1393127736979025 -1.5
    endloop
  endfacet
  facet normal 0 0 -1
    outer loop
      vertex 0.3706716118306437 1.8634920327661377 -1.5
      vertex 2.996600714627623 5.293258024333707 -1.5
      vertex 3.0247023973654064 5.214719082489673 -1.5
    endloop
  endfacet
  facet normal 0 0 -1
    outer loop
      vertex 0.3706716118306437 1.8634920327661377 -1.5
      vertex 3.2089592359914345 4.938959235991435 -1.5
      vertex 3.2707657084609014 4.882941114641674 -1.5
    endloop
  endfacet
  facet normal 0 0 -1
    outer loop
      vertex 0.3706716118306437 1.8634920327661377 -1.5
      vertex 3.2707657084609014 4.882941114641674 -1.5
      vertex 3.337765301933338 4.833250829542837 -1.5
    endloop
  endfacet
  facet normal 0 0 -1
    outer loop
      vertex 0.3706716118306437 1.8634920327661377 -1.5
      vertex 3.337765301933338 4.833250829542837 -1.5
      vertex 3.409312773697902 4.790366925303898 -1.5
    endloop
  endfacet
  facet normal 0 0 -1
    outer loop
      vertex 0.3706716118306437 1.8634920327661377 -1.5
      vertex 3.409312773697902 4.790366925303898 -1.5
      vertex 3.4410600000000002 4.775351605530755 -1.5
    endloop
  endfacet
  facet normal 0 0 -1
    outer loop
      vertex 0.3706716118306437 1.8634920327661377 -1.5
      vertex 3.1032508295428367 5.067765301933338 -1.5
      vertex 3.1529411146416737 5.000765708460902 -1.5
    endloop
  endfacet
  facet normal 0 0 -1
    outer loop
      vertex 0.3706716118306437 1.8634920327661377 -1.5
      vertex 3.1529411146416737 5.000765708460902 -1.5
      vertex 3.2089592359914345 4.938959235991435 -1.5
    endloop
  endfacet
  facet normal 0 0 -1
    outer loop
      vertex 3.2089592359914345 3.1410407640085656 -1.5
      vertex 3.4410600000000002 4.775351605530755 -1.5
      vertex 3.2707657084609014 3.1970588853583264 -1.5
    endloop
  endfacet
  facet normal 0 0 -1
    outer loop
      vertex 3.2707657084609014 3.1970588853583264 -1.5
      vertex 3.4410600000000002 4.775351605530755 -1.5
      vertex 3.337765301933338 3.2467491704571634 -1.5
    endloop
  endfacet
  facet normal 0 0 -1
    outer loop
      vertex 3.337765301933338 3.2467491704571634 -1.5
      vertex 3.4410600000000002 4.775351605530755 -1.5
      vertex 3.409312773697902 3.289633074696102 -1.5
    endloop
  endfacet
  facet normal 0 0 -1
    outer loop
      vertex 3.409312773697902 3.289633074696102 -1.5
      vertex 3.4410600000000002 4.775351605530755 -1.5
      vertex 3.4410600000000002 3.3046483944692446 -1.5
    endloop
  endfacet
  facet normal 0 0 -1
    outer loop
      vertex -1.9226551149561515 5.409977715778198 -1.5
      vertex 3.644173226286291 6.373667488342746 -1.5
      vertex 3.563258024333707 6.353399285372378 -1.5
    endloop
  endfacet
  facet normal 0 0 -1
    outer loop
      vertex -1.9226551149561515 5.409977715778198 -1.5
      vertex 6.985 6.985 -1.5
      vertex 3.644173226286291 6.373667488342746 -1.5
    endloop
  endfacet
  facet normal 0 0 -1
    outer loop
      vertex 4.1539826724342275 0.49496657366729757 -1.5
      vertex 3.563258024333707 1.7266007146276225 -1.5
      vertex 3.644173226286291 1.706332511657254 -1.5
    endloop
  endfacet
  facet normal 0 0 -1
    outer loop
      vertex 3.484719082489674 1.7547023973654063 -1.5
      vertex 3.563258024333707 1.7266007146276225 -1.5
      vertex 4.1539826724342275 0.49496657366729757 -1.5
    endloop
  endfacet
  facet normal 0 0 -1
    outer loop
      vertex 4.206956907082327 0.5833487446705823 -1.5
      vertex 3.644173226286291 1.706332511657254 -1.5
      vertex 3.7266854307198733 1.6940929823286326 -1.5
    endloop
  endfacet
  facet normal 0 0 -1
    outer loop
      vertex 4.206956907082327 0.5833487446705823 -1.5
      vertex 3.7266854307198733 1.6940929823286326 -1.5
      vertex 3.81 1.69 -1.5
    endloop
  endfacet
  facet normal 0 0 -1
    outer loop
      vertex 4.1539826724342275 0.49496657366729757 -1.5
      vertex 3.644173226286291 1.706332511657254 -1.5
      vertex 4.206956907082327 0.5833487446705823 -1.5
    endloop
  endfacet
  facet normal 0 0 -1
    outer loop
      vertex 4.206956907082327 0.5833487446705823 -1.5
      vertex 3.81 1.69 -1.5
      vertex 4.268339023969126 0.6661129483718278 -1.5
    endloop
  endfacet
  facet normal 0 0 -1
    outer loop
      vertex 4.268339023969126 0.6661129483718278 -1.5
      vertex 3.8933145692801268 1.6940929823286326 -1.5
      vertex 4.337537879754125 0.742462120245875 -1.5
    endloop
  endfacet
  facet normal 0 0 -1
    outer loop
      vertex 4.337537879754125 0.742462120245875 -1.5
      vertex 3.975826773713709 1.706332511657254 -1.5
      vertex 4.413887051628173 0.8116609760308738 -1.5
    endloop
  endfacet
  facet normal 0 0 -1
    outer loop
      vertex 4.056741975666293 1.7266007146276225 -1.5
      vertex 4.496651255329418 0.8730430929176726 -1.5
      vertex 4.413887051628173 0.8116609760308738 -1.5
    endloop
  endfacet
  facet normal 0 0 -1
    outer loop
      vertex 4.268339023969126 0.6661129483718278 -1.5
      vertex 3.81 1.69 -1.5
      vertex 3.8933145692801268 1.6940929823286326 -1.5
    endloop
  endfacet
  facet normal 0 0 -1
    outer loop
      vertex 4.337537879754125 0.742462120245875 -1.5
      vertex 3.8933145692801268 1.6940929823286326 -1.5
      vertex 3.975826773713709 1.706332511657254 -1.5
    endloop
  endfacet
  facet normal 0 0 -1
    outer loop
      vertex 3.975826773713709 1.706332511657254 -1.5
      vertex 4.056741975666293 1.7266007146276225 -1.5
      vertex 4.413887051628173 0.8116609760308738 -1.5
    endloop
  endfacet
  facet normal 0 0 -1
    outer loop
      vertex 4.056741975666293 1.7266007146276225 -1.5
      vertex 4.135280917510326 1.7547023973654063 -1.5
      vertex 4.496651255329418 0.8730430929176726 -1.5
    endloop
  endfacet
  facet normal 0 0 -1
    outer loop
      vertex 4.585033426332703 0.9260173275657728 -1.5
      vertex 4.135280917510326 1.7547023973654063 -1.5
      vertex 4.210687226302098 1.7903669253038983 -1.5
    endloop
  endfacet
  facet normal 0 0 -1
    outer loop
      vertex 4.496651255329418 0.8730430929176726 -1.5
      vertex 4.135280917510326 1.7547023973654063 -1.5
      vertex 4.585033426332703 0.9260173275657728 -1.5
    endloop
  endfacet
  facet normal 0 0 -1
    outer loop
      vertex 4.585033426332703 0.9260173275657728 -1.5
      vertex 4.210687226302098 1.7903669253038983 -1.5
      vertex 4.6781823960166555 0.9700735091368511 -1.5
    endloop
  endfacet
  facet normal 0 0 -1
    outer loop
      vertex 4.6781823960166555 0.9700735091368511 -1.5
      vertex 4.349234291539099 1.8829411146416737 -1.5
      vertex 4.775201088882815 1.0047873525188193 -1.5
    endloop
  endfacet
  facet normal 0 0 -1
    outer loop
      vertex 4.6781823960166555 0.9700735091368511 -1.5
      vertex 4.210687226302098 1.7903669253038983 -1.5
      vertex 4.282234698066662 1.8332508295428367 -1.5
    endloop
  endfacet
  facet normal 0 0 -1
    outer loop
      vertex 4.6781823960166555 0.9700735091368511 -1.5
      vertex 4.282234698066662 1.8332508295428367 -1.5
      vertex 4.349234291539099 1.8829411146416737 -1.5
    endloop
  endfacet
  facet normal 0 0 -1
    outer loop
      vertex 4.775201088882815 1.0047873525188193 -1.5
      vertex 4.349234291539099 1.8829411146416737 -1.5
      vertex 4.411040764008566 1.9389592359914345 -1.5
    endloop
  endfacet
  facet normal 0 0 -1
    outer loop
      vertex 4.775201088882815 1.0047873525188193 -1.5
      vertex 4.411040764008566 1.9389592359914345 -1.5
      vertex 4.8751551618830655 1.029824544423392 -1.5
    endloop
  endfacet
  facet normal 0 0 -1
    outer loop
      vertex 4.8751551618830655 1.029824544423392 -1.5
      vertex 4.467058885358327 2.0007657084609014 -1.5
      vertex 4.977082002653962 1.0449439630058068 -1.5
    endloop
  endfacet
  facet normal 0 0 -1
    outer loop
      vertex 4.8751551618830655 1.029824544423392 -1.5
      vertex 4.411040764008566 1.9389592359914345 -1.5
      vertex 4.467058885358327 2.0007657084609014 -1.5
    endloop
  endfacet
  facet normal 0 0 -1
    outer loop
      vertex 4.977082002653962 1.0449439630058068 -1.5
      vertex 4.467058885358327 2.0007657084609014 -1.5
      vertex 4.516749170457164 2.0677653019333384 -1.5
    endloop
  endfacet
  facet normal 0 0 -1
    outer loop
      vertex 4.977082002653962 1.0449439630058068 -1.5
      vertex 4.516749170457164 2.0677653019333384 -1.5
      vertex 5.08 1.05 -1.5
    endloop
  endfacet
  facet normal 0 0 -1
    outer loop
      vertex 5.08 1.05 -1.5
      vertex 4.559633074696102 2.139312773697902 -1.5
      vertex 5.182917997346038 1.0449439630058068 -1.5
    endloop
  endfacet
  facet normal 0 0 -1
    outer loop
      vertex 5.182917997346038 1.0449439630058068 -1.5
      vertex 4.595297602634593 2.214719082489674 -1.5
      vertex 5.284844838116935 1.029824544423392 -1.5
    endloop
  endfacet
  facet normal 0 0 -1
    outer loop
      vertex 4.623399285372377 2.2932580243337073 -1.5
      vertex 5.384798911117185 1.0047873525188193 -1.5
      vertex 5.284844838116935 1.029824544423392 -1.5
    endloop
  endfacet
  facet normal 0 0 -1
    outer loop
      vertex 4.643667488342746 2.374173226286291 -1.5
      vertex 5.481817603983345 0.9700735091368511 -1.5
      vertex 5.384798911117185 1.0047873525188193 -1.5
    endloop
  endfacet
  facet normal 0 0 -1
    outer loop
      vertex 4.6559070176713675 2.4566854307198733 -1.5
      vertex 5.5749665736672975 0.9260173275657728 -1.5
      vertex 5.481817603983345 0.9700735091368511 -1.5
    endloop
  endfacet
  facet normal 0 0 -1
    outer loop
      vertex 5.08 1.05 -1.5
      vertex 4.516749170457164 2.0677653019333384 -1.5
      vertex 4.559633074696102 2.139312773697902 -1.5
    endloop
  endfacet
  facet normal 0 0 -1
    outer loop
      vertex 5.182917997346038 1.0449439630058068 -1.5
      vertex 4.559633074696102 2.139312773697902 -1.5
      vertex 4.595297602634593 2.214719082489674 -1.5
    endloop
  endfacet
  facet normal 0 0 -1
    outer loop
      vertex 4.595297602634593 2.214719082489674 -1.5
      vertex 4.623399285372377 2.2932580243337073 -1.5
      vertex 5.284844838116935 1.029824544423392 -1.5
    endloop
  endfacet
  facet normal 0 0 -1
    outer loop
      vertex 4.623399285372377 2.2932580243337073 -1.5
      vertex 4.643667488342746 2.374173226286291 -1.5
      vertex 5.384798911117185 1.0047873525188193 -1.5
    endloop
  endfacet
  facet normal 0 0 -1
    outer loop
      vertex 4.643667488342746 2.374173226286291 -1.5
      vertex 4.6559070176713675 2.4566854307198733 -1.5
      vertex 5.481817603983345 0.9700735091368511 -1.5
    endloop
  endfacet
  facet normal 0 0 -1
    outer loop
      vertex 4.6559070176713675 2.4566854307198733 -1.5
      vertex 4.66 2.54 -1.5
      vertex 5.5749665736672975 0.9260173275657728 -1.5
    endloop
  endfacet
  facet normal 0 0 -1
    outer loop
      vertex 4.66 2.54 -1.5
      vertex 4.6559070176713675 2.6233145692801267 -1.5
      vertex 5.663348744670582 0.8730430929176726 -1.5
    endloop
  endfacet
  facet normal 0 0 -1
    outer loop
      vertex 4.6559070176713675 2.6233145692801267 -1.5
      vertex 4.643667488342746 2.705826773713709 -1.5
      vertex 5.746112948371827 0.8116609760308738 -1.5
    endloop
  endfacet
  facet normal 0 0 -1
    outer loop
      vertex 4.643667488342746 2.705826773713709 -1.5
      vertex 4.623399285372377 2.786741975666293 -1.5
      vertex 5.822462120245875 0.742462120245875 -1.5
    endloop
  endfacet
  facet normal 0 0 -1
    outer loop
      vertex 4.66 2.54 -1.5
      vertex 5.663348744670582 0.8730430929176726 -1.5
      vertex 5.5749665736672975 0.9260173275657728 -1.5
    endloop
  endfacet
  facet normal 0 0 -1
    outer loop
      vertex 4.6559070176713675 2.6233145692801267 -1.5
      vertex 5.746112948371827 0.8116609760308738 -1.5
      vertex 5.663348744670582 0.8730430929176726 -1.5
    endloop
  endfacet
  facet normal 0 0 -1
    outer loop
      vertex 4.643667488342746 2.705826773713709 -1.5
      vertex 5.822462120245875 0.742462120245875 -1.5
      vertex 5.746112948371827 0.8116609760308738 -1.5
    endloop
  endfacet
  facet normal 0 0 -1
    outer loop
      vertex 6.124943963005807 -0.10291799734603864 -1.5
      vertex 6.13 0 -1.5
      vertex 6.985 6.985 -1.5
    endloop
  endfacet
  facet normal 0 0 -1
    outer loop
      vertex 6.13 0 -1.5
      vertex 6.124943963005807 0.10291799734603864 -1.5
      vertex 6.985 6.985 -1.5
    endloop
  endfacet
  facet normal 0 0 -1
    outer loop
      vertex 6.109824544423392 0.20484483811693466 -1.5
      vertex 6.985 6.985 -1.5
      vertex 6.124943963005807 0.10291799734603864 -1.5
    endloop
  endfacet
  facet normal 0 0 -1
    outer loop
      vertex 6.109824544423392 0.20484483811693466 -1.5
      vertex 6.08478735251882 0.30479891111718543 -1.5
      vertex 6.985 6.985 -1.5
    endloop
  endfacet
  facet normal 0 0 -1
    outer loop
      vertex 6.08478735251882 0.30479891111718543 -1.5
      vertex 6.050073509136851 0.40181760398334426 -1.5
      vertex 6.985 6.985 -1.5
    endloop
  endfacet
  facet normal 0 0 -1
    outer loop
      vertex 5.953043092917673 0.5833487446705823 -1.5
      vertex 6.985 6.985 -1.5
      vertex 6.006017327565773 0.49496657366729757 -1.5
    endloop
  endfacet
  facet normal 0 0 -1
    outer loop
      vertex 5.822462120245875 0.742462120245875 -1.5
      vertex 6.985 6.985 -1.5
      vertex 5.891660976030874 0.6661129483718278 -1.5
    endloop
  endfacet
  facet normal 0 0 -1
    outer loop
      vertex 5.891660976030874 0.6661129483718278 -1.5
      vertex 6.985 6.985 -1.5
      vertex 5.953043092917673 0.5833487446705823 -1.5
    endloop
  endfacet
  facet normal 0 0 -1
    outer loop
      vertex 6.050073509136851 0.40181760398334426 -1.5
      vertex 6.006017327565773 0.49496657366729757 -1.5
      vertex 6.985 6.985 -1.5
    endloop
  endfacet
  facet normal 0 0 -1
    outer loop
      vertex 4.17894 3.3046483944692446 -1.5
      vertex 4.17894 4.775351605530755 -1.5
      vertex 4.210687226302098 4.790366925303898 -1.5
    endloop
  endfacet
  facet normal 0 0 -1
    outer loop
      vertex 4.17894 3.3046483944692446 -1.5
      vertex 4.210687226302098 4.790366925303898 -1.5
      vertex 4.282234698066662 4.833250829542837 -1.5
    endloop
  endfacet
  facet normal 0 0 -1
    outer loop
      vertex 4.17894 3.3046483944692446 -1.5
      vertex 4.282234698066662 4.833250829542837 -1.5
      vertex 4.349234291539099 4.882941114641674 -1.5
    endloop
  endfacet
  facet normal 0 0 -1
    outer loop
      vertex 4.210687226302098 3.289633074696102 -1.5
      vertex 4.17894 3.3046483944692446 -1.5
      vertex 6.985 6.985 -1.5
    endloop
  endfacet
  facet normal 0 0 -1
    outer loop
      vertex 4.282234698066662 3.2467491704571634 -1.5
      vertex 4.210687226302098 3.289633074696102 -1.5
      vertex 6.985 6.985 -1.5
    endloop
  endfacet
  facet normal 0 0 -1
    outer loop
      vertex 4.282234698066662 3.2467491704571634 -1.5
      vertex 6.985 6.985 -1.5
      vertex 4.349234291539099 3.1970588853583264 -1.5
    endloop
  endfacet
  facet normal 0 0 -1
    outer loop
      vertex 6.985 6.985 -1.5
      vertex 4.17894 3.3046483944692446 -1.5
      vertex 4.349234291539099 4.882941114641674 -1.5
    endloop
  endfacet
  facet normal 0 0 -1
    outer loop
      vertex 6.985 6.985 -1.5
      vertex 3.7266854307198733 6.385907017671367 -1.5
      vertex 3.644173226286291 6.373667488342746 -1.5
    endloop
  endfacet
  facet normal 0 0 -1
    outer loop
      vertex 6.985 6.985 -1.5
      vertex 4.210687226302098 6.289633074696102 -1.5
      vertex 4.135280917510326 6.325297602634594 -1.5
    endloop
  endfacet
  facet normal 0 0 -1
    outer loop
      vertex 6.985 6.985 -1.5
      vertex 4.282234698066662 6.246749170457163 -1.5
      vertex 4.210687226302098 6.289633074696102 -1.5
    endloop
  endfacet
  facet normal 0 0 -1
    outer loop
      vertex 6.985 6.985 -1.5
      vertex 4.349234291539099 6.197058885358326 -1.5
      vertex 4.282234698066662 6.246749170457163 -1.5
    endloop
  endfacet
  facet normal 0 0 -1
    outer loop
      vertex 6.985 6.985 -1.5
      vertex 3.81 6.39 -1.5
      vertex 3.7266854307198733 6.385907017671367 -1.5
    endloop
  endfacet
  facet normal 0 0 -1
    outer loop
      vertex 6.985 6.985 -1.5
      vertex 3.8933145692801268 6.385907017671367 -1.5
      vertex 3.81 6.39 -1.5
    endloop
  endfacet
  facet normal 0 0 -1
    outer loop
      vertex 6.985 6.985 -1.5
      vertex 3.975826773713709 6.373667488342746 -1.5
      vertex 3.8933145692801268 6.385907017671367 -1.5
    endloop
  endfacet
  facet normal 0 0 -1
    outer loop
      vertex 6.985 6.985 -1.5
      vertex 4.056741975666293 6.353399285372378 -1.5
      vertex 3.975826773713709 6.373667488342746 -1.5
    endloop
  endfacet
  facet normal 0 0 -1
    outer loop
      vertex 6.985 6.985 -1.5
      vertex 4.135280917510326 6.325297602634594 -1.5
      vertex 4.056741975666293 6.353399285372378 -1.5
    endloop
  endfacet
  facet normal 0 0 -1
    outer loop
      vertex 4.516749170457164 3.0122346980666617 -1.5
      vertex 4.467058885358327 3.0792342915390987 -1.5
      vertex 6.985 6.985 -1.5
    endloop
  endfacet
  facet normal 0 0 -1
    outer loop
      vertex 4.623399285372377 2.786741975666293 -1.5
      vertex 4.595297602634593 2.865280917510326 -1.5
      vertex 6.985 6.985 -1.5
    endloop
  endfacet
  facet normal 0 0 -1
    outer loop
      vertex 4.559633074696102 2.940687226302098 -1.5
      vertex 6.985 6.985 -1.5
      vertex 4.595297602634593 2.865280917510326 -1.5
    endloop
  endfacet
  facet normal 0 0 -1
    outer loop
      vertex 4.559633074696102 2.940687226302098 -1.5
      vertex 4.516749170457164 3.0122346980666617 -1.5
      vertex 6.985 6.985 -1.5
    endloop
  endfacet
  facet normal 0 0 -1
    outer loop
      vertex 4.623399285372377 2.786741975666293 -1.5
      vertex 6.985 6.985 -1.5
      vertex 5.822462120245875 0.742462120245875 -1.5
    endloop
  endfacet
  facet normal 0 0 -1
    outer loop
      vertex 4.411040764008566 3.1410407640085656 -1.5
      vertex 6.985 6.985 -1.5
      vertex 4.467058885358327 3.0792342915390987 -1.5
    endloop
  endfacet
  facet normal 0 0 -1
    outer loop
      vertex 4.349234291539099 3.1970588853583264 -1.5
      vertex 6.985 6.985 -1.5
      vertex 4.411040764008566 3.1410407640085656 -1.5
    endloop
  endfacet
  facet normal 0 0 -1
    outer loop
      vertex 6.985 6.985 -1.5
      vertex 4.349234291539099 4.882941114641674 -1.5
      vertex 4.411040764008566 4.938959235991435 -1.5
    endloop
  endfacet
  facet normal 0 0 -1
    outer loop
      vertex 6.985 6.985 -1.5
      vertex 4.411040764008566 4.938959235991435 -1.5
      vertex 4.467058885358327 5.000765708460902 -1.5
    endloop
  endfacet
  facet normal 0 0 -1
    outer loop
      vertex 6.985 6.985 -1.5
      vertex 4.467058885358327 5.000765708460902 -1.5
      vertex 4.516749170457164 5.067765301933338 -1.5
    endloop
  endfacet
  facet normal 0 0 -1
    outer loop
      vertex 6.985 6.985 -1.5
      vertex 4.516749170457164 5.067765301933338 -1.5
      vertex 4.559633074696102 5.1393127736979025 -1.5
    endloop
  endfacet
  facet normal 0 0 -1
    outer loop
      vertex 6.985 6.985 -1.5
      vertex 4.559633074696102 5.1393127736979025 -1.5
      vertex 4.595297602634593 5.214719082489673 -1.5
    endloop
  endfacet
  facet normal 0 0 -1
    outer loop
      vertex 6.985 6.985 -1.5
      vertex 4.595297602634593 5.214719082489673 -1.5
      vertex 4.623399285372377 5.293258024333707 -1.5
    endloop
  endfacet
  facet normal 0 0 -1
    outer loop
      vertex 6.985 6.985 -1.5
      vertex 4.623399285372377 5.293258024333707 -1.5
      vertex 4.643667488342746 5.374173226286291 -1.5
    endloop
  endfacet
  facet normal 0 0 -1
    outer loop
      vertex 6.985 6.985 -1.5
      vertex 4.643667488342746 5.374173226286291 -1.5
      vertex 4.6559070176713675 5.456685430719873 -1.5
    endloop
  endfacet
  facet normal 0 0 -1
    outer loop
      vertex 6.985 6.985 -1.5
      vertex 4.6559070176713675 5.456685430719873 -1.5
      vertex 4.66 5.54 -1.5
    endloop
  endfacet
  facet normal 0 0 -1
    outer loop
      vertex 6.985 6.985 -1.5
      vertex 4.66 5.54 -1.5
      vertex 4.6559070176713675 5.623314569280127 -1.5
    endloop
  endfacet
  facet normal 0 0 -1
    outer loop
      vertex 6.985 6.985 -1.5
      vertex 4.6559070176713675 5.623314569280127 -1.5
      vertex 4.643667488342746 5.705826773713709 -1.5
    endloop
  endfacet
  facet normal 0 0 -1
    outer loop
      vertex 6.985 6.985 -1.5
      vertex 4.623399285372377 5.786741975666293 -1.5
      vertex 4.595297602634593 5.865280917510327 -1.5
    endloop
  endfacet
  facet normal 0 0 -1
    outer loop
      vertex 6.985 6.985 -1.5
      vertex 4.643667488342746 5.705826773713709 -1.5
      vertex 4.623399285372377 5.786741975666293 -1.5
    endloop
  endfacet
  facet normal 0 0 -1
    outer loop
      vertex 6.985 6.985 -1.5
      vertex 4.595297602634593 5.865280917510327 -1.5
      vertex 4.559633074696102 5.940687226302098 -1.5
    endloop
  endfacet
  facet normal 0 0 -1
    outer loop
      vertex 6.985 6.985 -1.5
      vertex 4.559633074696102 5.940687226302098 -1.5
      vertex 4.516749170457164 6.012234698066662 -1.5
    endloop
  endfacet
  facet normal 0 0 -1
    outer loop
      vertex 6.985 6.985 -1.5
      vertex 4.467058885358327 6.079234291539098 -1.5
      vertex 4.411040764008566 6.141040764008565 -1.5
    endloop
  endfacet
  facet normal 0 0 -1
    outer loop
      vertex 6.985 6.985 -1.5
      vertex 4.516749170457164 6.012234698066662 -1.5
      vertex 4.467058885358327 6.079234291539098 -1.5
    endloop
  endfacet
  facet normal 0 0 -1
    outer loop
      vertex 6.985 6.985 -1.5
      vertex 4.411040764008566 6.141040764008565 -1.5
      vertex 4.349234291539099 6.197058885358326 -1.5
    endloop
  endfacet
  facet normal 0 0 1
    outer loop
      vertex -2.3368007259218766 4.410141764987454 1.5
      vertex 1.0555834427372441 1.5797922633748358 1.5
      vertex 3.0603669253038985 2.139312773697902 1.5
    endloop
  endfacet
  facet normal 0 0 1
    outer loop
      vertex -2.3368007259218766 4.410141764987454 1.5
      vertex 3.0603669253038985 2.139312773697902 1.5
      vertex 3.0247023973654064 2.214719082489674 1.5
    endloop
  endfacet
  facet normal 0 0 1
    outer loop
      vertex -2.3368007259218766 4.410141764987454 1.5
      vertex 3.0247023973654064 2.214719082489674 1.5
      vertex 2.996600714627623 2.2932580243337073 1.5
    endloop
  endfacet
  facet normal 0 0 1
    outer loop
      vertex -2.2721215973444373 4.4332843272421 1.5
      vertex 2.996600714627623 2.2932580243337073 1.5
      vertex 2.976332511657254 2.374173226286291 1.5
    endloop
  endfacet
  facet normal 0 0 1
    outer loop
      vertex -2.2721215973444373 4.4332843272421 1.5
      vertex 2.976332511657254 2.374173226286291 1.5
      vertex 2.9640929823286326 2.4566854307198733 1.5
    endloop
  endfacet
  facet normal 0 0 1
    outer loop
      vertex -2.2100222842218016 4.462655114956151 1.5
      vertex 2.9640929823286326 2.4566854307198733 1.5
      vertex 2.96 2.54 1.5
    endloop
  endfacet
  facet normal 0 0 1
    outer loop
      vertex -2.2100222842218016 4.462655114956151 1.5
      vertex 2.96 2.54 1.5
      vertex 2.9640929823286326 2.6233145692801267 1.5
    endloop
  endfacet
  facet normal 0 0 1
    outer loop
      vertex -2.1511008368862785 4.497971271388218 1.5
      vertex 2.9640929823286326 2.6233145692801267 1.5
      vertex 2.976332511657254 2.705826773713709 1.5
    endloop
  endfacet
  facet normal 0 0 1
    outer loop
      vertex -2.1511008368862785 4.497971271388218 1.5
      vertex 2.976332511657254 2.705826773713709 1.5
      vertex 2.996600714627623 2.786741975666293 1.5
    endloop
  endfacet
  facet normal 0 0 1
    outer loop
      vertex -2.095924701085448 4.538892682646084 1.5
      vertex 2.996600714627623 2.786741975666293 1.5
      vertex 3.0247023973654064 2.865280917510326 1.5
    endloop
  endfacet
  facet normal 0 0 1
    outer loop
      vertex 1.9 0 1.5
      vertex 4.0350560369941935 0.10291799734603864 1.5
      vertex 1.890850980677174 0.18623256662616514 1.5
    endloop
  endfacet
  facet normal 0 0 1
    outer loop
      vertex 1.890850980677174 0.18623256662616514 1.5
      vertex 4.050175455576608 0.20484483811693466 1.5
      vertex 1.8634920327661377 0.3706716118306437 1.5
    endloop
  endfacet
  facet normal 0 0 1
    outer loop
      vertex 1.8634920327661377 0.3706716118306437 1.5
      vertex 4.109926490863149 0.40181760398334426 1.5
      vertex 1.8181866378911966 0.5515408867834785 1.5
    endloop
  endfacet
  facet normal 0 0 1
    outer loop
      vertex 1.8181866378911966 0.5515408867834785 1.5
      vertex 4.1539826724342275 0.49496657366729757 1.5
      vertex 1.7553711117714448 0.7270985214936706 1.5
    endloop
  endfacet
  facet normal 0 0 1
    outer loop
      vertex 1.6756504022618746 0.8956537999693954 1.5
      vertex 1.7553711117714448 0.7270985214936706 1.5
      vertex 4.206956907082327 0.5833487446705823 1.5
    endloop
  endfacet
  facet normal 0 0 1
    outer loop
      vertex 1.0555834427372441 1.5797922633748358 1.5
      vertex 1.2053472399109264 1.4687198613892003 1.5
      vertex 3.0603669253038985 2.139312773697902 1.5
    endloop
  endfacet
  facet normal 0 0 1
    outer loop
      vertex 1.2053472399109264 1.4687198613892003 1.5
      vertex 1.3435028842544403 1.3435028842544403 1.5
      vertex 3.0603669253038985 2.139312773697902 1.5
    endloop
  endfacet
  facet normal 0 0 1
    outer loop
      vertex 1.4687198613892003 1.2053472399109264 1.5
      vertex 1.5797922633748358 1.0555834427372441 1.5
      vertex 4.413887051628173 0.8116609760308738 1.5
    endloop
  endfacet
  facet normal 0 0 1
    outer loop
      vertex 1.5797922633748358 1.0555834427372441 1.5
      vertex 1.6756504022618746 0.8956537999693954 1.5
      vertex 4.337537879754125 0.742462120245875 1.5
    endloop
  endfacet
  facet normal 0 0 1
    outer loop
      vertex 1.4687198613892003 1.2053472399109264 1.5
      vertex 4.496651255329418 0.8730430929176726 1.5
      vertex 1.3435028842544403 1.3435028842544403 1.5
    endloop
  endfacet
  facet normal 0 0 1
    outer loop
      vertex 1.3435028842544403 1.3435028842544403 1.5
      vertex 3.2707657084609014 1.8829411146416737 1.5
      vertex 3.2089592359914345 1.9389592359914345 1.5
    endloop
  endfacet
  facet normal 0 0 1
    outer loop
      vertex 1.9 0 1.5
      vertex 4.03 0 1.5
      vertex 4.0350560369941935 0.10291799734603864 1.5
    endloop
  endfacet
  facet normal 0 0 1
    outer loop
      vertex 1.890850980677174 0.18623256662616514 1.5
      vertex 4.0350560369941935 0.10291799734603864 1.5
      vertex 4.050175455576608 0.20484483811693466 1.5
    endloop
  endfacet
  facet normal 0 0 1
    outer loop
      vertex 1.8634920327661377 0.3706716118306437 1.5
      vertex 4.050175455576608 0.20484483811693466 1.5
      vertex 4.07521264748118 0.30479891111718543 1.5
    endloop
  endfacet
  facet normal 0 0 1
    outer loop
      vertex 1.8634920327661377 0.3706716118306437 1.5
      vertex 4.07521264748118 0.30479891111718543 1.5
      vertex 4.109926490863149 0.40181760398334426 1.5
    endloop
  endfacet
  facet normal 0 0 1
    outer loop
      vertex 1.8181866378911966 0.5515408867834785 1.5
      vertex 4.109926490863149 0.40181760398334426 1.5
      vertex 4.1539826724342275 0.49496657366729757 1.5
    endloop
  endfacet
  facet normal 0 0 1
    outer loop
      vertex 1.7553711117714448 0.7270985214936706 1.5
      vertex 4.1539826724342275 0.49496657366729757 1.5
      vertex 4.206956907082327 0.5833487446705823 1.5
    endloop
  endfacet
  facet normal 0 0 1
    outer loop
      vertex 1.6756504022618746 0.8956537999693954 1.5
      vertex 4.206956907082327 0.5833487446705823 1.5
      vertex 4.268339023969126 0.6661129483718278 1.5
    endloop
  endfacet
  facet normal 0 0 1
    outer loop
      vertex 1.6756504022618746 0.8956537999693954 1.5
      vertex 4.268339023969126 0.6661129483718278 1.5
      vertex 4.337537879754125 0.742462120245875 1.5
    endloop
  endfacet
  facet normal 0 0 1
    outer loop
      vertex 1.5797922633748358 1.0555834427372441 1.5
      vertex 4.337537879754125 0.742462120245875 1.5
      vertex 4.413887051628173 0.8116609760308738 1.5
    endloop
  endfacet
  facet normal 0 0 1
    outer loop
      vertex 1.3435028842544403 1.3435028842544403 1.5
      vertex 3.337765301933338 1.8332508295428367 1.5
      vertex 3.2707657084609014 1.8829411146416737 1.5
    endloop
  endfacet
  facet normal 0 0 1
    outer loop
      vertex 1.3435028842544403 1.3435028842544403 1.5
      vertex 3.409312773697902 1.7903669253038983 1.5
      vertex 3.337765301933338 1.8332508295428367 1.5
    endloop
  endfacet
  facet normal 0 0 1
    outer loop
      vertex 1.3435028842544403 1.3435028842544403 1.5
      vertex 3.484719082489674 1.7547023973654063 1.5
      vertex 3.409312773697902 1.7903669253038983 1.5
    endloop
  endfacet
  facet normal 0 0 1
    outer loop
      vertex 1.3435028842544403 1.3435028842544403 1.5
      vertex 3.563258024333707 1.7266007146276225 1.5
      vertex 3.484719082489674 1.7547023973654063 1.5
    endloop
  endfacet
  facet normal 0 0 1
    outer loop
      vertex 1.3435028842544403 1.3435028842544403 1.5
      vertex 3.644173226286291 1.706332511657254 1.5
      vertex 3.563258024333707 1.7266007146276225 1.5
    endloop
  endfacet
  facet normal 0 0 1
    outer loop
      vertex 1.3435028842544403 1.3435028842544403 1.5
      vertex 3.7266854307198733 1.6940929823286326 1.5
      vertex 3.644173226286291 1.706332511657254 1.5
    endloop
  endfacet
  facet normal 0 0 1
    outer loop
      vertex 1.3435028842544403 1.3435028842544403 1.5
      vertex 3.81 1.69 1.5
      vertex 3.7266854307198733 1.6940929823286326 1.5
    endloop
  endfacet
  facet normal 0 0 1
    outer loop
      vertex 1.4687198613892003 1.2053472399109264 1.5
      vertex 4.413887051628173 0.8116609760308738 1.5
      vertex 4.496651255329418 0.8730430929176726 1.5
    endloop
  endfacet
  facet normal 0 0 1
    outer loop
      vertex 1.3435028842544403 1.3435028842544403 1.5
      vertex 4.496651255329418 0.8730430929176726 1.5
      vertex 4.585033426332703 0.9260173275657728 1.5
    endloop
  endfacet
  facet normal 0 0 1
    outer loop
      vertex 1.3435028842544403 1.3435028842544403 1.5
      vertex 4.585033426332703 0.9260173275657728 1.5
      vertex 3.81 1.69 1.5
    endloop
  endfacet
  facet normal 0 0 1
    outer loop
      vertex 1.3435028842544403 1.3435028842544403 1.5
      vertex 3.1032508295428367 2.0677653019333384 1.5
      vertex 3.0603669253038985 2.139312773697902 1.5
    endloop
  endfacet
  facet normal 0 0 1
    outer loop
      vertex 1.3435028842544403 1.3435028842544403 1.5
      vertex 3.1529411146416737 2.0007657084609014 1.5
      vertex 3.1032508295428367 2.0677653019333384 1.5
    endloop
  endfacet
  facet normal 0 0 1
    outer loop
      vertex 1.3435028842544403 1.3435028842544403 1.5
      vertex 3.2089592359914345 1.9389592359914345 1.5
      vertex 3.1529411146416737 2.0007657084609014 1.5
    endloop
  endfacet
  facet normal 0 1 0
    outer loop
      vertex -6.985 6.985 1.5
      vertex 6.985 6.985 1.5
      vertex 6.985 6.985 -1.5
    endloop
  endfacet
  facet normal 0 0 1
    outer loop
      vertex -1.9579712713882182 4.691100836886278 1.5
      vertex 3.0247023973654064 2.865280917510326 1.5
      vertex 3.0603669253038985 2.940687226302098 1.5
    endloop
  endfacet
  facet normal 0 0 1
    outer loop
      vertex -1.9226551149561515 4.750022284221802 1.5
      vertex 3.0603669253038985 2.940687226302098 1.5
      vertex 3.1032508295428367 3.0122346980666617 1.5
    endloop
  endfacet
  facet normal 0 0 1
    outer loop
      vertex -1.9226551149561515 4.750022284221802 1.5
      vertex 3.1032508295428367 3.0122346980666617 1.5
      vertex 3.1529411146416737 3.0792342915390987 1.5
    endloop
  endfacet
  facet normal 0 0 1
    outer loop
      vertex -1.9226551149561515 4.750022284221802 1.5
      vertex 3.1529411146416737 3.0792342915390987 1.5
      vertex 3.2089592359914345 3.1410407640085656 1.5
    endloop
  endfacet
  facet normal 0 0 1
    outer loop
      vertex -1.9226551149561515 4.750022284221802 1.5
      vertex 3.2089592359914345 3.1410407640085656 1.5
      vertex 3.2707657084609014 3.1970588853583264 1.5
    endloop
  endfacet
  facet normal 0 0 1
    outer loop
      vertex -1.9226551149561515 4.750022284221802 1.5
      vertex 3.2707657084609014 3.1970588853583264 1.5
      vertex 3.337765301933338 3.2467491704571634 1.5
    endloop
  endfacet
  facet normal 0 0 1
    outer loop
      vertex -1.9226551149561515 4.750022284221802 1.5
      vertex 3.337765301933338 3.2467491704571634 1.5
      vertex 3.409312773697902 3.289633074696102 1.5
    endloop
  endfacet
  facet normal 0 0 1
    outer loop
      vertex -1.9226551149561515 4.750022284221802 1.5
      vertex 3.409312773697902 3.289633074696102 1.5
      vertex 3.484719082489674 3.3252976026345937 1.5
    endloop
  endfacet
  facet normal 0 0 1
    outer loop
      vertex -1.9226551149561515 4.750022284221802 1.5
      vertex 3.484719082489674 3.3252976026345937 1.5
      vertex 3.563258024333707 3.3533992853723777 1.5
    endloop
  endfacet
  facet normal 0 0 1
    outer loop
      vertex -1.9226551149561515 4.750022284221802 1.5
      vertex 3.1032508295428367 5.067765301933338 1.5
      vertex 3.0603669253038985 5.1393127736979025 1.5
    endloop
  endfacet
  facet normal 0 0 1
    outer loop
      vertex -1.9226551149561515 4.750022284221802 1.5
      vertex 3.2089592359914345 4.938959235991435 1.5
      vertex 3.1529411146416737 5.000765708460902 1.5
    endloop
  endfacet
  facet normal 0 0 1
    outer loop
      vertex -1.9226551149561515 4.750022284221802 1.5
      vertex 3.1529411146416737 5.000765708460902 1.5
      vertex 3.1032508295428367 5.067765301933338 1.5
    endloop
  endfacet
  facet normal 0 0 1
    outer loop
      vertex -1.9226551149561515 4.750022284221802 1.5
      vertex 3.0603669253038985 5.1393127736979025 1.5
      vertex 3.0247023973654064 5.214719082489673 1.5
    endloop
  endfacet
  facet normal 0 0 1
    outer loop
      vertex -1.9226551149561515 4.750022284221802 1.5
      vertex 3.0247023973654064 5.214719082489673 1.5
      vertex 2.996600714627623 5.293258024333707 1.5
    endloop
  endfacet
  facet normal 0 0 1
    outer loop
      vertex -1.9226551149561515 4.750022284221802 1.5
      vertex 2.996600714627623 5.293258024333707 1.5
      vertex 2.976332511657254 5.374173226286291 1.5
    endloop
  endfacet
  facet normal 0 0 1
    outer loop
      vertex -1.9226551149561515 4.750022284221802 1.5
      vertex 2.976332511657254 5.374173226286291 1.5
      vertex 2.9640929823286326 5.456685430719873 1.5
    endloop
  endfacet
  facet normal 0 0 1
    outer loop
      vertex -2.3368007259218766 5.749858235012546 1.5
      vertex -2.2721215973444373 5.7267156727579005 1.5
      vertex 6.985 6.985 1.5
    endloop
  endfacet
  facet normal 0 0 1
    outer loop
      vertex -2.2721215973444373 5.7267156727579005 1.5
      vertex -2.2100222842218016 5.697344885043849 1.5
      vertex 6.985 6.985 1.5
    endloop
  endfacet
  facet normal 0 0 1
    outer loop
      vertex -2.1511008368862785 5.662028728611782 1.5
      vertex -2.095924701085448 5.621107317353916 1.5
      vertex 6.985 6.985 1.5
    endloop
  endfacet
  facet normal 0 0 1
    outer loop
      vertex -1.9988926826460842 5.524075298914552 1.5
      vertex 6.985 6.985 1.5
      vertex -2.045025253169417 5.574974746830583 1.5
    endloop
  endfacet
  facet normal 0 0 1
    outer loop
      vertex -2.095924701085448 5.621107317353916 1.5
      vertex -2.045025253169417 5.574974746830583 1.5
      vertex 6.985 6.985 1.5
    endloop
  endfacet
  facet normal 0 0 1
    outer loop
      vertex -1.9988926826460842 5.524075298914552 1.5
      vertex -1.9579712713882182 5.468899163113722 1.5
      vertex 6.985 6.985 1.5
    endloop
  endfacet
  facet normal 0 0 1
    outer loop
      vertex -1.9226551149561515 5.409977715778198 1.5
      vertex 6.985 6.985 1.5
      vertex -1.9579712713882182 5.468899163113722 1.5
    endloop
  endfacet
  facet normal 0 0 1
    outer loop
      vertex -1.9226551149561515 4.750022284221802 1.5
      vertex 2.9640929823286326 5.456685430719873 1.5
      vertex 2.96 5.54 1.5
    endloop
  endfacet
  facet normal 0 0 1
    outer loop
      vertex -1.9226551149561515 4.750022284221802 1.5
      vertex 2.96 5.54 1.5
      vertex 2.9640929823286326 5.623314569280127 1.5
    endloop
  endfacet
  facet normal 0 0 1
    outer loop
      vertex -1.9226551149561515 4.750022284221802 1.5
      vertex 2.9640929823286326 5.623314569280127 1.5
      vertex 2.976332511657254 5.705826773713709 1.5
    endloop
  endfacet
  facet normal 0 0 1
    outer loop
      vertex -1.9226551149561515 4.750022284221802 1.5
      vertex 2.976332511657254 5.705826773713709 1.5
      vertex 2.996600714627623 5.786741975666293 1.5
    endloop
  endfacet
  facet normal 0 0 1
    outer loop
      vertex -1.9226551149561515 4.750022284221802 1.5
      vertex 2.996600714627623 5.786741975666293 1.5
      vertex 3.0247023973654064 5.865280917510327 1.5
    endloop
  endfacet
  facet normal 0 0 1
    outer loop
      vertex -1.9226551149561515 4.750022284221802 1.5
      vertex 3.0247023973654064 5.865280917510327 1.5
      vertex 3.0603669253038985 5.940687226302098 1.5
    endloop
  endfacet
  facet normal 0 0 1
    outer loop
      vertex -1.9226551149561515 4.750022284221802 1.5
      vertex 3.0603669253038985 5.940687226302098 1.5
      vertex 3.1032508295428367 6.012234698066662 1.5
    endloop
  endfacet
  facet normal 0 0 1
    outer loop
      vertex -1.8932843272420994 4.812121597344437 1.5
      vertex 3.1032508295428367 6.012234698066662 1.5
      vertex 3.1529411146416737 6.079234291539098 1.5
    endloop
  endfacet
  facet normal 0 0 1
    outer loop
      vertex -1.8534503037177388 4.943436774588711 1.5
      vertex 3.1529411146416737 6.079234291539098 1.5
      vertex 3.2089592359914345 6.141040764008565 1.5
    endloop
  endfacet
  facet normal 0 0 1
    outer loop
      vertex -1.84 5.08 1.5
      vertex 3.2089592359914345 6.141040764008565 1.5
      vertex 3.2707657084609014 6.197058885358326 1.5
    endloop
  endfacet
  facet normal 0 0 1
    outer loop
      vertex -1.8433706913294623 5.148611998230693 1.5
      vertex 3.2707657084609014 6.197058885358326 1.5
      vertex 3.337765301933338 6.246749170457163 1.5
    endloop
  endfacet
  facet normal 0 0 1
    outer loop
      vertex -1.8534503037177388 5.2165632254112895 1.5
      vertex 3.337765301933338 6.246749170457163 1.5
      vertex 3.409312773697902 6.289633074696102 1.5
    endloop
  endfacet
  facet normal 0 0 1
    outer loop
      vertex -1.8701417649874539 5.2831992740781235 1.5
      vertex 3.409312773697902 6.289633074696102 1.5
      vertex 3.484719082489674 6.325297602634594 1.5
    endloop
  endfacet
  facet normal 0 0 1
    outer loop
      vertex -1.8932843272420994 5.347878402655563 1.5
      vertex 3.484719082489674 6.325297602634594 1.5
      vertex 3.563258024333707 6.353399285372378 1.5
    endloop
  endfacet
  facet normal 0 0 1
    outer loop
      vertex -2.2100222842218016 5.697344885043849 1.5
      vertex -2.1511008368862785 5.662028728611782 1.5
      vertex 6.985 6.985 1.5
    endloop
  endfacet
  facet normal 0 0 1
    outer loop
      vertex -1.9226551149561515 4.750022284221802 1.5
      vertex 3.563258024333707 3.3533992853723777 1.5
      vertex 3.644173226286291 3.373667488342746 1.5
    endloop
  endfacet
  facet normal 0 0 1
    outer loop
      vertex -1.9226551149561515 4.750022284221802 1.5
      vertex 3.644173226286291 3.373667488342746 1.5
      vertex 3.7266854307198733 3.3859070176713675 1.5
    endloop
  endfacet
  facet normal 0 0 1
    outer loop
      vertex -1.9226551149561515 4.750022284221802 1.5
      vertex 3.7266854307198733 3.3859070176713675 1.5
      vertex 3.81 3.39 1.5
    endloop
  endfacet
  facet normal 0 0 1
    outer loop
      vertex -1.9226551149561515 4.750022284221802 1.5
      vertex 3.81 3.39 1.5
      vertex 3.8933145692801268 3.3859070176713675 1.5
    endloop
  endfacet
  facet normal 0 0 1
    outer loop
      vertex -1.9226551149561515 4.750022284221802 1.5
      vertex 3.8933145692801268 3.3859070176713675 1.5
      vertex 3.975826773713709 3.373667488342746 1.5
    endloop
  endfacet
  facet normal 0 0 1
    outer loop
      vertex -1.9226551149561515 4.750022284221802 1.5
      vertex 3.975826773713709 3.373667488342746 1.5
      vertex 3.2089592359914345 4.938959235991435 1.5
    endloop
  endfacet
  facet normal 0 0 1
    outer loop
      vertex 3.975826773713709 3.373667488342746 1.5
      vertex 3.2707657084609014 4.882941114641674 1.5
      vertex 3.2089592359914345 4.938959235991435 1.5
    endloop
  endfacet
  facet normal 0 0 1
    outer loop
      vertex -1.8932843272420994 5.347878402655563 1.5
      vertex 3.563258024333707 6.353399285372378 1.5
      vertex 3.644173226286291 6.373667488342746 1.5
    endloop
  endfacet
  facet normal 0 0 1
    outer loop
      vertex -1.9226551149561515 5.409977715778198 1.5
      vertex 3.644173226286291 6.373667488342746 1.5
      vertex 6.985 6.985 1.5
    endloop
  endfacet
  facet normal 1 0 0
    outer loop
      vertex 6.985 -6.985 1.5
      vertex 6.985 6.985 -1.5
      vertex 6.985 6.985 1.5
    endloop
  endfacet
  facet normal 0 0 1
    outer loop
      vertex 3.81 1.69 1.5
      vertex 4.585033426332703 0.9260173275657728 1.5
      vertex 3.8933145692801268 1.6940929823286326 1.5
    endloop
  endfacet
  facet normal 0 0 1
    outer loop
      vertex 3.8933145692801268 1.6940929823286326 1.5
      vertex 4.585033426332703 0.9260173275657728 1.5
      vertex 3.975826773713709 1.706332511657254 1.5
    endloop
  endfacet
  facet normal 0 0 1
    outer loop
      vertex 3.975826773713709 1.706332511657254 1.5
      vertex 4.585033426332703 0.9260173275657728 1.5
      vertex 4.056741975666293 1.7266007146276225 1.5
    endloop
  endfacet
  facet normal 0 0 1
    outer loop
      vertex 4.056741975666293 1.7266007146276225 1.5
      vertex 4.585033426332703 0.9260173275657728 1.5
      vertex 4.135280917510326 1.7547023973654063 1.5
    endloop
  endfacet
  facet normal 0 0 1
    outer loop
      vertex 4.6781823960166555 0.9700735091368511 1.5
      vertex 4.210687226302098 1.7903669253038983 1.5
      vertex 4.135280917510326 1.7547023973654063 1.5
    endloop
  endfacet
  facet normal 0 0 1
    outer loop
      vertex 4.585033426332703 0.9260173275657728 1.5
      vertex 4.6781823960166555 0.9700735091368511 1.5
      vertex 4.135280917510326 1.7547023973654063 1.5
    endloop
  endfacet
  facet normal 0 0 1
    outer loop
      vertex 4.6781823960166555 0.9700735091368511 1.5
      vertex 4.775201088882815 1.0047873525188193 1.5
      vertex 4.282234698066662 1.8332508295428367 1.5
    endloop
  endfacet
  facet normal 0 0 1
    outer loop
      vertex 4.775201088882815 1.0047873525188193 1.5
      vertex 4.8751551618830655 1.029824544423392 1.5
      vertex 4.282234698066662 1.8332508295428367 1.5
    endloop
  endfacet
  facet normal 0 0 1
    outer loop
      vertex 4.6781823960166555 0.9700735091368511 1.5
      vertex 4.282234698066662 1.8332508295428367 1.5
      vertex 4.210687226302098 1.7903669253038983 1.5
    endloop
  endfacet
  facet normal 0 0 1
    outer loop
      vertex 4.8751551618830655 1.029824544423392 1.5
      vertex 4.349234291539099 1.8829411146416737 1.5
      vertex 4.282234698066662 1.8332508295428367 1.5
    endloop
  endfacet
  facet normal 0 0 1
    outer loop
      vertex 4.8751551618830655 1.029824544423392 1.5
      vertex 4.411040764008566 1.9389592359914345 1.5
      vertex 4.349234291539099 1.8829411146416737 1.5
    endloop
  endfacet
  facet normal 0 0 1
    outer loop
      vertex 4.8751551618830655 1.029824544423392 1.5
      vertex 4.977082002653962 1.0449439630058068 1.5
      vertex 4.411040764008566 1.9389592359914345 1.5
    endloop
  endfacet
  facet normal 0 0 1
    outer loop
      vertex 4.977082002653962 1.0449439630058068 1.5
      vertex 4.467058885358327 2.0007657084609014 1.5
      vertex 4.411040764008566 1.9389592359914345 1.5
    endloop
  endfacet
  facet normal 0 0 1
    outer loop
      vertex 5.08 1.05 1.5
      vertex 4.516749170457164 2.0677653019333384 1.5
      vertex 4.467058885358327 2.0007657084609014 1.5
    endloop
  endfacet
  facet normal 0 0 1
    outer loop
      vertex 4.977082002653962 1.0449439630058068 1.5
      vertex 5.08 1.05 1.5
      vertex 4.467058885358327 2.0007657084609014 1.5
    endloop
  endfacet
  facet normal 0 0 1
    outer loop
      vertex 5.08 1.05 1.5
      vertex 5.182917997346038 1.0449439630058068 1.5
      vertex 4.516749170457164 2.0677653019333384 1.5
    endloop
  endfacet
  facet normal 0 0 1
    outer loop
      vertex 5.182917997346038 1.0449439630058068 1.5
      vertex 5.284844838116935 1.029824544423392 1.5
      vertex 4.559633074696102 2.139312773697902 1.5
    endloop
  endfacet
  facet normal 0 0 1
    outer loop
      vertex 4.595297602634593 2.214719082489674 1.5
      vertex 5.284844838116935 1.029824544423392 1.5
      vertex 5.384798911117185 1.0047873525188193 1.5
    endloop
  endfacet
  facet normal 0 0 1
    outer loop
      vertex 4.643667488342746 2.374173226286291 1.5
      vertex 5.384798911117185 1.0047873525188193 1.5
      vertex 5.481817603983345 0.9700735091368511 1.5
    endloop
  endfacet
  facet normal 0 0 1
    outer loop
      vertex 4.6559070176713675 2.4566854307198733 1.5
      vertex 5.481817603983345 0.9700735091368511 1.5
      vertex 5.5749665736672975 0.9260173275657728 1.5
    endloop
  endfacet
  facet normal 0 0 1
    outer loop
      vertex 5.182917997346038 1.0449439630058068 1.5
      vertex 4.559633074696102 2.139312773697902 1.5
      vertex 4.516749170457164 2.0677653019333384 1.5
    endloop
  endfacet
  facet normal 0 0 1
    outer loop
      vertex 4.559633074696102 2.139312773697902 1.5
      vertex 5.284844838116935 1.029824544423392 1.5
      vertex 4.595297602634593 2.214719082489674 1.5
    endloop
  endfacet
  facet normal 0 0 1
    outer loop
      vertex 4.595297602634593 2.214719082489674 1.5
      vertex 5.384798911117185 1.0047873525188193 1.5
      vertex 4.623399285372377 2.2932580243337073 1.5
    endloop
  endfacet
  facet normal 0 0 1
    outer loop
      vertex 4.623399285372377 2.2932580243337073 1.5
      vertex 5.384798911117185 1.0047873525188193 1.5
      vertex 4.643667488342746 2.374173226286291 1.5
    endloop
  endfacet
  facet normal 0 0 1
    outer loop
      vertex 4.643667488342746 2.374173226286291 1.5
      vertex 5.481817603983345 0.9700735091368511 1.5
      vertex 4.6559070176713675 2.4566854307198733 1.5
    endloop
  endfacet
  facet normal 0 0 1
    outer loop
      vertex 4.6559070176713675 2.4566854307198733 1.5
      vertex 5.5749665736672975 0.9260173275657728 1.5
      vertex 4.66 2.54 1.5
    endloop
  endfacet
  facet normal 0 0 1
    outer loop
      vertex 4.66 2.54 1.5
      vertex 5.891660976030874 0.6661129483718278 1.5
      vertex 5.953043092917673 0.5833487446705823 1.5
    endloop
  endfacet
  facet normal 0 0 1
    outer loop
      vertex 4.66 2.54 1.5
      vertex 5.5749665736672975 0.9260173275657728 1.5
      vertex 5.663348744670582 0.8730430929176726 1.5
    endloop
  endfacet
  facet normal 0 0 1
    outer loop
      vertex 4.66 2.54 1.5
      vertex 5.663348744670582 0.8730430929176726 1.5
      vertex 5.746112948371827 0.8116609760308738 1.5
    endloop
  endfacet
  facet normal 0 0 1
    outer loop
      vertex 4.66 2.54 1.5
      vertex 5.746112948371827 0.8116609760308738 1.5
      vertex 5.822462120245875 0.742462120245875 1.5
    endloop
  endfacet
  facet normal 0 0 1
    outer loop
      vertex 4.66 2.54 1.5
      vertex 5.822462120245875 0.742462120245875 1.5
      vertex 5.891660976030874 0.6661129483718278 1.5
    endloop
  endfacet
  facet normal 0 0 1
    outer loop
      vertex 6.985 -6.985 1.5
      vertex 6.985 6.985 1.5
      vertex 6.13 0 1.5
    endloop
  endfacet
  facet normal 0 0 1
    outer loop
      vertex 4.66 2.54 1.5
      vertex 5.953043092917673 0.5833487446705823 1.5
      vertex 6.985 6.985 1.5
    endloop
  endfacet
  facet normal 0 0 1
    outer loop
      vertex 6.13 0 1.5
      vertex 6.985 6.985 1.5
      vertex 6.124943963005807 0.10291799734603864 1.5
    endloop
  endfacet
  facet normal 0 0 1
    outer loop
      vertex 6.109824544423392 0.20484483811693466 1.5
      vertex 6.124943963005807 0.10291799734603864 1.5
      vertex 6.985 6.985 1.5
    endloop
  endfacet
  facet normal 0 0 1
    outer loop
      vertex 6.109824544423392 0.20484483811693466 1.5
      vertex 6.985 6.985 1.5
      vertex 6.08478735251882 0.30479891111718543 1.5
    endloop
  endfacet
  facet normal 0 0 1
    outer loop
      vertex 6.08478735251882 0.30479891111718543 1.5
      vertex 6.985 6.985 1.5
      vertex 6.050073509136851 0.40181760398334426 1.5
    endloop
  endfacet
  facet normal 0 0 1
    outer loop
      vertex 5.953043092917673 0.5833487446705823 1.5
      vertex 6.006017327565773 0.49496657366729757 1.5
      vertex 6.985 6.985 1.5
    endloop
  endfacet
  facet normal 0 0 1
    outer loop
      vertex 6.050073509136851 0.40181760398334426 1.5
      vertex 6.985 6.985 1.5
      vertex 6.006017327565773 0.49496657366729757 1.5
    endloop
  endfacet
  facet normal 0 0 1
    outer loop
      vertex 3.975826773713709 3.373667488342746 1.5
      vertex 3.337765301933338 4.833250829542837 1.5
      vertex 3.2707657084609014 4.882941114641674 1.5
    endloop
  endfacet
  facet normal 0 0 1
    outer loop
      vertex 3.975826773713709 3.373667488342746 1.5
      vertex 3.409312773697902 4.790366925303898 1.5
      vertex 3.337765301933338 4.833250829542837 1.5
    endloop
  endfacet
  facet normal 0 0 1
    outer loop
      vertex 3.975826773713709 3.373667488342746 1.5
      vertex 3.484719082489674 4.754702397365406 1.5
      vertex 3.409312773697902 4.790366925303898 1.5
    endloop
  endfacet
  facet normal 0 0 1
    outer loop
      vertex 3.975826773713709 3.373667488342746 1.5
      vertex 3.563258024333707 4.726600714627622 1.5
      vertex 3.484719082489674 4.754702397365406 1.5
    endloop
  endfacet
  facet normal 0 0 1
    outer loop
      vertex 3.975826773713709 3.373667488342746 1.5
      vertex 3.644173226286291 4.706332511657254 1.5
      vertex 3.563258024333707 4.726600714627622 1.5
    endloop
  endfacet
  facet normal 0 0 1
    outer loop
      vertex 3.975826773713709 3.373667488342746 1.5
      vertex 3.7266854307198733 4.694092982328633 1.5
      vertex 3.644173226286291 4.706332511657254 1.5
    endloop
  endfacet
  facet normal 0 0 1
    outer loop
      vertex 3.975826773713709 3.373667488342746 1.5
      vertex 3.81 4.69 1.5
      vertex 3.7266854307198733 4.694092982328633 1.5
    endloop
  endfacet
  facet normal 0 0 1
    outer loop
      vertex 3.975826773713709 3.373667488342746 1.5
      vertex 3.8933145692801268 4.694092982328633 1.5
      vertex 3.81 4.69 1.5
    endloop
  endfacet
  facet normal 0 0 1
    outer loop
      vertex 3.975826773713709 3.373667488342746 1.5
      vertex 3.975826773713709 4.706332511657254 1.5
      vertex 3.8933145692801268 4.694092982328633 1.5
    endloop
  endfacet
  facet normal 0 0 1
    outer loop
      vertex 3.975826773713709 3.373667488342746 1.5
      vertex 4.056741975666293 4.726600714627622 1.5
      vertex 3.975826773713709 4.706332511657254 1.5
    endloop
  endfacet
  facet normal 0 0 1
    outer loop
      vertex 3.975826773713709 3.373667488342746 1.5
      vertex 4.135280917510326 4.754702397365406 1.5
      vertex 4.056741975666293 4.726600714627622 1.5
    endloop
  endfacet
  facet normal 0 0 1
    outer loop
      vertex 3.975826773713709 3.373667488342746 1.5
      vertex 4.210687226302098 4.790366925303898 1.5
      vertex 4.135280917510326 4.754702397365406 1.5
    endloop
  endfacet
  facet normal 0 0 1
    outer loop
      vertex 3.975826773713709 3.373667488342746 1.5
      vertex 4.282234698066662 4.833250829542837 1.5
      vertex 4.210687226302098 4.790366925303898 1.5
    endloop
  endfacet
  facet normal 0 0 1
    outer loop
      vertex 3.975826773713709 3.373667488342746 1.5
      vertex 4.349234291539099 4.882941114641674 1.5
      vertex 4.282234698066662 4.833250829542837 1.5
    endloop
  endfacet
  facet normal 0 0 1
    outer loop
      vertex 3.975826773713709 3.373667488342746 1.5
      vertex 4.411040764008566 4.938959235991435 1.5
      vertex 4.349234291539099 4.882941114641674 1.5
    endloop
  endfacet
  facet normal 0 0 1
    outer loop
      vertex 3.975826773713709 3.373667488342746 1.5
      vertex 4.467058885358327 5.000765708460902 1.5
      vertex 4.411040764008566 4.938959235991435 1.5
    endloop
  endfacet
  facet normal 0 0 1
    outer loop
      vertex 3.975826773713709 3.373667488342746 1.5
      vertex 4.516749170457164 5.067765301933338 1.5
      vertex 4.467058885358327 5.000765708460902 1.5
    endloop
  endfacet
  facet normal 0 0 1
    outer loop
      vertex 3.975826773713709 3.373667488342746 1.5
      vertex 4.559633074696102 5.1393127736979025 1.5
      vertex 4.516749170457164 5.067765301933338 1.5
    endloop
  endfacet
  facet normal 0 0 1
    outer loop
      vertex 3.975826773713709 3.373667488342746 1.5
      vertex 4.595297602634593 5.214719082489673 1.5
      vertex 4.559633074696102 5.1393127736979025 1.5
    endloop
  endfacet
  facet normal 0 0 1
    outer loop
      vertex 3.975826773713709 3.373667488342746 1.5
      vertex 4.623399285372377 5.293258024333707 1.5
      vertex 4.595297602634593 5.214719082489673 1.5
    endloop
  endfacet
  facet normal 0 0 1
    outer loop
      vertex 3.975826773713709 3.373667488342746 1.5
      vertex 4.056741975666293 3.3533992853723777 1.5
      vertex 6.985 6.985 1.5
    endloop
  endfacet
  facet normal 0 0 1
    outer loop
      vertex 4.056741975666293 3.3533992853723777 1.5
      vertex 4.135280917510326 3.3252976026345937 1.5
      vertex 6.985 6.985 1.5
    endloop
  endfacet
  facet normal 0 0 1
    outer loop
      vertex 4.135280917510326 3.3252976026345937 1.5
      vertex 4.210687226302098 3.289633074696102 1.5
      vertex 6.985 6.985 1.5
    endloop
  endfacet
  facet normal 0 0 1
    outer loop
      vertex 4.282234698066662 3.2467491704571634 1.5
      vertex 6.985 6.985 1.5
      vertex 4.210687226302098 3.289633074696102 1.5
    endloop
  endfacet
  facet normal 0 0 1
    outer loop
      vertex 4.282234698066662 3.2467491704571634 1.5
      vertex 4.349234291539099 3.1970588853583264 1.5
      vertex 6.985 6.985 1.5
    endloop
  endfacet
  facet normal 0 0 1
    outer loop
      vertex 3.975826773713709 3.373667488342746 1.5
      vertex 6.985 6.985 1.5
      vertex 4.623399285372377 5.293258024333707 1.5
    endloop
  endfacet
  facet normal 0 0 1
    outer loop
      vertex 6.985 6.985 1.5
      vertex 3.644173226286291 6.373667488342746 1.5
      vertex 3.7266854307198733 6.385907017671367 1.5
    endloop
  endfacet
  facet normal 0 0 1
    outer loop
      vertex 6.985 6.985 1.5
      vertex 4.135280917510326 6.325297602634594 1.5
      vertex 4.210687226302098 6.289633074696102 1.5
    endloop
  endfacet
  facet normal 0 0 1
    outer loop
      vertex 6.985 6.985 1.5
      vertex 4.210687226302098 6.289633074696102 1.5
      vertex 4.282234698066662 6.246749170457163 1.5
    endloop
  endfacet
  facet normal 0 0 1
    outer loop
      vertex 6.985 6.985 1.5
      vertex 4.282234698066662 6.246749170457163 1.5
      vertex 4.349234291539099 6.197058885358326 1.5
    endloop
  endfacet
  facet normal 0 0 1
    outer loop
      vertex 6.985 6.985 1.5
      vertex 3.7266854307198733 6.385907017671367 1.5
      vertex 3.81 6.39 1.5
    endloop
  endfacet
  facet normal 0 0 1
    outer loop
      vertex 6.985 6.985 1.5
      vertex 3.81 6.39 1.5
      vertex 3.8933145692801268 6.385907017671367 1.5
    endloop
  endfacet
  facet normal 0 0 1
    outer loop
      vertex 6.985 6.985 1.5
      vertex 3.8933145692801268 6.385907017671367 1.5
      vertex 3.975826773713709 6.373667488342746 1.5
    endloop
  endfacet
  facet normal 0 0 1
    outer loop
      vertex 6.985 6.985 1.5
      vertex 3.975826773713709 6.373667488342746 1.5
      vertex 4.056741975666293 6.353399285372378 1.5
    endloop
  endfacet
  facet normal 0 0 1
    outer loop
      vertex 6.985 6.985 1.5
      vertex 4.056741975666293 6.353399285372378 1.5
      vertex 4.135280917510326 6.325297602634594 1.5
    endloop
  endfacet
  facet normal 0 0 1
    outer loop
      vertex 4.66 2.54 1.5
      vertex 6.985 6.985 1.5
      vertex 4.6559070176713675 2.6233145692801267 1.5
    endloop
  endfacet
  facet normal 0 0 1
    outer loop
      vertex 4.6559070176713675 2.6233145692801267 1.5
      vertex 6.985 6.985 1.5
      vertex 4.643667488342746 2.705826773713709 1.5
    endloop
  endfacet
  facet normal 0 0 1
    outer loop
      vertex 4.516749170457164 3.0122346980666617 1.5
      vertex 6.985 6.985 1.5
      vertex 4.467058885358327 3.0792342915390987 1.5
    endloop
  endfacet
  facet normal 0 0 1
    outer loop
      vertex 4.623399285372377 2.786741975666293 1.5
      vertex 6.985 6.985 1.5
      vertex 4.595297602634593 2.865280917510326 1.5
    endloop
  endfacet
  facet normal 0 0 1
    outer loop
      vertex 4.643667488342746 2.705826773713709 1.5
      vertex 6.985 6.985 1.5
      vertex 4.623399285372377 2.786741975666293 1.5
    endloop
  endfacet
  facet normal 0 0 1
    outer loop
      vertex 4.559633074696102 2.940687226302098 1.5
      vertex 4.595297602634593 2.865280917510326 1.5
      vertex 6.985 6.985 1.5
    endloop
  endfacet
  facet normal 0 0 1
    outer loop
      vertex 4.559633074696102 2.940687226302098 1.5
      vertex 6.985 6.985 1.5
      vertex 4.516749170457164 3.0122346980666617 1.5
    endloop
  endfacet
  facet normal 0 0 1
    outer loop
      vertex 4.411040764008566 3.1410407640085656 1.5
      vertex 4.467058885358327 3.0792342915390987 1.5
      vertex 6.985 6.985 1.5
    endloop
  endfacet
  facet normal 0 0 1
    outer loop
      vertex 4.349234291539099 3.1970588853583264 1.5
      vertex 4.411040764008566 3.1410407640085656 1.5
      vertex 6.985 6.985 1.5
    endloop
  endfacet
  facet normal 0 0 1
    outer loop
      vertex 6.985 6.985 1.5
      vertex 4.643667488342746 5.374173226286291 1.5
      vertex 4.623399285372377 5.293258024333707 1.5
    endloop
  endfacet
  facet normal 0 0 1
    outer loop
      vertex 6.985 6.985 1.5
      vertex 4.6559070176713675 5.456685430719873 1.5
      vertex 4.643667488342746 5.374173226286291 1.5
    endloop
  endfacet
  facet normal 0 0 1
    outer loop
      vertex 6.985 6.985 1.5
      vertex 4.66 5.54 1.5
      vertex 4.6559070176713675 5.456685430719873 1.5
    endloop
  endfacet
  facet normal 0 0 1
    outer loop
      vertex 6.985 6.985 1.5
      vertex 4.6559070176713675 5.623314569280127 1.5
      vertex 4.66 5.54 1.5
    endloop
  endfacet
  facet normal 0 0 1
    outer loop
      vertex 6.985 6.985 1.5
      vertex 4.643667488342746 5.705826773713709 1.5
      vertex 4.6559070176713675 5.623314569280127 1.5
    endloop
  endfacet
  facet normal 0 0 1
    outer loop
      vertex 6.985 6.985 1.5
      vertex 4.595297602634593 5.865280917510327 1.5
      vertex 4.623399285372377 5.786741975666293 1.5
    endloop
  endfacet
  facet normal 0 0 1
    outer loop
      vertex 6.985 6.985 1.5
      vertex 4.623399285372377 5.786741975666293 1.5
      vertex 4.643667488342746 5.705826773713709 1.5
    endloop
  endfacet
  facet normal 0 0 1
    outer loop
      vertex 6.985 6.985 1.5
      vertex 4.559633074696102 5.940687226302098 1.5
      vertex 4.595297602634593 5.865280917510327 1.5
    endloop
  endfacet
  facet normal 0 0 1
    outer loop
      vertex 6.985 6.985 1.5
      vertex 4.516749170457164 6.012234698066662 1.5
      vertex 4.559633074696102 5.940687226302098 1.5
    endloop
  endfacet
  facet normal 0 0 1
    outer loop
      vertex 6.985 6.985 1.5
      vertex 4.411040764008566 6.141040764008565 1.5
      vertex 4.467058885358327 6.079234291539098 1.5
    endloop
  endfacet
  facet normal 0 0 1
    outer loop
      vertex 6.985 6.985 1.5
      vertex 4.467058885358327 6.079234291539098 1.5
      vertex 4.516749170457164 6.012234698066662 1.5
    endloop
  endfacet
  facet normal 0 0 1
    outer loop
      vertex 6.985 6.985 1.5
      vertex 4.349234291539099 6.197058885358326 1.5
      vertex 4.411040764008566 6.141040764008565 1.5
    endloop
  endfacet
  facet normal 0.9415440651830211 0.3368898533922191 -7.982850336953613e-19
    outer loop
      vertex -1.7553711117714448 -0.7270985214936706 -1.5
      vertex -1.8181866378911966 -0.5515408867834785 -1.5
      vertex -1.8181866378911966 -0.5515408867834785 1.5
    endloop
  endfacet
  facet normal 0.9891765099647809 0.14673047445536225 7.02961750901168e-19
    outer loop
      vertex -1.8634920327661377 -0.3706716118306437 -1.5
      vertex -1.890850980677174 -0.18623256662616514 -1.5
      vertex -1.890850980677174 -0.18623256662616514 1.5
    endloop
  endfacet
  facet normal 0.970031253194544 0.24298017990326448 7.825575165080152e-19
    outer loop
      vertex -1.8181866378911966 -0.5515408867834785 -1.5
      vertex -1.8634920327661377 -0.3706716118306437 -1.5
      vertex -1.8634920327661377 -0.3706716118306437 1.5
    endloop
  endfacet
  facet normal 0.9987954562051725 0.04906767432741771 -1.0389314834358313e-19
    outer loop
      vertex -1.890850980677174 -0.18623256662616514 -1.5
      vertex -1.9 0 -1.5
      vertex -1.9 0 1.5
    endloop
  endfacet
  facet normal 0.8032075314806458 0.595699304492432 0
    outer loop
      vertex -1.5797922633748358 -1.0555834427372441 -1.5
      vertex -1.5797922633748358 -1.0555834427372441 1.5
      vertex -1.5 -1.1631708554020337 -1.5
    endloop
  endfacet
  facet normal 0.8577286100002717 0.5141027441932222 0
    outer loop
      vertex -1.6756504022618746 -0.8956537999693954 -1.5
      vertex -1.6756504022618746 -0.8956537999693954 1.5
      vertex -1.5797922633748358 -1.0555834427372441 -1.5
    endloop
  endfacet
  facet normal 0.9039892931234432 0.4275550934302821 0
    outer loop
      vertex -1.7553711117714448 -0.7270985214936706 -1.5
      vertex -1.7553711117714448 -0.7270985214936706 1.5
      vertex -1.6756504022618746 -0.8956537999693954 -1.5
    endloop
  endfacet
  facet normal 0.9415440651830211 0.3368898533922191 0
    outer loop
      vertex -1.7553711117714448 -0.7270985214936706 -1.5
      vertex -1.8181866378911966 -0.5515408867834785 1.5
      vertex -1.7553711117714448 -0.7270985214936706 1.5
    endloop
  endfacet
  facet normal 0.970031253194544 0.24298017990326448 0
    outer loop
      vertex -1.8181866378911966 -0.5515408867834785 -1.5
      vertex -1.8634920327661377 -0.3706716118306437 1.5
      vertex -1.8181866378911966 -0.5515408867834785 1.5
    endloop
  endfacet
  facet normal 0.9891765099647809 0.14673047445536225 0
    outer loop
      vertex -1.8634920327661377 -0.3706716118306437 -1.5
      vertex -1.890850980677174 -0.18623256662616514 1.5
      vertex -1.8634920327661377 -0.3706716118306437 1.5
    endloop
  endfacet
  facet normal 0.9987954562051725 0.04906767432741771 0
    outer loop
      vertex -1.890850980677174 -0.18623256662616514 -1.5
      vertex -1.9 0 1.5
      vertex -1.890850980677174 -0.18623256662616514 1.5
    endloop
  endfacet
  facet normal 0.8577286100002717 0.5141027441932222 0
    outer loop
      vertex -1.5797922633748358 -1.0555834427372441 -1.5
      vertex -1.6756504022618746 -0.8956537999693954 1.5
      vertex -1.5797922633748358 -1.0555834427372441 1.5
    endloop
  endfacet
  facet normal 0.8032075314806458 0.595699304492432 0
    outer loop
      vertex -1.5 -1.1631708554020337 -1.5
      vertex -1.5797922633748358 -1.0555834427372441 1.5
      vertex -1.5 -1.1631708554020337 1.5
    endloop
  endfacet
  facet normal 0.9039892931234432 0.4275550934302821 0
    outer loop
      vertex -1.6756504022618746 -0.8956537999693954 -1.5
      vertex -1.7553711117714448 -0.7270985214936706 1.5
      vertex -1.6756504022618746 -0.8956537999693954 1.5
    endloop
  endfacet
  facet normal 0.9987954562051725 -0.04906767432741771 1.0389314834358313e-19
    outer loop
      vertex -1.9 0 -1.5
      vertex -1.890850980677174 0.18623256662616514 -1.5
      vertex -1.890850980677174 0.18623256662616514 1.5
    endloop
  endfacet
  facet normal 0.9891765099647809 -0.14673047445536225 -7.02961750901168e-19
    outer loop
      vertex -1.890850980677174 0.18623256662616514 -1.5
      vertex -1.8634920327661377 0.3706716118306437 -1.5
      vertex -1.8634920327661377 0.3706716118306437 1.5
    endloop
  endfacet
  facet normal 0.970031253194544 -0.24298017990326448 -7.825575165080152e-19
    outer loop
      vertex -1.8634920327661377 0.3706716118306437 -1.5
      vertex -1.8181866378911966 0.5515408867834785 -1.5
      vertex -1.8181866378911966 0.5515408867834785 1.5
    endloop
  endfacet
  facet normal 0.9415440651830211 -0.3368898533922191 7.982850336953613e-19
    outer loop
      vertex -1.8181866378911966 0.5515408867834785 -1.5
      vertex -1.7553711117714448 0.7270985214936706 -1.5
      vertex -1.7553711117714448 0.7270985214936706 1.5
    endloop
  endfacet
  facet normal 0.9039892931234432 -0.4275550934302821 -1.522735420633409e-18
    outer loop
      vertex -1.7553711117714448 0.7270985214936706 -1.5
      vertex -1.6756504022618746 0.8956537999693954 -1.5
      vertex -1.6756504022618746 0.8956537999693954 1.5
    endloop
  endfacet
  facet normal 0.8577286100002717 -0.5141027441932222 2.2881028070744245e-19
    outer loop
      vertex -1.6756504022618746 0.8956537999693954 -1.5
      vertex -1.5797922633748358 1.0555834427372441 -1.5
      vertex -1.5797922633748358 1.0555834427372441 1.5
    endloop
  endfacet
  facet normal 0.8032075314806455 -0.5956993044924324 -3.0281743925661838e-18
    outer loop
      vertex -1.5797922633748358 1.0555834427372441 -1.5
      vertex -1.4687198613892003 1.2053472399109264 -1.5
      vertex -1.4687198613892003 1.2053472399109264 1.5
    endloop
  endfacet
  facet normal 0.7409511253549591 -0.6715589548470184 4.468357496028263e-19
    outer loop
      vertex -1.4687198613892003 1.2053472399109264 -1.5
      vertex -1.3435028842544403 1.3435028842544403 -1.5
      vertex -1.3435028842544403 1.3435028842544403 1.5
    endloop
  endfacet
  facet normal 0.6715589548470184 -0.7409511253549591 4.468357496028263e-19
    outer loop
      vertex -1.3435028842544403 1.3435028842544403 -1.5
      vertex -1.2053472399109264 1.4687198613892003 -1.5
      vertex -1.2053472399109264 1.4687198613892003 1.5
    endloop
  endfacet
  facet normal 0.5956993044924324 -0.8032075314806455 -3.0281743925661838e-18
    outer loop
      vertex -1.2053472399109264 1.4687198613892003 -1.5
      vertex -1.0555834427372441 1.5797922633748358 -1.5
      vertex -1.0555834427372441 1.5797922633748358 1.5
    endloop
  endfacet
  facet normal 0.5141027441932222 -0.8577286100002717 2.2881028070744245e-19
    outer loop
      vertex -1.0555834427372441 1.5797922633748358 -1.5
      vertex -0.8956537999693954 1.6756504022618746 -1.5
      vertex -0.8956537999693954 1.6756504022618746 1.5
    endloop
  endfacet
  facet normal 0.4275550934302821 -0.9039892931234432 -1.522735420633409e-18
    outer loop
      vertex -0.8956537999693954 1.6756504022618746 -1.5
      vertex -0.7270985214936706 1.7553711117714448 -1.5
      vertex -0.7270985214936706 1.7553711117714448 1.5
    endloop
  endfacet
  facet normal 0.3368898533922191 -0.9415440651830211 7.982850336953613e-19
    outer loop
      vertex -0.7270985214936706 1.7553711117714448 -1.5
      vertex -0.5515408867834785 1.8181866378911966 -1.5
      vertex -0.5515408867834785 1.8181866378911966 1.5
    endloop
  endfacet
  facet normal 0.24298017990326448 -0.970031253194544 -7.825575165080152e-19
    outer loop
      vertex -0.5515408867834785 1.8181866378911966 -1.5
      vertex -0.3706716118306437 1.8634920327661377 -1.5
      vertex -0.3706716118306437 1.8634920327661377 1.5
    endloop
  endfacet
  facet normal 0.14673047445536225 -0.9891765099647809 -7.02961750901168e-19
    outer loop
      vertex -0.3706716118306437 1.8634920327661377 -1.5
      vertex -0.18623256662616514 1.890850980677174 -1.5
      vertex -0.18623256662616514 1.890850980677174 1.5
    endloop
  endfacet
  facet normal 0.04906767432741771 -0.9987954562051725 1.0389314834358313e-19
    outer loop
      vertex -0.18623256662616514 1.890850980677174 -1.5
      vertex 0 1.9 -1.5
      vertex 0 1.9 1.5
    endloop
  endfacet
  facet normal 0.9987954562051725 -0.04906767432741771 0
    outer loop
      vertex -1.9 0 -1.5
      vertex -1.890850980677174 0.18623256662616514 1.5
      vertex -1.9 0 1.5
    endloop
  endfacet
  facet normal 0.9891765099647809 -0.14673047445536225 0
    outer loop
      vertex -1.890850980677174 0.18623256662616514 -1.5
      vertex -1.8634920327661377 0.3706716118306437 1.5
      vertex -1.890850980677174 0.18623256662616514 1.5
    endloop
  endfacet
  facet normal 0.970031253194544 -0.24298017990326448 0
    outer loop
      vertex -1.8634920327661377 0.3706716118306437 -1.5
      vertex -1.8181866378911966 0.5515408867834785 1.5
      vertex -1.8634920327661377 0.3706716118306437 1.5
    endloop
  endfacet
  facet normal 0.9415440651830211 -0.3368898533922191 0
    outer loop
      vertex -1.8181866378911966 0.5515408867834785 -1.5
      vertex -1.7553711117714448 0.7270985214936706 1.5
      vertex -1.8181866378911966 0.5515408867834785 1.5
    endloop
  endfacet
  facet normal 0.9039892931234432 -0.4275550934302821 0
    outer loop
      vertex -1.7553711117714448 0.7270985214936706 -1.5
      vertex -1.6756504022618746 0.8956537999693954 1.5
      vertex -1.7553711117714448 0.7270985214936706 1.5
    endloop
  endfacet
  facet normal 0.8577286100002717 -0.5141027441932222 0
    outer loop
      vertex -1.6756504022618746 0.8956537999693954 -1.5
      vertex -1.5797922633748358 1.0555834427372441 1.5
      vertex -1.6756504022618746 0.8956537999693954 1.5
    endloop
  endfacet
  facet normal 0.8032075314806455 -0.5956993044924324 0
    outer loop
      vertex -1.5797922633748358 1.0555834427372441 -1.5
      vertex -1.4687198613892003 1.2053472399109264 1.5
      vertex -1.5797922633748358 1.0555834427372441 1.5
    endloop
  endfacet
  facet normal 0.7409511253549591 -0.6715589548470184 0
    outer loop
      vertex -1.4687198613892003 1.2053472399109264 -1.5
      vertex -1.3435028842544403 1.3435028842544403 1.5
      vertex -1.4687198613892003 1.2053472399109264 1.5
    endloop
  endfacet
  facet normal 0.6715589548470184 -0.7409511253549591 0
    outer loop
      vertex -1.3435028842544403 1.3435028842544403 -1.5
      vertex -1.2053472399109264 1.4687198613892003 1.5
      vertex -1.3435028842544403 1.3435028842544403 1.5
    endloop
  endfacet
  facet normal 0.5956993044924324 -0.8032075314806455 0
    outer loop
      vertex -1.2053472399109264 1.4687198613892003 -1.5
      vertex -1.0555834427372441 1.5797922633748358 1.5
      vertex -1.2053472399109264 1.4687198613892003 1.5
    endloop
  endfacet
  facet normal 0.5141027441932222 -0.8577286100002717 0
    outer loop
      vertex -1.0555834427372441 1.5797922633748358 -1.5
      vertex -0.8956537999693954 1.6756504022618746 1.5
      vertex -1.0555834427372441 1.5797922633748358 1.5
    endloop
  endfacet
  facet normal 0.4275550934302821 -0.9039892931234432 0
    outer loop
      vertex -0.8956537999693954 1.6756504022618746 -1.5
      vertex -0.7270985214936706 1.7553711117714448 1.5
      vertex -0.8956537999693954 1.6756504022618746 1.5
    endloop
  endfacet
  facet normal 0.3368898533922191 -0.9415440651830211 0
    outer loop
      vertex -0.7270985214936706 1.7553711117714448 -1.5
      vertex -0.5515408867834785 1.8181866378911966 1.5
      vertex -0.7270985214936706 1.7553711117714448 1.5
    endloop
  endfacet
  facet normal 0.24298017990326448 -0.970031253194544 0
    outer loop
      vertex -0.5515408867834785 1.8181866378911966 -1.5
      vertex -0.3706716118306437 1.8634920327661377 1.5
      vertex -0.5515408867834785 1.8181866378911966 1.5
    endloop
  endfacet
  facet normal 0.14673047445536225 -0.9891765099647809 0
    outer loop
      vertex -0.3706716118306437 1.8634920327661377 -1.5
      vertex -0.18623256662616514 1.890850980677174 1.5
      vertex -0.3706716118306437 1.8634920327661377 1.5
    endloop
  endfacet
  facet normal 0.04906767432741771 -0.9987954562051725 0
    outer loop
      vertex -0.18623256662616514 1.890850980677174 -1.5
      vertex 0 1.9 1.5
      vertex -0.18623256662616514 1.890850980677174 1.5
    endloop
  endfacet
  facet normal -0.8032075314806458 0.595699304492432 0
    outer loop
      vertex 1.5 -1.1631708554020337 -1.5
      vertex 1.5 -1.1631708554020337 1.5
      vertex 1.5797922633748358 -1.0555834427372441 -1.5
    endloop
  endfacet
  facet normal -0.8577286100002717 0.5141027441932222 0
    outer loop
      vertex 1.5797922633748358 -1.0555834427372441 -1.5
      vertex 1.5797922633748358 -1.0555834427372441 1.5
      vertex 1.6756504022618746 -0.8956537999693954 -1.5
    endloop
  endfacet
  facet normal -0.9039892931234432 0.4275550934302821 0
    outer loop
      vertex 1.6756504022618746 -0.8956537999693954 -1.5
      vertex 1.6756504022618746 -0.8956537999693954 1.5
      vertex 1.7553711117714448 -0.7270985214936706 -1.5
    endloop
  endfacet
  facet normal -0.9415440651830211 0.3368898533922191 0
    outer loop
      vertex 1.7553711117714448 -0.7270985214936706 -1.5
      vertex 1.7553711117714448 -0.7270985214936706 1.5
      vertex 1.8181866378911966 -0.5515408867834785 -1.5
    endloop
  endfacet
  facet normal -0.970031253194544 0.24298017990326448 0
    outer loop
      vertex 1.8181866378911966 -0.5515408867834785 -1.5
      vertex 1.8181866378911966 -0.5515408867834785 1.5
      vertex 1.8634920327661377 -0.3706716118306437 -1.5
    endloop
  endfacet
  facet normal -0.9891765099647809 0.14673047445536225 0
    outer loop
      vertex 1.8634920327661377 -0.3706716118306437 -1.5
      vertex 1.8634920327661377 -0.3706716118306437 1.5
      vertex 1.890850980677174 -0.18623256662616514 -1.5
    endloop
  endfacet
  facet normal -0.9987954562051725 0.04906767432741771 0
    outer loop
      vertex 1.890850980677174 -0.18623256662616514 -1.5
      vertex 1.890850980677174 -0.18623256662616514 1.5
      vertex 1.9 0 -1.5
    endloop
  endfacet
  facet normal -0.8032075314806458 0.595699304492432 0
    outer loop
      vertex 1.5797922633748358 -1.0555834427372441 -1.5
      vertex 1.5 -1.1631708554020337 1.5
      vertex 1.5797922633748358 -1.0555834427372441 1.5
    endloop
  endfacet
  facet normal -0.8577286100002717 0.5141027441932222 0
    outer loop
      vertex 1.6756504022618746 -0.8956537999693954 -1.5
      vertex 1.5797922633748358 -1.0555834427372441 1.5
      vertex 1.6756504022618746 -0.8956537999693954 1.5
    endloop
  endfacet
  facet normal -0.9039892931234432 0.4275550934302821 0
    outer loop
      vertex 1.7553711117714448 -0.7270985214936706 -1.5
      vertex 1.6756504022618746 -0.8956537999693954 1.5
      vertex 1.7553711117714448 -0.7270985214936706 1.5
    endloop
  endfacet
  facet normal -0.9415440651830211 0.3368898533922191 0
    outer loop
      vertex 1.8181866378911966 -0.5515408867834785 -1.5
      vertex 1.7553711117714448 -0.7270985214936706 1.5
      vertex 1.8181866378911966 -0.5515408867834785 1.5
    endloop
  endfacet
  facet normal -0.970031253194544 0.24298017990326448 0
    outer loop
      vertex 1.8634920327661377 -0.3706716118306437 -1.5
      vertex 1.8181866378911966 -0.5515408867834785 1.5
      vertex 1.8634920327661377 -0.3706716118306437 1.5
    endloop
  endfacet
  facet normal -0.9891765099647809 0.14673047445536225 0
    outer loop
      vertex 1.890850980677174 -0.18623256662616514 -1.5
      vertex 1.8634920327661377 -0.3706716118306437 1.5
      vertex 1.890850980677174 -0.18623256662616514 1.5
    endloop
  endfacet
  facet normal -0.9987954562051725 0.04906767432741771 1.0389314834358313e-19
    outer loop
      vertex 1.890850980677174 -0.18623256662616514 1.5
      vertex 1.9 0 1.5
      vertex 1.9 0 -1.5
    endloop
  endfacet
  facet normal -0.4275550934302821 -0.9039892931234432 0
    outer loop
      vertex 0.8956537999693954 1.6756504022618746 -1.5
      vertex 0.8956537999693954 1.6756504022618746 1.5
      vertex 0.7270985214936706 1.7553711117714448 -1.5
    endloop
  endfacet
  facet normal -0.9039892931234432 -0.4275550934302821 1.522735420633409e-18
    outer loop
      vertex 1.6756504022618746 0.8956537999693954 -1.5
      vertex 1.7553711117714448 0.7270985214936706 -1.5
      vertex 1.7553711117714448 0.7270985214936706 1.5
    endloop
  endfacet
  facet normal -0.5141027441932222 -0.8577286100002717 -2.2881028070744245e-19
    outer loop
      vertex 0.8956537999693954 1.6756504022618746 -1.5
      vertex 1.0555834427372441 1.5797922633748358 -1.5
      vertex 1.0555834427372441 1.5797922633748358 1.5
    endloop
  endfacet
  facet normal -0.5956993044924324 -0.8032075314806455 3.0281743925661838e-18
    outer loop
      vertex 1.0555834427372441 1.5797922633748358 -1.5
      vertex 1.2053472399109264 1.4687198613892003 -1.5
      vertex 1.2053472399109264 1.4687198613892003 1.5
    endloop
  endfacet
  facet normal -0.6715589548470184 -0.7409511253549591 -4.468357496028263e-19
    outer loop
      vertex 1.2053472399109264 1.4687198613892003 -1.5
      vertex 1.3435028842544403 1.3435028842544403 -1.5
      vertex 1.3435028842544403 1.3435028842544403 1.5
    endloop
  endfacet
  facet normal -0.7409511253549591 -0.6715589548470184 0
    outer loop
      vertex 1.4687198613892003 1.2053472399109264 -1.5
      vertex 1.4687198613892003 1.2053472399109264 1.5
      vertex 1.3435028842544403 1.3435028842544403 -1.5
    endloop
  endfacet
  facet normal -0.8577286100002717 -0.5141027441932222 -2.2881028070744245e-19
    outer loop
      vertex 1.5797922633748358 1.0555834427372441 -1.5
      vertex 1.6756504022618746 0.8956537999693954 -1.5
      vertex 1.6756504022618746 0.8956537999693954 1.5
    endloop
  endfacet
  facet normal -0.8032075314806455 -0.5956993044924324 3.0281743925661838e-18
    outer loop
      vertex 1.4687198613892003 1.2053472399109264 -1.5
      vertex 1.5797922633748358 1.0555834427372441 -1.5
      vertex 1.5797922633748358 1.0555834427372441 1.5
    endloop
  endfacet
  facet normal -0.04906767432741771 -0.9987954562051725 -1.0389314834358313e-19
    outer loop
      vertex 0 1.9 -1.5
      vertex 0.18623256662616514 1.890850980677174 -1.5
      vertex 0.18623256662616514 1.890850980677174 1.5
    endloop
  endfacet
  facet normal -0.14673047445536225 -0.9891765099647809 7.02961750901168e-19
    outer loop
      vertex 0.18623256662616514 1.890850980677174 -1.5
      vertex 0.3706716118306437 1.8634920327661377 -1.5
      vertex 0.3706716118306437 1.8634920327661377 1.5
    endloop
  endfacet
  facet normal -0.24298017990326448 -0.970031253194544 7.825575165080152e-19
    outer loop
      vertex 0.3706716118306437 1.8634920327661377 -1.5
      vertex 0.5515408867834785 1.8181866378911966 -1.5
      vertex 0.5515408867834785 1.8181866378911966 1.5
    endloop
  endfacet
  facet normal -0.3368898533922191 -0.9415440651830211 -7.982850336953613e-19
    outer loop
      vertex 0.5515408867834785 1.8181866378911966 -1.5
      vertex 0.7270985214936706 1.7553711117714448 -1.5
      vertex 0.7270985214936706 1.7553711117714448 1.5
    endloop
  endfacet
  facet normal -0.9987954562051725 -0.04906767432741771 0
    outer loop
      vertex 1.9 0 -1.5
      vertex 1.9 0 1.5
      vertex 1.890850980677174 0.18623256662616514 -1.5
    endloop
  endfacet
  facet normal -0.970031253194544 -0.24298017990326448 0
    outer loop
      vertex 1.8634920327661377 0.3706716118306437 -1.5
      vertex 1.8634920327661377 0.3706716118306437 1.5
      vertex 1.8181866378911966 0.5515408867834785 -1.5
    endloop
  endfacet
  facet normal -0.9891765099647809 -0.14673047445536225 0
    outer loop
      vertex 1.890850980677174 0.18623256662616514 -1.5
      vertex 1.890850980677174 0.18623256662616514 1.5
      vertex 1.8634920327661377 0.3706716118306437 -1.5
    endloop
  endfacet
  facet normal -0.9415440651830211 -0.3368898533922191 0
    outer loop
      vertex 1.8181866378911966 0.5515408867834785 -1.5
      vertex 1.8181866378911966 0.5515408867834785 1.5
      vertex 1.7553711117714448 0.7270985214936706 -1.5
    endloop
  endfacet
  facet normal -0.4275550934302821 -0.9039892931234432 0
    outer loop
      vertex 0.7270985214936706 1.7553711117714448 -1.5
      vertex 0.8956537999693954 1.6756504022618746 1.5
      vertex 0.7270985214936706 1.7553711117714448 1.5
    endloop
  endfacet
  facet normal -0.9039892931234432 -0.4275550934302821 0
    outer loop
      vertex 1.6756504022618746 0.8956537999693954 -1.5
      vertex 1.7553711117714448 0.7270985214936706 1.5
      vertex 1.6756504022618746 0.8956537999693954 1.5
    endloop
  endfacet
  facet normal -0.5141027441932222 -0.8577286100002717 0
    outer loop
      vertex 0.8956537999693954 1.6756504022618746 -1.5
      vertex 1.0555834427372441 1.5797922633748358 1.5
      vertex 0.8956537999693954 1.6756504022618746 1.5
    endloop
  endfacet
  facet normal -0.6715589548470184 -0.7409511253549591 0
    outer loop
      vertex 1.2053472399109264 1.4687198613892003 -1.5
      vertex 1.3435028842544403 1.3435028842544403 1.5
      vertex 1.2053472399109264 1.4687198613892003 1.5
    endloop
  endfacet
  facet normal -0.5956993044924324 -0.8032075314806455 0
    outer loop
      vertex 1.0555834427372441 1.5797922633748358 -1.5
      vertex 1.2053472399109264 1.4687198613892003 1.5
      vertex 1.0555834427372441 1.5797922633748358 1.5
    endloop
  endfacet
  facet normal -0.7409511253549591 -0.6715589548470184 0
    outer loop
      vertex 1.3435028842544403 1.3435028842544403 -1.5
      vertex 1.4687198613892003 1.2053472399109264 1.5
      vertex 1.3435028842544403 1.3435028842544403 1.5
    endloop
  endfacet
  facet normal -0.8032075314806455 -0.5956993044924324 0
    outer loop
      vertex 1.4687198613892003 1.2053472399109264 -1.5
      vertex 1.5797922633748358 1.0555834427372441 1.5
      vertex 1.4687198613892003 1.2053472399109264 1.5
    endloop
  endfacet
  facet normal -0.8577286100002717 -0.5141027441932222 0
    outer loop
      vertex 1.5797922633748358 1.0555834427372441 -1.5
      vertex 1.6756504022618746 0.8956537999693954 1.5
      vertex 1.5797922633748358 1.0555834427372441 1.5
    endloop
  endfacet
  facet normal -0.04906767432741771 -0.9987954562051725 0
    outer loop
      vertex 0 1.9 -1.5
      vertex 0.18623256662616514 1.890850980677174 1.5
      vertex 0 1.9 1.5
    endloop
  endfacet
  facet normal -0.14673047445536225 -0.9891765099647809 0
    outer loop
      vertex 0.18623256662616514 1.890850980677174 -1.5
      vertex 0.3706716118306437 1.8634920327661377 1.5
      vertex 0.18623256662616514 1.890850980677174 1.5
    endloop
  endfacet
  facet normal -0.24298017990326448 -0.970031253194544 0
    outer loop
      vertex 0.3706716118306437 1.8634920327661377 -1.5
      vertex 0.5515408867834785 1.8181866378911966 1.5
      vertex 0.3706716118306437 1.8634920327661377 1.5
    endloop
  endfacet
  facet normal -0.3368898533922191 -0.9415440651830211 0
    outer loop
      vertex 0.5515408867834785 1.8181866378911966 -1.5
      vertex 0.7270985214936706 1.7553711117714448 1.5
      vertex 0.5515408867834785 1.8181866378911966 1.5
    endloop
  endfacet
  facet normal -0.9987954562051725 -0.04906767432741771 0
    outer loop
      vertex 1.890850980677174 0.18623256662616514 -1.5
      vertex 1.9 0 1.5
      vertex 1.890850980677174 0.18623256662616514 1.5
    endloop
  endfacet
  facet normal -0.9891765099647809 -0.14673047445536225 0
    outer loop
      vertex 1.8634920327661377 0.3706716118306437 -1.5
      vertex 1.890850980677174 0.18623256662616514 1.5
      vertex 1.8634920327661377 0.3706716118306437 1.5
    endloop
  endfacet
  facet normal -0.970031253194544 -0.24298017990326448 0
    outer loop
      vertex 1.8181866378911966 0.5515408867834785 -1.5
      vertex 1.8634920327661377 0.3706716118306437 1.5
      vertex 1.8181866378911966 0.5515408867834785 1.5
    endloop
  endfacet
  facet normal -0.9415440651830211 -0.3368898533922191 0
    outer loop
      vertex 1.7553711117714448 0.7270985214936706 -1.5
      vertex 1.8181866378911966 0.5515408867834785 1.5
      vertex 1.7553711117714448 0.7270985214936706 1.5
    endloop
  endfacet
  facet normal 1 0 0
    outer loop
      vertex -1.5 -6.985 -1.5
      vertex -1.5 -1.1631708554020337 -1.5
      vertex -1.5 -1.1631708554020337 1.5
    endloop
  endfacet
  facet normal 1 0 0
    outer loop
      vertex -1.5 -6.985 -1.5
      vertex -1.5 -1.1631708554020337 1.5
      vertex -1.5 -6.985 1.5
    endloop
  endfacet
  facet normal -1 0 0
    outer loop
      vertex 1.5 -6.985 -1.5
      vertex 1.5 -6.985 1.5
      vertex 1.5 -1.1631708554020337 -1.5
    endloop
  endfacet
  facet normal -1 0 0
    outer loop
      vertex 1.5 -1.1631708554020337 -1.5
      vertex 1.5 -6.985 1.5
      vertex 1.5 -1.1631708554020337 1.5
    endloop
  endfacet
  facet normal 0.9891765099647815 0.1467304744553583 0
    outer loop
      vertex -6.124943963005807 -0.10291799734603864 -1.5
      vertex -6.124943963005807 -0.10291799734603864 1.5
      vertex -6.109824544423392 -0.20484483811693466 -1.5
    endloop
  endfacet
  facet normal 0.9987954562051725 0.049067674327417474 -4.939959012256537e-20
    outer loop
      vertex -6.124943963005807 -0.10291799734603864 -1.5
      vertex -6.13 0 -1.5
      vertex -6.13 0 1.5
    endloop
  endfacet
  facet normal 0.5141027441932223 0.8577286100002717 3.8971169151892724e-19
    outer loop
      vertex -5.5749665736672975 -0.9260173275657728 -1.5
      vertex -5.663348744670582 -0.8730430929176726 -1.5
      vertex -5.663348744670582 -0.8730430929176726 1.5
    endloop
  endfacet
  facet normal 0.42755509343028303 0.9039892931234428 0
    outer loop
      vertex -5.5749665736672975 -0.9260173275657728 -1.5
      vertex -5.5749665736672975 -0.9260173275657728 1.5
      vertex -5.481817603983345 -0.9700735091368511 -1.5
    endloop
  endfacet
  facet normal 0.24298017990326426 0.970031253194544 0
    outer loop
      vertex -5.384798911117185 -1.0047873525188193 -1.5
      vertex -5.384798911117185 -1.0047873525188193 1.5
      vertex -5.284844838116935 -1.029824544423392 -1.5
    endloop
  endfacet
  facet normal 0.3368898533922186 0.9415440651830215 0
    outer loop
      vertex -5.481817603983345 -0.9700735091368511 -1.5
      vertex -5.481817603983345 -0.9700735091368511 1.5
      vertex -5.384798911117185 -1.0047873525188193 -1.5
    endloop
  endfacet
  facet normal 0.14673047445536225 0.9891765099647808 0
    outer loop
      vertex -5.284844838116935 -1.029824544423392 -1.5
      vertex -5.284844838116935 -1.029824544423392 1.5
      vertex -5.182917997346038 -1.0449439630058068 -1.5
    endloop
  endfacet
  facet normal 0.8032075314806439 0.5956993044924348 0
    outer loop
      vertex -5.953043092917673 -0.5833487446705823 -1.5
      vertex -5.953043092917673 -0.5833487446705823 1.5
      vertex -5.891660976030874 -0.6661129483718278 -1.5
    endloop
  endfacet
  facet normal 0.8577286100002735 0.5141027441932196 0
    outer loop
      vertex -6.006017327565773 -0.49496657366729757 -1.5
      vertex -6.006017327565773 -0.49496657366729757 1.5
      vertex -5.953043092917673 -0.5833487446705823 -1.5
    endloop
  endfacet
  facet normal 0.6715589548470144 0.7409511253549627 0
    outer loop
      vertex -5.822462120245875 -0.742462120245875 -1.5
      vertex -5.822462120245875 -0.742462120245875 1.5
      vertex -5.746112948371827 -0.8116609760308738 -1.5
    endloop
  endfacet
  facet normal 0.7409511253549614 0.6715589548470159 0
    outer loop
      vertex -5.891660976030874 -0.6661129483718278 -1.5
      vertex -5.891660976030874 -0.6661129483718278 1.5
      vertex -5.822462120245875 -0.742462120245875 -1.5
    endloop
  endfacet
  facet normal 0.5956993044924344 0.803207531480644 0
    outer loop
      vertex -5.746112948371827 -0.8116609760308738 -1.5
      vertex -5.746112948371827 -0.8116609760308738 1.5
      vertex -5.663348744670582 -0.8730430929176726 -1.5
    endloop
  endfacet
  facet normal 0.9415440651830195 0.3368898533922241 -6.494139709138778e-19
    outer loop
      vertex -6.050073509136851 -0.40181760398334426 -1.5
      vertex -6.08478735251882 -0.30479891111718543 -1.5
      vertex -6.08478735251882 -0.30479891111718543 1.5
    endloop
  endfacet
  facet normal 0.9039892931234427 0.42755509343028336 2.525845316327742e-19
    outer loop
      vertex -6.006017327565773 -0.49496657366729757 -1.5
      vertex -6.050073509136851 -0.40181760398334426 -1.5
      vertex -6.050073509136851 -0.40181760398334426 1.5
    endloop
  endfacet
  facet normal 0.9700312531945445 0.24298017990326184 -5.237215146628428e-19
    outer loop
      vertex -6.08478735251882 -0.30479891111718543 -1.5
      vertex -6.109824544423392 -0.20484483811693466 -1.5
      vertex -6.109824544423392 -0.20484483811693466 1.5
    endloop
  endfacet
  facet normal 0.049067674327417606 0.9987954562051723 0
    outer loop
      vertex -5.182917997346038 -1.0449439630058068 -1.5
      vertex -5.182917997346038 -1.0449439630058068 1.5
      vertex -5.08 -1.05 -1.5
    endloop
  endfacet
  facet normal -0.049067674327417606 0.9987954562051723 0
    outer loop
      vertex -5.08 -1.05 -1.5
      vertex -5.08 -1.05 1.5
      vertex -4.977082002653962 -1.0449439630058068 -1.5
    endloop
  endfacet
  facet normal -0.14673047445536225 0.9891765099647808 0
    outer loop
      vertex -4.977082002653962 -1.0449439630058068 -1.5
      vertex -4.977082002653962 -1.0449439630058068 1.5
      vertex -4.8751551618830655 -1.029824544423392 -1.5
    endloop
  endfacet
  facet normal -0.24298017990326426 0.970031253194544 0
    outer loop
      vertex -4.8751551618830655 -1.029824544423392 -1.5
      vertex -4.8751551618830655 -1.029824544423392 1.5
      vertex -4.775201088882815 -1.0047873525188193 -1.5
    endloop
  endfacet
  facet normal -0.3368898533922186 0.9415440651830215 0
    outer loop
      vertex -4.775201088882815 -1.0047873525188193 -1.5
      vertex -4.775201088882815 -1.0047873525188193 1.5
      vertex -4.6781823960166555 -0.9700735091368511 -1.5
    endloop
  endfacet
  facet normal -0.42755509343028303 0.9039892931234428 0
    outer loop
      vertex -4.6781823960166555 -0.9700735091368511 -1.5
      vertex -4.6781823960166555 -0.9700735091368511 1.5
      vertex -4.585033426332703 -0.9260173275657728 -1.5
    endloop
  endfacet
  facet normal -0.5141027441932223 0.8577286100002717 0
    outer loop
      vertex -4.585033426332703 -0.9260173275657728 -1.5
      vertex -4.585033426332703 -0.9260173275657728 1.5
      vertex -4.496651255329418 -0.8730430929176726 -1.5
    endloop
  endfacet
  facet normal -0.5956993044924344 0.803207531480644 0
    outer loop
      vertex -4.496651255329418 -0.8730430929176726 -1.5
      vertex -4.496651255329418 -0.8730430929176726 1.5
      vertex -4.413887051628173 -0.8116609760308738 -1.5
    endloop
  endfacet
  facet normal -0.6715589548470144 0.7409511253549627 0
    outer loop
      vertex -4.413887051628173 -0.8116609760308738 -1.5
      vertex -4.413887051628173 -0.8116609760308738 1.5
      vertex -4.337537879754125 -0.742462120245875 -1.5
    endloop
  endfacet
  facet normal -0.7409511253549614 0.6715589548470159 0
    outer loop
      vertex -4.337537879754125 -0.742462120245875 -1.5
      vertex -4.337537879754125 -0.742462120245875 1.5
      vertex -4.268339023969126 -0.6661129483718278 -1.5
    endloop
  endfacet
  facet normal -0.8032075314806439 0.5956993044924348 0
    outer loop
      vertex -4.268339023969126 -0.6661129483718278 -1.5
      vertex -4.268339023969126 -0.6661129483718278 1.5
      vertex -4.206956907082327 -0.5833487446705823 -1.5
    endloop
  endfacet
  facet normal -0.8577286100002735 0.5141027441932196 0
    outer loop
      vertex -4.206956907082327 -0.5833487446705823 -1.5
      vertex -4.206956907082327 -0.5833487446705823 1.5
      vertex -4.1539826724342275 -0.49496657366729757 -1.5
    endloop
  endfacet
  facet normal -0.9039892931234427 0.42755509343028336 0
    outer loop
      vertex -4.1539826724342275 -0.49496657366729757 -1.5
      vertex -4.1539826724342275 -0.49496657366729757 1.5
      vertex -4.109926490863149 -0.40181760398334426 -1.5
    endloop
  endfacet
  facet normal -0.9415440651830195 0.3368898533922241 0
    outer loop
      vertex -4.109926490863149 -0.40181760398334426 -1.5
      vertex -4.109926490863149 -0.40181760398334426 1.5
      vertex -4.07521264748118 -0.30479891111718543 -1.5
    endloop
  endfacet
  facet normal -0.9700312531945445 0.24298017990326184 0
    outer loop
      vertex -4.07521264748118 -0.30479891111718543 -1.5
      vertex -4.07521264748118 -0.30479891111718543 1.5
      vertex -4.050175455576608 -0.20484483811693466 -1.5
    endloop
  endfacet
  facet normal -0.9891765099647815 0.1467304744553583 0
    outer loop
      vertex -4.050175455576608 -0.20484483811693466 -1.5
      vertex -4.050175455576608 -0.20484483811693466 1.5
      vertex -4.0350560369941935 -0.10291799734603864 -1.5
    endloop
  endfacet
  facet normal -0.9987954562051725 0.049067674327417474 0
    outer loop
      vertex -4.0350560369941935 -0.10291799734603864 -1.5
      vertex -4.0350560369941935 -0.10291799734603864 1.5
      vertex -4.03 0 -1.5
    endloop
  endfacet
  facet normal 0.9891765099647815 0.1467304744553583 0
    outer loop
      vertex -6.109824544423392 -0.20484483811693466 -1.5
      vertex -6.124943963005807 -0.10291799734603864 1.5
      vertex -6.109824544423392 -0.20484483811693466 1.5
    endloop
  endfacet
  facet normal 0.9987954562051725 0.049067674327417474 0
    outer loop
      vertex -6.124943963005807 -0.10291799734603864 -1.5
      vertex -6.13 0 1.5
      vertex -6.124943963005807 -0.10291799734603864 1.5
    endloop
  endfacet
  facet normal 0.5141027441932223 0.8577286100002717 0
    outer loop
      vertex -5.5749665736672975 -0.9260173275657728 -1.5
      vertex -5.663348744670582 -0.8730430929176726 1.5
      vertex -5.5749665736672975 -0.9260173275657728 1.5
    endloop
  endfacet
  facet normal 0.42755509343028303 0.9039892931234428 0
    outer loop
      vertex -5.481817603983345 -0.9700735091368511 -1.5
      vertex -5.5749665736672975 -0.9260173275657728 1.5
      vertex -5.481817603983345 -0.9700735091368511 1.5
    endloop
  endfacet
  facet normal 0.3368898533922186 0.9415440651830215 0
    outer loop
      vertex -5.384798911117185 -1.0047873525188193 -1.5
      vertex -5.481817603983345 -0.9700735091368511 1.5
      vertex -5.384798911117185 -1.0047873525188193 1.5
    endloop
  endfacet
  facet normal 0.24298017990326426 0.970031253194544 0
    outer loop
      vertex -5.284844838116935 -1.029824544423392 -1.5
      vertex -5.384798911117185 -1.0047873525188193 1.5
      vertex -5.284844838116935 -1.029824544423392 1.5
    endloop
  endfacet
  facet normal 0.9039892931234427 0.42755509343028336 0
    outer loop
      vertex -6.006017327565773 -0.49496657366729757 -1.5
      vertex -6.050073509136851 -0.40181760398334426 1.5
      vertex -6.006017327565773 -0.49496657366729757 1.5
    endloop
  endfacet
  facet normal 0.8577286100002735 0.5141027441932196 0
    outer loop
      vertex -5.953043092917673 -0.5833487446705823 -1.5
      vertex -6.006017327565773 -0.49496657366729757 1.5
      vertex -5.953043092917673 -0.5833487446705823 1.5
    endloop
  endfacet
  facet normal 0.8032075314806439 0.5956993044924348 0
    outer loop
      vertex -5.891660976030874 -0.6661129483718278 -1.5
      vertex -5.953043092917673 -0.5833487446705823 1.5
      vertex -5.891660976030874 -0.6661129483718278 1.5
    endloop
  endfacet
  facet normal 0.7409511253549614 0.6715589548470159 0
    outer loop
      vertex -5.822462120245875 -0.742462120245875 -1.5
      vertex -5.891660976030874 -0.6661129483718278 1.5
      vertex -5.822462120245875 -0.742462120245875 1.5
    endloop
  endfacet
  facet normal 0.6715589548470144 0.7409511253549627 0
    outer loop
      vertex -5.746112948371827 -0.8116609760308738 -1.5
      vertex -5.822462120245875 -0.742462120245875 1.5
      vertex -5.746112948371827 -0.8116609760308738 1.5
    endloop
  endfacet
  facet normal 0.5956993044924344 0.803207531480644 0
    outer loop
      vertex -5.663348744670582 -0.8730430929176726 -1.5
      vertex -5.746112948371827 -0.8116609760308738 1.5
      vertex -5.663348744670582 -0.8730430929176726 1.5
    endloop
  endfacet
  facet normal 0.9415440651830195 0.3368898533922241 0
    outer loop
      vertex -6.050073509136851 -0.40181760398334426 -1.5
      vertex -6.08478735251882 -0.30479891111718543 1.5
      vertex -6.050073509136851 -0.40181760398334426 1.5
    endloop
  endfacet
  facet normal 0.9700312531945445 0.24298017990326184 0
    outer loop
      vertex -6.08478735251882 -0.30479891111718543 -1.5
      vertex -6.109824544423392 -0.20484483811693466 1.5
      vertex -6.08478735251882 -0.30479891111718543 1.5
    endloop
  endfacet
  facet normal 0.14673047445536225 0.9891765099647808 0
    outer loop
      vertex -5.182917997346038 -1.0449439630058068 -1.5
      vertex -5.284844838116935 -1.029824544423392 1.5
      vertex -5.182917997346038 -1.0449439630058068 1.5
    endloop
  endfacet
  facet normal 0.049067674327417606 0.9987954562051723 0
    outer loop
      vertex -5.08 -1.05 -1.5
      vertex -5.182917997346038 -1.0449439630058068 1.5
      vertex -5.08 -1.05 1.5
    endloop
  endfacet
  facet normal -0.049067674327417606 0.9987954562051723 0
    outer loop
      vertex -4.977082002653962 -1.0449439630058068 -1.5
      vertex -5.08 -1.05 1.5
      vertex -4.977082002653962 -1.0449439630058068 1.5
    endloop
  endfacet
  facet normal -0.14673047445536225 0.9891765099647808 0
    outer loop
      vertex -4.8751551618830655 -1.029824544423392 -1.5
      vertex -4.977082002653962 -1.0449439630058068 1.5
      vertex -4.8751551618830655 -1.029824544423392 1.5
    endloop
  endfacet
  facet normal -0.24298017990326426 0.970031253194544 0
    outer loop
      vertex -4.775201088882815 -1.0047873525188193 -1.5
      vertex -4.8751551618830655 -1.029824544423392 1.5
      vertex -4.775201088882815 -1.0047873525188193 1.5
    endloop
  endfacet
  facet normal -0.3368898533922186 0.9415440651830215 0
    outer loop
      vertex -4.6781823960166555 -0.9700735091368511 -1.5
      vertex -4.775201088882815 -1.0047873525188193 1.5
      vertex -4.6781823960166555 -0.9700735091368511 1.5
    endloop
  endfacet
  facet normal -0.42755509343028303 0.9039892931234428 0
    outer loop
      vertex -4.585033426332703 -0.9260173275657728 -1.5
      vertex -4.6781823960166555 -0.9700735091368511 1.5
      vertex -4.585033426332703 -0.9260173275657728 1.5
    endloop
  endfacet
  facet normal -0.5141027441932223 0.8577286100002717 0
    outer loop
      vertex -4.496651255329418 -0.8730430929176726 -1.5
      vertex -4.585033426332703 -0.9260173275657728 1.5
      vertex -4.496651255329418 -0.8730430929176726 1.5
    endloop
  endfacet
  facet normal -0.5956993044924344 0.803207531480644 0
    outer loop
      vertex -4.413887051628173 -0.8116609760308738 -1.5
      vertex -4.496651255329418 -0.8730430929176726 1.5
      vertex -4.413887051628173 -0.8116609760308738 1.5
    endloop
  endfacet
  facet normal -0.6715589548470144 0.7409511253549627 0
    outer loop
      vertex -4.337537879754125 -0.742462120245875 -1.5
      vertex -4.413887051628173 -0.8116609760308738 1.5
      vertex -4.337537879754125 -0.742462120245875 1.5
    endloop
  endfacet
  facet normal -0.7409511253549614 0.6715589548470159 0
    outer loop
      vertex -4.268339023969126 -0.6661129483718278 -1.5
      vertex -4.337537879754125 -0.742462120245875 1.5
      vertex -4.268339023969126 -0.6661129483718278 1.5
    endloop
  endfacet
  facet normal -0.8032075314806439 0.5956993044924348 0
    outer loop
      vertex -4.206956907082327 -0.5833487446705823 -1.5
      vertex -4.268339023969126 -0.6661129483718278 1.5
      vertex -4.206956907082327 -0.5833487446705823 1.5
    endloop
  endfacet
  facet normal -0.8577286100002735 0.5141027441932196 0
    outer loop
      vertex -4.1539826724342275 -0.49496657366729757 -1.5
      vertex -4.206956907082327 -0.5833487446705823 1.5
      vertex -4.1539826724342275 -0.49496657366729757 1.5
    endloop
  endfacet
  facet normal -0.9039892931234427 0.42755509343028336 0
    outer loop
      vertex -4.109926490863149 -0.40181760398334426 -1.5
      vertex -4.1539826724342275 -0.49496657366729757 1.5
      vertex -4.109926490863149 -0.40181760398334426 1.5
    endloop
  endfacet
  facet normal -0.9415440651830195 0.3368898533922241 0
    outer loop
      vertex -4.07521264748118 -0.30479891111718543 -1.5
      vertex -4.109926490863149 -0.40181760398334426 1.5
      vertex -4.07521264748118 -0.30479891111718543 1.5
    endloop
  endfacet
  facet normal -0.9700312531945445 0.24298017990326184 0
    outer loop
      vertex -4.050175455576608 -0.20484483811693466 -1.5
      vertex -4.07521264748118 -0.30479891111718543 1.5
      vertex -4.050175455576608 -0.20484483811693466 1.5
    endloop
  endfacet
  facet normal -0.9891765099647815 0.1467304744553583 0
    outer loop
      vertex -4.0350560369941935 -0.10291799734603864 -1.5
      vertex -4.050175455576608 -0.20484483811693466 1.5
      vertex -4.0350560369941935 -0.10291799734603864 1.5
    endloop
  endfacet
  facet normal -0.9987954562051725 0.049067674327417474 4.939959012256537e-20
    outer loop
      vertex -4.0350560369941935 -0.10291799734603864 1.5
      vertex -4.03 0 1.5
      vertex -4.03 0 -1.5
    endloop
  endfacet
  facet normal 0.9987954562051725 -0.049067674327417474 4.939959012256537e-20
    outer loop
      vertex -6.13 0 -1.5
      vertex -6.124943963005807 0.10291799734603864 -1.5
      vertex -6.124943963005807 0.10291799734603864 1.5
    endloop
  endfacet
  facet normal 0.9891765099647815 -0.1467304744553583 -2.261034258364676e-19
    outer loop
      vertex -6.124943963005807 0.10291799734603864 -1.5
      vertex -6.109824544423392 0.20484483811693466 -1.5
      vertex -6.109824544423392 0.20484483811693466 1.5
    endloop
  endfacet
  facet normal 0.9700312531945445 -0.24298017990326184 5.237215146628428e-19
    outer loop
      vertex -6.109824544423392 0.20484483811693466 -1.5
      vertex -6.08478735251882 0.30479891111718543 -1.5
      vertex -6.08478735251882 0.30479891111718543 1.5
    endloop
  endfacet
  facet normal 0.9415440651830195 -0.3368898533922241 6.494139709138778e-19
    outer loop
      vertex -6.08478735251882 0.30479891111718543 -1.5
      vertex -6.050073509136851 0.40181760398334426 -1.5
      vertex -6.050073509136851 0.40181760398334426 1.5
    endloop
  endfacet
  facet normal 0.9039892931234427 -0.42755509343028336 -2.525845316327742e-19
    outer loop
      vertex -6.050073509136851 0.40181760398334426 -1.5
      vertex -6.006017327565773 0.49496657366729757 -1.5
      vertex -6.006017327565773 0.49496657366729757 1.5
    endloop
  endfacet
  facet normal 0.8577286100002735 -0.5141027441932196 -8.331806404559392e-19
    outer loop
      vertex -6.006017327565773 0.49496657366729757 -1.5
      vertex -5.953043092917673 0.5833487446705823 -1.5
      vertex -5.953043092917673 0.5833487446705823 1.5
    endloop
  endfacet
  facet normal 0.8032075314806439 -0.5956993044924348 -6.633457241657959e-20
    outer loop
      vertex -5.953043092917673 0.5833487446705823 -1.5
      vertex -5.891660976030874 0.6661129483718278 -1.5
      vertex -5.891660976030874 0.6661129483718278 1.5
    endloop
  endfacet
  facet normal 0.7409511253549614 -0.6715589548470159 5.409831301415704e-20
    outer loop
      vertex -5.891660976030874 0.6661129483718278 -1.5
      vertex -5.822462120245875 0.742462120245875 -1.5
      vertex -5.822462120245875 0.742462120245875 1.5
    endloop
  endfacet
  facet normal 0.6715589548470144 -0.7409511253549627 1.3526541528152386e-18
    outer loop
      vertex -5.822462120245875 0.742462120245875 -1.5
      vertex -5.746112948371827 0.8116609760308738 -1.5
      vertex -5.746112948371827 0.8116609760308738 1.5
    endloop
  endfacet
  facet normal 0.5956993044924344 -0.803207531480644 2.1015916447155492e-19
    outer loop
      vertex -5.746112948371827 0.8116609760308738 -1.5
      vertex -5.663348744670582 0.8730430929176726 -1.5
      vertex -5.663348744670582 0.8730430929176726 1.5
    endloop
  endfacet
  facet normal 0.5141027441932223 -0.8577286100002717 -3.8971169151892724e-19
    outer loop
      vertex -5.663348744670582 0.8730430929176726 -1.5
      vertex -5.5749665736672975 0.9260173275657728 -1.5
      vertex -5.5749665736672975 0.9260173275657728 1.5
    endloop
  endfacet
  facet normal 0.42755509343028303 -0.9039892931234428 9.165969238680183e-19
    outer loop
      vertex -5.5749665736672975 0.9260173275657728 -1.5
      vertex -5.481817603983345 0.9700735091368511 -1.5
      vertex -5.481817603983345 0.9700735091368511 1.5
    endloop
  endfacet
  facet normal 0.3368898533922186 -0.9415440651830215 -6.320479109714384e-19
    outer loop
      vertex -5.481817603983345 0.9700735091368511 -1.5
      vertex -5.384798911117185 1.0047873525188193 -1.5
      vertex -5.384798911117185 1.0047873525188193 1.5
    endloop
  endfacet
  facet normal 0.24298017990326426 -0.970031253194544 -9.047357901759916e-20
    outer loop
      vertex -5.384798911117185 1.0047873525188193 -1.5
      vertex -5.284844838116935 1.029824544423392 -1.5
      vertex -5.284844838116935 1.029824544423392 1.5
    endloop
  endfacet
  facet normal -0.5956993044924344 -0.803207531480644 -2.1015916447155492e-19
    outer loop
      vertex -4.496651255329418 0.8730430929176726 -1.5
      vertex -4.413887051628173 0.8116609760308738 -1.5
      vertex -4.413887051628173 0.8116609760308738 1.5
    endloop
  endfacet
  facet normal 0.14673047445536225 -0.9891765099647808 2.240855501560982e-21
    outer loop
      vertex -5.284844838116935 1.029824544423392 -1.5
      vertex -5.182917997346038 1.0449439630058068 -1.5
      vertex -5.182917997346038 1.0449439630058068 1.5
    endloop
  endfacet
  facet normal 0.049067674327417606 -0.9987954562051723 -1.577518085209462e-19
    outer loop
      vertex -5.182917997346038 1.0449439630058068 -1.5
      vertex -5.08 1.05 -1.5
      vertex -5.08 1.05 1.5
    endloop
  endfacet
  facet normal -0.049067674327417606 -0.9987954562051723 1.577518085209462e-19
    outer loop
      vertex -5.08 1.05 -1.5
      vertex -4.977082002653962 1.0449439630058068 -1.5
      vertex -4.977082002653962 1.0449439630058068 1.5
    endloop
  endfacet
  facet normal -0.14673047445536225 -0.9891765099647808 -2.240855501560982e-21
    outer loop
      vertex -4.977082002653962 1.0449439630058068 -1.5
      vertex -4.8751551618830655 1.029824544423392 -1.5
      vertex -4.8751551618830655 1.029824544423392 1.5
    endloop
  endfacet
  facet normal -0.24298017990326426 -0.970031253194544 9.047357901759916e-20
    outer loop
      vertex -4.8751551618830655 1.029824544423392 -1.5
      vertex -4.775201088882815 1.0047873525188193 -1.5
      vertex -4.775201088882815 1.0047873525188193 1.5
    endloop
  endfacet
  facet normal -0.3368898533922186 -0.9415440651830215 6.320479109714384e-19
    outer loop
      vertex -4.775201088882815 1.0047873525188193 -1.5
      vertex -4.6781823960166555 0.9700735091368511 -1.5
      vertex -4.6781823960166555 0.9700735091368511 1.5
    endloop
  endfacet
  facet normal -0.42755509343028303 -0.9039892931234428 -9.165969238680183e-19
    outer loop
      vertex -4.6781823960166555 0.9700735091368511 -1.5
      vertex -4.585033426332703 0.9260173275657728 -1.5
      vertex -4.585033426332703 0.9260173275657728 1.5
    endloop
  endfacet
  facet normal -0.5141027441932223 -0.8577286100002717 0
    outer loop
      vertex -4.496651255329418 0.8730430929176726 -1.5
      vertex -4.496651255329418 0.8730430929176726 1.5
      vertex -4.585033426332703 0.9260173275657728 -1.5
    endloop
  endfacet
  facet normal -0.9891765099647815 -0.1467304744553583 2.261034258364676e-19
    outer loop
      vertex -4.050175455576608 0.20484483811693466 -1.5
      vertex -4.0350560369941935 0.10291799734603864 -1.5
      vertex -4.0350560369941935 0.10291799734603864 1.5
    endloop
  endfacet
  facet normal -0.9987954562051725 -0.049067674327417474 0
    outer loop
      vertex -4.03 0 -1.5
      vertex -4.03 0 1.5
      vertex -4.0350560369941935 0.10291799734603864 -1.5
    endloop
  endfacet
  facet normal -0.9700312531945445 -0.24298017990326184 0
    outer loop
      vertex -4.050175455576608 0.20484483811693466 -1.5
      vertex -4.050175455576608 0.20484483811693466 1.5
      vertex -4.07521264748118 0.30479891111718543 -1.5
    endloop
  endfacet
  facet normal -0.9039892931234427 -0.42755509343028336 0
    outer loop
      vertex -4.109926490863149 0.40181760398334426 -1.5
      vertex -4.109926490863149 0.40181760398334426 1.5
      vertex -4.1539826724342275 0.49496657366729757 -1.5
    endloop
  endfacet
  facet normal -0.9415440651830195 -0.3368898533922241 0
    outer loop
      vertex -4.07521264748118 0.30479891111718543 -1.5
      vertex -4.07521264748118 0.30479891111718543 1.5
      vertex -4.109926490863149 0.40181760398334426 -1.5
    endloop
  endfacet
  facet normal -0.8577286100002735 -0.5141027441932196 0
    outer loop
      vertex -4.1539826724342275 0.49496657366729757 -1.5
      vertex -4.1539826724342275 0.49496657366729757 1.5
      vertex -4.206956907082327 0.5833487446705823 -1.5
    endloop
  endfacet
  facet normal -0.8032075314806439 -0.5956993044924348 0
    outer loop
      vertex -4.206956907082327 0.5833487446705823 -1.5
      vertex -4.206956907082327 0.5833487446705823 1.5
      vertex -4.268339023969126 0.6661129483718278 -1.5
    endloop
  endfacet
  facet normal -0.7409511253549614 -0.6715589548470159 -5.409831301415704e-20
    outer loop
      vertex -4.337537879754125 0.742462120245875 -1.5
      vertex -4.268339023969126 0.6661129483718278 -1.5
      vertex -4.268339023969126 0.6661129483718278 1.5
    endloop
  endfacet
  facet normal -0.6715589548470144 -0.7409511253549627 -1.3526541528152386e-18
    outer loop
      vertex -4.413887051628173 0.8116609760308738 -1.5
      vertex -4.337537879754125 0.742462120245875 -1.5
      vertex -4.337537879754125 0.742462120245875 1.5
    endloop
  endfacet
  facet normal 0.9987954562051725 -0.049067674327417474 0
    outer loop
      vertex -6.13 0 -1.5
      vertex -6.124943963005807 0.10291799734603864 1.5
      vertex -6.13 0 1.5
    endloop
  endfacet
  facet normal 0.9891765099647815 -0.1467304744553583 0
    outer loop
      vertex -6.124943963005807 0.10291799734603864 -1.5
      vertex -6.109824544423392 0.20484483811693466 1.5
      vertex -6.124943963005807 0.10291799734603864 1.5
    endloop
  endfacet
  facet normal 0.9700312531945445 -0.24298017990326184 0
    outer loop
      vertex -6.109824544423392 0.20484483811693466 -1.5
      vertex -6.08478735251882 0.30479891111718543 1.5
      vertex -6.109824544423392 0.20484483811693466 1.5
    endloop
  endfacet
  facet normal 0.9415440651830195 -0.3368898533922241 0
    outer loop
      vertex -6.08478735251882 0.30479891111718543 -1.5
      vertex -6.050073509136851 0.40181760398334426 1.5
      vertex -6.08478735251882 0.30479891111718543 1.5
    endloop
  endfacet
  facet normal 0.9039892931234427 -0.42755509343028336 0
    outer loop
      vertex -6.050073509136851 0.40181760398334426 -1.5
      vertex -6.006017327565773 0.49496657366729757 1.5
      vertex -6.050073509136851 0.40181760398334426 1.5
    endloop
  endfacet
  facet normal 0.8577286100002735 -0.5141027441932196 0
    outer loop
      vertex -6.006017327565773 0.49496657366729757 -1.5
      vertex -5.953043092917673 0.5833487446705823 1.5
      vertex -6.006017327565773 0.49496657366729757 1.5
    endloop
  endfacet
  facet normal 0.8032075314806439 -0.5956993044924348 0
    outer loop
      vertex -5.953043092917673 0.5833487446705823 -1.5
      vertex -5.891660976030874 0.6661129483718278 1.5
      vertex -5.953043092917673 0.5833487446705823 1.5
    endloop
  endfacet
  facet normal 0.7409511253549614 -0.6715589548470159 0
    outer loop
      vertex -5.891660976030874 0.6661129483718278 -1.5
      vertex -5.822462120245875 0.742462120245875 1.5
      vertex -5.891660976030874 0.6661129483718278 1.5
    endloop
  endfacet
  facet normal 0.6715589548470144 -0.7409511253549627 0
    outer loop
      vertex -5.822462120245875 0.742462120245875 -1.5
      vertex -5.746112948371827 0.8116609760308738 1.5
      vertex -5.822462120245875 0.742462120245875 1.5
    endloop
  endfacet
  facet normal 0.5956993044924344 -0.803207531480644 0
    outer loop
      vertex -5.746112948371827 0.8116609760308738 -1.5
      vertex -5.663348744670582 0.8730430929176726 1.5
      vertex -5.746112948371827 0.8116609760308738 1.5
    endloop
  endfacet
  facet normal 0.5141027441932223 -0.8577286100002717 0
    outer loop
      vertex -5.663348744670582 0.8730430929176726 -1.5
      vertex -5.5749665736672975 0.9260173275657728 1.5
      vertex -5.663348744670582 0.8730430929176726 1.5
    endloop
  endfacet
  facet normal 0.42755509343028303 -0.9039892931234428 0
    outer loop
      vertex -5.5749665736672975 0.9260173275657728 -1.5
      vertex -5.481817603983345 0.9700735091368511 1.5
      vertex -5.5749665736672975 0.9260173275657728 1.5
    endloop
  endfacet
  facet normal 0.3368898533922186 -0.9415440651830215 0
    outer loop
      vertex -5.481817603983345 0.9700735091368511 -1.5
      vertex -5.384798911117185 1.0047873525188193 1.5
      vertex -5.481817603983345 0.9700735091368511 1.5
    endloop
  endfacet
  facet normal 0.24298017990326426 -0.970031253194544 0
    outer loop
      vertex -5.384798911117185 1.0047873525188193 -1.5
      vertex -5.284844838116935 1.029824544423392 1.5
      vertex -5.384798911117185 1.0047873525188193 1.5
    endloop
  endfacet
  facet normal 0.14673047445536225 -0.9891765099647808 0
    outer loop
      vertex -5.284844838116935 1.029824544423392 -1.5
      vertex -5.182917997346038 1.0449439630058068 1.5
      vertex -5.284844838116935 1.029824544423392 1.5
    endloop
  endfacet
  facet normal -0.5956993044924344 -0.803207531480644 0
    outer loop
      vertex -4.496651255329418 0.8730430929176726 -1.5
      vertex -4.413887051628173 0.8116609760308738 1.5
      vertex -4.496651255329418 0.8730430929176726 1.5
    endloop
  endfacet
  facet normal -0.6715589548470144 -0.7409511253549627 0
    outer loop
      vertex -4.413887051628173 0.8116609760308738 -1.5
      vertex -4.337537879754125 0.742462120245875 1.5
      vertex -4.413887051628173 0.8116609760308738 1.5
    endloop
  endfacet
  facet normal 0.049067674327417606 -0.9987954562051723 0
    outer loop
      vertex -5.182917997346038 1.0449439630058068 -1.5
      vertex -5.08 1.05 1.5
      vertex -5.182917997346038 1.0449439630058068 1.5
    endloop
  endfacet
  facet normal -0.049067674327417606 -0.9987954562051723 0
    outer loop
      vertex -5.08 1.05 -1.5
      vertex -4.977082002653962 1.0449439630058068 1.5
      vertex -5.08 1.05 1.5
    endloop
  endfacet
  facet normal -0.14673047445536225 -0.9891765099647808 0
    outer loop
      vertex -4.977082002653962 1.0449439630058068 -1.5
      vertex -4.8751551618830655 1.029824544423392 1.5
      vertex -4.977082002653962 1.0449439630058068 1.5
    endloop
  endfacet
  facet normal -0.24298017990326426 -0.970031253194544 0
    outer loop
      vertex -4.8751551618830655 1.029824544423392 -1.5
      vertex -4.775201088882815 1.0047873525188193 1.5
      vertex -4.8751551618830655 1.029824544423392 1.5
    endloop
  endfacet
  facet normal -0.3368898533922186 -0.9415440651830215 0
    outer loop
      vertex -4.775201088882815 1.0047873525188193 -1.5
      vertex -4.6781823960166555 0.9700735091368511 1.5
      vertex -4.775201088882815 1.0047873525188193 1.5
    endloop
  endfacet
  facet normal -0.42755509343028303 -0.9039892931234428 0
    outer loop
      vertex -4.6781823960166555 0.9700735091368511 -1.5
      vertex -4.585033426332703 0.9260173275657728 1.5
      vertex -4.6781823960166555 0.9700735091368511 1.5
    endloop
  endfacet
  facet normal -0.5141027441932223 -0.8577286100002717 0
    outer loop
      vertex -4.585033426332703 0.9260173275657728 -1.5
      vertex -4.496651255329418 0.8730430929176726 1.5
      vertex -4.585033426332703 0.9260173275657728 1.5
    endloop
  endfacet
  facet normal -0.9891765099647815 -0.1467304744553583 0
    outer loop
      vertex -4.050175455576608 0.20484483811693466 -1.5
      vertex -4.0350560369941935 0.10291799734603864 1.5
      vertex -4.050175455576608 0.20484483811693466 1.5
    endloop
  endfacet
  facet normal -0.9987954562051725 -0.049067674327417474 0
    outer loop
      vertex -4.0350560369941935 0.10291799734603864 -1.5
      vertex -4.03 0 1.5
      vertex -4.0350560369941935 0.10291799734603864 1.5
    endloop
  endfacet
  facet normal -0.9700312531945445 -0.24298017990326184 0
    outer loop
      vertex -4.07521264748118 0.30479891111718543 -1.5
      vertex -4.050175455576608 0.20484483811693466 1.5
      vertex -4.07521264748118 0.30479891111718543 1.5
    endloop
  endfacet
  facet normal -0.9415440651830195 -0.3368898533922241 0
    outer loop
      vertex -4.109926490863149 0.40181760398334426 -1.5
      vertex -4.07521264748118 0.30479891111718543 1.5
      vertex -4.109926490863149 0.40181760398334426 1.5
    endloop
  endfacet
  facet normal -0.8032075314806439 -0.5956993044924348 0
    outer loop
      vertex -4.268339023969126 0.6661129483718278 -1.5
      vertex -4.206956907082327 0.5833487446705823 1.5
      vertex -4.268339023969126 0.6661129483718278 1.5
    endloop
  endfacet
  facet normal -0.8577286100002735 -0.5141027441932196 0
    outer loop
      vertex -4.206956907082327 0.5833487446705823 -1.5
      vertex -4.1539826724342275 0.49496657366729757 1.5
      vertex -4.206956907082327 0.5833487446705823 1.5
    endloop
  endfacet
  facet normal -0.7409511253549614 -0.6715589548470159 0
    outer loop
      vertex -4.337537879754125 0.742462120245875 -1.5
      vertex -4.268339023969126 0.6661129483718278 1.5
      vertex -4.337537879754125 0.742462120245875 1.5
    endloop
  endfacet
  facet normal -0.9039892931234427 -0.42755509343028336 0
    outer loop
      vertex -4.1539826724342275 0.49496657366729757 -1.5
      vertex -4.109926490863149 0.40181760398334426 1.5
      vertex -4.1539826724342275 0.49496657366729757 1.5
    endloop
  endfacet
  facet normal 0.6715589548470144 0.7409511253549627 0
    outer loop
      vertex 4.337537879754125 -0.742462120245875 -1.5
      vertex 4.337537879754125 -0.742462120245875 1.5
      vertex 4.413887051628173 -0.8116609760308738 -1.5
    endloop
  endfacet
  facet normal 0.7409511253549614 0.6715589548470159 0
    outer loop
      vertex 4.268339023969126 -0.6661129483718278 -1.5
      vertex 4.268339023969126 -0.6661129483718278 1.5
      vertex 4.337537879754125 -0.742462120245875 -1.5
    endloop
  endfacet
  facet normal 0.8032075314806439 0.5956993044924348 6.633457241657959e-20
    outer loop
      vertex 4.268339023969126 -0.6661129483718278 -1.5
      vertex 4.206956907082327 -0.5833487446705823 -1.5
      vertex 4.206956907082327 -0.5833487446705823 1.5
    endloop
  endfacet
  facet normal 0.8577286100002735 0.5141027441932196 8.331806404559392e-19
    outer loop
      vertex 4.206956907082327 -0.5833487446705823 -1.5
      vertex 4.1539826724342275 -0.49496657366729757 -1.5
      vertex 4.1539826724342275 -0.49496657366729757 1.5
    endloop
  endfacet
  facet normal 0.9415440651830195 0.3368898533922241 -6.494139709138778e-19
    outer loop
      vertex 4.109926490863149 -0.40181760398334426 -1.5
      vertex 4.07521264748118 -0.30479891111718543 -1.5
      vertex 4.07521264748118 -0.30479891111718543 1.5
    endloop
  endfacet
  facet normal 0.9039892931234427 0.42755509343028336 2.525845316327742e-19
    outer loop
      vertex 4.1539826724342275 -0.49496657366729757 -1.5
      vertex 4.109926490863149 -0.40181760398334426 -1.5
      vertex 4.109926490863149 -0.40181760398334426 1.5
    endloop
  endfacet
  facet normal 0.9700312531945445 0.24298017990326184 -5.237215146628428e-19
    outer loop
      vertex 4.07521264748118 -0.30479891111718543 -1.5
      vertex 4.050175455576608 -0.20484483811693466 -1.5
      vertex 4.050175455576608 -0.20484483811693466 1.5
    endloop
  endfacet
  facet normal 0.9987954562051725 0.049067674327417474 -4.939959012256537e-20
    outer loop
      vertex 4.0350560369941935 -0.10291799734603864 -1.5
      vertex 4.03 0 -1.5
      vertex 4.03 0 1.5
    endloop
  endfacet
  facet normal 0.9891765099647815 0.1467304744553583 0
    outer loop
      vertex 4.0350560369941935 -0.10291799734603864 -1.5
      vertex 4.0350560369941935 -0.10291799734603864 1.5
      vertex 4.050175455576608 -0.20484483811693466 -1.5
    endloop
  endfacet
  facet normal 0.5141027441932223 0.8577286100002717 3.8971169151892724e-19
    outer loop
      vertex 4.585033426332703 -0.9260173275657728 -1.5
      vertex 4.496651255329418 -0.8730430929176726 -1.5
      vertex 4.496651255329418 -0.8730430929176726 1.5
    endloop
  endfacet
  facet normal 0.42755509343028303 0.9039892931234428 0
    outer loop
      vertex 4.585033426332703 -0.9260173275657728 -1.5
      vertex 4.585033426332703 -0.9260173275657728 1.5
      vertex 4.6781823960166555 -0.9700735091368511 -1.5
    endloop
  endfacet
  facet normal 0.3368898533922186 0.9415440651830215 0
    outer loop
      vertex 4.6781823960166555 -0.9700735091368511 -1.5
      vertex 4.6781823960166555 -0.9700735091368511 1.5
      vertex 4.775201088882815 -1.0047873525188193 -1.5
    endloop
  endfacet
  facet normal 0.24298017990326426 0.970031253194544 0
    outer loop
      vertex 4.775201088882815 -1.0047873525188193 -1.5
      vertex 4.775201088882815 -1.0047873525188193 1.5
      vertex 4.8751551618830655 -1.029824544423392 -1.5
    endloop
  endfacet
  facet normal 0.14673047445536225 0.9891765099647808 0
    outer loop
      vertex 4.8751551618830655 -1.029824544423392 -1.5
      vertex 4.8751551618830655 -1.029824544423392 1.5
      vertex 4.977082002653962 -1.0449439630058068 -1.5
    endloop
  endfacet
  facet normal 0.049067674327417606 0.9987954562051723 0
    outer loop
      vertex 4.977082002653962 -1.0449439630058068 -1.5
      vertex 4.977082002653962 -1.0449439630058068 1.5
      vertex 5.08 -1.05 -1.5
    endloop
  endfacet
  facet normal -0.049067674327417606 0.9987954562051723 0
    outer loop
      vertex 5.08 -1.05 -1.5
      vertex 5.08 -1.05 1.5
      vertex 5.182917997346038 -1.0449439630058068 -1.5
    endloop
  endfacet
  facet normal -0.14673047445536225 0.9891765099647808 0
    outer loop
      vertex 5.182917997346038 -1.0449439630058068 -1.5
      vertex 5.182917997346038 -1.0449439630058068 1.5
      vertex 5.284844838116935 -1.029824544423392 -1.5
    endloop
  endfacet
  facet normal 0.5956993044924344 0.803207531480644 0
    outer loop
      vertex 4.413887051628173 -0.8116609760308738 -1.5
      vertex 4.413887051628173 -0.8116609760308738 1.5
      vertex 4.496651255329418 -0.8730430929176726 -1.5
    endloop
  endfacet
  facet normal -0.24298017990326426 0.970031253194544 0
    outer loop
      vertex 5.284844838116935 -1.029824544423392 -1.5
      vertex 5.284844838116935 -1.029824544423392 1.5
      vertex 5.384798911117185 -1.0047873525188193 -1.5
    endloop
  endfacet
  facet normal -0.3368898533922186 0.9415440651830215 0
    outer loop
      vertex 5.384798911117185 -1.0047873525188193 -1.5
      vertex 5.384798911117185 -1.0047873525188193 1.5
      vertex 5.481817603983345 -0.9700735091368511 -1.5
    endloop
  endfacet
  facet normal -0.42755509343028303 0.9039892931234428 0
    outer loop
      vertex 5.481817603983345 -0.9700735091368511 -1.5
      vertex 5.481817603983345 -0.9700735091368511 1.5
      vertex 5.5749665736672975 -0.9260173275657728 -1.5
    endloop
  endfacet
  facet normal -0.5141027441932223 0.8577286100002717 0
    outer loop
      vertex 5.5749665736672975 -0.9260173275657728 -1.5
      vertex 5.5749665736672975 -0.9260173275657728 1.5
      vertex 5.663348744670582 -0.8730430929176726 -1.5
    endloop
  endfacet
  facet normal -0.5956993044924344 0.803207531480644 0
    outer loop
      vertex 5.663348744670582 -0.8730430929176726 -1.5
      vertex 5.663348744670582 -0.8730430929176726 1.5
      vertex 5.746112948371827 -0.8116609760308738 -1.5
    endloop
  endfacet
  facet normal -0.6715589548470144 0.7409511253549627 0
    outer loop
      vertex 5.746112948371827 -0.8116609760308738 -1.5
      vertex 5.746112948371827 -0.8116609760308738 1.5
      vertex 5.822462120245875 -0.742462120245875 -1.5
    endloop
  endfacet
  facet normal -0.7409511253549614 0.6715589548470159 0
    outer loop
      vertex 5.822462120245875 -0.742462120245875 -1.5
      vertex 5.822462120245875 -0.742462120245875 1.5
      vertex 5.891660976030874 -0.6661129483718278 -1.5
    endloop
  endfacet
  facet normal -0.8032075314806439 0.5956993044924348 0
    outer loop
      vertex 5.891660976030874 -0.6661129483718278 -1.5
      vertex 5.891660976030874 -0.6661129483718278 1.5
      vertex 5.953043092917673 -0.5833487446705823 -1.5
    endloop
  endfacet
  facet normal -0.8577286100002735 0.5141027441932196 0
    outer loop
      vertex 5.953043092917673 -0.5833487446705823 -1.5
      vertex 5.953043092917673 -0.5833487446705823 1.5
      vertex 6.006017327565773 -0.49496657366729757 -1.5
    endloop
  endfacet
  facet normal -0.9039892931234427 0.42755509343028336 0
    outer loop
      vertex 6.006017327565773 -0.49496657366729757 -1.5
      vertex 6.006017327565773 -0.49496657366729757 1.5
      vertex 6.050073509136851 -0.40181760398334426 -1.5
    endloop
  endfacet
  facet normal -0.9415440651830195 0.3368898533922241 0
    outer loop
      vertex 6.050073509136851 -0.40181760398334426 -1.5
      vertex 6.050073509136851 -0.40181760398334426 1.5
      vertex 6.08478735251882 -0.30479891111718543 -1.5
    endloop
  endfacet
  facet normal -0.9700312531945445 0.24298017990326184 0
    outer loop
      vertex 6.08478735251882 -0.30479891111718543 -1.5
      vertex 6.08478735251882 -0.30479891111718543 1.5
      vertex 6.109824544423392 -0.20484483811693466 -1.5
    endloop
  endfacet
  facet normal -0.9891765099647815 0.1467304744553583 0
    outer loop
      vertex 6.109824544423392 -0.20484483811693466 -1.5
      vertex 6.109824544423392 -0.20484483811693466 1.5
      vertex 6.124943963005807 -0.10291799734603864 -1.5
    endloop
  endfacet
  facet normal -0.9987954562051725 0.049067674327417474 0
    outer loop
      vertex 6.124943963005807 -0.10291799734603864 -1.5
      vertex 6.124943963005807 -0.10291799734603864 1.5
      vertex 6.13 0 -1.5
    endloop
  endfacet
  facet normal 0.9039892931234427 0.42755509343028336 0
    outer loop
      vertex 4.1539826724342275 -0.49496657366729757 -1.5
      vertex 4.109926490863149 -0.40181760398334426 1.5
      vertex 4.1539826724342275 -0.49496657366729757 1.5
    endloop
  endfacet
  facet normal 0.7409511253549614 0.6715589548470159 0
    outer loop
      vertex 4.337537879754125 -0.742462120245875 -1.5
      vertex 4.268339023969126 -0.6661129483718278 1.5
      vertex 4.337537879754125 -0.742462120245875 1.5
    endloop
  endfacet
  facet normal 0.8577286100002735 0.5141027441932196 0
    outer loop
      vertex 4.206956907082327 -0.5833487446705823 -1.5
      vertex 4.1539826724342275 -0.49496657366729757 1.5
      vertex 4.206956907082327 -0.5833487446705823 1.5
    endloop
  endfacet
  facet normal 0.8032075314806439 0.5956993044924348 0
    outer loop
      vertex 4.268339023969126 -0.6661129483718278 -1.5
      vertex 4.206956907082327 -0.5833487446705823 1.5
      vertex 4.268339023969126 -0.6661129483718278 1.5
    endloop
  endfacet
  facet normal 0.9415440651830195 0.3368898533922241 0
    outer loop
      vertex 4.109926490863149 -0.40181760398334426 -1.5
      vertex 4.07521264748118 -0.30479891111718543 1.5
      vertex 4.109926490863149 -0.40181760398334426 1.5
    endloop
  endfacet
  facet normal 0.9700312531945445 0.24298017990326184 0
    outer loop
      vertex 4.07521264748118 -0.30479891111718543 -1.5
      vertex 4.050175455576608 -0.20484483811693466 1.5
      vertex 4.07521264748118 -0.30479891111718543 1.5
    endloop
  endfacet
  facet normal 0.9987954562051725 0.049067674327417474 0
    outer loop
      vertex 4.0350560369941935 -0.10291799734603864 -1.5
      vertex 4.03 0 1.5
      vertex 4.0350560369941935 -0.10291799734603864 1.5
    endloop
  endfacet
  facet normal 0.9891765099647815 0.1467304744553583 0
    outer loop
      vertex 4.050175455576608 -0.20484483811693466 -1.5
      vertex 4.0350560369941935 -0.10291799734603864 1.5
      vertex 4.050175455576608 -0.20484483811693466 1.5
    endloop
  endfacet
  facet normal 0.5141027441932223 0.8577286100002717 0
    outer loop
      vertex 4.585033426332703 -0.9260173275657728 -1.5
      vertex 4.496651255329418 -0.8730430929176726 1.5
      vertex 4.585033426332703 -0.9260173275657728 1.5
    endloop
  endfacet
  facet normal 0.42755509343028303 0.9039892931234428 0
    outer loop
      vertex 4.6781823960166555 -0.9700735091368511 -1.5
      vertex 4.585033426332703 -0.9260173275657728 1.5
      vertex 4.6781823960166555 -0.9700735091368511 1.5
    endloop
  endfacet
  facet normal 0.3368898533922186 0.9415440651830215 0
    outer loop
      vertex 4.775201088882815 -1.0047873525188193 -1.5
      vertex 4.6781823960166555 -0.9700735091368511 1.5
      vertex 4.775201088882815 -1.0047873525188193 1.5
    endloop
  endfacet
  facet normal 0.24298017990326426 0.970031253194544 0
    outer loop
      vertex 4.8751551618830655 -1.029824544423392 -1.5
      vertex 4.775201088882815 -1.0047873525188193 1.5
      vertex 4.8751551618830655 -1.029824544423392 1.5
    endloop
  endfacet
  facet normal 0.14673047445536225 0.9891765099647808 0
    outer loop
      vertex 4.977082002653962 -1.0449439630058068 -1.5
      vertex 4.8751551618830655 -1.029824544423392 1.5
      vertex 4.977082002653962 -1.0449439630058068 1.5
    endloop
  endfacet
  facet normal 0.049067674327417606 0.9987954562051723 0
    outer loop
      vertex 5.08 -1.05 -1.5
      vertex 4.977082002653962 -1.0449439630058068 1.5
      vertex 5.08 -1.05 1.5
    endloop
  endfacet
  facet normal -0.049067674327417606 0.9987954562051723 0
    outer loop
      vertex 5.182917997346038 -1.0449439630058068 -1.5
      vertex 5.08 -1.05 1.5
      vertex 5.182917997346038 -1.0449439630058068 1.5
    endloop
  endfacet
  facet normal 0.6715589548470144 0.7409511253549627 0
    outer loop
      vertex 4.413887051628173 -0.8116609760308738 -1.5
      vertex 4.337537879754125 -0.742462120245875 1.5
      vertex 4.413887051628173 -0.8116609760308738 1.5
    endloop
  endfacet
  facet normal 0.5956993044924344 0.803207531480644 0
    outer loop
      vertex 4.496651255329418 -0.8730430929176726 -1.5
      vertex 4.413887051628173 -0.8116609760308738 1.5
      vertex 4.496651255329418 -0.8730430929176726 1.5
    endloop
  endfacet
  facet normal -0.14673047445536225 0.9891765099647808 0
    outer loop
      vertex 5.284844838116935 -1.029824544423392 -1.5
      vertex 5.182917997346038 -1.0449439630058068 1.5
      vertex 5.284844838116935 -1.029824544423392 1.5
    endloop
  endfacet
  facet normal -0.24298017990326426 0.970031253194544 0
    outer loop
      vertex 5.384798911117185 -1.0047873525188193 -1.5
      vertex 5.284844838116935 -1.029824544423392 1.5
      vertex 5.384798911117185 -1.0047873525188193 1.5
    endloop
  endfacet
  facet normal -0.3368898533922186 0.9415440651830215 0
    outer loop
      vertex 5.481817603983345 -0.9700735091368511 -1.5
      vertex 5.384798911117185 -1.0047873525188193 1.5
      vertex 5.481817603983345 -0.9700735091368511 1.5
    endloop
  endfacet
  facet normal -0.42755509343028303 0.9039892931234428 0
    outer loop
      vertex 5.5749665736672975 -0.9260173275657728 -1.5
      vertex 5.481817603983345 -0.9700735091368511 1.5
      vertex 5.5749665736672975 -0.9260173275657728 1.5
    endloop
  endfacet
  facet normal -0.5141027441932223 0.8577286100002717 0
    outer loop
      vertex 5.663348744670582 -0.8730430929176726 -1.5
      vertex 5.5749665736672975 -0.9260173275657728 1.5
      vertex 5.663348744670582 -0.8730430929176726 1.5
    endloop
  endfacet
  facet normal -0.5956993044924344 0.803207531480644 0
    outer loop
      vertex 5.746112948371827 -0.8116609760308738 -1.5
      vertex 5.663348744670582 -0.8730430929176726 1.5
      vertex 5.746112948371827 -0.8116609760308738 1.5
    endloop
  endfacet
  facet normal -0.6715589548470144 0.7409511253549627 0
    outer loop
      vertex 5.822462120245875 -0.742462120245875 -1.5
      vertex 5.746112948371827 -0.8116609760308738 1.5
      vertex 5.822462120245875 -0.742462120245875 1.5
    endloop
  endfacet
  facet normal -0.7409511253549614 0.6715589548470159 0
    outer loop
      vertex 5.891660976030874 -0.6661129483718278 -1.5
      vertex 5.822462120245875 -0.742462120245875 1.5
      vertex 5.891660976030874 -0.6661129483718278 1.5
    endloop
  endfacet
  facet normal -0.8032075314806439 0.5956993044924348 0
    outer loop
      vertex 5.953043092917673 -0.5833487446705823 -1.5
      vertex 5.891660976030874 -0.6661129483718278 1.5
      vertex 5.953043092917673 -0.5833487446705823 1.5
    endloop
  endfacet
  facet normal -0.8577286100002735 0.5141027441932196 0
    outer loop
      vertex 6.006017327565773 -0.49496657366729757 -1.5
      vertex 5.953043092917673 -0.5833487446705823 1.5
      vertex 6.006017327565773 -0.49496657366729757 1.5
    endloop
  endfacet
  facet normal -0.9039892931234427 0.42755509343028336 0
    outer loop
      vertex 6.050073509136851 -0.40181760398334426 -1.5
      vertex 6.006017327565773 -0.49496657366729757 1.5
      vertex 6.050073509136851 -0.40181760398334426 1.5
    endloop
  endfacet
  facet normal -0.9415440651830195 0.3368898533922241 0
    outer loop
      vertex 6.08478735251882 -0.30479891111718543 -1.5
      vertex 6.050073509136851 -0.40181760398334426 1.5
      vertex 6.08478735251882 -0.30479891111718543 1.5
    endloop
  endfacet
  facet normal -0.9700312531945445 0.24298017990326184 0
    outer loop
      vertex 6.109824544423392 -0.20484483811693466 -1.5
      vertex 6.08478735251882 -0.30479891111718543 1.5
      vertex 6.109824544423392 -0.20484483811693466 1.5
    endloop
  endfacet
  facet normal -0.9891765099647815 0.1467304744553583 0
    outer loop
      vertex 6.124943963005807 -0.10291799734603864 -1.5
      vertex 6.109824544423392 -0.20484483811693466 1.5
      vertex 6.124943963005807 -0.10291799734603864 1.5
    endloop
  endfacet
  facet normal -0.9987954562051725 0.049067674327417474 4.939959012256537e-20
    outer loop
      vertex 6.124943963005807 -0.10291799734603864 1.5
      vertex 6.13 0 1.5
      vertex 6.13 0 -1.5
    endloop
  endfacet
  facet normal 0.9987954562051725 -0.049067674327417474 4.939959012256537e-20
    outer loop
      vertex 4.03 0 -1.5
      vertex 4.0350560369941935 0.10291799734603864 -1.5
      vertex 4.0350560369941935 0.10291799734603864 1.5
    endloop
  endfacet
  facet normal 0.9891765099647815 -0.1467304744553583 -2.261034258364676e-19
    outer loop
      vertex 4.0350560369941935 0.10291799734603864 -1.5
      vertex 4.050175455576608 0.20484483811693466 -1.5
      vertex 4.050175455576608 0.20484483811693466 1.5
    endloop
  endfacet
  facet normal 0.9700312531945445 -0.24298017990326184 5.237215146628428e-19
    outer loop
      vertex 4.050175455576608 0.20484483811693466 -1.5
      vertex 4.07521264748118 0.30479891111718543 -1.5
      vertex 4.07521264748118 0.30479891111718543 1.5
    endloop
  endfacet
  facet normal 0.9415440651830195 -0.3368898533922241 6.494139709138778e-19
    outer loop
      vertex 4.07521264748118 0.30479891111718543 -1.5
      vertex 4.109926490863149 0.40181760398334426 -1.5
      vertex 4.109926490863149 0.40181760398334426 1.5
    endloop
  endfacet
  facet normal 0.9039892931234427 -0.42755509343028336 -2.525845316327742e-19
    outer loop
      vertex 4.109926490863149 0.40181760398334426 -1.5
      vertex 4.1539826724342275 0.49496657366729757 -1.5
      vertex 4.1539826724342275 0.49496657366729757 1.5
    endloop
  endfacet
  facet normal 0.8577286100002735 -0.5141027441932196 -8.331806404559392e-19
    outer loop
      vertex 4.1539826724342275 0.49496657366729757 -1.5
      vertex 4.206956907082327 0.5833487446705823 -1.5
      vertex 4.206956907082327 0.5833487446705823 1.5
    endloop
  endfacet
  facet normal 0.8032075314806439 -0.5956993044924348 -6.633457241657959e-20
    outer loop
      vertex 4.206956907082327 0.5833487446705823 -1.5
      vertex 4.268339023969126 0.6661129483718278 -1.5
      vertex 4.268339023969126 0.6661129483718278 1.5
    endloop
  endfacet
  facet normal 0.7409511253549614 -0.6715589548470159 5.409831301415704e-20
    outer loop
      vertex 4.268339023969126 0.6661129483718278 -1.5
      vertex 4.337537879754125 0.742462120245875 -1.5
      vertex 4.337537879754125 0.742462120245875 1.5
    endloop
  endfacet
  facet normal 0.6715589548470144 -0.7409511253549627 1.3526541528152386e-18
    outer loop
      vertex 4.337537879754125 0.742462120245875 -1.5
      vertex 4.413887051628173 0.8116609760308738 -1.5
      vertex 4.413887051628173 0.8116609760308738 1.5
    endloop
  endfacet
  facet normal 0.5956993044924344 -0.803207531480644 2.1015916447155492e-19
    outer loop
      vertex 4.413887051628173 0.8116609760308738 -1.5
      vertex 4.496651255329418 0.8730430929176726 -1.5
      vertex 4.496651255329418 0.8730430929176726 1.5
    endloop
  endfacet
  facet normal 0.5141027441932223 -0.8577286100002717 -3.8971169151892724e-19
    outer loop
      vertex 4.496651255329418 0.8730430929176726 -1.5
      vertex 4.585033426332703 0.9260173275657728 -1.5
      vertex 4.585033426332703 0.9260173275657728 1.5
    endloop
  endfacet
  facet normal 0.42755509343028303 -0.9039892931234428 9.165969238680183e-19
    outer loop
      vertex 4.585033426332703 0.9260173275657728 -1.5
      vertex 4.6781823960166555 0.9700735091368511 -1.5
      vertex 4.6781823960166555 0.9700735091368511 1.5
    endloop
  endfacet
  facet normal 0.3368898533922186 -0.9415440651830215 -6.320479109714384e-19
    outer loop
      vertex 4.6781823960166555 0.9700735091368511 -1.5
      vertex 4.775201088882815 1.0047873525188193 -1.5
      vertex 4.775201088882815 1.0047873525188193 1.5
    endloop
  endfacet
  facet normal 0.24298017990326426 -0.970031253194544 -9.047357901759916e-20
    outer loop
      vertex 4.775201088882815 1.0047873525188193 -1.5
      vertex 4.8751551618830655 1.029824544423392 -1.5
      vertex 4.8751551618830655 1.029824544423392 1.5
    endloop
  endfacet
  facet normal 0.14673047445536225 -0.9891765099647808 2.240855501560982e-21
    outer loop
      vertex 4.8751551618830655 1.029824544423392 -1.5
      vertex 4.977082002653962 1.0449439630058068 -1.5
      vertex 4.977082002653962 1.0449439630058068 1.5
    endloop
  endfacet
  facet normal 0.049067674327417606 -0.9987954562051723 -1.577518085209462e-19
    outer loop
      vertex 4.977082002653962 1.0449439630058068 -1.5
      vertex 5.08 1.05 -1.5
      vertex 5.08 1.05 1.5
    endloop
  endfacet
  facet normal -0.049067674327417606 -0.9987954562051723 1.577518085209462e-19
    outer loop
      vertex 5.08 1.05 -1.5
      vertex 5.182917997346038 1.0449439630058068 -1.5
      vertex 5.182917997346038 1.0449439630058068 1.5
    endloop
  endfacet
  facet normal -0.9700312531945445 -0.24298017990326184 0
    outer loop
      vertex 6.109824544423392 0.20484483811693466 -1.5
      vertex 6.109824544423392 0.20484483811693466 1.5
      vertex 6.08478735251882 0.30479891111718543 -1.5
    endloop
  endfacet
  facet normal -0.9039892931234427 -0.42755509343028336 0
    outer loop
      vertex 6.050073509136851 0.40181760398334426 -1.5
      vertex 6.050073509136851 0.40181760398334426 1.5
      vertex 6.006017327565773 0.49496657366729757 -1.5
    endloop
  endfacet
  facet normal -0.9415440651830195 -0.3368898533922241 0
    outer loop
      vertex 6.08478735251882 0.30479891111718543 -1.5
      vertex 6.08478735251882 0.30479891111718543 1.5
      vertex 6.050073509136851 0.40181760398334426 -1.5
    endloop
  endfacet
  facet normal -0.5956993044924344 -0.803207531480644 -2.1015916447155492e-19
    outer loop
      vertex 5.663348744670582 0.8730430929176726 -1.5
      vertex 5.746112948371827 0.8116609760308738 -1.5
      vertex 5.746112948371827 0.8116609760308738 1.5
    endloop
  endfacet
  facet normal -0.7409511253549614 -0.6715589548470159 -5.409831301415704e-20
    outer loop
      vertex 5.822462120245875 0.742462120245875 -1.5
      vertex 5.891660976030874 0.6661129483718278 -1.5
      vertex 5.891660976030874 0.6661129483718278 1.5
    endloop
  endfacet
  facet normal -0.6715589548470144 -0.7409511253549627 -1.3526541528152386e-18
    outer loop
      vertex 5.746112948371827 0.8116609760308738 -1.5
      vertex 5.822462120245875 0.742462120245875 -1.5
      vertex 5.822462120245875 0.742462120245875 1.5
    endloop
  endfacet
  facet normal -0.8577286100002735 -0.5141027441932196 8.331806404559392e-19
    outer loop
      vertex 5.953043092917673 0.5833487446705823 -1.5
      vertex 6.006017327565773 0.49496657366729757 -1.5
      vertex 6.006017327565773 0.49496657366729757 1.5
    endloop
  endfacet
  facet normal -0.8032075314806439 -0.5956993044924348 6.633457241657959e-20
    outer loop
      vertex 5.891660976030874 0.6661129483718278 -1.5
      vertex 5.953043092917673 0.5833487446705823 -1.5
      vertex 5.953043092917673 0.5833487446705823 1.5
    endloop
  endfacet
  facet normal -0.14673047445536225 -0.9891765099647808 -2.240855501560982e-21
    outer loop
      vertex 5.182917997346038 1.0449439630058068 -1.5
      vertex 5.284844838116935 1.029824544423392 -1.5
      vertex 5.284844838116935 1.029824544423392 1.5
    endloop
  endfacet
  facet normal -0.3368898533922186 -0.9415440651830215 6.320479109714384e-19
    outer loop
      vertex 5.384798911117185 1.0047873525188193 -1.5
      vertex 5.481817603983345 0.9700735091368511 -1.5
      vertex 5.481817603983345 0.9700735091368511 1.5
    endloop
  endfacet
  facet normal -0.24298017990326426 -0.970031253194544 9.047357901759916e-20
    outer loop
      vertex 5.284844838116935 1.029824544423392 -1.5
      vertex 5.384798911117185 1.0047873525188193 -1.5
      vertex 5.384798911117185 1.0047873525188193 1.5
    endloop
  endfacet
  facet normal -0.42755509343028303 -0.9039892931234428 -9.165969238680183e-19
    outer loop
      vertex 5.481817603983345 0.9700735091368511 -1.5
      vertex 5.5749665736672975 0.9260173275657728 -1.5
      vertex 5.5749665736672975 0.9260173275657728 1.5
    endloop
  endfacet
  facet normal -0.5141027441932223 -0.8577286100002717 0
    outer loop
      vertex 5.663348744670582 0.8730430929176726 -1.5
      vertex 5.663348744670582 0.8730430929176726 1.5
      vertex 5.5749665736672975 0.9260173275657728 -1.5
    endloop
  endfacet
  facet normal -0.9987954562051725 -0.049067674327417474 0
    outer loop
      vertex 6.13 0 -1.5
      vertex 6.13 0 1.5
      vertex 6.124943963005807 0.10291799734603864 -1.5
    endloop
  endfacet
  facet normal -0.9891765099647815 -0.1467304744553583 2.261034258364676e-19
    outer loop
      vertex 6.109824544423392 0.20484483811693466 -1.5
      vertex 6.124943963005807 0.10291799734603864 -1.5
      vertex 6.124943963005807 0.10291799734603864 1.5
    endloop
  endfacet
  facet normal 0.9987954562051725 -0.049067674327417474 0
    outer loop
      vertex 4.03 0 -1.5
      vertex 4.0350560369941935 0.10291799734603864 1.5
      vertex 4.03 0 1.5
    endloop
  endfacet
  facet normal 0.9891765099647815 -0.1467304744553583 0
    outer loop
      vertex 4.0350560369941935 0.10291799734603864 -1.5
      vertex 4.050175455576608 0.20484483811693466 1.5
      vertex 4.0350560369941935 0.10291799734603864 1.5
    endloop
  endfacet
  facet normal 0.9700312531945445 -0.24298017990326184 0
    outer loop
      vertex 4.050175455576608 0.20484483811693466 -1.5
      vertex 4.07521264748118 0.30479891111718543 1.5
      vertex 4.050175455576608 0.20484483811693466 1.5
    endloop
  endfacet
  facet normal 0.9415440651830195 -0.3368898533922241 0
    outer loop
      vertex 4.07521264748118 0.30479891111718543 -1.5
      vertex 4.109926490863149 0.40181760398334426 1.5
      vertex 4.07521264748118 0.30479891111718543 1.5
    endloop
  endfacet
  facet normal 0.9039892931234427 -0.42755509343028336 0
    outer loop
      vertex 4.109926490863149 0.40181760398334426 -1.5
      vertex 4.1539826724342275 0.49496657366729757 1.5
      vertex 4.109926490863149 0.40181760398334426 1.5
    endloop
  endfacet
  facet normal 0.8577286100002735 -0.5141027441932196 0
    outer loop
      vertex 4.1539826724342275 0.49496657366729757 -1.5
      vertex 4.206956907082327 0.5833487446705823 1.5
      vertex 4.1539826724342275 0.49496657366729757 1.5
    endloop
  endfacet
  facet normal 0.8032075314806439 -0.5956993044924348 0
    outer loop
      vertex 4.206956907082327 0.5833487446705823 -1.5
      vertex 4.268339023969126 0.6661129483718278 1.5
      vertex 4.206956907082327 0.5833487446705823 1.5
    endloop
  endfacet
  facet normal 0.7409511253549614 -0.6715589548470159 0
    outer loop
      vertex 4.268339023969126 0.6661129483718278 -1.5
      vertex 4.337537879754125 0.742462120245875 1.5
      vertex 4.268339023969126 0.6661129483718278 1.5
    endloop
  endfacet
  facet normal 0.6715589548470144 -0.7409511253549627 0
    outer loop
      vertex 4.337537879754125 0.742462120245875 -1.5
      vertex 4.413887051628173 0.8116609760308738 1.5
      vertex 4.337537879754125 0.742462120245875 1.5
    endloop
  endfacet
  facet normal 0.5956993044924344 -0.803207531480644 0
    outer loop
      vertex 4.413887051628173 0.8116609760308738 -1.5
      vertex 4.496651255329418 0.8730430929176726 1.5
      vertex 4.413887051628173 0.8116609760308738 1.5
    endloop
  endfacet
  facet normal 0.5141027441932223 -0.8577286100002717 0
    outer loop
      vertex 4.496651255329418 0.8730430929176726 -1.5
      vertex 4.585033426332703 0.9260173275657728 1.5
      vertex 4.496651255329418 0.8730430929176726 1.5
    endloop
  endfacet
  facet normal 0.42755509343028303 -0.9039892931234428 0
    outer loop
      vertex 4.585033426332703 0.9260173275657728 -1.5
      vertex 4.6781823960166555 0.9700735091368511 1.5
      vertex 4.585033426332703 0.9260173275657728 1.5
    endloop
  endfacet
  facet normal 0.3368898533922186 -0.9415440651830215 0
    outer loop
      vertex 4.6781823960166555 0.9700735091368511 -1.5
      vertex 4.775201088882815 1.0047873525188193 1.5
      vertex 4.6781823960166555 0.9700735091368511 1.5
    endloop
  endfacet
  facet normal 0.24298017990326426 -0.970031253194544 0
    outer loop
      vertex 4.775201088882815 1.0047873525188193 -1.5
      vertex 4.8751551618830655 1.029824544423392 1.5
      vertex 4.775201088882815 1.0047873525188193 1.5
    endloop
  endfacet
  facet normal 0.14673047445536225 -0.9891765099647808 0
    outer loop
      vertex 4.8751551618830655 1.029824544423392 -1.5
      vertex 4.977082002653962 1.0449439630058068 1.5
      vertex 4.8751551618830655 1.029824544423392 1.5
    endloop
  endfacet
  facet normal 0.049067674327417606 -0.9987954562051723 0
    outer loop
      vertex 4.977082002653962 1.0449439630058068 -1.5
      vertex 5.08 1.05 1.5
      vertex 4.977082002653962 1.0449439630058068 1.5
    endloop
  endfacet
  facet normal -0.049067674327417606 -0.9987954562051723 0
    outer loop
      vertex 5.08 1.05 -1.5
      vertex 5.182917997346038 1.0449439630058068 1.5
      vertex 5.08 1.05 1.5
    endloop
  endfacet
  facet normal -0.14673047445536225 -0.9891765099647808 0
    outer loop
      vertex 5.182917997346038 1.0449439630058068 -1.5
      vertex 5.284844838116935 1.029824544423392 1.5
      vertex 5.182917997346038 1.0449439630058068 1.5
    endloop
  endfacet
  facet normal -0.9700312531945445 -0.24298017990326184 0
    outer loop
      vertex 6.08478735251882 0.30479891111718543 -1.5
      vertex 6.109824544423392 0.20484483811693466 1.5
      vertex 6.08478735251882 0.30479891111718543 1.5
    endloop
  endfacet
  facet normal -0.9415440651830195 -0.3368898533922241 0
    outer loop
      vertex 6.050073509136851 0.40181760398334426 -1.5
      vertex 6.08478735251882 0.30479891111718543 1.5
      vertex 6.050073509136851 0.40181760398334426 1.5
    endloop
  endfacet
  facet normal -0.5956993044924344 -0.803207531480644 0
    outer loop
      vertex 5.663348744670582 0.8730430929176726 -1.5
      vertex 5.746112948371827 0.8116609760308738 1.5
      vertex 5.663348744670582 0.8730430929176726 1.5
    endloop
  endfacet
  facet normal -0.6715589548470144 -0.7409511253549627 0
    outer loop
      vertex 5.746112948371827 0.8116609760308738 -1.5
      vertex 5.822462120245875 0.742462120245875 1.5
      vertex 5.746112948371827 0.8116609760308738 1.5
    endloop
  endfacet
  facet normal -0.7409511253549614 -0.6715589548470159 0
    outer loop
      vertex 5.822462120245875 0.742462120245875 -1.5
      vertex 5.891660976030874 0.6661129483718278 1.5
      vertex 5.822462120245875 0.742462120245875 1.5
    endloop
  endfacet
  facet normal -0.8032075314806439 -0.5956993044924348 0
    outer loop
      vertex 5.891660976030874 0.6661129483718278 -1.5
      vertex 5.953043092917673 0.5833487446705823 1.5
      vertex 5.891660976030874 0.6661129483718278 1.5
    endloop
  endfacet
  facet normal -0.8577286100002735 -0.5141027441932196 0
    outer loop
      vertex 5.953043092917673 0.5833487446705823 -1.5
      vertex 6.006017327565773 0.49496657366729757 1.5
      vertex 5.953043092917673 0.5833487446705823 1.5
    endloop
  endfacet
  facet normal -0.9039892931234427 -0.42755509343028336 0
    outer loop
      vertex 6.006017327565773 0.49496657366729757 -1.5
      vertex 6.050073509136851 0.40181760398334426 1.5
      vertex 6.006017327565773 0.49496657366729757 1.5
    endloop
  endfacet
  facet normal -0.24298017990326426 -0.970031253194544 0
    outer loop
      vertex 5.284844838116935 1.029824544423392 -1.5
      vertex 5.384798911117185 1.0047873525188193 1.5
      vertex 5.284844838116935 1.029824544423392 1.5
    endloop
  endfacet
  facet normal -0.3368898533922186 -0.9415440651830215 0
    outer loop
      vertex 5.384798911117185 1.0047873525188193 -1.5
      vertex 5.481817603983345 0.9700735091368511 1.5
      vertex 5.384798911117185 1.0047873525188193 1.5
    endloop
  endfacet
  facet normal -0.42755509343028303 -0.9039892931234428 0
    outer loop
      vertex 5.481817603983345 0.9700735091368511 -1.5
      vertex 5.5749665736672975 0.9260173275657728 1.5
      vertex 5.481817603983345 0.9700735091368511 1.5
    endloop
  endfacet
  facet normal -0.5141027441932223 -0.8577286100002717 0
    outer loop
      vertex 5.5749665736672975 0.9260173275657728 -1.5
      vertex 5.663348744670582 0.8730430929176726 1.5
      vertex 5.5749665736672975 0.9260173275657728 1.5
    endloop
  endfacet
  facet normal -0.9987954562051725 -0.049067674327417474 0
    outer loop
      vertex 6.124943963005807 0.10291799734603864 -1.5
      vertex 6.13 0 1.5
      vertex 6.124943963005807 0.10291799734603864 1.5
    endloop
  endfacet
  facet normal -0.9891765099647815 -0.1467304744553583 0
    outer loop
      vertex 6.109824544423392 0.20484483811693466 -1.5
      vertex 6.124943963005807 0.10291799734603864 1.5
      vertex 6.109824544423392 0.20484483811693466 1.5
    endloop
  endfacet
  facet normal -0.514102744193237 0.8577286100002628 4.144398076066004e-19
    outer loop
      vertex -2.1511008368862785 4.497971271388218 -1.5
      vertex -2.1710599999999998 4.486008209402258 -1.5
      vertex -2.1710599999999998 4.486008209402258 -0.5776499999999998
    endloop
  endfacet
  facet normal 0.9039892931234444 0.42755509343027953 9.93247735592101e-20
    outer loop
      vertex -3.1573448850438486 4.750022284221802 -1.5
      vertex -3.1867156727579005 4.812121597344437 -1.5
      vertex -3.1867156727579005 4.812121597344437 1.5
    endloop
  endfacet
  facet normal 0.7409511253549602 0.6715589548470172 0
    outer loop
      vertex -3.081107317353916 4.6359247010854485 -1.5
      vertex -3.081107317353916 4.6359247010854485 1.5
      vertex -3.034974746830583 4.585025253169417 -1.5
    endloop
  endfacet
  facet normal 0.8032075314806401 0.5956993044924399 0
    outer loop
      vertex -3.122028728611782 4.691100836886278 -1.5
      vertex -3.122028728611782 4.691100836886278 1.5
      vertex -3.081107317353916 4.6359247010854485 -1.5
    endloop
  endfacet
  facet normal 0.8577286100002756 0.5141027441932159 -5.454829766613612e-19
    outer loop
      vertex -3.122028728611782 4.691100836886278 -1.5
      vertex -3.1573448850438486 4.750022284221802 -1.5
      vertex -3.1573448850438486 4.750022284221802 1.5
    endloop
  endfacet
  facet normal 0.9415440651830208 0.3368898533922199 -1.192510262626604e-19
    outer loop
      vertex -3.1867156727579005 4.812121597344437 -1.5
      vertex -3.209858235012546 4.876800725921877 -1.5
      vertex -3.209858235012546 4.876800725921877 1.5
    endloop
  endfacet
  facet normal 0.9700312531945426 0.2429801799032693 2.0528188563999688e-20
    outer loop
      vertex -3.209858235012546 4.876800725921877 -1.5
      vertex -3.2265496962822615 4.943436774588711 -1.5
      vertex -3.2265496962822615 4.943436774588711 1.5
    endloop
  endfacet
  facet normal 0.9891765099647813 0.14673047445535928 2.5585311299221197e-19
    outer loop
      vertex -3.2265496962822615 4.943436774588711 -1.5
      vertex -3.2366293086705378 5.0113880017693075 -1.5
      vertex -3.2366293086705378 5.0113880017693075 1.5
    endloop
  endfacet
  facet normal 0.9987954562051723 0.0490676743274217 4.398993053960581e-20
    outer loop
      vertex -3.2366293086705378 5.0113880017693075 -1.5
      vertex -3.24 5.08 -1.5
      vertex -3.24 5.08 1.5
    endloop
  endfacet
  facet normal 0.9987954562051723 -0.0490676743274217 -4.398993053960581e-20
    outer loop
      vertex -3.24 5.08 -1.5
      vertex -3.2366293086705378 5.148611998230693 -1.5
      vertex -3.2366293086705378 5.148611998230693 1.5
    endloop
  endfacet
  facet normal 0.9891765099647813 -0.14673047445535928 -2.5585311299221197e-19
    outer loop
      vertex -3.2366293086705378 5.148611998230693 -1.5
      vertex -3.2265496962822615 5.2165632254112895 -1.5
      vertex -3.2265496962822615 5.2165632254112895 1.5
    endloop
  endfacet
  facet normal 0.6715589548470203 0.7409511253549573 8.319483500457935e-19
    outer loop
      vertex -2.984075298914552 4.538892682646084 -1.5
      vertex -3.034974746830583 4.585025253169417 -1.5
      vertex -3.034974746830583 4.585025253169417 1.5
    endloop
  endfacet
  facet normal 0.5956993044924337 0.8032075314806446 0
    outer loop
      vertex -2.984075298914552 4.538892682646084 -1.5
      vertex -2.984075298914552 4.538892682646084 1.5
      vertex -2.9288991631137216 4.497971271388218 -1.5
    endloop
  endfacet
  facet normal 0.5141027441932371 0.857728610000263 0
    outer loop
      vertex -2.9288991631137216 4.497971271388218 -1.5
      vertex -2.9288991631137216 4.497971271388218 1.5
      vertex -2.9089400000000003 4.486008209402258 -1.5
    endloop
  endfacet
  facet normal -0.5956993044924337 0.8032075314806446 0
    outer loop
      vertex -2.1511008368862785 4.497971271388218 -1.5
      vertex -2.1511008368862785 4.497971271388218 1.5
      vertex -2.095924701085448 4.538892682646084 -1.5
    endloop
  endfacet
  facet normal -0.6715589548470203 0.7409511253549573 0
    outer loop
      vertex -2.095924701085448 4.538892682646084 -1.5
      vertex -2.095924701085448 4.538892682646084 1.5
      vertex -2.045025253169417 4.585025253169417 -1.5
    endloop
  endfacet
  facet normal -0.7409511253549602 0.6715589548470172 0
    outer loop
      vertex -2.045025253169417 4.585025253169417 -1.5
      vertex -2.045025253169417 4.585025253169417 1.5
      vertex -1.9988926826460842 4.6359247010854485 -1.5
    endloop
  endfacet
  facet normal -0.8032075314806401 0.5956993044924399 0
    outer loop
      vertex -1.9988926826460842 4.6359247010854485 -1.5
      vertex -1.9988926826460842 4.6359247010854485 1.5
      vertex -1.9579712713882182 4.691100836886278 -1.5
    endloop
  endfacet
  facet normal -0.8577286100002756 0.5141027441932159 0
    outer loop
      vertex -1.9579712713882182 4.691100836886278 -1.5
      vertex -1.9579712713882182 4.691100836886278 1.5
      vertex -1.9226551149561515 4.750022284221802 -1.5
    endloop
  endfacet
  facet normal -0.9039892931234432 0.42755509343028214 0
    outer loop
      vertex -1.9226551149561515 4.750022284221802 -1.5
      vertex -1.9226551149561515 4.750022284221802 1.5
      vertex -1.8932843272420994 4.812121597344437 -1.5
    endloop
  endfacet
  facet normal -0.9415440651830208 0.3368898533922199 0
    outer loop
      vertex -1.8932843272420994 4.812121597344437 -1.5
      vertex -1.8932843272420994 4.812121597344437 1.5
      vertex -1.8701417649874539 4.876800725921877 -1.5
    endloop
  endfacet
  facet normal -0.9700312531945441 0.2429801799032632 0
    outer loop
      vertex -1.8701417649874539 4.876800725921877 -1.5
      vertex -1.8701417649874539 4.876800725921877 1.5
      vertex -1.8534503037177388 4.943436774588711 -1.5
    endloop
  endfacet
  facet normal -0.9891765099647809 0.14673047445536247 0
    outer loop
      vertex -1.8534503037177388 4.943436774588711 -1.5
      vertex -1.8534503037177388 4.943436774588711 1.5
      vertex -1.8433706913294623 5.0113880017693075 -1.5
    endloop
  endfacet
  facet normal -0.9987954562051724 0.04906767432741847 0
    outer loop
      vertex -1.8433706913294623 5.0113880017693075 -1.5
      vertex -1.8433706913294623 5.0113880017693075 1.5
      vertex -1.84 5.08 -1.5
    endloop
  endfacet
  facet normal -0.9987954562051724 -0.04906767432741847 0
    outer loop
      vertex -1.84 5.08 -1.5
      vertex -1.84 5.08 1.5
      vertex -1.8433706913294623 5.148611998230693 -1.5
    endloop
  endfacet
  facet normal -0.9891765099647809 -0.14673047445536247 0
    outer loop
      vertex -1.8433706913294623 5.148611998230693 -1.5
      vertex -1.8433706913294623 5.148611998230693 1.5
      vertex -1.8534503037177388 5.2165632254112895 -1.5
    endloop
  endfacet
  facet normal 0.514102744193237 0.8577286100002628 -4.144398076066004e-19
    outer loop
      vertex -2.9288991631137216 4.497971271388218 1.5
      vertex -2.9089400000000003 4.486008209402258 -0.5776499999999998
      vertex -2.9089400000000003 4.486008209402258 -1.5
    endloop
  endfacet
  facet normal -0.5141027441933421 0.8577286100002 -3.093454051413311e-15
    outer loop
      vertex -2.1511008368862785 4.497971271388218 -1.5
      vertex -2.1710599999999998 4.486008209402258 -0.5776499999999998
      vertex -2.2100222842218016 4.462655114956151 1.5
    endloop
  endfacet
  facet normal 0.9700312531945426 -0.2429801799032693 -2.0528188563999688e-20
    outer loop
      vertex -3.2265496962822615 5.2165632254112895 -1.5
      vertex -3.209858235012546 5.2831992740781235 -1.5
      vertex -3.209858235012546 5.2831992740781235 1.5
    endloop
  endfacet
  facet normal 0.9415440651830208 -0.3368898533922199 1.192510262626604e-19
    outer loop
      vertex -3.209858235012546 5.2831992740781235 -1.5
      vertex -3.1867156727579005 5.347878402655563 -1.5
      vertex -3.1867156727579005 5.347878402655563 1.5
    endloop
  endfacet
  facet normal 0.9039892931234444 -0.42755509343027953 -9.93247735592101e-20
    outer loop
      vertex -3.1867156727579005 5.347878402655563 -1.5
      vertex -3.1573448850438486 5.409977715778198 -1.5
      vertex -3.1573448850438486 5.409977715778198 1.5
    endloop
  endfacet
  facet normal 0.8577286100002756 -0.5141027441932159 5.454829766613612e-19
    outer loop
      vertex -3.1573448850438486 5.409977715778198 -1.5
      vertex -3.122028728611782 5.468899163113722 -1.5
      vertex -3.122028728611782 5.468899163113722 1.5
    endloop
  endfacet
  facet normal 0.8032075314806401 -0.5956993044924399 -6.411385639339315e-19
    outer loop
      vertex -3.122028728611782 5.468899163113722 -1.5
      vertex -3.081107317353916 5.524075298914552 -1.5
      vertex -3.081107317353916 5.524075298914552 1.5
    endloop
  endfacet
  facet normal 0.7409511253549602 -0.6715589548470172 -3.2741703178740827e-19
    outer loop
      vertex -3.081107317353916 5.524075298914552 -1.5
      vertex -3.034974746830583 5.574974746830583 -1.5
      vertex -3.034974746830583 5.574974746830583 1.5
    endloop
  endfacet
  facet normal 0.6715589548470203 -0.7409511253549573 -8.319483500457935e-19
    outer loop
      vertex -3.034974746830583 5.574974746830583 -1.5
      vertex -2.984075298914552 5.621107317353916 -1.5
      vertex -2.984075298914552 5.621107317353916 1.5
    endloop
  endfacet
  facet normal 0.5956993044924337 -0.8032075314806446 -1.0471793935473118e-18
    outer loop
      vertex -2.984075298914552 5.621107317353916 -1.5
      vertex -2.9288991631137216 5.662028728611782 -1.5
      vertex -2.9288991631137216 5.662028728611782 1.5
    endloop
  endfacet
  facet normal 0.5141027441932263 -0.8577286100002692 5.624731589403068e-19
    outer loop
      vertex -2.9288991631137216 5.662028728611782 -1.5
      vertex -2.8699777157781985 5.697344885043849 -1.5
      vertex -2.8699777157781985 5.697344885043849 1.5
    endloop
  endfacet
  facet normal 0.4275550934302717 -0.9039892931234481 -1.2880726664374908e-19
    outer loop
      vertex -2.8699777157781985 5.697344885043849 -1.5
      vertex -2.8078784026555628 5.7267156727579005 -1.5
      vertex -2.8078784026555628 5.7267156727579005 1.5
    endloop
  endfacet
  facet normal 0.3368898533922199 -0.9415440651830208 1.192510262626604e-19
    outer loop
      vertex -2.8078784026555628 5.7267156727579005 -1.5
      vertex -2.7431992740781235 5.749858235012546 -1.5
      vertex -2.7431992740781235 5.749858235012546 1.5
    endloop
  endfacet
  facet normal 0.24298017990327084 -0.9700312531945422 -2.1425030494376356e-19
    outer loop
      vertex -2.7431992740781235 5.749858235012546 -1.5
      vertex -2.67656322541129 5.7665496962822616 -1.5
      vertex -2.67656322541129 5.7665496962822616 1.5
    endloop
  endfacet
  facet normal 0.14673047445535833 -0.9891765099647813 -1.0534089967753195e-19
    outer loop
      vertex -2.67656322541129 5.7665496962822616 -1.5
      vertex -2.6086119982306926 5.776629308670538 -1.5
      vertex -2.6086119982306926 5.776629308670538 1.5
    endloop
  endfacet
  facet normal 0.0490676743274217 -0.9987954562051723 -4.398993053960581e-20
    outer loop
      vertex -2.6086119982306926 5.776629308670538 -1.5
      vertex -2.54 5.78 -1.5
      vertex -2.54 5.78 1.5
    endloop
  endfacet
  facet normal -0.0490676743274217 -0.9987954562051723 4.398993053960581e-20
    outer loop
      vertex -2.54 5.78 -1.5
      vertex -2.4713880017693075 5.776629308670538 -1.5
      vertex -2.4713880017693075 5.776629308670538 1.5
    endloop
  endfacet
  facet normal -0.14673047445535833 -0.9891765099647813 1.0534089967753195e-19
    outer loop
      vertex -2.4713880017693075 5.776629308670538 -1.5
      vertex -2.40343677458871 5.7665496962822616 -1.5
      vertex -2.40343677458871 5.7665496962822616 1.5
    endloop
  endfacet
  facet normal -0.24298017990327084 -0.9700312531945422 2.1425030494376356e-19
    outer loop
      vertex -2.40343677458871 5.7665496962822616 -1.5
      vertex -2.3368007259218766 5.749858235012546 -1.5
      vertex -2.3368007259218766 5.749858235012546 1.5
    endloop
  endfacet
  facet normal -0.3368898533922199 -0.9415440651830208 -1.192510262626604e-19
    outer loop
      vertex -2.3368007259218766 5.749858235012546 -1.5
      vertex -2.2721215973444373 5.7267156727579005 -1.5
      vertex -2.2721215973444373 5.7267156727579005 1.5
    endloop
  endfacet
  facet normal -0.4275550934302717 -0.9039892931234481 1.2880726664374908e-19
    outer loop
      vertex -2.2721215973444373 5.7267156727579005 -1.5
      vertex -2.2100222842218016 5.697344885043849 -1.5
      vertex -2.2100222842218016 5.697344885043849 1.5
    endloop
  endfacet
  facet normal -0.5141027441932263 -0.8577286100002692 -5.624731589403068e-19
    outer loop
      vertex -2.2100222842218016 5.697344885043849 -1.5
      vertex -2.1511008368862785 5.662028728611782 -1.5
      vertex -2.1511008368862785 5.662028728611782 1.5
    endloop
  endfacet
  facet normal -0.5956993044924337 -0.8032075314806446 1.0471793935473118e-18
    outer loop
      vertex -2.1511008368862785 5.662028728611782 -1.5
      vertex -2.095924701085448 5.621107317353916 -1.5
      vertex -2.095924701085448 5.621107317353916 1.5
    endloop
  endfacet
  facet normal -0.8032075314806401 -0.5956993044924399 6.411385639339315e-19
    outer loop
      vertex -1.9988926826460842 5.524075298914552 -1.5
      vertex -1.9579712713882182 5.468899163113722 -1.5
      vertex -1.9579712713882182 5.468899163113722 1.5
    endloop
  endfacet
  facet normal -0.7409511253549602 -0.6715589548470172 0
    outer loop
      vertex -1.9988926826460842 5.524075298914552 -1.5
      vertex -1.9988926826460842 5.524075298914552 1.5
      vertex -2.045025253169417 5.574974746830583 -1.5
    endloop
  endfacet
  facet normal -0.6715589548470203 -0.7409511253549573 8.319483500457935e-19
    outer loop
      vertex -2.095924701085448 5.621107317353916 -1.5
      vertex -2.045025253169417 5.574974746830583 -1.5
      vertex -2.045025253169417 5.574974746830583 1.5
    endloop
  endfacet
  facet normal -0.9700312531945441 -0.2429801799032632 0
    outer loop
      vertex -1.8534503037177388 5.2165632254112895 -1.5
      vertex -1.8534503037177388 5.2165632254112895 1.5
      vertex -1.8701417649874539 5.2831992740781235 -1.5
    endloop
  endfacet
  facet normal -0.9415440651830208 -0.3368898533922199 0
    outer loop
      vertex -1.8701417649874539 5.2831992740781235 -1.5
      vertex -1.8701417649874539 5.2831992740781235 1.5
      vertex -1.8932843272420994 5.347878402655563 -1.5
    endloop
  endfacet
  facet normal -0.8577286100002756 -0.5141027441932159 0
    outer loop
      vertex -1.9226551149561515 5.409977715778198 -1.5
      vertex -1.9226551149561515 5.409977715778198 1.5
      vertex -1.9579712713882182 5.468899163113722 -1.5
    endloop
  endfacet
  facet normal -0.9039892931234432 -0.42755509343028214 0
    outer loop
      vertex -1.8932843272420994 5.347878402655563 -1.5
      vertex -1.8932843272420994 5.347878402655563 1.5
      vertex -1.9226551149561515 5.409977715778198 -1.5
    endloop
  endfacet
  facet normal 0.5141027441932209 0.8577286100002727 0
    outer loop
      vertex -2.8699777157781985 4.462655114956151 1.5
      vertex -2.8699777157781985 4.462655114956151 -0.5776499999999998
      vertex -2.9089400000000003 4.486008209402258 -0.5776499999999998
    endloop
  endfacet
  facet normal 0.4275550934302717 0.9039892931234482 0
    outer loop
      vertex -2.8078784026555628 4.4332843272421 1.5
      vertex -2.8078784026555628 4.4332843272421 -0.5776499999999998
      vertex -2.8699777157781985 4.462655114956151 -0.5776499999999998
    endloop
  endfacet
  facet normal 0.33688985339221994 0.9415440651830208 0
    outer loop
      vertex -2.7431992740781235 4.410141764987454 1.5
      vertex -2.7431992740781235 4.410141764987454 -0.5776499999999998
      vertex -2.8078784026555628 4.4332843272421 -0.5776499999999998
    endloop
  endfacet
  facet normal 0.24298017990327084 0.9700312531945422 0
    outer loop
      vertex -2.67656322541129 4.393450303717739 1.5
      vertex -2.67656322541129 4.393450303717739 -0.5776499999999998
      vertex -2.7431992740781235 4.410141764987454 -0.5776499999999998
    endloop
  endfacet
  facet normal 0.14673047445535836 0.9891765099647815 0
    outer loop
      vertex -2.6086119982306926 4.383370691329462 1.5
      vertex -2.6086119982306926 4.383370691329462 -0.5776499999999998
      vertex -2.67656322541129 4.393450303717739 -0.5776499999999998
    endloop
  endfacet
  facet normal 0.0490676743274217 0.9987954562051722 0
    outer loop
      vertex -2.54 4.38 1.5
      vertex -2.54 4.38 -0.5776499999999998
      vertex -2.6086119982306926 4.383370691329462 -0.5776499999999998
    endloop
  endfacet
  facet normal -0.0490676743274217 0.9987954562051722 0
    outer loop
      vertex -2.4713880017693075 4.383370691329462 1.5
      vertex -2.4713880017693075 4.383370691329462 -0.5776499999999998
      vertex -2.54 4.38 -0.5776499999999998
    endloop
  endfacet
  facet normal -0.14673047445535836 0.9891765099647815 0
    outer loop
      vertex -2.40343677458871 4.393450303717739 1.5
      vertex -2.40343677458871 4.393450303717739 -0.5776499999999998
      vertex -2.4713880017693075 4.383370691329462 -0.5776499999999998
    endloop
  endfacet
  facet normal -0.24298017990327084 0.9700312531945422 0
    outer loop
      vertex -2.3368007259218766 4.410141764987454 1.5
      vertex -2.3368007259218766 4.410141764987454 -0.5776499999999998
      vertex -2.40343677458871 4.393450303717739 -0.5776499999999998
    endloop
  endfacet
  facet normal -0.33688985339221994 0.9415440651830208 0
    outer loop
      vertex -2.2721215973444373 4.4332843272421 1.5
      vertex -2.2721215973444373 4.4332843272421 -0.5776499999999998
      vertex -2.3368007259218766 4.410141764987454 -0.5776499999999998
    endloop
  endfacet
  facet normal -0.4275550934302717 0.9039892931234482 0
    outer loop
      vertex -2.2100222842218016 4.462655114956151 1.5
      vertex -2.2100222842218016 4.462655114956151 -0.5776499999999998
      vertex -2.2721215973444373 4.4332843272421 -0.5776499999999998
    endloop
  endfacet
  facet normal -0.5141027441932209 0.8577286100002727 0
    outer loop
      vertex -2.2100222842218016 4.462655114956151 1.5
      vertex -2.1710599999999998 4.486008209402258 -0.5776499999999998
      vertex -2.2100222842218016 4.462655114956151 -0.5776499999999998
    endloop
  endfacet
  facet normal 0.9039892931234444 0.42755509343027953 0
    outer loop
      vertex -3.1573448850438486 4.750022284221802 -1.5
      vertex -3.1867156727579005 4.812121597344437 1.5
      vertex -3.1573448850438486 4.750022284221802 1.5
    endloop
  endfacet
  facet normal 0.8032075314806401 0.5956993044924399 0
    outer loop
      vertex -3.081107317353916 4.6359247010854485 -1.5
      vertex -3.122028728611782 4.691100836886278 1.5
      vertex -3.081107317353916 4.6359247010854485 1.5
    endloop
  endfacet
  facet normal 0.8577286100002756 0.5141027441932159 0
    outer loop
      vertex -3.122028728611782 4.691100836886278 -1.5
      vertex -3.1573448850438486 4.750022284221802 1.5
      vertex -3.122028728611782 4.691100836886278 1.5
    endloop
  endfacet
  facet normal 0.9415440651830208 0.3368898533922199 0
    outer loop
      vertex -3.1867156727579005 4.812121597344437 -1.5
      vertex -3.209858235012546 4.876800725921877 1.5
      vertex -3.1867156727579005 4.812121597344437 1.5
    endloop
  endfacet
  facet normal 0.9700312531945426 0.2429801799032693 0
    outer loop
      vertex -3.209858235012546 4.876800725921877 -1.5
      vertex -3.2265496962822615 4.943436774588711 1.5
      vertex -3.209858235012546 4.876800725921877 1.5
    endloop
  endfacet
  facet normal 0.9891765099647813 0.14673047445535928 0
    outer loop
      vertex -3.2265496962822615 4.943436774588711 -1.5
      vertex -3.2366293086705378 5.0113880017693075 1.5
      vertex -3.2265496962822615 4.943436774588711 1.5
    endloop
  endfacet
  facet normal 0.9987954562051723 0.0490676743274217 0
    outer loop
      vertex -3.2366293086705378 5.0113880017693075 -1.5
      vertex -3.24 5.08 1.5
      vertex -3.2366293086705378 5.0113880017693075 1.5
    endloop
  endfacet
  facet normal 0.9987954562051723 -0.0490676743274217 0
    outer loop
      vertex -3.24 5.08 -1.5
      vertex -3.2366293086705378 5.148611998230693 1.5
      vertex -3.24 5.08 1.5
    endloop
  endfacet
  facet normal 0.9891765099647813 -0.14673047445535928 0
    outer loop
      vertex -3.2366293086705378 5.148611998230693 -1.5
      vertex -3.2265496962822615 5.2165632254112895 1.5
      vertex -3.2366293086705378 5.148611998230693 1.5
    endloop
  endfacet
  facet normal 0.5956993044924337 0.8032075314806446 0
    outer loop
      vertex -2.9288991631137216 4.497971271388218 -1.5
      vertex -2.984075298914552 4.538892682646084 1.5
      vertex -2.9288991631137216 4.497971271388218 1.5
    endloop
  endfacet
  facet normal 0.6715589548470203 0.7409511253549573 0
    outer loop
      vertex -2.984075298914552 4.538892682646084 -1.5
      vertex -3.034974746830583 4.585025253169417 1.5
      vertex -2.984075298914552 4.538892682646084 1.5
    endloop
  endfacet
  facet normal 0.7409511253549602 0.6715589548470172 0
    outer loop
      vertex -3.034974746830583 4.585025253169417 -1.5
      vertex -3.081107317353916 4.6359247010854485 1.5
      vertex -3.034974746830583 4.585025253169417 1.5
    endloop
  endfacet
  facet normal -0.5141027441932263 0.8577286100002692 0
    outer loop
      vertex -2.1511008368862785 4.497971271388218 -1.5
      vertex -2.2100222842218016 4.462655114956151 1.5
      vertex -2.1511008368862785 4.497971271388218 1.5
    endloop
  endfacet
  facet normal -0.5956993044924337 0.8032075314806446 0
    outer loop
      vertex -2.095924701085448 4.538892682646084 -1.5
      vertex -2.1511008368862785 4.497971271388218 1.5
      vertex -2.095924701085448 4.538892682646084 1.5
    endloop
  endfacet
  facet normal -0.6715589548470203 0.7409511253549573 0
    outer loop
      vertex -2.045025253169417 4.585025253169417 -1.5
      vertex -2.095924701085448 4.538892682646084 1.5
      vertex -2.045025253169417 4.585025253169417 1.5
    endloop
  endfacet
  facet normal -0.7409511253549602 0.6715589548470172 0
    outer loop
      vertex -1.9988926826460842 4.6359247010854485 -1.5
      vertex -2.045025253169417 4.585025253169417 1.5
      vertex -1.9988926826460842 4.6359247010854485 1.5
    endloop
  endfacet
  facet normal -0.8032075314806401 0.5956993044924399 0
    outer loop
      vertex -1.9579712713882182 4.691100836886278 -1.5
      vertex -1.9988926826460842 4.6359247010854485 1.5
      vertex -1.9579712713882182 4.691100836886278 1.5
    endloop
  endfacet
  facet normal -0.8577286100002756 0.5141027441932159 0
    outer loop
      vertex -1.9226551149561515 4.750022284221802 -1.5
      vertex -1.9579712713882182 4.691100836886278 1.5
      vertex -1.9226551149561515 4.750022284221802 1.5
    endloop
  endfacet
  facet normal -0.9039892931234432 0.42755509343028214 0
    outer loop
      vertex -1.8932843272420994 4.812121597344437 -1.5
      vertex -1.9226551149561515 4.750022284221802 1.5
      vertex -1.8932843272420994 4.812121597344437 1.5
    endloop
  endfacet
  facet normal -0.9415440651830208 0.3368898533922199 0
    outer loop
      vertex -1.8701417649874539 4.876800725921877 -1.5
      vertex -1.8932843272420994 4.812121597344437 1.5
      vertex -1.8701417649874539 4.876800725921877 1.5
    endloop
  endfacet
  facet normal -0.9700312531945441 0.2429801799032632 0
    outer loop
      vertex -1.8534503037177388 4.943436774588711 -1.5
      vertex -1.8701417649874539 4.876800725921877 1.5
      vertex -1.8534503037177388 4.943436774588711 1.5
    endloop
  endfacet
  facet normal -0.9891765099647809 0.14673047445536247 0
    outer loop
      vertex -1.8433706913294623 5.0113880017693075 -1.5
      vertex -1.8534503037177388 4.943436774588711 1.5
      vertex -1.8433706913294623 5.0113880017693075 1.5
    endloop
  endfacet
  facet normal -0.9987954562051724 0.04906767432741847 0
    outer loop
      vertex -1.84 5.08 -1.5
      vertex -1.8433706913294623 5.0113880017693075 1.5
      vertex -1.84 5.08 1.5
    endloop
  endfacet
  facet normal -0.9987954562051724 -0.04906767432741847 0
    outer loop
      vertex -1.8433706913294623 5.148611998230693 -1.5
      vertex -1.84 5.08 1.5
      vertex -1.8433706913294623 5.148611998230693 1.5
    endloop
  endfacet
  facet normal -0.9891765099647809 -0.14673047445536247 0
    outer loop
      vertex -1.8534503037177388 5.2165632254112895 -1.5
      vertex -1.8433706913294623 5.148611998230693 1.5
      vertex -1.8534503037177388 5.2165632254112895 1.5
    endloop
  endfacet
  facet normal 0.9700312531945426 -0.2429801799032693 0
    outer loop
      vertex -3.2265496962822615 5.2165632254112895 -1.5
      vertex -3.209858235012546 5.2831992740781235 1.5
      vertex -3.2265496962822615 5.2165632254112895 1.5
    endloop
  endfacet
  facet normal 0.9415440651830208 -0.3368898533922199 0
    outer loop
      vertex -3.209858235012546 5.2831992740781235 -1.5
      vertex -3.1867156727579005 5.347878402655563 1.5
      vertex -3.209858235012546 5.2831992740781235 1.5
    endloop
  endfacet
  facet normal 0.9039892931234444 -0.42755509343027953 0
    outer loop
      vertex -3.1867156727579005 5.347878402655563 -1.5
      vertex -3.1573448850438486 5.409977715778198 1.5
      vertex -3.1867156727579005 5.347878402655563 1.5
    endloop
  endfacet
  facet normal 0.8577286100002756 -0.5141027441932159 0
    outer loop
      vertex -3.1573448850438486 5.409977715778198 -1.5
      vertex -3.122028728611782 5.468899163113722 1.5
      vertex -3.1573448850438486 5.409977715778198 1.5
    endloop
  endfacet
  facet normal 0.8032075314806401 -0.5956993044924399 0
    outer loop
      vertex -3.122028728611782 5.468899163113722 -1.5
      vertex -3.081107317353916 5.524075298914552 1.5
      vertex -3.122028728611782 5.468899163113722 1.5
    endloop
  endfacet
  facet normal 0.7409511253549602 -0.6715589548470172 0
    outer loop
      vertex -3.081107317353916 5.524075298914552 -1.5
      vertex -3.034974746830583 5.574974746830583 1.5
      vertex -3.081107317353916 5.524075298914552 1.5
    endloop
  endfacet
  facet normal 0.6715589548470203 -0.7409511253549573 0
    outer loop
      vertex -3.034974746830583 5.574974746830583 -1.5
      vertex -2.984075298914552 5.621107317353916 1.5
      vertex -3.034974746830583 5.574974746830583 1.5
    endloop
  endfacet
  facet normal 0.5956993044924337 -0.8032075314806446 0
    outer loop
      vertex -2.984075298914552 5.621107317353916 -1.5
      vertex -2.9288991631137216 5.662028728611782 1.5
      vertex -2.984075298914552 5.621107317353916 1.5
    endloop
  endfacet
  facet normal 0.5141027441932263 -0.8577286100002692 0
    outer loop
      vertex -2.9288991631137216 5.662028728611782 -1.5
      vertex -2.8699777157781985 5.697344885043849 1.5
      vertex -2.9288991631137216 5.662028728611782 1.5
    endloop
  endfacet
  facet normal 0.4275550934302717 -0.9039892931234481 0
    outer loop
      vertex -2.8699777157781985 5.697344885043849 -1.5
      vertex -2.8078784026555628 5.7267156727579005 1.5
      vertex -2.8699777157781985 5.697344885043849 1.5
    endloop
  endfacet
  facet normal 0.3368898533922199 -0.9415440651830208 0
    outer loop
      vertex -2.8078784026555628 5.7267156727579005 -1.5
      vertex -2.7431992740781235 5.749858235012546 1.5
      vertex -2.8078784026555628 5.7267156727579005 1.5
    endloop
  endfacet
  facet normal 0.24298017990327084 -0.9700312531945422 0
    outer loop
      vertex -2.7431992740781235 5.749858235012546 -1.5
      vertex -2.67656322541129 5.7665496962822616 1.5
      vertex -2.7431992740781235 5.749858235012546 1.5
    endloop
  endfacet
  facet normal 0.14673047445535833 -0.9891765099647813 0
    outer loop
      vertex -2.67656322541129 5.7665496962822616 -1.5
      vertex -2.6086119982306926 5.776629308670538 1.5
      vertex -2.67656322541129 5.7665496962822616 1.5
    endloop
  endfacet
  facet normal 0.0490676743274217 -0.9987954562051723 0
    outer loop
      vertex -2.6086119982306926 5.776629308670538 -1.5
      vertex -2.54 5.78 1.5
      vertex -2.6086119982306926 5.776629308670538 1.5
    endloop
  endfacet
  facet normal -0.0490676743274217 -0.9987954562051723 0
    outer loop
      vertex -2.54 5.78 -1.5
      vertex -2.4713880017693075 5.776629308670538 1.5
      vertex -2.54 5.78 1.5
    endloop
  endfacet
  facet normal -0.14673047445535833 -0.9891765099647813 0
    outer loop
      vertex -2.4713880017693075 5.776629308670538 -1.5
      vertex -2.40343677458871 5.7665496962822616 1.5
      vertex -2.4713880017693075 5.776629308670538 1.5
    endloop
  endfacet
  facet normal -0.24298017990327084 -0.9700312531945422 0
    outer loop
      vertex -2.40343677458871 5.7665496962822616 -1.5
      vertex -2.3368007259218766 5.749858235012546 1.5
      vertex -2.40343677458871 5.7665496962822616 1.5
    endloop
  endfacet
  facet normal -0.3368898533922199 -0.9415440651830208 0
    outer loop
      vertex -2.3368007259218766 5.749858235012546 -1.5
      vertex -2.2721215973444373 5.7267156727579005 1.5
      vertex -2.3368007259218766 5.749858235012546 1.5
    endloop
  endfacet
  facet normal -0.4275550934302717 -0.9039892931234481 0
    outer loop
      vertex -2.2721215973444373 5.7267156727579005 -1.5
      vertex -2.2100222842218016 5.697344885043849 1.5
      vertex -2.2721215973444373 5.7267156727579005 1.5
    endloop
  endfacet
  facet normal -0.5141027441932263 -0.8577286100002692 0
    outer loop
      vertex -2.2100222842218016 5.697344885043849 -1.5
      vertex -2.1511008368862785 5.662028728611782 1.5
      vertex -2.2100222842218016 5.697344885043849 1.5
    endloop
  endfacet
  facet normal -0.5956993044924337 -0.8032075314806446 0
    outer loop
      vertex -2.1511008368862785 5.662028728611782 -1.5
      vertex -2.095924701085448 5.621107317353916 1.5
      vertex -2.1511008368862785 5.662028728611782 1.5
    endloop
  endfacet
  facet normal -0.6715589548470203 -0.7409511253549573 0
    outer loop
      vertex -2.095924701085448 5.621107317353916 -1.5
      vertex -2.045025253169417 5.574974746830583 1.5
      vertex -2.095924701085448 5.621107317353916 1.5
    endloop
  endfacet
  facet normal -0.7409511253549602 -0.6715589548470172 0
    outer loop
      vertex -2.045025253169417 5.574974746830583 -1.5
      vertex -1.9988926826460842 5.524075298914552 1.5
      vertex -2.045025253169417 5.574974746830583 1.5
    endloop
  endfacet
  facet normal -0.8032075314806401 -0.5956993044924399 0
    outer loop
      vertex -1.9988926826460842 5.524075298914552 -1.5
      vertex -1.9579712713882182 5.468899163113722 1.5
      vertex -1.9988926826460842 5.524075298914552 1.5
    endloop
  endfacet
  facet normal -0.9700312531945441 -0.2429801799032632 0
    outer loop
      vertex -1.8701417649874539 5.2831992740781235 -1.5
      vertex -1.8534503037177388 5.2165632254112895 1.5
      vertex -1.8701417649874539 5.2831992740781235 1.5
    endloop
  endfacet
  facet normal -0.9415440651830208 -0.3368898533922199 0
    outer loop
      vertex -1.8932843272420994 5.347878402655563 -1.5
      vertex -1.8701417649874539 5.2831992740781235 1.5
      vertex -1.8932843272420994 5.347878402655563 1.5
    endloop
  endfacet
  facet normal -0.9039892931234432 -0.42755509343028214 0
    outer loop
      vertex -1.9226551149561515 5.409977715778198 -1.5
      vertex -1.8932843272420994 5.347878402655563 1.5
      vertex -1.9226551149561515 5.409977715778198 1.5
    endloop
  endfacet
  facet normal -0.8577286100002756 -0.5141027441932159 0
    outer loop
      vertex -1.9579712713882182 5.468899163113722 -1.5
      vertex -1.9226551149561515 5.409977715778198 1.5
      vertex -1.9579712713882182 5.468899163113722 1.5
    endloop
  endfacet
  facet normal 0.4275550934302717 0.9039892931234482 0
    outer loop
      vertex -2.8699777157781985 4.462655114956151 1.5
      vertex -2.8078784026555628 4.4332843272421 1.5
      vertex -2.8699777157781985 4.462655114956151 -0.5776499999999998
    endloop
  endfacet
  facet normal 0.5141027441932263 0.8577286100002693 -1.3906626180891955e-16
    outer loop
      vertex -2.8699777157781985 4.462655114956151 1.5
      vertex -2.9089400000000003 4.486008209402258 -0.5776499999999998
      vertex -2.9288991631137216 4.497971271388218 1.5
    endloop
  endfacet
  facet normal 0.33688985339221994 0.9415440651830208 0
    outer loop
      vertex -2.8078784026555628 4.4332843272421 1.5
      vertex -2.7431992740781235 4.410141764987454 1.5
      vertex -2.8078784026555628 4.4332843272421 -0.5776499999999998
    endloop
  endfacet
  facet normal 0.24298017990327084 0.9700312531945422 0
    outer loop
      vertex -2.7431992740781235 4.410141764987454 1.5
      vertex -2.67656322541129 4.393450303717739 1.5
      vertex -2.7431992740781235 4.410141764987454 -0.5776499999999998
    endloop
  endfacet
  facet normal 0.14673047445535836 0.9891765099647815 0
    outer loop
      vertex -2.67656322541129 4.393450303717739 1.5
      vertex -2.6086119982306926 4.383370691329462 1.5
      vertex -2.67656322541129 4.393450303717739 -0.5776499999999998
    endloop
  endfacet
  facet normal 0.0490676743274217 0.9987954562051722 0
    outer loop
      vertex -2.6086119982306926 4.383370691329462 1.5
      vertex -2.54 4.38 1.5
      vertex -2.6086119982306926 4.383370691329462 -0.5776499999999998
    endloop
  endfacet
  facet normal -0.0490676743274217 0.9987954562051722 0
    outer loop
      vertex -2.54 4.38 1.5
      vertex -2.4713880017693075 4.383370691329462 1.5
      vertex -2.54 4.38 -0.5776499999999998
    endloop
  endfacet
  facet normal -0.14673047445535836 0.9891765099647815 0
    outer loop
      vertex -2.4713880017693075 4.383370691329462 1.5
      vertex -2.40343677458871 4.393450303717739 1.5
      vertex -2.4713880017693075 4.383370691329462 -0.5776499999999998
    endloop
  endfacet
  facet normal -0.24298017990327084 0.9700312531945422 0
    outer loop
      vertex -2.40343677458871 4.393450303717739 1.5
      vertex -2.3368007259218766 4.410141764987454 1.5
      vertex -2.40343677458871 4.393450303717739 -0.5776499999999998
    endloop
  endfacet
  facet normal -0.33688985339221994 0.9415440651830208 0
    outer loop
      vertex -2.3368007259218766 4.410141764987454 1.5
      vertex -2.2721215973444373 4.4332843272421 1.5
      vertex -2.3368007259218766 4.410141764987454 -0.5776499999999998
    endloop
  endfacet
  facet normal -0.4275550934302717 0.9039892931234482 0
    outer loop
      vertex -2.2721215973444373 4.4332843272421 1.5
      vertex -2.2100222842218016 4.462655114956151 1.5
      vertex -2.2721215973444373 4.4332843272421 -0.5776499999999998
    endloop
  endfacet
  facet normal 0.4275550934302767 -0.9039892931234459 -5.980681586268761e-19
    outer loop
      vertex 3.409312773697902 3.289633074696102 -1.5
      vertex 3.4410600000000002 3.3046483944692446 -1.5
      vertex 3.4410600000000002 3.3046483944692446 -0.5776499999999998
    endloop
  endfacet
  facet normal 0.9039892931234427 0.42755509343028375 0
    outer loop
      vertex 3.0247023973654064 2.214719082489674 -1.5
      vertex 3.0247023973654064 2.214719082489674 1.5
      vertex 3.0603669253038985 2.139312773697902 -1.5
    endloop
  endfacet
  facet normal 0.9415440651830218 0.3368898533922172 -3.561915279870792e-21
    outer loop
      vertex 3.0247023973654064 2.214719082489674 -1.5
      vertex 2.996600714627623 2.2932580243337073 -1.5
      vertex 2.996600714627623 2.2932580243337073 1.5
    endloop
  endfacet
  facet normal 0.9700312531945429 0.24298017990326878 -1.901867357171878e-19
    outer loop
      vertex 2.996600714627623 2.2932580243337073 -1.5
      vertex 2.976332511657254 2.374173226286291 -1.5
      vertex 2.976332511657254 2.374173226286291 1.5
    endloop
  endfacet
  facet normal 0.989176509964781 0.14673047445536214 -3.0961925421643786e-19
    outer loop
      vertex 2.976332511657254 2.374173226286291 -1.5
      vertex 2.9640929823286326 2.4566854307198733 -1.5
      vertex 2.9640929823286326 2.4566854307198733 1.5
    endloop
  endfacet
  facet normal 0.9987954562051725 0.049067674327417876 -3.3918676739150704e-20
    outer loop
      vertex 2.9640929823286326 2.4566854307198733 -1.5
      vertex 2.96 2.54 -1.5
      vertex 2.96 2.54 1.5
    endloop
  endfacet
  facet normal 0.9987954562051725 -0.049067674327417876 3.3918676739150704e-20
    outer loop
      vertex 2.96 2.54 -1.5
      vertex 2.9640929823286326 2.6233145692801267 -1.5
      vertex 2.9640929823286326 2.6233145692801267 1.5
    endloop
  endfacet
  facet normal 0.6715589548470159 0.7409511253549613 0
    outer loop
      vertex 3.2089592359914345 1.9389592359914345 -1.5
      vertex 3.2089592359914345 1.9389592359914345 1.5
      vertex 3.2707657084609014 1.8829411146416737 -1.5
    endloop
  endfacet
  facet normal 0.8032075314806462 0.5956993044924318 0
    outer loop
      vertex 3.1032508295428367 2.0677653019333384 -1.5
      vertex 3.1032508295428367 2.0677653019333384 1.5
      vertex 3.1529411146416737 2.0007657084609014 -1.5
    endloop
  endfacet
  facet normal 0.8577286100002722 0.5141027441932217 8.8451660597103e-20
    outer loop
      vertex 3.1032508295428367 2.0677653019333384 -1.5
      vertex 3.0603669253038985 2.139312773697902 -1.5
      vertex 3.0603669253038985 2.139312773697902 1.5
    endloop
  endfacet
  facet normal 0.7409511253549613 0.6715589548470159 6.328826256884764e-19
    outer loop
      vertex 3.2089592359914345 1.9389592359914345 -1.5
      vertex 3.1529411146416737 2.0007657084609014 -1.5
      vertex 3.1529411146416737 2.0007657084609014 1.5
    endloop
  endfacet
  facet normal 0.5141027441932212 0.8577286100002725 0
    outer loop
      vertex 3.337765301933338 1.8332508295428367 -1.5
      vertex 3.337765301933338 1.8332508295428367 1.5
      vertex 3.409312773697902 1.7903669253038983 -1.5
    endloop
  endfacet
  facet normal 0.5956993044924344 0.8032075314806442 0
    outer loop
      vertex 3.2707657084609014 1.8829411146416737 -1.5
      vertex 3.2707657084609014 1.8829411146416737 1.5
      vertex 3.337765301933338 1.8332508295428367 -1.5
    endloop
  endfacet
  facet normal 0.42755509343028153 0.9039892931234437 0
    outer loop
      vertex 3.409312773697902 1.7903669253038983 -1.5
      vertex 3.409312773697902 1.7903669253038983 1.5
      vertex 3.484719082489674 1.7547023973654063 -1.5
    endloop
  endfacet
  facet normal 0.989176509964781 -0.14673047445536214 3.0961925421643786e-19
    outer loop
      vertex 2.9640929823286326 2.6233145692801267 -1.5
      vertex 2.976332511657254 2.705826773713709 -1.5
      vertex 2.976332511657254 2.705826773713709 1.5
    endloop
  endfacet
  facet normal 0.9700312531945429 -0.24298017990326878 1.901867357171878e-19
    outer loop
      vertex 2.976332511657254 2.705826773713709 -1.5
      vertex 2.996600714627623 2.786741975666293 -1.5
      vertex 2.996600714627623 2.786741975666293 1.5
    endloop
  endfacet
  facet normal 0.9415440651830218 -0.3368898533922172 3.561915279870792e-21
    outer loop
      vertex 2.996600714627623 2.786741975666293 -1.5
      vertex 3.0247023973654064 2.865280917510326 -1.5
      vertex 3.0247023973654064 2.865280917510326 1.5
    endloop
  endfacet
  facet normal 0.9039892931234427 -0.42755509343028375 -1.1696502115460568e-19
    outer loop
      vertex 3.0247023973654064 2.865280917510326 -1.5
      vertex 3.0603669253038985 2.940687226302098 -1.5
      vertex 3.0603669253038985 2.940687226302098 1.5
    endloop
  endfacet
  facet normal 0.8577286100002722 -0.5141027441932217 -8.8451660597103e-20
    outer loop
      vertex 3.0603669253038985 2.940687226302098 -1.5
      vertex 3.1032508295428367 3.0122346980666617 -1.5
      vertex 3.1032508295428367 3.0122346980666617 1.5
    endloop
  endfacet
  facet normal 0.8032075314806462 -0.5956993044924318 3.3722514913592926e-19
    outer loop
      vertex 3.1032508295428367 3.0122346980666617 -1.5
      vertex 3.1529411146416737 3.0792342915390987 -1.5
      vertex 3.1529411146416737 3.0792342915390987 1.5
    endloop
  endfacet
  facet normal 0.7409511253549613 -0.6715589548470159 -6.328826256884764e-19
    outer loop
      vertex 3.1529411146416737 3.0792342915390987 -1.5
      vertex 3.2089592359914345 3.1410407640085656 -1.5
      vertex 3.2089592359914345 3.1410407640085656 1.5
    endloop
  endfacet
  facet normal 0.6715589548470159 -0.7409511253549613 -6.328826256884764e-19
    outer loop
      vertex 3.2089592359914345 3.1410407640085656 -1.5
      vertex 3.2707657084609014 3.1970588853583264 -1.5
      vertex 3.2707657084609014 3.1970588853583264 1.5
    endloop
  endfacet
  facet normal 0.5956993044924344 -0.8032075314806442 5.402455639430757e-19
    outer loop
      vertex 3.2707657084609014 3.1970588853583264 -1.5
      vertex 3.337765301933338 3.2467491704571634 -1.5
      vertex 3.337765301933338 3.2467491704571634 1.5
    endloop
  endfacet
  facet normal 0.5141027441932232 -0.8577286100002712 2.1955703605785387e-19
    outer loop
      vertex 3.337765301933338 3.2467491704571634 -1.5
      vertex 3.409312773697902 3.289633074696102 -1.5
      vertex 3.409312773697902 3.289633074696102 1.5
    endloop
  endfacet
  facet normal 0.42755509343026954 -0.9039892931234492 3.0000620094889363e-16
    outer loop
      vertex 3.409312773697902 3.289633074696102 -1.5
      vertex 3.4410600000000002 3.3046483944692446 -0.5776499999999998
      vertex 3.484719082489674 3.3252976026345937 1.5
    endloop
  endfacet
  facet normal -0.4275550934302767 -0.9039892931234459 5.980681586268761e-19
    outer loop
      vertex 4.210687226302098 3.289633074696102 -1.5
      vertex 4.17894 3.3046483944692446 -0.5776499999999998
      vertex 4.17894 3.3046483944692446 -1.5
    endloop
  endfacet
  facet normal 0.3368898533922213 0.9415440651830205 0
    outer loop
      vertex 3.484719082489674 1.7547023973654063 -1.5
      vertex 3.484719082489674 1.7547023973654063 1.5
      vertex 3.563258024333707 1.7266007146276225 -1.5
    endloop
  endfacet
  facet normal 0.24298017990326504 0.9700312531945439 0
    outer loop
      vertex 3.563258024333707 1.7266007146276225 -1.5
      vertex 3.563258024333707 1.7266007146276225 1.5
      vertex 3.644173226286291 1.706332511657254 -1.5
    endloop
  endfacet
  facet normal 0.14673047445536214 0.989176509964781 0
    outer loop
      vertex 3.644173226286291 1.706332511657254 -1.5
      vertex 3.644173226286291 1.706332511657254 1.5
      vertex 3.7266854307198733 1.6940929823286326 -1.5
    endloop
  endfacet
  facet normal 0.049067674327417876 0.9987954562051725 0
    outer loop
      vertex 3.7266854307198733 1.6940929823286326 -1.5
      vertex 3.7266854307198733 1.6940929823286326 1.5
      vertex 3.81 1.69 -1.5
    endloop
  endfacet
  facet normal -0.049067674327417876 0.9987954562051725 0
    outer loop
      vertex 3.81 1.69 -1.5
      vertex 3.81 1.69 1.5
      vertex 3.8933145692801268 1.6940929823286326 -1.5
    endloop
  endfacet
  facet normal -0.14673047445536214 0.989176509964781 0
    outer loop
      vertex 3.8933145692801268 1.6940929823286326 -1.5
      vertex 3.8933145692801268 1.6940929823286326 1.5
      vertex 3.975826773713709 1.706332511657254 -1.5
    endloop
  endfacet
  facet normal -0.24298017990326504 0.9700312531945439 0
    outer loop
      vertex 3.975826773713709 1.706332511657254 -1.5
      vertex 3.975826773713709 1.706332511657254 1.5
      vertex 4.056741975666293 1.7266007146276225 -1.5
    endloop
  endfacet
  facet normal -0.3368898533922213 0.9415440651830205 0
    outer loop
      vertex 4.056741975666293 1.7266007146276225 -1.5
      vertex 4.056741975666293 1.7266007146276225 1.5
      vertex 4.135280917510326 1.7547023973654063 -1.5
    endloop
  endfacet
  facet normal -0.42755509343028153 0.9039892931234437 0
    outer loop
      vertex 4.135280917510326 1.7547023973654063 -1.5
      vertex 4.135280917510326 1.7547023973654063 1.5
      vertex 4.210687226302098 1.7903669253038983 -1.5
    endloop
  endfacet
  facet normal -0.5141027441932212 0.8577286100002725 0
    outer loop
      vertex 4.210687226302098 1.7903669253038983 -1.5
      vertex 4.210687226302098 1.7903669253038983 1.5
      vertex 4.282234698066662 1.8332508295428367 -1.5
    endloop
  endfacet
  facet normal -0.5956993044924344 0.8032075314806442 0
    outer loop
      vertex 4.282234698066662 1.8332508295428367 -1.5
      vertex 4.282234698066662 1.8332508295428367 1.5
      vertex 4.349234291539099 1.8829411146416737 -1.5
    endloop
  endfacet
  facet normal -0.5141027441932232 -0.8577286100002712 0
    outer loop
      vertex 4.282234698066662 3.2467491704571634 -1.5
      vertex 4.282234698066662 3.2467491704571634 1.5
      vertex 4.210687226302098 3.289633074696102 -1.5
    endloop
  endfacet
  facet normal -0.5956993044924344 -0.8032075314806442 -5.402455639430757e-19
    outer loop
      vertex 4.282234698066662 3.2467491704571634 -1.5
      vertex 4.349234291539099 3.1970588853583264 -1.5
      vertex 4.349234291539099 3.1970588853583264 1.5
    endloop
  endfacet
  facet normal -0.6715589548470159 0.7409511253549613 0
    outer loop
      vertex 4.349234291539099 1.8829411146416737 -1.5
      vertex 4.349234291539099 1.8829411146416737 1.5
      vertex 4.411040764008566 1.9389592359914345 -1.5
    endloop
  endfacet
  facet normal -0.7409511253549588 0.6715589548470188 0
    outer loop
      vertex 4.411040764008566 1.9389592359914345 -1.5
      vertex 4.411040764008566 1.9389592359914345 1.5
      vertex 4.467058885358327 2.0007657084609014 -1.5
    endloop
  endfacet
  facet normal -0.8032075314806462 0.5956993044924318 0
    outer loop
      vertex 4.467058885358327 2.0007657084609014 -1.5
      vertex 4.467058885358327 2.0007657084609014 1.5
      vertex 4.516749170457164 2.0677653019333384 -1.5
    endloop
  endfacet
  facet normal -0.8577286100002746 0.5141027441932177 0
    outer loop
      vertex 4.516749170457164 2.0677653019333384 -1.5
      vertex 4.516749170457164 2.0677653019333384 1.5
      vertex 4.559633074696102 2.139312773697902 -1.5
    endloop
  endfacet
  facet normal -0.9039892931234447 0.42755509343027936 0
    outer loop
      vertex 4.559633074696102 2.139312773697902 -1.5
      vertex 4.559633074696102 2.139312773697902 1.5
      vertex 4.595297602634593 2.214719082489674 -1.5
    endloop
  endfacet
  facet normal -0.9415440651830201 0.33688985339222194 0
    outer loop
      vertex 4.595297602634593 2.214719082489674 -1.5
      vertex 4.595297602634593 2.214719082489674 1.5
      vertex 4.623399285372377 2.2932580243337073 -1.5
    endloop
  endfacet
  facet normal -0.9700312531945441 0.2429801799032638 0
    outer loop
      vertex 4.623399285372377 2.2932580243337073 -1.5
      vertex 4.623399285372377 2.2932580243337073 1.5
      vertex 4.643667488342746 2.374173226286291 -1.5
    endloop
  endfacet
  facet normal -0.9891765099647801 0.14673047445536733 0
    outer loop
      vertex 4.643667488342746 2.374173226286291 -1.5
      vertex 4.643667488342746 2.374173226286291 1.5
      vertex 4.6559070176713675 2.4566854307198733 -1.5
    endloop
  endfacet
  facet normal -0.9987954562051725 0.049067674327417876 0
    outer loop
      vertex 4.6559070176713675 2.4566854307198733 -1.5
      vertex 4.6559070176713675 2.4566854307198733 1.5
      vertex 4.66 2.54 -1.5
    endloop
  endfacet
  facet normal -0.9987954562051725 -0.049067674327417876 0
    outer loop
      vertex 4.66 2.54 -1.5
      vertex 4.66 2.54 1.5
      vertex 4.6559070176713675 2.6233145692801267 -1.5
    endloop
  endfacet
  facet normal -0.9039892931234447 -0.42755509343027936 4.914025700417427e-19
    outer loop
      vertex 4.559633074696102 2.940687226302098 -1.5
      vertex 4.595297602634593 2.865280917510326 -1.5
      vertex 4.595297602634593 2.865280917510326 1.5
    endloop
  endfacet
  facet normal -0.8032075314806462 -0.5956993044924318 0
    outer loop
      vertex 4.516749170457164 3.0122346980666617 -1.5
      vertex 4.516749170457164 3.0122346980666617 1.5
      vertex 4.467058885358327 3.0792342915390987 -1.5
    endloop
  endfacet
  facet normal -0.8577286100002746 -0.5141027441932177 0
    outer loop
      vertex 4.559633074696102 2.940687226302098 -1.5
      vertex 4.559633074696102 2.940687226302098 1.5
      vertex 4.516749170457164 3.0122346980666617 -1.5
    endloop
  endfacet
  facet normal -0.9891765099647801 -0.14673047445536733 0
    outer loop
      vertex 4.6559070176713675 2.6233145692801267 -1.5
      vertex 4.6559070176713675 2.6233145692801267 1.5
      vertex 4.643667488342746 2.705826773713709 -1.5
    endloop
  endfacet
  facet normal -0.9700312531945441 -0.2429801799032638 0
    outer loop
      vertex 4.643667488342746 2.705826773713709 -1.5
      vertex 4.643667488342746 2.705826773713709 1.5
      vertex 4.623399285372377 2.786741975666293 -1.5
    endloop
  endfacet
  facet normal -0.9415440651830201 -0.33688985339222194 0
    outer loop
      vertex 4.623399285372377 2.786741975666293 -1.5
      vertex 4.623399285372377 2.786741975666293 1.5
      vertex 4.595297602634593 2.865280917510326 -1.5
    endloop
  endfacet
  facet normal -0.6715589548470159 -0.7409511253549613 6.328826256884764e-19
    outer loop
      vertex 4.349234291539099 3.1970588853583264 -1.5
      vertex 4.411040764008566 3.1410407640085656 -1.5
      vertex 4.411040764008566 3.1410407640085656 1.5
    endloop
  endfacet
  facet normal -0.7409511253549588 -0.6715589548470188 1.3060403431323232e-19
    outer loop
      vertex 4.411040764008566 3.1410407640085656 -1.5
      vertex 4.467058885358327 3.0792342915390987 -1.5
      vertex 4.467058885358327 3.0792342915390987 1.5
    endloop
  endfacet
  facet normal -0.4275550934302767 -0.9039892931234459 0
    outer loop
      vertex 4.210687226302098 3.289633074696102 -1.5
      vertex 4.210687226302098 3.289633074696102 1.5
      vertex 4.17894 3.3046483944692446 -0.5776499999999998
    endloop
  endfacet
  facet normal 0.42755509343028125 -0.9039892931234437 0
    outer loop
      vertex 3.484719082489674 3.3252976026345937 1.5
      vertex 3.4410600000000002 3.3046483944692446 -0.5776499999999998
      vertex 3.484719082489674 3.3252976026345937 -0.5776499999999998
    endloop
  endfacet
  facet normal 0.9039892931234427 0.42755509343028375 0
    outer loop
      vertex 3.0603669253038985 2.139312773697902 -1.5
      vertex 3.0247023973654064 2.214719082489674 1.5
      vertex 3.0603669253038985 2.139312773697902 1.5
    endloop
  endfacet
  facet normal 0.9415440651830218 0.3368898533922172 0
    outer loop
      vertex 3.0247023973654064 2.214719082489674 -1.5
      vertex 2.996600714627623 2.2932580243337073 1.5
      vertex 3.0247023973654064 2.214719082489674 1.5
    endloop
  endfacet
  facet normal 0.9700312531945429 0.24298017990326878 0
    outer loop
      vertex 2.996600714627623 2.2932580243337073 -1.5
      vertex 2.976332511657254 2.374173226286291 1.5
      vertex 2.996600714627623 2.2932580243337073 1.5
    endloop
  endfacet
  facet normal 0.989176509964781 0.14673047445536214 0
    outer loop
      vertex 2.976332511657254 2.374173226286291 -1.5
      vertex 2.9640929823286326 2.4566854307198733 1.5
      vertex 2.976332511657254 2.374173226286291 1.5
    endloop
  endfacet
  facet normal 0.9987954562051725 0.049067674327417876 0
    outer loop
      vertex 2.9640929823286326 2.4566854307198733 -1.5
      vertex 2.96 2.54 1.5
      vertex 2.9640929823286326 2.4566854307198733 1.5
    endloop
  endfacet
  facet normal 0.9987954562051725 -0.049067674327417876 0
    outer loop
      vertex 2.96 2.54 -1.5
      vertex 2.9640929823286326 2.6233145692801267 1.5
      vertex 2.96 2.54 1.5
    endloop
  endfacet
  facet normal 0.7409511253549613 0.6715589548470159 0
    outer loop
      vertex 3.2089592359914345 1.9389592359914345 -1.5
      vertex 3.1529411146416737 2.0007657084609014 1.5
      vertex 3.2089592359914345 1.9389592359914345 1.5
    endloop
  endfacet
  facet normal 0.6715589548470159 0.7409511253549613 0
    outer loop
      vertex 3.2707657084609014 1.8829411146416737 -1.5
      vertex 3.2089592359914345 1.9389592359914345 1.5
      vertex 3.2707657084609014 1.8829411146416737 1.5
    endloop
  endfacet
  facet normal 0.8032075314806462 0.5956993044924318 0
    outer loop
      vertex 3.1529411146416737 2.0007657084609014 -1.5
      vertex 3.1032508295428367 2.0677653019333384 1.5
      vertex 3.1529411146416737 2.0007657084609014 1.5
    endloop
  endfacet
  facet normal 0.8577286100002722 0.5141027441932217 0
    outer loop
      vertex 3.1032508295428367 2.0677653019333384 -1.5
      vertex 3.0603669253038985 2.139312773697902 1.5
      vertex 3.1032508295428367 2.0677653019333384 1.5
    endloop
  endfacet
  facet normal 0.5956993044924344 0.8032075314806442 0
    outer loop
      vertex 3.337765301933338 1.8332508295428367 -1.5
      vertex 3.2707657084609014 1.8829411146416737 1.5
      vertex 3.337765301933338 1.8332508295428367 1.5
    endloop
  endfacet
  facet normal 0.5141027441932212 0.8577286100002725 0
    outer loop
      vertex 3.409312773697902 1.7903669253038983 -1.5
      vertex 3.337765301933338 1.8332508295428367 1.5
      vertex 3.409312773697902 1.7903669253038983 1.5
    endloop
  endfacet
  facet normal 0.42755509343028153 0.9039892931234437 0
    outer loop
      vertex 3.484719082489674 1.7547023973654063 -1.5
      vertex 3.409312773697902 1.7903669253038983 1.5
      vertex 3.484719082489674 1.7547023973654063 1.5
    endloop
  endfacet
  facet normal 0.989176509964781 -0.14673047445536214 0
    outer loop
      vertex 2.9640929823286326 2.6233145692801267 -1.5
      vertex 2.976332511657254 2.705826773713709 1.5
      vertex 2.9640929823286326 2.6233145692801267 1.5
    endloop
  endfacet
  facet normal 0.9700312531945429 -0.24298017990326878 0
    outer loop
      vertex 2.976332511657254 2.705826773713709 -1.5
      vertex 2.996600714627623 2.786741975666293 1.5
      vertex 2.976332511657254 2.705826773713709 1.5
    endloop
  endfacet
  facet normal 0.9415440651830218 -0.3368898533922172 0
    outer loop
      vertex 2.996600714627623 2.786741975666293 -1.5
      vertex 3.0247023973654064 2.865280917510326 1.5
      vertex 2.996600714627623 2.786741975666293 1.5
    endloop
  endfacet
  facet normal 0.9039892931234427 -0.42755509343028375 0
    outer loop
      vertex 3.0247023973654064 2.865280917510326 -1.5
      vertex 3.0603669253038985 2.940687226302098 1.5
      vertex 3.0247023973654064 2.865280917510326 1.5
    endloop
  endfacet
  facet normal 0.8577286100002722 -0.5141027441932217 0
    outer loop
      vertex 3.0603669253038985 2.940687226302098 -1.5
      vertex 3.1032508295428367 3.0122346980666617 1.5
      vertex 3.0603669253038985 2.940687226302098 1.5
    endloop
  endfacet
  facet normal 0.8032075314806462 -0.5956993044924318 0
    outer loop
      vertex 3.1032508295428367 3.0122346980666617 -1.5
      vertex 3.1529411146416737 3.0792342915390987 1.5
      vertex 3.1032508295428367 3.0122346980666617 1.5
    endloop
  endfacet
  facet normal 0.7409511253549613 -0.6715589548470159 0
    outer loop
      vertex 3.1529411146416737 3.0792342915390987 -1.5
      vertex 3.2089592359914345 3.1410407640085656 1.5
      vertex 3.1529411146416737 3.0792342915390987 1.5
    endloop
  endfacet
  facet normal 0.6715589548470159 -0.7409511253549613 0
    outer loop
      vertex 3.2089592359914345 3.1410407640085656 -1.5
      vertex 3.2707657084609014 3.1970588853583264 1.5
      vertex 3.2089592359914345 3.1410407640085656 1.5
    endloop
  endfacet
  facet normal 0.5956993044924344 -0.8032075314806442 0
    outer loop
      vertex 3.2707657084609014 3.1970588853583264 -1.5
      vertex 3.337765301933338 3.2467491704571634 1.5
      vertex 3.2707657084609014 3.1970588853583264 1.5
    endloop
  endfacet
  facet normal 0.5141027441932232 -0.8577286100002712 0
    outer loop
      vertex 3.337765301933338 3.2467491704571634 -1.5
      vertex 3.409312773697902 3.289633074696102 1.5
      vertex 3.337765301933338 3.2467491704571634 1.5
    endloop
  endfacet
  facet normal 0.42755509343027936 -0.9039892931234447 0
    outer loop
      vertex 3.409312773697902 3.289633074696102 -1.5
      vertex 3.484719082489674 3.3252976026345937 1.5
      vertex 3.409312773697902 3.289633074696102 1.5
    endloop
  endfacet
  facet normal 0.3368898533922213 0.9415440651830205 0
    outer loop
      vertex 3.563258024333707 1.7266007146276225 -1.5
      vertex 3.484719082489674 1.7547023973654063 1.5
      vertex 3.563258024333707 1.7266007146276225 1.5
    endloop
  endfacet
  facet normal 0.24298017990326504 0.9700312531945439 0
    outer loop
      vertex 3.644173226286291 1.706332511657254 -1.5
      vertex 3.563258024333707 1.7266007146276225 1.5
      vertex 3.644173226286291 1.706332511657254 1.5
    endloop
  endfacet
  facet normal 0.14673047445536214 0.989176509964781 0
    outer loop
      vertex 3.7266854307198733 1.6940929823286326 -1.5
      vertex 3.644173226286291 1.706332511657254 1.5
      vertex 3.7266854307198733 1.6940929823286326 1.5
    endloop
  endfacet
  facet normal 0.049067674327417876 0.9987954562051725 0
    outer loop
      vertex 3.81 1.69 -1.5
      vertex 3.7266854307198733 1.6940929823286326 1.5
      vertex 3.81 1.69 1.5
    endloop
  endfacet
  facet normal -0.049067674327417876 0.9987954562051725 0
    outer loop
      vertex 3.8933145692801268 1.6940929823286326 -1.5
      vertex 3.81 1.69 1.5
      vertex 3.8933145692801268 1.6940929823286326 1.5
    endloop
  endfacet
  facet normal -0.14673047445536214 0.989176509964781 0
    outer loop
      vertex 3.975826773713709 1.706332511657254 -1.5
      vertex 3.8933145692801268 1.6940929823286326 1.5
      vertex 3.975826773713709 1.706332511657254 1.5
    endloop
  endfacet
  facet normal -0.24298017990326504 0.9700312531945439 0
    outer loop
      vertex 4.056741975666293 1.7266007146276225 -1.5
      vertex 3.975826773713709 1.706332511657254 1.5
      vertex 4.056741975666293 1.7266007146276225 1.5
    endloop
  endfacet
  facet normal -0.3368898533922213 0.9415440651830205 0
    outer loop
      vertex 4.135280917510326 1.7547023973654063 -1.5
      vertex 4.056741975666293 1.7266007146276225 1.5
      vertex 4.135280917510326 1.7547023973654063 1.5
    endloop
  endfacet
  facet normal 0.3368898533922236 -0.9415440651830195 0
    outer loop
      vertex 3.484719082489674 3.3252976026345937 1.5
      vertex 3.484719082489674 3.3252976026345937 -0.5776499999999998
      vertex 3.563258024333707 3.3533992853723777 -0.5776499999999998
    endloop
  endfacet
  facet normal 0.24298017990326254 -0.9700312531945444 0
    outer loop
      vertex 3.563258024333707 3.3533992853723777 1.5
      vertex 3.563258024333707 3.3533992853723777 -0.5776499999999998
      vertex 3.644173226286291 3.373667488342746 -0.5776499999999998
    endloop
  endfacet
  facet normal 0.1467304744553621 -0.9891765099647808 0
    outer loop
      vertex 3.644173226286291 3.373667488342746 1.5
      vertex 3.644173226286291 3.373667488342746 -0.5776499999999998
      vertex 3.7266854307198733 3.3859070176713675 -0.5776499999999998
    endloop
  endfacet
  facet normal 0.049067674327417876 -0.9987954562051724 0
    outer loop
      vertex 3.7266854307198733 3.3859070176713675 1.5
      vertex 3.7266854307198733 3.3859070176713675 -0.5776499999999998
      vertex 3.81 3.39 -0.5776499999999998
    endloop
  endfacet
  facet normal -0.1467304744553621 -0.9891765099647808 0
    outer loop
      vertex 3.8933145692801268 3.3859070176713675 1.5
      vertex 3.8933145692801268 3.3859070176713675 -0.5776499999999998
      vertex 3.975826773713709 3.373667488342746 -0.5776499999999998
    endloop
  endfacet
  facet normal -0.049067674327417876 -0.9987954562051724 0
    outer loop
      vertex 3.81 3.39 1.5
      vertex 3.81 3.39 -0.5776499999999998
      vertex 3.8933145692801268 3.3859070176713675 -0.5776499999999998
    endloop
  endfacet
  facet normal -0.24298017990326254 -0.9700312531945444 0
    outer loop
      vertex 3.975826773713709 3.373667488342746 1.5
      vertex 3.975826773713709 3.373667488342746 -0.5776499999999998
      vertex 4.056741975666293 3.3533992853723777 -0.5776499999999998
    endloop
  endfacet
  facet normal -0.3368898533922236 -0.9415440651830195 0
    outer loop
      vertex 4.056741975666293 3.3533992853723777 1.5
      vertex 4.056741975666293 3.3533992853723777 -0.5776499999999998
      vertex 4.135280917510326 3.3252976026345937 -0.5776499999999998
    endloop
  endfacet
  facet normal -0.42755509343028125 -0.9039892931234437 0
    outer loop
      vertex 4.135280917510326 3.3252976026345937 1.5
      vertex 4.135280917510326 3.3252976026345937 -0.5776499999999998
      vertex 4.17894 3.3046483944692446 -0.5776499999999998
    endloop
  endfacet
  facet normal -0.42755509343028153 0.9039892931234437 0
    outer loop
      vertex 4.210687226302098 1.7903669253038983 -1.5
      vertex 4.135280917510326 1.7547023973654063 1.5
      vertex 4.210687226302098 1.7903669253038983 1.5
    endloop
  endfacet
  facet normal -0.5141027441932212 0.8577286100002725 0
    outer loop
      vertex 4.282234698066662 1.8332508295428367 -1.5
      vertex 4.210687226302098 1.7903669253038983 1.5
      vertex 4.282234698066662 1.8332508295428367 1.5
    endloop
  endfacet
  facet normal -0.5956993044924344 0.8032075314806442 0
    outer loop
      vertex 4.349234291539099 1.8829411146416737 -1.5
      vertex 4.282234698066662 1.8332508295428367 1.5
      vertex 4.349234291539099 1.8829411146416737 1.5
    endloop
  endfacet
  facet normal -0.5956993044924344 -0.8032075314806442 0
    outer loop
      vertex 4.282234698066662 3.2467491704571634 -1.5
      vertex 4.349234291539099 3.1970588853583264 1.5
      vertex 4.282234698066662 3.2467491704571634 1.5
    endloop
  endfacet
  facet normal -0.5141027441932232 -0.8577286100002712 0
    outer loop
      vertex 4.210687226302098 3.289633074696102 -1.5
      vertex 4.282234698066662 3.2467491704571634 1.5
      vertex 4.210687226302098 3.289633074696102 1.5
    endloop
  endfacet
  facet normal -0.6715589548470159 0.7409511253549613 0
    outer loop
      vertex 4.411040764008566 1.9389592359914345 -1.5
      vertex 4.349234291539099 1.8829411146416737 1.5
      vertex 4.411040764008566 1.9389592359914345 1.5
    endloop
  endfacet
  facet normal -0.7409511253549588 0.6715589548470188 0
    outer loop
      vertex 4.467058885358327 2.0007657084609014 -1.5
      vertex 4.411040764008566 1.9389592359914345 1.5
      vertex 4.467058885358327 2.0007657084609014 1.5
    endloop
  endfacet
  facet normal -0.8032075314806462 0.5956993044924318 0
    outer loop
      vertex 4.516749170457164 2.0677653019333384 -1.5
      vertex 4.467058885358327 2.0007657084609014 1.5
      vertex 4.516749170457164 2.0677653019333384 1.5
    endloop
  endfacet
  facet normal -0.8577286100002746 0.5141027441932177 0
    outer loop
      vertex 4.559633074696102 2.139312773697902 -1.5
      vertex 4.516749170457164 2.0677653019333384 1.5
      vertex 4.559633074696102 2.139312773697902 1.5
    endloop
  endfacet
  facet normal -0.9039892931234447 0.42755509343027936 0
    outer loop
      vertex 4.595297602634593 2.214719082489674 -1.5
      vertex 4.559633074696102 2.139312773697902 1.5
      vertex 4.595297602634593 2.214719082489674 1.5
    endloop
  endfacet
  facet normal -0.9415440651830201 0.33688985339222194 0
    outer loop
      vertex 4.623399285372377 2.2932580243337073 -1.5
      vertex 4.595297602634593 2.214719082489674 1.5
      vertex 4.623399285372377 2.2932580243337073 1.5
    endloop
  endfacet
  facet normal -0.9700312531945441 0.2429801799032638 0
    outer loop
      vertex 4.643667488342746 2.374173226286291 -1.5
      vertex 4.623399285372377 2.2932580243337073 1.5
      vertex 4.643667488342746 2.374173226286291 1.5
    endloop
  endfacet
  facet normal -0.9891765099647801 0.14673047445536733 0
    outer loop
      vertex 4.6559070176713675 2.4566854307198733 -1.5
      vertex 4.643667488342746 2.374173226286291 1.5
      vertex 4.6559070176713675 2.4566854307198733 1.5
    endloop
  endfacet
  facet normal -0.9987954562051725 0.049067674327417876 0
    outer loop
      vertex 4.66 2.54 -1.5
      vertex 4.6559070176713675 2.4566854307198733 1.5
      vertex 4.66 2.54 1.5
    endloop
  endfacet
  facet normal -0.9987954562051725 -0.049067674327417876 0
    outer loop
      vertex 4.6559070176713675 2.6233145692801267 -1.5
      vertex 4.66 2.54 1.5
      vertex 4.6559070176713675 2.6233145692801267 1.5
    endloop
  endfacet
  facet normal -0.9039892931234447 -0.42755509343027936 0
    outer loop
      vertex 4.559633074696102 2.940687226302098 -1.5
      vertex 4.595297602634593 2.865280917510326 1.5
      vertex 4.559633074696102 2.940687226302098 1.5
    endloop
  endfacet
  facet normal -0.8577286100002746 -0.5141027441932177 0
    outer loop
      vertex 4.516749170457164 3.0122346980666617 -1.5
      vertex 4.559633074696102 2.940687226302098 1.5
      vertex 4.516749170457164 3.0122346980666617 1.5
    endloop
  endfacet
  facet normal -0.9891765099647801 -0.14673047445536733 0
    outer loop
      vertex 4.643667488342746 2.705826773713709 -1.5
      vertex 4.6559070176713675 2.6233145692801267 1.5
      vertex 4.643667488342746 2.705826773713709 1.5
    endloop
  endfacet
  facet normal -0.9700312531945441 -0.2429801799032638 0
    outer loop
      vertex 4.623399285372377 2.786741975666293 -1.5
      vertex 4.643667488342746 2.705826773713709 1.5
      vertex 4.623399285372377 2.786741975666293 1.5
    endloop
  endfacet
  facet normal -0.9415440651830201 -0.33688985339222194 0
    outer loop
      vertex 4.595297602634593 2.865280917510326 -1.5
      vertex 4.623399285372377 2.786741975666293 1.5
      vertex 4.595297602634593 2.865280917510326 1.5
    endloop
  endfacet
  facet normal -0.7409511253549588 -0.6715589548470188 0
    outer loop
      vertex 4.411040764008566 3.1410407640085656 -1.5
      vertex 4.467058885358327 3.0792342915390987 1.5
      vertex 4.411040764008566 3.1410407640085656 1.5
    endloop
  endfacet
  facet normal -0.6715589548470159 -0.7409511253549613 0
    outer loop
      vertex 4.349234291539099 3.1970588853583264 -1.5
      vertex 4.411040764008566 3.1410407640085656 1.5
      vertex 4.349234291539099 3.1970588853583264 1.5
    endloop
  endfacet
  facet normal -0.8032075314806462 -0.5956993044924318 0
    outer loop
      vertex 4.467058885358327 3.0792342915390987 -1.5
      vertex 4.516749170457164 3.0122346980666617 1.5
      vertex 4.467058885358327 3.0792342915390987 1.5
    endloop
  endfacet
  facet normal 0.3368898533922236 -0.9415440651830195 -8.76312293681593e-19
    outer loop
      vertex 3.484719082489674 3.3252976026345937 1.5
      vertex 3.563258024333707 3.3533992853723777 -0.5776499999999998
      vertex 3.563258024333707 3.3533992853723777 1.5
    endloop
  endfacet
  facet normal 0.24298017990326254 -0.9700312531945444 1.8056518693808133e-20
    outer loop
      vertex 3.563258024333707 3.3533992853723777 1.5
      vertex 3.644173226286291 3.373667488342746 -0.5776499999999998
      vertex 3.644173226286291 3.373667488342746 1.5
    endloop
  endfacet
  facet normal 0.1467304744553621 -0.9891765099647808 4.470713366781284e-19
    outer loop
      vertex 3.644173226286291 3.373667488342746 1.5
      vertex 3.7266854307198733 3.3859070176713675 -0.5776499999999998
      vertex 3.7266854307198733 3.3859070176713675 1.5
    endloop
  endfacet
  facet normal 0.049067674327417876 -0.9987954562051724 4.8976502402932215e-20
    outer loop
      vertex 3.7266854307198733 3.3859070176713675 1.5
      vertex 3.81 3.39 -0.5776499999999998
      vertex 3.81 3.39 1.5
    endloop
  endfacet
  facet normal -0.049067674327417876 -0.9987954562051724 -4.8976502402932215e-20
    outer loop
      vertex 3.81 3.39 1.5
      vertex 3.8933145692801268 3.3859070176713675 -0.5776499999999998
      vertex 3.8933145692801268 3.3859070176713675 1.5
    endloop
  endfacet
  facet normal -0.1467304744553621 -0.9891765099647808 -4.470713366781284e-19
    outer loop
      vertex 3.8933145692801268 3.3859070176713675 1.5
      vertex 3.975826773713709 3.373667488342746 -0.5776499999999998
      vertex 3.975826773713709 3.373667488342746 1.5
    endloop
  endfacet
  facet normal -0.24298017990326254 -0.9700312531945444 -1.8056518693808133e-20
    outer loop
      vertex 3.975826773713709 3.373667488342746 1.5
      vertex 4.056741975666293 3.3533992853723777 -0.5776499999999998
      vertex 4.056741975666293 3.3533992853723777 1.5
    endloop
  endfacet
  facet normal -0.3368898533922236 -0.9415440651830195 8.76312293681593e-19
    outer loop
      vertex 4.056741975666293 3.3533992853723777 1.5
      vertex 4.135280917510326 3.3252976026345937 -0.5776499999999998
      vertex 4.135280917510326 3.3252976026345937 1.5
    endloop
  endfacet
  facet normal -0.4275550934302793 -0.9039892931234447 4.990507943619493e-17
    outer loop
      vertex 4.135280917510326 3.3252976026345937 1.5
      vertex 4.17894 3.3046483944692446 -0.5776499999999998
      vertex 4.210687226302098 3.289633074696102 1.5
    endloop
  endfacet
  facet normal 1 0 0
    outer loop
      vertex 3.4410600000000002 3.3046483944692446 -1.5
      vertex 3.4410600000000002 4.775351605530755 -1.5
      vertex 3.4410600000000002 3.3046483944692446 -0.5776499999999998
    endloop
  endfacet
  facet normal 1 0 0
    outer loop
      vertex 3.4410600000000002 4.775351605530755 -0.5776499999999998
      vertex 3.4410600000000002 3.3046483944692446 -0.5776499999999998
      vertex 3.4410600000000002 4.775351605530755 -1.5
    endloop
  endfacet
  facet normal 0 0 -1
    outer loop
      vertex 3.484719082489674 4.754702397365406 -0.5776499999999998
      vertex 3.484719082489674 3.3252976026345937 -0.5776499999999998
      vertex 3.4410600000000002 3.3046483944692446 -0.5776499999999998
    endloop
  endfacet
  facet normal 0 0 -1
    outer loop
      vertex 3.4410600000000002 4.775351605530755 -0.5776499999999998
      vertex 3.484719082489674 4.754702397365406 -0.5776499999999998
      vertex 3.4410600000000002 3.3046483944692446 -0.5776499999999998
    endloop
  endfacet
  facet normal -1 0 0
    outer loop
      vertex 4.17894 4.775351605530755 -0.5776499999999998
      vertex 4.17894 4.775351605530755 -1.5
      vertex 4.17894 3.3046483944692446 -1.5
    endloop
  endfacet
  facet normal -1 0 0
    outer loop
      vertex 4.17894 4.775351605530755 -0.5776499999999998
      vertex 4.17894 3.3046483944692446 -1.5
      vertex 4.17894 3.3046483944692446 -0.5776499999999998
    endloop
  endfacet
  facet normal 0 0 -1
    outer loop
      vertex 3.563258024333707 4.726600714627622 -0.5776499999999998
      vertex 3.563258024333707 3.3533992853723777 -0.5776499999999998
      vertex 3.484719082489674 3.3252976026345937 -0.5776499999999998
    endloop
  endfacet
  facet normal 0 0 -1
    outer loop
      vertex 3.644173226286291 4.706332511657254 -0.5776499999999998
      vertex 3.644173226286291 3.373667488342746 -0.5776499999999998
      vertex 3.563258024333707 3.3533992853723777 -0.5776499999999998
    endloop
  endfacet
  facet normal 0 0 -1
    outer loop
      vertex 3.644173226286291 4.706332511657254 -0.5776499999999998
      vertex 3.7266854307198733 3.3859070176713675 -0.5776499999999998
      vertex 3.644173226286291 3.373667488342746 -0.5776499999999998
    endloop
  endfacet
  facet normal 0 0 -1
    outer loop
      vertex 3.644173226286291 4.706332511657254 -0.5776499999999998
      vertex 3.81 3.39 -0.5776499999999998
      vertex 3.7266854307198733 3.3859070176713675 -0.5776499999999998
    endloop
  endfacet
  facet normal 0 0 -1
    outer loop
      vertex 3.644173226286291 4.706332511657254 -0.5776499999999998
      vertex 3.8933145692801268 3.3859070176713675 -0.5776499999999998
      vertex 3.81 3.39 -0.5776499999999998
    endloop
  endfacet
  facet normal 0 0 -1
    outer loop
      vertex 3.644173226286291 4.706332511657254 -0.5776499999999998
      vertex 3.975826773713709 3.373667488342746 -0.5776499999999998
      vertex 3.8933145692801268 3.3859070176713675 -0.5776499999999998
    endloop
  endfacet
  facet normal 0 0 -1
    outer loop
      vertex 3.484719082489674 4.754702397365406 -0.5776499999999998
      vertex 3.563258024333707 4.726600714627622 -0.5776499999999998
      vertex 3.484719082489674 3.3252976026345937 -0.5776499999999998
    endloop
  endfacet
  facet normal 0 0 -1
    outer loop
      vertex 3.563258024333707 4.726600714627622 -0.5776499999999998
      vertex 3.644173226286291 4.706332511657254 -0.5776499999999998
      vertex 3.563258024333707 3.3533992853723777 -0.5776499999999998
    endloop
  endfacet
  facet normal 0 0 -1
    outer loop
      vertex 3.644173226286291 4.706332511657254 -0.5776499999999998
      vertex 3.7266854307198733 4.694092982328633 -0.5776499999999998
      vertex 3.975826773713709 3.373667488342746 -0.5776499999999998
    endloop
  endfacet
  facet normal 0 0 -1
    outer loop
      vertex 3.7266854307198733 4.694092982328633 -0.5776499999999998
      vertex 3.81 4.69 -0.5776499999999998
      vertex 3.975826773713709 3.373667488342746 -0.5776499999999998
    endloop
  endfacet
  facet normal 0 0 -1
    outer loop
      vertex 3.81 4.69 -0.5776499999999998
      vertex 3.8933145692801268 4.694092982328633 -0.5776499999999998
      vertex 4.056741975666293 3.3533992853723777 -0.5776499999999998
    endloop
  endfacet
  facet normal 0 0 -1
    outer loop
      vertex 3.81 4.69 -0.5776499999999998
      vertex 4.056741975666293 3.3533992853723777 -0.5776499999999998
      vertex 3.975826773713709 3.373667488342746 -0.5776499999999998
    endloop
  endfacet
  facet normal 0 0 -1
    outer loop
      vertex 3.975826773713709 4.706332511657254 -0.5776499999999998
      vertex 4.135280917510326 3.3252976026345937 -0.5776499999999998
      vertex 4.056741975666293 3.3533992853723777 -0.5776499999999998
    endloop
  endfacet
  facet normal 0 0 -1
    outer loop
      vertex 4.056741975666293 4.726600714627622 -0.5776499999999998
      vertex 4.17894 3.3046483944692446 -0.5776499999999998
      vertex 4.135280917510326 3.3252976026345937 -0.5776499999999998
    endloop
  endfacet
  facet normal 0 0 -1
    outer loop
      vertex 3.8933145692801268 4.694092982328633 -0.5776499999999998
      vertex 3.975826773713709 4.706332511657254 -0.5776499999999998
      vertex 4.056741975666293 3.3533992853723777 -0.5776499999999998
    endloop
  endfacet
  facet normal 0 0 -1
    outer loop
      vertex 3.975826773713709 4.706332511657254 -0.5776499999999998
      vertex 4.056741975666293 4.726600714627622 -0.5776499999999998
      vertex 4.135280917510326 3.3252976026345937 -0.5776499999999998
    endloop
  endfacet
  facet normal 0 0 -1
    outer loop
      vertex 4.056741975666293 4.726600714627622 -0.5776499999999998
      vertex 4.135280917510326 4.754702397365406 -0.5776499999999998
      vertex 4.17894 3.3046483944692446 -0.5776499999999998
    endloop
  endfacet
  facet normal 0 0 -1
    outer loop
      vertex 4.135280917510326 4.754702397365406 -0.5776499999999998
      vertex 4.17894 4.775351605530755 -0.5776499999999998
      vertex 4.17894 3.3046483944692446 -0.5776499999999998
    endloop
  endfacet
  facet normal 1 0 0
    outer loop
      vertex -2.9089400000000003 2.6739917905977415 -0.5776499999999998
      vertex -2.9089400000000003 2.6739917905977415 -1.5
      vertex -2.9089400000000003 4.486008209402258 -1.5
    endloop
  endfacet
  facet normal -1 0 0
    outer loop
      vertex -2.1710599999999998 2.6739917905977415 -0.5776499999999998
      vertex -2.1710599999999998 4.486008209402258 -1.5
      vertex -2.1710599999999998 2.6739917905977415 -1.5
    endloop
  endfacet
  facet normal 0 0 -1
    outer loop
      vertex -2.9089400000000003 2.6739917905977415 -0.5776499999999998
      vertex -2.9089400000000003 4.486008209402258 -0.5776499999999998
      vertex -2.8699777157781985 2.6973448850438486 -0.5776499999999998
    endloop
  endfacet
  facet normal 0 0 -1
    outer loop
      vertex -2.8699777157781985 2.6973448850438486 -0.5776499999999998
      vertex -2.9089400000000003 4.486008209402258 -0.5776499999999998
      vertex -2.8078784026555628 2.7267156727579005 -0.5776499999999998
    endloop
  endfacet
  facet normal 0 0 -1
    outer loop
      vertex -2.8078784026555628 2.7267156727579005 -0.5776499999999998
      vertex -2.9089400000000003 4.486008209402258 -0.5776499999999998
      vertex -2.7431992740781235 2.749858235012546 -0.5776499999999998
    endloop
  endfacet
  facet normal 0 0 -1
    outer loop
      vertex -2.7431992740781235 2.749858235012546 -0.5776499999999998
      vertex -2.8699777157781985 4.462655114956151 -0.5776499999999998
      vertex -2.67656322541129 2.7665496962822616 -0.5776499999999998
    endloop
  endfacet
  facet normal 0 0 -1
    outer loop
      vertex -2.67656322541129 2.7665496962822616 -0.5776499999999998
      vertex -2.8078784026555628 4.4332843272421 -0.5776499999999998
      vertex -2.6086119982306926 2.776629308670538 -0.5776499999999998
    endloop
  endfacet
  facet normal 0 0 -1
    outer loop
      vertex -2.6086119982306926 2.776629308670538 -0.5776499999999998
      vertex -2.8078784026555628 4.4332843272421 -0.5776499999999998
      vertex -2.54 2.7800000000000002 -0.5776499999999998
    endloop
  endfacet
  facet normal 0 0 -1
    outer loop
      vertex -2.54 2.7800000000000002 -0.5776499999999998
      vertex -2.8078784026555628 4.4332843272421 -0.5776499999999998
      vertex -2.4713880017693075 2.776629308670538 -0.5776499999999998
    endloop
  endfacet
  facet normal 0 0 -1
    outer loop
      vertex -2.4713880017693075 2.776629308670538 -0.5776499999999998
      vertex -2.7431992740781235 4.410141764987454 -0.5776499999999998
      vertex -2.40343677458871 2.7665496962822616 -0.5776499999999998
    endloop
  endfacet
  facet normal 0 0 -1
    outer loop
      vertex -2.40343677458871 2.7665496962822616 -0.5776499999999998
      vertex -2.7431992740781235 4.410141764987454 -0.5776499999999998
      vertex -2.3368007259218766 2.749858235012546 -0.5776499999999998
    endloop
  endfacet
  facet normal 0 0 -1
    outer loop
      vertex -2.3368007259218766 2.749858235012546 -0.5776499999999998
      vertex -2.2100222842218016 4.462655114956151 -0.5776499999999998
      vertex -2.2721215973444373 2.7267156727579005 -0.5776499999999998
    endloop
  endfacet
  facet normal 0 0 -1
    outer loop
      vertex -2.2721215973444373 2.7267156727579005 -0.5776499999999998
      vertex -2.2100222842218016 4.462655114956151 -0.5776499999999998
      vertex -2.2100222842218016 2.6973448850438486 -0.5776499999999998
    endloop
  endfacet
  facet normal 0 0 -1
    outer loop
      vertex -2.2100222842218016 2.6973448850438486 -0.5776499999999998
      vertex -2.1710599999999998 4.486008209402258 -0.5776499999999998
      vertex -2.1710599999999998 2.6739917905977415 -0.5776499999999998
    endloop
  endfacet
  facet normal 1 0 0
    outer loop
      vertex -2.9089400000000003 2.6739917905977415 -0.5776499999999998
      vertex -2.9089400000000003 4.486008209402258 -1.5
      vertex -2.9089400000000003 4.486008209402258 -0.5776499999999998
    endloop
  endfacet
  facet normal -1 0 0
    outer loop
      vertex -2.1710599999999998 2.6739917905977415 -0.5776499999999998
      vertex -2.1710599999999998 4.486008209402258 -0.5776499999999998
      vertex -2.1710599999999998 4.486008209402258 -1.5
    endloop
  endfacet
  facet normal 0 0 -1
    outer loop
      vertex -2.7431992740781235 2.749858235012546 -0.5776499999999998
      vertex -2.9089400000000003 4.486008209402258 -0.5776499999999998
      vertex -2.8699777157781985 4.462655114956151 -0.5776499999999998
    endloop
  endfacet
  facet normal 0 0 -1
    outer loop
      vertex -2.67656322541129 2.7665496962822616 -0.5776499999999998
      vertex -2.8699777157781985 4.462655114956151 -0.5776499999999998
      vertex -2.8078784026555628 4.4332843272421 -0.5776499999999998
    endloop
  endfacet
  facet normal 0 0 -1
    outer loop
      vertex -2.4713880017693075 2.776629308670538 -0.5776499999999998
      vertex -2.8078784026555628 4.4332843272421 -0.5776499999999998
      vertex -2.7431992740781235 4.410141764987454 -0.5776499999999998
    endloop
  endfacet
  facet normal 0 0 -1
    outer loop
      vertex -2.3368007259218766 2.749858235012546 -0.5776499999999998
      vertex -2.7431992740781235 4.410141764987454 -0.5776499999999998
      vertex -2.67656322541129 4.393450303717739 -0.5776499999999998
    endloop
  endfacet
  facet normal 0 0 -1
    outer loop
      vertex -2.3368007259218766 2.749858235012546 -0.5776499999999998
      vertex -2.67656322541129 4.393450303717739 -0.5776499999999998
      vertex -2.6086119982306926 4.383370691329462 -0.5776499999999998
    endloop
  endfacet
  facet normal 0 0 -1
    outer loop
      vertex -2.3368007259218766 2.749858235012546 -0.5776499999999998
      vertex -2.6086119982306926 4.383370691329462 -0.5776499999999998
      vertex -2.54 4.38 -0.5776499999999998
    endloop
  endfacet
  facet normal 0 0 -1
    outer loop
      vertex -2.3368007259218766 2.749858235012546 -0.5776499999999998
      vertex -2.54 4.38 -0.5776499999999998
      vertex -2.4713880017693075 4.383370691329462 -0.5776499999999998
    endloop
  endfacet
  facet normal 0 0 -1
    outer loop
      vertex -2.3368007259218766 2.749858235012546 -0.5776499999999998
      vertex -2.4713880017693075 4.383370691329462 -0.5776499999999998
      vertex -2.40343677458871 4.393450303717739 -0.5776499999999998
    endloop
  endfacet
  facet normal 0 0 -1
    outer loop
      vertex -2.3368007259218766 2.749858235012546 -0.5776499999999998
      vertex -2.40343677458871 4.393450303717739 -0.5776499999999998
      vertex -2.3368007259218766 4.410141764987454 -0.5776499999999998
    endloop
  endfacet
  facet normal 0 0 -1
    outer loop
      vertex -2.3368007259218766 2.749858235012546 -0.5776499999999998
      vertex -2.3368007259218766 4.410141764987454 -0.5776499999999998
      vertex -2.2721215973444373 4.4332843272421 -0.5776499999999998
    endloop
  endfacet
  facet normal 0 0 -1
    outer loop
      vertex -2.3368007259218766 2.749858235012546 -0.5776499999999998
      vertex -2.2721215973444373 4.4332843272421 -0.5776499999999998
      vertex -2.2100222842218016 4.462655114956151 -0.5776499999999998
    endloop
  endfacet
  facet normal 0 0 -1
    outer loop
      vertex -2.2100222842218016 2.6973448850438486 -0.5776499999999998
      vertex -2.2100222842218016 4.462655114956151 -0.5776499999999998
      vertex -2.1710599999999998 4.486008209402258 -0.5776499999999998
    endloop
  endfacet
  facet normal 0.514102744193223 -0.8577286100002713 0
    outer loop
      vertex -2.9089400000000003 2.6739917905977415 -0.5776499999999998
      vertex -2.9288991631137216 2.662028728611782 -1.5
      vertex -2.9089400000000003 2.6739917905977415 -1.5
    endloop
  endfacet
  facet normal -0.514102744193223 -0.8577286100002713 0
    outer loop
      vertex -2.1710599999999998 2.6739917905977415 -0.5776499999999998
      vertex -2.1710599999999998 2.6739917905977415 -1.5
      vertex -2.1511008368862785 2.662028728611782 -1.5
    endloop
  endfacet
  facet normal 0.7409511253549588 0.6715589548470188 -4.725105419591845e-19
    outer loop
      vertex -3.034974746830583 1.585025253169417 -1.5
      vertex -3.081107317353916 1.6359247010854483 -1.5
      vertex -3.081107317353916 1.6359247010854483 1.5
    endloop
  endfacet
  facet normal 0.8577286100002721 0.5141027441932216 1.4367912290299375e-19
    outer loop
      vertex -3.122028728611782 1.6911008368862785 -1.5
      vertex -3.1573448850438486 1.7500222842218016 -1.5
      vertex -3.1573448850438486 1.7500222842218016 1.5
    endloop
  endfacet
  facet normal 0.8032075314806435 0.5956993044924354 9.456691861439676e-19
    outer loop
      vertex -3.081107317353916 1.6359247010854483 -1.5
      vertex -3.122028728611782 1.6911008368862785 -1.5
      vertex -3.122028728611782 1.6911008368862785 1.5
    endloop
  endfacet
  facet normal 0.5956993044924337 0.8032075314806446 0
    outer loop
      vertex -2.984075298914552 1.5388926826460843 -1.5
      vertex -2.984075298914552 1.5388926826460843 1.5
      vertex -2.9288991631137216 1.4979712713882183 -1.5
    endloop
  endfacet
  facet normal 0.5141027441932216 0.8577286100002721 0
    outer loop
      vertex -2.9288991631137216 1.4979712713882183 -1.5
      vertex -2.9288991631137216 1.4979712713882183 1.5
      vertex -2.8699777157781985 1.4626551149561515 -1.5
    endloop
  endfacet
  facet normal 0.42755509343027964 0.9039892931234443 0
    outer loop
      vertex -2.8699777157781985 1.4626551149561515 -1.5
      vertex -2.8699777157781985 1.4626551149561515 1.5
      vertex -2.8078784026555628 1.4332843272420994 -1.5
    endloop
  endfacet
  facet normal 0.6715589548470203 0.7409511253549573 8.319483500457935e-19
    outer loop
      vertex -2.984075298914552 1.5388926826460843 -1.5
      vertex -3.034974746830583 1.585025253169417 -1.5
      vertex -3.034974746830583 1.585025253169417 1.5
    endloop
  endfacet
  facet normal 0.3368898533922199 0.9415440651830208 0
    outer loop
      vertex -2.8078784026555628 1.4332843272420994 -1.5
      vertex -2.8078784026555628 1.4332843272420994 1.5
      vertex -2.7431992740781235 1.410141764987454 -1.5
    endloop
  endfacet
  facet normal 0.24298017990326476 0.9700312531945438 0
    outer loop
      vertex -2.7431992740781235 1.410141764987454 -1.5
      vertex -2.7431992740781235 1.410141764987454 1.5
      vertex -2.67656322541129 1.3934503037177388 -1.5
    endloop
  endfacet
  facet normal 0.14673047445536153 0.989176509964781 0
    outer loop
      vertex -2.67656322541129 1.3934503037177388 -1.5
      vertex -2.67656322541129 1.3934503037177388 1.5
      vertex -2.6086119982306926 1.3833706913294623 -1.5
    endloop
  endfacet
  facet normal 0.04906767432741847 0.9987954562051724 0
    outer loop
      vertex -2.6086119982306926 1.3833706913294623 -1.5
      vertex -2.6086119982306926 1.3833706913294623 1.5
      vertex -2.54 1.3800000000000001 -1.5
    endloop
  endfacet
  facet normal -0.04906767432741847 0.9987954562051724 0
    outer loop
      vertex -2.54 1.3800000000000001 -1.5
      vertex -2.54 1.3800000000000001 1.5
      vertex -2.4713880017693075 1.3833706913294623 -1.5
    endloop
  endfacet
  facet normal -0.14673047445536153 0.989176509964781 0
    outer loop
      vertex -2.4713880017693075 1.3833706913294623 -1.5
      vertex -2.4713880017693075 1.3833706913294623 1.5
      vertex -2.40343677458871 1.3934503037177388 -1.5
    endloop
  endfacet
  facet normal -0.24298017990326476 0.9700312531945438 0
    outer loop
      vertex -2.40343677458871 1.3934503037177388 -1.5
      vertex -2.40343677458871 1.3934503037177388 1.5
      vertex -2.3368007259218766 1.410141764987454 -1.5
    endloop
  endfacet
  facet normal -0.3368898533922199 0.9415440651830208 0
    outer loop
      vertex -2.3368007259218766 1.410141764987454 -1.5
      vertex -2.3368007259218766 1.410141764987454 1.5
      vertex -2.2721215973444373 1.4332843272420994 -1.5
    endloop
  endfacet
  facet normal -0.42755509343027964 0.9039892931234443 0
    outer loop
      vertex -2.2721215973444373 1.4332843272420994 -1.5
      vertex -2.2721215973444373 1.4332843272420994 1.5
      vertex -2.2100222842218016 1.4626551149561515 -1.5
    endloop
  endfacet
  facet normal -0.5141027441932216 0.8577286100002721 0
    outer loop
      vertex -2.2100222842218016 1.4626551149561515 -1.5
      vertex -2.2100222842218016 1.4626551149561515 1.5
      vertex -2.1511008368862785 1.4979712713882183 -1.5
    endloop
  endfacet
  facet normal -0.5956993044924337 0.8032075314806446 0
    outer loop
      vertex -2.1511008368862785 1.4979712713882183 -1.5
      vertex -2.1511008368862785 1.4979712713882183 1.5
      vertex -2.095924701085448 1.5388926826460843 -1.5
    endloop
  endfacet
  facet normal -0.6715589548470203 0.7409511253549573 0
    outer loop
      vertex -2.095924701085448 1.5388926826460843 -1.5
      vertex -2.095924701085448 1.5388926826460843 1.5
      vertex -2.045025253169417 1.585025253169417 -1.5
    endloop
  endfacet
  facet normal -0.7409511253549588 0.6715589548470188 0
    outer loop
      vertex -2.045025253169417 1.585025253169417 -1.5
      vertex -2.045025253169417 1.585025253169417 1.5
      vertex -1.9988926826460842 1.6359247010854483 -1.5
    endloop
  endfacet
  facet normal -0.8032075314806435 0.5956993044924354 -9.456691861439676e-19
    outer loop
      vertex -1.9579712713882182 1.6911008368862785 -1.5
      vertex -1.9988926826460842 1.6359247010854483 -1.5
      vertex -1.9988926826460842 1.6359247010854483 1.5
    endloop
  endfacet
  facet normal -0.8577286100002721 0.5141027441932216 -1.4367912290299375e-19
    outer loop
      vertex -1.9226551149561515 1.7500222842218016 -1.5
      vertex -1.9579712713882182 1.6911008368862785 -1.5
      vertex -1.9579712713882182 1.6911008368862785 1.5
    endloop
  endfacet
  facet normal 0.9039892931234457 0.42755509343027703 -5.994912350088368e-20
    outer loop
      vertex -3.1573448850438486 1.7500222842218016 -1.5
      vertex -3.1867156727579005 1.8121215973444373 -1.5
      vertex -3.1867156727579005 1.8121215973444373 1.5
    endloop
  endfacet
  facet normal 0.9415440651830205 0.33688985339222094 -4.370304820390622e-19
    outer loop
      vertex -3.1867156727579005 1.8121215973444373 -1.5
      vertex -3.209858235012546 1.8768007259218764 -1.5
      vertex -3.209858235012546 1.8768007259218764 1.5
    endloop
  endfacet
  facet normal 0.9700312531945424 0.2429801799032701 1.1738924675388133e-19
    outer loop
      vertex -3.209858235012546 1.8768007259218764 -1.5
      vertex -3.2265496962822615 1.9434367745887102 -1.5
      vertex -3.2265496962822615 1.9434367745887102 1.5
    endloop
  endfacet
  facet normal 0.9891765099647813 0.14673047445535833 1.0534089967753195e-19
    outer loop
      vertex -3.2265496962822615 1.9434367745887102 -1.5
      vertex -3.2366293086705378 2.0113880017693075 -1.5
      vertex -3.2366293086705378 2.0113880017693075 1.5
    endloop
  endfacet
  facet normal 0.9987954562051723 0.0490676743274217 4.398993053960581e-20
    outer loop
      vertex -3.2366293086705378 2.0113880017693075 -1.5
      vertex -3.24 2.08 -1.5
      vertex -3.24 2.08 1.5
    endloop
  endfacet
  facet normal 0.9987954562051723 -0.0490676743274217 -4.398993053960581e-20
    outer loop
      vertex -3.24 2.08 -1.5
      vertex -3.2366293086705378 2.1486119982306926 -1.5
      vertex -3.2366293086705378 2.1486119982306926 1.5
    endloop
  endfacet
  facet normal 0.9891765099647813 -0.14673047445535833 -1.0534089967753195e-19
    outer loop
      vertex -3.2366293086705378 2.1486119982306926 -1.5
      vertex -3.2265496962822615 2.21656322541129 -1.5
      vertex -3.2265496962822615 2.21656322541129 1.5
    endloop
  endfacet
  facet normal 0.9700312531945422 -0.24298017990327084 -2.1425030494376356e-19
    outer loop
      vertex -3.2265496962822615 2.21656322541129 -1.5
      vertex -3.209858235012546 2.2831992740781235 -1.5
      vertex -3.209858235012546 2.2831992740781235 1.5
    endloop
  endfacet
  facet normal 0.9415440651830208 -0.3368898533922199 1.192510262626604e-19
    outer loop
      vertex -3.209858235012546 2.2831992740781235 -1.5
      vertex -3.1867156727579005 2.347878402655563 -1.5
      vertex -3.1867156727579005 2.347878402655563 1.5
    endloop
  endfacet
  facet normal 0.9039892931234457 -0.42755509343027703 5.994912350088368e-20
    outer loop
      vertex -3.1867156727579005 2.347878402655563 -1.5
      vertex -3.1573448850438486 2.4099777157781985 -1.5
      vertex -3.1573448850438486 2.4099777157781985 1.5
    endloop
  endfacet
  facet normal 0.8577286100002721 -0.5141027441932216 -1.4367912290299375e-19
    outer loop
      vertex -3.1573448850438486 2.4099777157781985 -1.5
      vertex -3.122028728611782 2.4688991631137216 -1.5
      vertex -3.122028728611782 2.4688991631137216 1.5
    endloop
  endfacet
  facet normal 0.8032075314806446 -0.5956993044924337 -1.0471793935473118e-18
    outer loop
      vertex -3.122028728611782 2.4688991631137216 -1.5
      vertex -3.081107317353916 2.524075298914552 -1.5
      vertex -3.081107317353916 2.524075298914552 1.5
    endloop
  endfacet
  facet normal 0.7409511253549573 -0.6715589548470203 -8.319483500457935e-19
    outer loop
      vertex -3.081107317353916 2.524075298914552 -1.5
      vertex -3.034974746830583 2.5749747468305832 -1.5
      vertex -3.034974746830583 2.5749747468305832 1.5
    endloop
  endfacet
  facet normal 0.6715589548470203 -0.7409511253549573 0
    outer loop
      vertex -2.984075298914552 2.621107317353916 1.5
      vertex -3.034974746830583 2.5749747468305832 -1.5
      vertex -2.984075298914552 2.621107317353916 -1.5
    endloop
  endfacet
  facet normal 0.5956993044924337 -0.8032075314806446 0
    outer loop
      vertex -2.9288991631137216 2.662028728611782 -1.5
      vertex -2.9288991631137216 2.662028728611782 1.5
      vertex -2.984075298914552 2.621107317353916 -1.5
    endloop
  endfacet
  facet normal -0.9039892931234443 0.42755509343027964 -3.7176929786469164e-19
    outer loop
      vertex -1.8932843272420994 1.8121215973444373 -1.5
      vertex -1.9226551149561515 1.7500222842218016 -1.5
      vertex -1.9226551149561515 1.7500222842218016 1.5
    endloop
  endfacet
  facet normal -0.9415440651830205 0.33688985339222094 4.370304820390622e-19
    outer loop
      vertex -1.8701417649874539 1.8768007259218764 -1.5
      vertex -1.8932843272420994 1.8121215973444373 -1.5
      vertex -1.8932843272420994 1.8121215973444373 1.5
    endloop
  endfacet
  facet normal -0.970031253194544 0.242980179903264 4.396127368850843e-19
    outer loop
      vertex -1.8534503037177388 1.9434367745887102 -1.5
      vertex -1.8701417649874539 1.8768007259218764 -1.5
      vertex -1.8701417649874539 1.8768007259218764 1.5
    endloop
  endfacet
  facet normal -0.989176509964781 0.14673047445536153 -1.9001465794273817e-20
    outer loop
      vertex -1.8433706913294623 2.0113880017693075 -1.5
      vertex -1.8534503037177388 1.9434367745887102 -1.5
      vertex -1.8534503037177388 1.9434367745887102 1.5
    endloop
  endfacet
  facet normal -0.9987954562051724 0.04906767432741847 -5.3129479013801346e-20
    outer loop
      vertex -1.84 2.08 -1.5
      vertex -1.8433706913294623 2.0113880017693075 -1.5
      vertex -1.8433706913294623 2.0113880017693075 1.5
    endloop
  endfacet
  facet normal -0.9987954562051724 -0.04906767432741847 5.3129479013801346e-20
    outer loop
      vertex -1.8433706913294623 2.1486119982306926 -1.5
      vertex -1.84 2.08 -1.5
      vertex -1.84 2.08 1.5
    endloop
  endfacet
  facet normal -0.989176509964781 -0.14673047445536153 1.9001465794273817e-20
    outer loop
      vertex -1.8534503037177388 2.21656322541129 -1.5
      vertex -1.8433706913294623 2.1486119982306926 -1.5
      vertex -1.8433706913294623 2.1486119982306926 1.5
    endloop
  endfacet
  facet normal -0.8032075314806446 -0.5956993044924337 1.0471793935473118e-18
    outer loop
      vertex -1.9988926826460842 2.524075298914552 -1.5
      vertex -1.9579712713882182 2.4688991631137216 -1.5
      vertex -1.9579712713882182 2.4688991631137216 1.5
    endloop
  endfacet
  facet normal -0.6715589548470203 -0.7409511253549573 8.319483500457935e-19
    outer loop
      vertex -2.095924701085448 2.621107317353916 -1.5
      vertex -2.045025253169417 2.5749747468305832 -1.5
      vertex -2.045025253169417 2.5749747468305832 1.5
    endloop
  endfacet
  facet normal -0.7409511253549573 -0.6715589548470203 8.319483500457935e-19
    outer loop
      vertex -2.045025253169417 2.5749747468305832 -1.5
      vertex -1.9988926826460842 2.524075298914552 -1.5
      vertex -1.9988926826460842 2.524075298914552 1.5
    endloop
  endfacet
  facet normal -0.9700312531945438 -0.24298017990326476 -3.4275167869568214e-19
    outer loop
      vertex -1.8701417649874539 2.2831992740781235 -1.5
      vertex -1.8534503037177388 2.21656322541129 -1.5
      vertex -1.8534503037177388 2.21656322541129 1.5
    endloop
  endfacet
  facet normal -0.9415440651830208 -0.3368898533922199 -1.192510262626604e-19
    outer loop
      vertex -1.8932843272420994 2.347878402655563 -1.5
      vertex -1.8701417649874539 2.2831992740781235 -1.5
      vertex -1.8701417649874539 2.2831992740781235 1.5
    endloop
  endfacet
  facet normal -0.9039892931234443 -0.42755509343027964 3.7176929786469164e-19
    outer loop
      vertex -1.9226551149561515 2.4099777157781985 -1.5
      vertex -1.8932843272420994 2.347878402655563 -1.5
      vertex -1.8932843272420994 2.347878402655563 1.5
    endloop
  endfacet
  facet normal -0.8577286100002721 -0.5141027441932216 1.4367912290299375e-19
    outer loop
      vertex -1.9579712713882182 2.4688991631137216 -1.5
      vertex -1.9226551149561515 2.4099777157781985 -1.5
      vertex -1.9226551149561515 2.4099777157781985 1.5
    endloop
  endfacet
  facet normal -0.5956993044924337 -0.8032075314806446 0
    outer loop
      vertex -2.095924701085448 2.621107317353916 -1.5
      vertex -2.095924701085448 2.621107317353916 1.5
      vertex -2.1511008368862785 2.662028728611782 -1.5
    endloop
  endfacet
  facet normal 0.514102744193237 -0.8577286100002629 -4.141518069580647e-16
    outer loop
      vertex -2.9089400000000003 2.6739917905977415 -0.5776499999999998
      vertex -2.8699777157781985 2.6973448850438486 1.5
      vertex -2.9288991631137216 2.662028728611782 -1.5
    endloop
  endfacet
  facet normal -0.514102744193223 -0.8577286100002713 -1.231763005741117e-19
    outer loop
      vertex -2.1710599999999998 2.6739917905977415 -0.5776499999999998
      vertex -2.1511008368862785 2.662028728611782 -1.5
      vertex -2.1511008368862785 2.662028728611782 1.5
    endloop
  endfacet
  facet normal 0.8577286100002721 0.5141027441932216 0
    outer loop
      vertex -3.122028728611782 1.6911008368862785 -1.5
      vertex -3.1573448850438486 1.7500222842218016 1.5
      vertex -3.122028728611782 1.6911008368862785 1.5
    endloop
  endfacet
  facet normal 0.8032075314806435 0.5956993044924354 0
    outer loop
      vertex -3.081107317353916 1.6359247010854483 -1.5
      vertex -3.122028728611782 1.6911008368862785 1.5
      vertex -3.081107317353916 1.6359247010854483 1.5
    endloop
  endfacet
  facet normal 0.5956993044924337 0.8032075314806446 0
    outer loop
      vertex -2.9288991631137216 1.4979712713882183 -1.5
      vertex -2.984075298914552 1.5388926826460843 1.5
      vertex -2.9288991631137216 1.4979712713882183 1.5
    endloop
  endfacet
  facet normal 0.5141027441932216 0.8577286100002721 0
    outer loop
      vertex -2.8699777157781985 1.4626551149561515 -1.5
      vertex -2.9288991631137216 1.4979712713882183 1.5
      vertex -2.8699777157781985 1.4626551149561515 1.5
    endloop
  endfacet
  facet normal 0.7409511253549588 0.6715589548470188 0
    outer loop
      vertex -3.034974746830583 1.585025253169417 -1.5
      vertex -3.081107317353916 1.6359247010854483 1.5
      vertex -3.034974746830583 1.585025253169417 1.5
    endloop
  endfacet
  facet normal 0.6715589548470203 0.7409511253549573 0
    outer loop
      vertex -2.984075298914552 1.5388926826460843 -1.5
      vertex -3.034974746830583 1.585025253169417 1.5
      vertex -2.984075298914552 1.5388926826460843 1.5
    endloop
  endfacet
  facet normal 0.3368898533922199 0.9415440651830208 0
    outer loop
      vertex -2.7431992740781235 1.410141764987454 -1.5
      vertex -2.8078784026555628 1.4332843272420994 1.5
      vertex -2.7431992740781235 1.410141764987454 1.5
    endloop
  endfacet
  facet normal 0.42755509343027964 0.9039892931234443 0
    outer loop
      vertex -2.8078784026555628 1.4332843272420994 -1.5
      vertex -2.8699777157781985 1.4626551149561515 1.5
      vertex -2.8078784026555628 1.4332843272420994 1.5
    endloop
  endfacet
  facet normal 0.24298017990326476 0.9700312531945438 0
    outer loop
      vertex -2.67656322541129 1.3934503037177388 -1.5
      vertex -2.7431992740781235 1.410141764987454 1.5
      vertex -2.67656322541129 1.3934503037177388 1.5
    endloop
  endfacet
  facet normal 0.14673047445536153 0.989176509964781 0
    outer loop
      vertex -2.6086119982306926 1.3833706913294623 -1.5
      vertex -2.67656322541129 1.3934503037177388 1.5
      vertex -2.6086119982306926 1.3833706913294623 1.5
    endloop
  endfacet
  facet normal 0.04906767432741847 0.9987954562051724 0
    outer loop
      vertex -2.54 1.3800000000000001 -1.5
      vertex -2.6086119982306926 1.3833706913294623 1.5
      vertex -2.54 1.3800000000000001 1.5
    endloop
  endfacet
  facet normal -0.04906767432741847 0.9987954562051724 0
    outer loop
      vertex -2.4713880017693075 1.3833706913294623 -1.5
      vertex -2.54 1.3800000000000001 1.5
      vertex -2.4713880017693075 1.3833706913294623 1.5
    endloop
  endfacet
  facet normal -0.14673047445536153 0.989176509964781 0
    outer loop
      vertex -2.40343677458871 1.3934503037177388 -1.5
      vertex -2.4713880017693075 1.3833706913294623 1.5
      vertex -2.40343677458871 1.3934503037177388 1.5
    endloop
  endfacet
  facet normal -0.24298017990326476 0.9700312531945438 0
    outer loop
      vertex -2.3368007259218766 1.410141764987454 -1.5
      vertex -2.40343677458871 1.3934503037177388 1.5
      vertex -2.3368007259218766 1.410141764987454 1.5
    endloop
  endfacet
  facet normal -0.3368898533922199 0.9415440651830208 0
    outer loop
      vertex -2.2721215973444373 1.4332843272420994 -1.5
      vertex -2.3368007259218766 1.410141764987454 1.5
      vertex -2.2721215973444373 1.4332843272420994 1.5
    endloop
  endfacet
  facet normal -0.42755509343027964 0.9039892931234443 0
    outer loop
      vertex -2.2100222842218016 1.4626551149561515 -1.5
      vertex -2.2721215973444373 1.4332843272420994 1.5
      vertex -2.2100222842218016 1.4626551149561515 1.5
    endloop
  endfacet
  facet normal -0.5141027441932216 0.8577286100002721 0
    outer loop
      vertex -2.1511008368862785 1.4979712713882183 -1.5
      vertex -2.2100222842218016 1.4626551149561515 1.5
      vertex -2.1511008368862785 1.4979712713882183 1.5
    endloop
  endfacet
  facet normal -0.5956993044924337 0.8032075314806446 0
    outer loop
      vertex -2.095924701085448 1.5388926826460843 -1.5
      vertex -2.1511008368862785 1.4979712713882183 1.5
      vertex -2.095924701085448 1.5388926826460843 1.5
    endloop
  endfacet
  facet normal -0.6715589548470203 0.7409511253549573 -8.319483500457935e-19
    outer loop
      vertex -2.095924701085448 1.5388926826460843 1.5
      vertex -2.045025253169417 1.585025253169417 1.5
      vertex -2.045025253169417 1.585025253169417 -1.5
    endloop
  endfacet
  facet normal -0.7409511253549588 0.6715589548470188 0
    outer loop
      vertex -1.9988926826460842 1.6359247010854483 -1.5
      vertex -2.045025253169417 1.585025253169417 1.5
      vertex -1.9988926826460842 1.6359247010854483 1.5
    endloop
  endfacet
  facet normal -0.8032075314806435 0.5956993044924354 0
    outer loop
      vertex -1.9579712713882182 1.6911008368862785 -1.5
      vertex -1.9988926826460842 1.6359247010854483 1.5
      vertex -1.9579712713882182 1.6911008368862785 1.5
    endloop
  endfacet
  facet normal -0.8577286100002721 0.5141027441932216 -1.4367912290299375e-19
    outer loop
      vertex -1.9579712713882182 1.6911008368862785 1.5
      vertex -1.9226551149561515 1.7500222842218016 1.5
      vertex -1.9226551149561515 1.7500222842218016 -1.5
    endloop
  endfacet
  facet normal 0.5141027441932209 -0.8577286100002727 -1.8051107805873444e-19
    outer loop
      vertex -2.9089400000000003 2.6739917905977415 -0.5776499999999998
      vertex -2.8699777157781985 2.6973448850438486 -0.5776499999999998
      vertex -2.8699777157781985 2.6973448850438486 1.5
    endloop
  endfacet
  facet normal 0.42755509343027703 -0.9039892931234457 8.656288138168175e-20
    outer loop
      vertex -2.8699777157781985 2.6973448850438486 -0.5776499999999998
      vertex -2.8078784026555628 2.7267156727579005 -0.5776499999999998
      vertex -2.8078784026555628 2.7267156727579005 1.5
    endloop
  endfacet
  facet normal 0.33688985339221994 -0.9415440651830208 1.721912154539895e-19
    outer loop
      vertex -2.8078784026555628 2.7267156727579005 -0.5776499999999998
      vertex -2.7431992740781235 2.749858235012546 -0.5776499999999998
      vertex -2.7431992740781235 2.749858235012546 1.5
    endloop
  endfacet
  facet normal 0.24298017990327084 -0.9700312531945422 -3.093643851617408e-19
    outer loop
      vertex -2.7431992740781235 2.749858235012546 -0.5776499999999998
      vertex -2.67656322541129 2.7665496962822616 -0.5776499999999998
      vertex -2.67656322541129 2.7665496962822616 1.5
    endloop
  endfacet
  facet normal 0.14673047445535836 -0.9891765099647815 -1.5210584026789686e-19
    outer loop
      vertex -2.67656322541129 2.7665496962822616 -0.5776499999999998
      vertex -2.6086119982306926 2.776629308670538 -0.5776499999999998
      vertex -2.6086119982306926 2.776629308670538 1.5
    endloop
  endfacet
  facet normal 0.0490676743274217 -0.9987954562051722 -6.351877920670828e-20
    outer loop
      vertex -2.6086119982306926 2.776629308670538 -0.5776499999999998
      vertex -2.54 2.7800000000000002 -0.5776499999999998
      vertex -2.54 2.7800000000000002 1.5
    endloop
  endfacet
  facet normal -0.0490676743274217 -0.9987954562051722 6.351877920670828e-20
    outer loop
      vertex -2.54 2.7800000000000002 -0.5776499999999998
      vertex -2.4713880017693075 2.776629308670538 -0.5776499999999998
      vertex -2.4713880017693075 2.776629308670538 1.5
    endloop
  endfacet
  facet normal -0.14673047445535836 -0.9891765099647815 1.5210584026789686e-19
    outer loop
      vertex -2.4713880017693075 2.776629308670538 -0.5776499999999998
      vertex -2.40343677458871 2.7665496962822616 -0.5776499999999998
      vertex -2.40343677458871 2.7665496962822616 1.5
    endloop
  endfacet
  facet normal -0.24298017990327084 -0.9700312531945422 3.093643851617408e-19
    outer loop
      vertex -2.40343677458871 2.7665496962822616 -0.5776499999999998
      vertex -2.3368007259218766 2.749858235012546 -0.5776499999999998
      vertex -2.3368007259218766 2.749858235012546 1.5
    endloop
  endfacet
  facet normal -0.33688985339221994 -0.9415440651830208 -1.721912154539895e-19
    outer loop
      vertex -2.3368007259218766 2.749858235012546 -0.5776499999999998
      vertex -2.2721215973444373 2.7267156727579005 -0.5776499999999998
      vertex -2.2721215973444373 2.7267156727579005 1.5
    endloop
  endfacet
  facet normal -0.42755509343027703 -0.9039892931234457 -8.656288138168175e-20
    outer loop
      vertex -2.2721215973444373 2.7267156727579005 -0.5776499999999998
      vertex -2.2100222842218016 2.6973448850438486 -0.5776499999999998
      vertex -2.2100222842218016 2.6973448850438486 1.5
    endloop
  endfacet
  facet normal -0.5141027441932209 -0.8577286100002727 -2.69695802496376e-17
    outer loop
      vertex -2.2100222842218016 2.6973448850438486 -0.5776499999999998
      vertex -2.1710599999999998 2.6739917905977415 -0.5776499999999998
      vertex -2.1511008368862785 2.662028728611782 1.5
    endloop
  endfacet
  facet normal 0.9039892931234457 0.42755509343027703 0
    outer loop
      vertex -3.1573448850438486 1.7500222842218016 -1.5
      vertex -3.1867156727579005 1.8121215973444373 1.5
      vertex -3.1573448850438486 1.7500222842218016 1.5
    endloop
  endfacet
  facet normal 0.9415440651830205 0.33688985339222094 0
    outer loop
      vertex -3.1867156727579005 1.8121215973444373 -1.5
      vertex -3.209858235012546 1.8768007259218764 1.5
      vertex -3.1867156727579005 1.8121215973444373 1.5
    endloop
  endfacet
  facet normal 0.9700312531945424 0.2429801799032701 0
    outer loop
      vertex -3.209858235012546 1.8768007259218764 -1.5
      vertex -3.2265496962822615 1.9434367745887102 1.5
      vertex -3.209858235012546 1.8768007259218764 1.5
    endloop
  endfacet
  facet normal 0.9891765099647813 0.14673047445535833 0
    outer loop
      vertex -3.2265496962822615 1.9434367745887102 -1.5
      vertex -3.2366293086705378 2.0113880017693075 1.5
      vertex -3.2265496962822615 1.9434367745887102 1.5
    endloop
  endfacet
  facet normal 0.9987954562051723 0.0490676743274217 0
    outer loop
      vertex -3.2366293086705378 2.0113880017693075 -1.5
      vertex -3.24 2.08 1.5
      vertex -3.2366293086705378 2.0113880017693075 1.5
    endloop
  endfacet
  facet normal 0.9987954562051723 -0.0490676743274217 0
    outer loop
      vertex -3.24 2.08 -1.5
      vertex -3.2366293086705378 2.1486119982306926 1.5
      vertex -3.24 2.08 1.5
    endloop
  endfacet
  facet normal 0.9891765099647813 -0.14673047445535833 0
    outer loop
      vertex -3.2366293086705378 2.1486119982306926 -1.5
      vertex -3.2265496962822615 2.21656322541129 1.5
      vertex -3.2366293086705378 2.1486119982306926 1.5
    endloop
  endfacet
  facet normal 0.9700312531945422 -0.24298017990327084 0
    outer loop
      vertex -3.2265496962822615 2.21656322541129 -1.5
      vertex -3.209858235012546 2.2831992740781235 1.5
      vertex -3.2265496962822615 2.21656322541129 1.5
    endloop
  endfacet
  facet normal 0.9415440651830208 -0.3368898533922199 0
    outer loop
      vertex -3.209858235012546 2.2831992740781235 -1.5
      vertex -3.1867156727579005 2.347878402655563 1.5
      vertex -3.209858235012546 2.2831992740781235 1.5
    endloop
  endfacet
  facet normal 0.9039892931234457 -0.42755509343027703 0
    outer loop
      vertex -3.1867156727579005 2.347878402655563 -1.5
      vertex -3.1573448850438486 2.4099777157781985 1.5
      vertex -3.1867156727579005 2.347878402655563 1.5
    endloop
  endfacet
  facet normal 0.8577286100002721 -0.5141027441932216 0
    outer loop
      vertex -3.1573448850438486 2.4099777157781985 -1.5
      vertex -3.122028728611782 2.4688991631137216 1.5
      vertex -3.1573448850438486 2.4099777157781985 1.5
    endloop
  endfacet
  facet normal 0.8032075314806446 -0.5956993044924337 0
    outer loop
      vertex -3.122028728611782 2.4688991631137216 -1.5
      vertex -3.081107317353916 2.524075298914552 1.5
      vertex -3.122028728611782 2.4688991631137216 1.5
    endloop
  endfacet
  facet normal 0.7409511253549573 -0.6715589548470203 0
    outer loop
      vertex -3.081107317353916 2.524075298914552 -1.5
      vertex -3.034974746830583 2.5749747468305832 1.5
      vertex -3.081107317353916 2.524075298914552 1.5
    endloop
  endfacet
  facet normal 0.6715589548470203 -0.7409511253549573 0
    outer loop
      vertex -3.034974746830583 2.5749747468305832 -1.5
      vertex -2.984075298914552 2.621107317353916 1.5
      vertex -3.034974746830583 2.5749747468305832 1.5
    endloop
  endfacet
  facet normal 0.5956993044924337 -0.8032075314806446 0
    outer loop
      vertex -2.984075298914552 2.621107317353916 -1.5
      vertex -2.9288991631137216 2.662028728611782 1.5
      vertex -2.984075298914552 2.621107317353916 1.5
    endloop
  endfacet
  facet normal 0.5141027441932216 -0.8577286100002721 0
    outer loop
      vertex -2.9288991631137216 2.662028728611782 -1.5
      vertex -2.8699777157781985 2.6973448850438486 1.5
      vertex -2.9288991631137216 2.662028728611782 1.5
    endloop
  endfacet
  facet normal -0.9039892931234443 0.42755509343027964 0
    outer loop
      vertex -1.8932843272420994 1.8121215973444373 -1.5
      vertex -1.9226551149561515 1.7500222842218016 1.5
      vertex -1.8932843272420994 1.8121215973444373 1.5
    endloop
  endfacet
  facet normal -0.9415440651830205 0.33688985339222094 4.370304820390622e-19
    outer loop
      vertex -1.8932843272420994 1.8121215973444373 1.5
      vertex -1.8701417649874539 1.8768007259218764 1.5
      vertex -1.8701417649874539 1.8768007259218764 -1.5
    endloop
  endfacet
  facet normal -0.970031253194544 0.242980179903264 0
    outer loop
      vertex -1.8534503037177388 1.9434367745887102 -1.5
      vertex -1.8701417649874539 1.8768007259218764 1.5
      vertex -1.8534503037177388 1.9434367745887102 1.5
    endloop
  endfacet
  facet normal -0.989176509964781 0.14673047445536153 0
    outer loop
      vertex -1.8433706913294623 2.0113880017693075 -1.5
      vertex -1.8534503037177388 1.9434367745887102 1.5
      vertex -1.8433706913294623 2.0113880017693075 1.5
    endloop
  endfacet
  facet normal -0.9987954562051724 0.04906767432741847 0
    outer loop
      vertex -1.84 2.08 -1.5
      vertex -1.8433706913294623 2.0113880017693075 1.5
      vertex -1.84 2.08 1.5
    endloop
  endfacet
  facet normal -0.9987954562051724 -0.04906767432741847 0
    outer loop
      vertex -1.8433706913294623 2.1486119982306926 -1.5
      vertex -1.84 2.08 1.5
      vertex -1.8433706913294623 2.1486119982306926 1.5
    endloop
  endfacet
  facet normal -0.6715589548470203 -0.7409511253549573 0
    outer loop
      vertex -2.095924701085448 2.621107317353916 -1.5
      vertex -2.045025253169417 2.5749747468305832 1.5
      vertex -2.095924701085448 2.621107317353916 1.5
    endloop
  endfacet
  facet normal -0.8032075314806446 -0.5956993044924337 0
    outer loop
      vertex -1.9988926826460842 2.524075298914552 -1.5
      vertex -1.9579712713882182 2.4688991631137216 1.5
      vertex -1.9988926826460842 2.524075298914552 1.5
    endloop
  endfacet
  facet normal -0.7409511253549573 -0.6715589548470203 0
    outer loop
      vertex -2.045025253169417 2.5749747468305832 -1.5
      vertex -1.9988926826460842 2.524075298914552 1.5
      vertex -2.045025253169417 2.5749747468305832 1.5
    endloop
  endfacet
  facet normal -0.9700312531945438 -0.24298017990326476 0
    outer loop
      vertex -1.8701417649874539 2.2831992740781235 -1.5
      vertex -1.8534503037177388 2.21656322541129 1.5
      vertex -1.8701417649874539 2.2831992740781235 1.5
    endloop
  endfacet
  facet normal -0.9039892931234443 -0.42755509343027964 0
    outer loop
      vertex -1.9226551149561515 2.4099777157781985 -1.5
      vertex -1.8932843272420994 2.347878402655563 1.5
      vertex -1.9226551149561515 2.4099777157781985 1.5
    endloop
  endfacet
  facet normal -0.9415440651830208 -0.3368898533922199 0
    outer loop
      vertex -1.8932843272420994 2.347878402655563 -1.5
      vertex -1.8701417649874539 2.2831992740781235 1.5
      vertex -1.8932843272420994 2.347878402655563 1.5
    endloop
  endfacet
  facet normal -0.989176509964781 -0.14673047445536153 0
    outer loop
      vertex -1.8534503037177388 2.21656322541129 -1.5
      vertex -1.8433706913294623 2.1486119982306926 1.5
      vertex -1.8534503037177388 2.21656322541129 1.5
    endloop
  endfacet
  facet normal -0.8577286100002721 -0.5141027441932216 0
    outer loop
      vertex -1.9579712713882182 2.4688991631137216 -1.5
      vertex -1.9226551149561515 2.4099777157781985 1.5
      vertex -1.9579712713882182 2.4688991631137216 1.5
    endloop
  endfacet
  facet normal -0.5956993044924337 -0.8032075314806446 0
    outer loop
      vertex -2.1511008368862785 2.662028728611782 -1.5
      vertex -2.095924701085448 2.621107317353916 1.5
      vertex -2.1511008368862785 2.662028728611782 1.5
    endloop
  endfacet
  facet normal 0.42755509343027703 -0.9039892931234457 0
    outer loop
      vertex -2.8699777157781985 2.6973448850438486 -0.5776499999999998
      vertex -2.8078784026555628 2.7267156727579005 1.5
      vertex -2.8699777157781985 2.6973448850438486 1.5
    endloop
  endfacet
  facet normal 0.33688985339221994 -0.9415440651830208 0
    outer loop
      vertex -2.8078784026555628 2.7267156727579005 -0.5776499999999998
      vertex -2.7431992740781235 2.749858235012546 1.5
      vertex -2.8078784026555628 2.7267156727579005 1.5
    endloop
  endfacet
  facet normal 0.24298017990327084 -0.9700312531945422 0
    outer loop
      vertex -2.7431992740781235 2.749858235012546 -0.5776499999999998
      vertex -2.67656322541129 2.7665496962822616 1.5
      vertex -2.7431992740781235 2.749858235012546 1.5
    endloop
  endfacet
  facet normal 0.14673047445535836 -0.9891765099647815 0
    outer loop
      vertex -2.67656322541129 2.7665496962822616 -0.5776499999999998
      vertex -2.6086119982306926 2.776629308670538 1.5
      vertex -2.67656322541129 2.7665496962822616 1.5
    endloop
  endfacet
  facet normal 0.0490676743274217 -0.9987954562051722 0
    outer loop
      vertex -2.6086119982306926 2.776629308670538 -0.5776499999999998
      vertex -2.54 2.7800000000000002 1.5
      vertex -2.6086119982306926 2.776629308670538 1.5
    endloop
  endfacet
  facet normal -0.0490676743274217 -0.9987954562051722 0
    outer loop
      vertex -2.54 2.7800000000000002 -0.5776499999999998
      vertex -2.4713880017693075 2.776629308670538 1.5
      vertex -2.54 2.7800000000000002 1.5
    endloop
  endfacet
  facet normal -0.14673047445535836 -0.9891765099647815 0
    outer loop
      vertex -2.4713880017693075 2.776629308670538 -0.5776499999999998
      vertex -2.40343677458871 2.7665496962822616 1.5
      vertex -2.4713880017693075 2.776629308670538 1.5
    endloop
  endfacet
  facet normal -0.24298017990327084 -0.9700312531945422 0
    outer loop
      vertex -2.40343677458871 2.7665496962822616 -0.5776499999999998
      vertex -2.3368007259218766 2.749858235012546 1.5
      vertex -2.40343677458871 2.7665496962822616 1.5
    endloop
  endfacet
  facet normal -0.33688985339221994 -0.9415440651830208 0
    outer loop
      vertex -2.3368007259218766 2.749858235012546 -0.5776499999999998
      vertex -2.2721215973444373 2.7267156727579005 1.5
      vertex -2.3368007259218766 2.749858235012546 1.5
    endloop
  endfacet
  facet normal -0.42755509343027703 -0.9039892931234457 0
    outer loop
      vertex -2.2721215973444373 2.7267156727579005 -0.5776499999999998
      vertex -2.2100222842218016 2.6973448850438486 1.5
      vertex -2.2721215973444373 2.7267156727579005 1.5
    endloop
  endfacet
  facet normal -0.5141027441932216 -0.8577286100002722 0
    outer loop
      vertex -2.2100222842218016 2.6973448850438486 -0.5776499999999998
      vertex -2.1511008368862785 2.662028728611782 1.5
      vertex -2.2100222842218016 2.6973448850438486 1.5
    endloop
  endfacet
  facet normal 0.427555093430287 0.903989293123441 0
    outer loop
      vertex 3.4410600000000002 4.775351605530755 -0.5776499999999998
      vertex 3.4410600000000002 4.775351605530755 -1.5
      vertex 3.409312773697902 4.790366925303898 -1.5
    endloop
  endfacet
  facet normal 0.9039892931234407 0.4275550934302878 1.8793793695321897e-19
    outer loop
      vertex 3.0603669253038985 5.1393127736979025 -1.5
      vertex 3.0247023973654064 5.214719082489673 -1.5
      vertex 3.0247023973654064 5.214719082489673 1.5
    endloop
  endfacet
  facet normal 0.7409511253549613 0.6715589548470159 6.328826256884764e-19
    outer loop
      vertex 3.2089592359914345 4.938959235991435 -1.5
      vertex 3.1529411146416737 5.000765708460902 -1.5
      vertex 3.1529411146416737 5.000765708460902 1.5
    endloop
  endfacet
  facet normal 0.6715589548470188 0.7409511253549588 1.3060403431323232e-19
    outer loop
      vertex 3.2707657084609014 4.882941114641674 -1.5
      vertex 3.2089592359914345 4.938959235991435 -1.5
      vertex 3.2089592359914345 4.938959235991435 1.5
    endloop
  endfacet
  facet normal 0.8577286100002736 0.5141027441932192 2.390203674624072e-19
    outer loop
      vertex 3.1032508295428367 5.067765301933338 -1.5
      vertex 3.0603669253038985 5.1393127736979025 -1.5
      vertex 3.0603669253038985 5.1393127736979025 1.5
    endloop
  endfacet
  facet normal 0.8032075314806442 0.5956993044924344 -5.402455639430757e-19
    outer loop
      vertex 3.1529411146416737 5.000765708460902 -1.5
      vertex 3.1032508295428367 5.067765301933338 -1.5
      vertex 3.1032508295428367 5.067765301933338 1.5
    endloop
  endfacet
  facet normal 0.5956993044924344 0.8032075314806442 0
    outer loop
      vertex 3.2707657084609014 4.882941114641674 -1.5
      vertex 3.2707657084609014 4.882941114641674 1.5
      vertex 3.337765301933338 4.833250829542837 -1.5
    endloop
  endfacet
  facet normal 0.5141027441932232 0.8577286100002712 0
    outer loop
      vertex 3.337765301933338 4.833250829542837 -1.5
      vertex 3.337765301933338 4.833250829542837 1.5
      vertex 3.409312773697902 4.790366925303898 -1.5
    endloop
  endfacet
  facet normal 0.427555093430287 0.903989293123441 1.4617188929253944e-19
    outer loop
      vertex 3.4410600000000002 4.775351605530755 -0.5776499999999998
      vertex 3.409312773697902 4.790366925303898 -1.5
      vertex 3.409312773697902 4.790366925303898 1.5
    endloop
  endfacet
  facet normal 0.9700312531945429 0.24298017990326878 -1.901867357171878e-19
    outer loop
      vertex 2.996600714627623 5.293258024333707 -1.5
      vertex 2.976332511657254 5.374173226286291 -1.5
      vertex 2.976332511657254 5.374173226286291 1.5
    endloop
  endfacet
  facet normal 0.9415440651830225 0.33688985339221555 3.8442211794966533e-19
    outer loop
      vertex 3.0247023973654064 5.214719082489673 -1.5
      vertex 2.996600714627623 5.293258024333707 -1.5
      vertex 2.996600714627623 5.293258024333707 1.5
    endloop
  endfacet
  facet normal 0.989176509964781 0.14673047445536214 -3.0961925421643786e-19
    outer loop
      vertex 2.976332511657254 5.374173226286291 -1.5
      vertex 2.9640929823286326 5.456685430719873 -1.5
      vertex 2.9640929823286326 5.456685430719873 1.5
    endloop
  endfacet
  facet normal 0.9987954562051725 0.049067674327417876 -3.3918676739150704e-20
    outer loop
      vertex 2.9640929823286326 5.456685430719873 -1.5
      vertex 2.96 5.54 -1.5
      vertex 2.96 5.54 1.5
    endloop
  endfacet
  facet normal 0.9987954562051725 -0.049067674327417876 3.3918676739150704e-20
    outer loop
      vertex 2.96 5.54 -1.5
      vertex 2.9640929823286326 5.623314569280127 -1.5
      vertex 2.9640929823286326 5.623314569280127 1.5
    endloop
  endfacet
  facet normal 0.989176509964781 -0.14673047445536214 3.0961925421643786e-19
    outer loop
      vertex 2.9640929823286326 5.623314569280127 -1.5
      vertex 2.976332511657254 5.705826773713709 -1.5
      vertex 2.976332511657254 5.705826773713709 1.5
    endloop
  endfacet
  facet normal 0.9700312531945429 -0.24298017990326878 1.901867357171878e-19
    outer loop
      vertex 2.976332511657254 5.705826773713709 -1.5
      vertex 2.996600714627623 5.786741975666293 -1.5
      vertex 2.996600714627623 5.786741975666293 1.5
    endloop
  endfacet
  facet normal 0.9415440651830225 -0.33688985339221555 -3.8442211794966533e-19
    outer loop
      vertex 2.996600714627623 5.786741975666293 -1.5
      vertex 3.0247023973654064 5.865280917510327 -1.5
      vertex 3.0247023973654064 5.865280917510327 1.5
    endloop
  endfacet
  facet normal 0.9039892931234407 -0.4275550934302878 -1.8793793695321897e-19
    outer loop
      vertex 3.0247023973654064 5.865280917510327 -1.5
      vertex 3.0603669253038985 5.940687226302098 -1.5
      vertex 3.0603669253038985 5.940687226302098 1.5
    endloop
  endfacet
  facet normal 0.8577286100002736 -0.5141027441932192 -2.390203674624072e-19
    outer loop
      vertex 3.0603669253038985 5.940687226302098 -1.5
      vertex 3.1032508295428367 6.012234698066662 -1.5
      vertex 3.1032508295428367 6.012234698066662 1.5
    endloop
  endfacet
  facet normal 0.8032075314806442 -0.5956993044924344 5.402455639430757e-19
    outer loop
      vertex 3.1032508295428367 6.012234698066662 -1.5
      vertex 3.1529411146416737 6.079234291539098 -1.5
      vertex 3.1529411146416737 6.079234291539098 1.5
    endloop
  endfacet
  facet normal 0.7409511253549613 -0.6715589548470159 -6.328826256884764e-19
    outer loop
      vertex 3.1529411146416737 6.079234291539098 -1.5
      vertex 3.2089592359914345 6.141040764008565 -1.5
      vertex 3.2089592359914345 6.141040764008565 1.5
    endloop
  endfacet
  facet normal 0.6715589548470188 -0.7409511253549588 0
    outer loop
      vertex 3.2707657084609014 6.197058885358326 -1.5
      vertex 3.2707657084609014 6.197058885358326 1.5
      vertex 3.2089592359914345 6.141040764008565 -1.5
    endloop
  endfacet
  facet normal 0.5956993044924344 -0.8032075314806442 0
    outer loop
      vertex 3.337765301933338 6.246749170457163 -1.5
      vertex 3.337765301933338 6.246749170457163 1.5
      vertex 3.2707657084609014 6.197058885358326 -1.5
    endloop
  endfacet
  facet normal 0.5141027441932232 -0.8577286100002712 0
    outer loop
      vertex 3.409312773697902 6.289633074696102 -1.5
      vertex 3.409312773697902 6.289633074696102 1.5
      vertex 3.337765301933338 6.246749170457163 -1.5
    endloop
  endfacet
  facet normal 0.42755509343027936 -0.9039892931234447 0
    outer loop
      vertex 3.484719082489674 6.325297602634594 -1.5
      vertex 3.484719082489674 6.325297602634594 1.5
      vertex 3.409312773697902 6.289633074696102 -1.5
    endloop
  endfacet
  facet normal -0.427555093430287 0.903989293123441 0
    outer loop
      vertex 4.17894 4.775351605530755 -0.5776499999999998
      vertex 4.210687226302098 4.790366925303898 -1.5
      vertex 4.17894 4.775351605530755 -1.5
    endloop
  endfacet
  facet normal -0.5141027441932232 0.8577286100002712 0
    outer loop
      vertex 4.210687226302098 4.790366925303898 -1.5
      vertex 4.210687226302098 4.790366925303898 1.5
      vertex 4.282234698066662 4.833250829542837 -1.5
    endloop
  endfacet
  facet normal -0.5956993044924344 0.8032075314806442 0
    outer loop
      vertex 4.282234698066662 4.833250829542837 -1.5
      vertex 4.282234698066662 4.833250829542837 1.5
      vertex 4.349234291539099 4.882941114641674 -1.5
    endloop
  endfacet
  facet normal -0.6715589548470188 0.7409511253549588 0
    outer loop
      vertex 4.349234291539099 4.882941114641674 -1.5
      vertex 4.349234291539099 4.882941114641674 1.5
      vertex 4.411040764008566 4.938959235991435 -1.5
    endloop
  endfacet
  facet normal -0.7409511253549588 0.6715589548470188 0
    outer loop
      vertex 4.411040764008566 4.938959235991435 -1.5
      vertex 4.411040764008566 4.938959235991435 1.5
      vertex 4.467058885358327 5.000765708460902 -1.5
    endloop
  endfacet
  facet normal -0.8032075314806442 0.5956993044924344 5.402455639430757e-19
    outer loop
      vertex 4.516749170457164 5.067765301933338 -1.5
      vertex 4.467058885358327 5.000765708460902 -1.5
      vertex 4.467058885358327 5.000765708460902 1.5
    endloop
  endfacet
  facet normal -0.8577286100002759 0.5141027441932153 -6.975977709826708e-19
    outer loop
      vertex 4.559633074696102 5.1393127736979025 -1.5
      vertex 4.516749170457164 5.067765301933338 -1.5
      vertex 4.516749170457164 5.067765301933338 1.5
    endloop
  endfacet
  facet normal -0.9039892931234427 0.4275550934302834 -5.623754858387835e-19
    outer loop
      vertex 4.595297602634593 5.214719082489673 -1.5
      vertex 4.559633074696102 5.1393127736979025 -1.5
      vertex 4.559633074696102 5.1393127736979025 1.5
    endloop
  endfacet
  facet normal -0.4275550934303079 0.9039892931234311 -8.785519403455737e-16
    outer loop
      vertex 4.17894 4.775351605530755 -0.5776499999999998
      vertex 4.135280917510326 4.754702397365406 1.5
      vertex 4.210687226302098 4.790366925303898 -1.5
    endloop
  endfacet
  facet normal 0.33688985339222366 -0.9415440651830196 0
    outer loop
      vertex 3.563258024333707 6.353399285372378 -1.5
      vertex 3.563258024333707 6.353399285372378 1.5
      vertex 3.484719082489674 6.325297602634594 -1.5
    endloop
  endfacet
  facet normal 0.24298017990326254 -0.9700312531945445 0
    outer loop
      vertex 3.644173226286291 6.373667488342746 -1.5
      vertex 3.644173226286291 6.373667488342746 1.5
      vertex 3.563258024333707 6.353399285372378 -1.5
    endloop
  endfacet
  facet normal 0.14673047445535692 -0.9891765099647817 0
    outer loop
      vertex 3.7266854307198733 6.385907017671367 -1.5
      vertex 3.7266854307198733 6.385907017671367 1.5
      vertex 3.644173226286291 6.373667488342746 -1.5
    endloop
  endfacet
  facet normal 0.049067674327417876 -0.9987954562051725 0
    outer loop
      vertex 3.81 6.39 -1.5
      vertex 3.81 6.39 1.5
      vertex 3.7266854307198733 6.385907017671367 -1.5
    endloop
  endfacet
  facet normal -0.049067674327417876 -0.9987954562051725 -3.3918676739150704e-20
    outer loop
      vertex 3.81 6.39 -1.5
      vertex 3.8933145692801268 6.385907017671367 -1.5
      vertex 3.8933145692801268 6.385907017671367 1.5
    endloop
  endfacet
  facet normal -0.14673047445535692 -0.9891765099647817 0
    outer loop
      vertex 3.975826773713709 6.373667488342746 -1.5
      vertex 3.975826773713709 6.373667488342746 1.5
      vertex 3.8933145692801268 6.385907017671367 -1.5
    endloop
  endfacet
  facet normal -0.24298017990326254 -0.9700312531945445 0
    outer loop
      vertex 4.056741975666293 6.353399285372378 -1.5
      vertex 4.056741975666293 6.353399285372378 1.5
      vertex 3.975826773713709 6.373667488342746 -1.5
    endloop
  endfacet
  facet normal -0.33688985339222366 -0.9415440651830196 6.068900789891874e-19
    outer loop
      vertex 4.056741975666293 6.353399285372378 -1.5
      vertex 4.135280917510326 6.325297602634594 -1.5
      vertex 4.135280917510326 6.325297602634594 1.5
    endloop
  endfacet
  facet normal -0.42755509343027936 -0.9039892931234447 0
    outer loop
      vertex 4.210687226302098 6.289633074696102 -1.5
      vertex 4.210687226302098 6.289633074696102 1.5
      vertex 4.135280917510326 6.325297602634594 -1.5
    endloop
  endfacet
  facet normal -0.5956993044924344 -0.8032075314806442 0
    outer loop
      vertex 4.349234291539099 6.197058885358326 -1.5
      vertex 4.349234291539099 6.197058885358326 1.5
      vertex 4.282234698066662 6.246749170457163 -1.5
    endloop
  endfacet
  facet normal -0.5141027441932232 -0.8577286100002712 0
    outer loop
      vertex 4.282234698066662 6.246749170457163 -1.5
      vertex 4.282234698066662 6.246749170457163 1.5
      vertex 4.210687226302098 6.289633074696102 -1.5
    endloop
  endfacet
  facet normal -0.9415440651830208 0.3368898533922203 3.5016600281931016e-19
    outer loop
      vertex 4.623399285372377 5.293258024333707 -1.5
      vertex 4.595297602634593 5.214719082489673 -1.5
      vertex 4.595297602634593 5.214719082489673 1.5
    endloop
  endfacet
  facet normal -0.9700312531945441 0.2429801799032638 -4.287919526809567e-19
    outer loop
      vertex 4.643667488342746 5.374173226286291 -1.5
      vertex 4.623399285372377 5.293258024333707 -1.5
      vertex 4.623399285372377 5.293258024333707 1.5
    endloop
  endfacet
  facet normal -0.9891765099647801 0.14673047445536733 2.9661696324011176e-19
    outer loop
      vertex 4.6559070176713675 5.456685430719873 -1.5
      vertex 4.643667488342746 5.374173226286291 -1.5
      vertex 4.643667488342746 5.374173226286291 1.5
    endloop
  endfacet
  facet normal -0.9987954562051725 0.049067674327417876 3.3918676739150704e-20
    outer loop
      vertex 4.66 5.54 -1.5
      vertex 4.6559070176713675 5.456685430719873 -1.5
      vertex 4.6559070176713675 5.456685430719873 1.5
    endloop
  endfacet
  facet normal -0.9987954562051725 -0.049067674327417876 -3.3918676739150704e-20
    outer loop
      vertex 4.6559070176713675 5.623314569280127 -1.5
      vertex 4.66 5.54 -1.5
      vertex 4.66 5.54 1.5
    endloop
  endfacet
  facet normal -0.9891765099647801 -0.14673047445536733 -2.9661696324011176e-19
    outer loop
      vertex 4.643667488342746 5.705826773713709 -1.5
      vertex 4.6559070176713675 5.623314569280127 -1.5
      vertex 4.6559070176713675 5.623314569280127 1.5
    endloop
  endfacet
  facet normal -0.9039892931234427 -0.4275550934302834 5.623754858387835e-19
    outer loop
      vertex 4.559633074696102 5.940687226302098 -1.5
      vertex 4.595297602634593 5.865280917510327 -1.5
      vertex 4.595297602634593 5.865280917510327 1.5
    endloop
  endfacet
  facet normal -0.7409511253549588 -0.6715589548470188 1.3060403431323232e-19
    outer loop
      vertex 4.411040764008566 6.141040764008565 -1.5
      vertex 4.467058885358327 6.079234291539098 -1.5
      vertex 4.467058885358327 6.079234291539098 1.5
    endloop
  endfacet
  facet normal -0.8577286100002759 -0.5141027441932153 6.975977709826708e-19
    outer loop
      vertex 4.516749170457164 6.012234698066662 -1.5
      vertex 4.559633074696102 5.940687226302098 -1.5
      vertex 4.559633074696102 5.940687226302098 1.5
    endloop
  endfacet
  facet normal -0.8032075314806442 -0.5956993044924344 -5.402455639430757e-19
    outer loop
      vertex 4.467058885358327 6.079234291539098 -1.5
      vertex 4.516749170457164 6.012234698066662 -1.5
      vertex 4.516749170457164 6.012234698066662 1.5
    endloop
  endfacet
  facet normal -0.9700312531945441 -0.2429801799032638 4.287919526809567e-19
    outer loop
      vertex 4.623399285372377 5.786741975666293 -1.5
      vertex 4.643667488342746 5.705826773713709 -1.5
      vertex 4.643667488342746 5.705826773713709 1.5
    endloop
  endfacet
  facet normal -0.9415440651830208 -0.3368898533922203 -3.5016600281931016e-19
    outer loop
      vertex 4.595297602634593 5.865280917510327 -1.5
      vertex 4.623399285372377 5.786741975666293 -1.5
      vertex 4.623399285372377 5.786741975666293 1.5
    endloop
  endfacet
  facet normal -0.6715589548470188 -0.7409511253549588 1.3060403431323232e-19
    outer loop
      vertex 4.349234291539099 6.197058885358326 -1.5
      vertex 4.411040764008566 6.141040764008565 -1.5
      vertex 4.411040764008566 6.141040764008565 1.5
    endloop
  endfacet
  facet normal 0.4275550934302737 0.9039892931234472 -2.482135106758615e-16
    outer loop
      vertex 3.4410600000000002 4.775351605530755 -0.5776499999999998
      vertex 3.409312773697902 4.790366925303898 1.5
      vertex 3.484719082489674 4.754702397365406 -0.5776499999999998
    endloop
  endfacet
  facet normal 0.9039892931234407 0.4275550934302878 0
    outer loop
      vertex 3.0603669253038985 5.1393127736979025 -1.5
      vertex 3.0247023973654064 5.214719082489673 1.5
      vertex 3.0603669253038985 5.1393127736979025 1.5
    endloop
  endfacet
  facet normal 0.6715589548470188 0.7409511253549588 0
    outer loop
      vertex 3.2707657084609014 4.882941114641674 -1.5
      vertex 3.2089592359914345 4.938959235991435 1.5
      vertex 3.2707657084609014 4.882941114641674 1.5
    endloop
  endfacet
  facet normal 0.7409511253549613 0.6715589548470159 0
    outer loop
      vertex 3.2089592359914345 4.938959235991435 -1.5
      vertex 3.1529411146416737 5.000765708460902 1.5
      vertex 3.2089592359914345 4.938959235991435 1.5
    endloop
  endfacet
  facet normal 0.8577286100002736 0.5141027441932192 0
    outer loop
      vertex 3.1032508295428367 5.067765301933338 -1.5
      vertex 3.0603669253038985 5.1393127736979025 1.5
      vertex 3.1032508295428367 5.067765301933338 1.5
    endloop
  endfacet
  facet normal 0.8032075314806442 0.5956993044924344 0
    outer loop
      vertex 3.1529411146416737 5.000765708460902 -1.5
      vertex 3.1032508295428367 5.067765301933338 1.5
      vertex 3.1529411146416737 5.000765708460902 1.5
    endloop
  endfacet
  facet normal 0.5956993044924344 0.8032075314806442 0
    outer loop
      vertex 3.337765301933338 4.833250829542837 -1.5
      vertex 3.2707657084609014 4.882941114641674 1.5
      vertex 3.337765301933338 4.833250829542837 1.5
    endloop
  endfacet
  facet normal 0.5141027441932232 0.8577286100002712 0
    outer loop
      vertex 3.409312773697902 4.790366925303898 -1.5
      vertex 3.337765301933338 4.833250829542837 1.5
      vertex 3.409312773697902 4.790366925303898 1.5
    endloop
  endfacet
  facet normal 0.9700312531945429 0.24298017990326878 0
    outer loop
      vertex 2.996600714627623 5.293258024333707 -1.5
      vertex 2.976332511657254 5.374173226286291 1.5
      vertex 2.996600714627623 5.293258024333707 1.5
    endloop
  endfacet
  facet normal 0.9415440651830225 0.33688985339221555 0
    outer loop
      vertex 3.0247023973654064 5.214719082489673 -1.5
      vertex 2.996600714627623 5.293258024333707 1.5
      vertex 3.0247023973654064 5.214719082489673 1.5
    endloop
  endfacet
  facet normal 0.989176509964781 0.14673047445536214 0
    outer loop
      vertex 2.976332511657254 5.374173226286291 -1.5
      vertex 2.9640929823286326 5.456685430719873 1.5
      vertex 2.976332511657254 5.374173226286291 1.5
    endloop
  endfacet
  facet normal 0.9987954562051725 0.049067674327417876 0
    outer loop
      vertex 2.9640929823286326 5.456685430719873 -1.5
      vertex 2.96 5.54 1.5
      vertex 2.9640929823286326 5.456685430719873 1.5
    endloop
  endfacet
  facet normal 0.9987954562051725 -0.049067674327417876 0
    outer loop
      vertex 2.96 5.54 -1.5
      vertex 2.9640929823286326 5.623314569280127 1.5
      vertex 2.96 5.54 1.5
    endloop
  endfacet
  facet normal 0.989176509964781 -0.14673047445536214 0
    outer loop
      vertex 2.9640929823286326 5.623314569280127 -1.5
      vertex 2.976332511657254 5.705826773713709 1.5
      vertex 2.9640929823286326 5.623314569280127 1.5
    endloop
  endfacet
  facet normal 0.9700312531945429 -0.24298017990326878 0
    outer loop
      vertex 2.976332511657254 5.705826773713709 -1.5
      vertex 2.996600714627623 5.786741975666293 1.5
      vertex 2.976332511657254 5.705826773713709 1.5
    endloop
  endfacet
  facet normal 0.9415440651830225 -0.33688985339221555 0
    outer loop
      vertex 2.996600714627623 5.786741975666293 -1.5
      vertex 3.0247023973654064 5.865280917510327 1.5
      vertex 2.996600714627623 5.786741975666293 1.5
    endloop
  endfacet
  facet normal 0.9039892931234407 -0.4275550934302878 0
    outer loop
      vertex 3.0247023973654064 5.865280917510327 -1.5
      vertex 3.0603669253038985 5.940687226302098 1.5
      vertex 3.0247023973654064 5.865280917510327 1.5
    endloop
  endfacet
  facet normal 0.8577286100002736 -0.5141027441932192 0
    outer loop
      vertex 3.0603669253038985 5.940687226302098 -1.5
      vertex 3.1032508295428367 6.012234698066662 1.5
      vertex 3.0603669253038985 5.940687226302098 1.5
    endloop
  endfacet
  facet normal 0.8032075314806442 -0.5956993044924344 5.402455639430757e-19
    outer loop
      vertex 3.1529411146416737 6.079234291539098 1.5
      vertex 3.1032508295428367 6.012234698066662 1.5
      vertex 3.1032508295428367 6.012234698066662 -1.5
    endloop
  endfacet
  facet normal 0.7409511253549613 -0.6715589548470159 -6.328826256884764e-19
    outer loop
      vertex 3.2089592359914345 6.141040764008565 1.5
      vertex 3.1529411146416737 6.079234291539098 1.5
      vertex 3.1529411146416737 6.079234291539098 -1.5
    endloop
  endfacet
  facet normal 0.6715589548470188 -0.7409511253549588 0
    outer loop
      vertex 3.2089592359914345 6.141040764008565 -1.5
      vertex 3.2707657084609014 6.197058885358326 1.5
      vertex 3.2089592359914345 6.141040764008565 1.5
    endloop
  endfacet
  facet normal 0.5956993044924344 -0.8032075314806442 0
    outer loop
      vertex 3.2707657084609014 6.197058885358326 -1.5
      vertex 3.337765301933338 6.246749170457163 1.5
      vertex 3.2707657084609014 6.197058885358326 1.5
    endloop
  endfacet
  facet normal 0.5141027441932232 -0.8577286100002712 0
    outer loop
      vertex 3.337765301933338 6.246749170457163 -1.5
      vertex 3.409312773697902 6.289633074696102 1.5
      vertex 3.337765301933338 6.246749170457163 1.5
    endloop
  endfacet
  facet normal 0.42755509343027936 -0.9039892931234447 0
    outer loop
      vertex 3.409312773697902 6.289633074696102 -1.5
      vertex 3.484719082489674 6.325297602634594 1.5
      vertex 3.409312773697902 6.289633074696102 1.5
    endloop
  endfacet
  facet normal 0.4275550934302793 0.9039892931234447 0
    outer loop
      vertex 3.484719082489674 4.754702397365406 -0.5776499999999998
      vertex 3.409312773697902 4.790366925303898 1.5
      vertex 3.484719082489674 4.754702397365406 1.5
    endloop
  endfacet
  facet normal 0.3368898533922236 0.9415440651830195 0
    outer loop
      vertex 3.484719082489674 4.754702397365406 -0.5776499999999998
      vertex 3.484719082489674 4.754702397365406 1.5
      vertex 3.563258024333707 4.726600714627622 -0.5776499999999998
    endloop
  endfacet
  facet normal 0.24298017990326254 0.9700312531945444 0
    outer loop
      vertex 3.563258024333707 4.726600714627622 -0.5776499999999998
      vertex 3.563258024333707 4.726600714627622 1.5
      vertex 3.644173226286291 4.706332511657254 -0.5776499999999998
    endloop
  endfacet
  facet normal 0.14673047445535692 0.9891765099647816 0
    outer loop
      vertex 3.644173226286291 4.706332511657254 -0.5776499999999998
      vertex 3.644173226286291 4.706332511657254 1.5
      vertex 3.7266854307198733 4.694092982328633 -0.5776499999999998
    endloop
  endfacet
  facet normal 0.049067674327417876 0.9987954562051724 0
    outer loop
      vertex 3.7266854307198733 4.694092982328633 -0.5776499999999998
      vertex 3.7266854307198733 4.694092982328633 1.5
      vertex 3.81 4.69 -0.5776499999999998
    endloop
  endfacet
  facet normal -0.049067674327417876 0.9987954562051724 0
    outer loop
      vertex 3.81 4.69 -0.5776499999999998
      vertex 3.81 4.69 1.5
      vertex 3.8933145692801268 4.694092982328633 -0.5776499999999998
    endloop
  endfacet
  facet normal -0.14673047445535692 0.9891765099647816 0
    outer loop
      vertex 3.8933145692801268 4.694092982328633 -0.5776499999999998
      vertex 3.8933145692801268 4.694092982328633 1.5
      vertex 3.975826773713709 4.706332511657254 -0.5776499999999998
    endloop
  endfacet
  facet normal -0.24298017990326254 0.9700312531945444 0
    outer loop
      vertex 3.975826773713709 4.706332511657254 -0.5776499999999998
      vertex 3.975826773713709 4.706332511657254 1.5
      vertex 4.056741975666293 4.726600714627622 -0.5776499999999998
    endloop
  endfacet
  facet normal -0.3368898533922236 0.9415440651830195 0
    outer loop
      vertex 4.056741975666293 4.726600714627622 -0.5776499999999998
      vertex 4.056741975666293 4.726600714627622 1.5
      vertex 4.135280917510326 4.754702397365406 -0.5776499999999998
    endloop
  endfacet
  facet normal -0.4275550934302737 0.9039892931234472 0
    outer loop
      vertex 4.135280917510326 4.754702397365406 -0.5776499999999998
      vertex 4.135280917510326 4.754702397365406 1.5
      vertex 4.17894 4.775351605530755 -0.5776499999999998
    endloop
  endfacet
  facet normal -0.42755509343027936 0.9039892931234447 0
    outer loop
      vertex 4.210687226302098 4.790366925303898 -1.5
      vertex 4.135280917510326 4.754702397365406 1.5
      vertex 4.210687226302098 4.790366925303898 1.5
    endloop
  endfacet
  facet normal -0.5141027441932232 0.8577286100002712 0
    outer loop
      vertex 4.282234698066662 4.833250829542837 -1.5
      vertex 4.210687226302098 4.790366925303898 1.5
      vertex 4.282234698066662 4.833250829542837 1.5
    endloop
  endfacet
  facet normal -0.5956993044924344 0.8032075314806442 0
    outer loop
      vertex 4.349234291539099 4.882941114641674 -1.5
      vertex 4.282234698066662 4.833250829542837 1.5
      vertex 4.349234291539099 4.882941114641674 1.5
    endloop
  endfacet
  facet normal -0.6715589548470188 0.7409511253549588 0
    outer loop
      vertex 4.411040764008566 4.938959235991435 -1.5
      vertex 4.349234291539099 4.882941114641674 1.5
      vertex 4.411040764008566 4.938959235991435 1.5
    endloop
  endfacet
  facet normal -0.7409511253549588 0.6715589548470188 0
    outer loop
      vertex 4.467058885358327 5.000765708460902 -1.5
      vertex 4.411040764008566 4.938959235991435 1.5
      vertex 4.467058885358327 5.000765708460902 1.5
    endloop
  endfacet
  facet normal -0.8032075314806442 0.5956993044924344 0
    outer loop
      vertex 4.516749170457164 5.067765301933338 -1.5
      vertex 4.467058885358327 5.000765708460902 1.5
      vertex 4.516749170457164 5.067765301933338 1.5
    endloop
  endfacet
  facet normal -0.8577286100002759 0.5141027441932153 0
    outer loop
      vertex 4.559633074696102 5.1393127736979025 -1.5
      vertex 4.516749170457164 5.067765301933338 1.5
      vertex 4.559633074696102 5.1393127736979025 1.5
    endloop
  endfacet
  facet normal -0.9039892931234427 0.4275550934302834 0
    outer loop
      vertex 4.595297602634593 5.214719082489673 -1.5
      vertex 4.559633074696102 5.1393127736979025 1.5
      vertex 4.595297602634593 5.214719082489673 1.5
    endloop
  endfacet
  facet normal 0.33688985339222366 -0.9415440651830196 0
    outer loop
      vertex 3.484719082489674 6.325297602634594 -1.5
      vertex 3.563258024333707 6.353399285372378 1.5
      vertex 3.484719082489674 6.325297602634594 1.5
    endloop
  endfacet
  facet normal 0.24298017990326254 -0.9700312531945445 1.2505042021396823e-20
    outer loop
      vertex 3.644173226286291 6.373667488342746 1.5
      vertex 3.563258024333707 6.353399285372378 1.5
      vertex 3.563258024333707 6.353399285372378 -1.5
    endloop
  endfacet
  facet normal 0.14673047445535692 -0.9891765099647817 0
    outer loop
      vertex 3.644173226286291 6.373667488342746 -1.5
      vertex 3.7266854307198733 6.385907017671367 1.5
      vertex 3.644173226286291 6.373667488342746 1.5
    endloop
  endfacet
  facet normal 0.049067674327417876 -0.9987954562051725 3.3918676739150704e-20
    outer loop
      vertex 3.81 6.39 1.5
      vertex 3.7266854307198733 6.385907017671367 1.5
      vertex 3.7266854307198733 6.385907017671367 -1.5
    endloop
  endfacet
  facet normal -0.049067674327417876 -0.9987954562051725 0
    outer loop
      vertex 3.81 6.39 -1.5
      vertex 3.8933145692801268 6.385907017671367 1.5
      vertex 3.81 6.39 1.5
    endloop
  endfacet
  facet normal -0.14673047445535692 -0.9891765099647817 0
    outer loop
      vertex 3.8933145692801268 6.385907017671367 -1.5
      vertex 3.975826773713709 6.373667488342746 1.5
      vertex 3.8933145692801268 6.385907017671367 1.5
    endloop
  endfacet
  facet normal -0.24298017990326254 -0.9700312531945445 0
    outer loop
      vertex 3.975826773713709 6.373667488342746 -1.5
      vertex 4.056741975666293 6.353399285372378 1.5
      vertex 3.975826773713709 6.373667488342746 1.5
    endloop
  endfacet
  facet normal -0.33688985339222366 -0.9415440651830196 6.068900789891874e-19
    outer loop
      vertex 4.135280917510326 6.325297602634594 1.5
      vertex 4.056741975666293 6.353399285372378 1.5
      vertex 4.056741975666293 6.353399285372378 -1.5
    endloop
  endfacet
  facet normal -0.42755509343027936 -0.9039892931234447 0
    outer loop
      vertex 4.135280917510326 6.325297602634594 -1.5
      vertex 4.210687226302098 6.289633074696102 1.5
      vertex 4.135280917510326 6.325297602634594 1.5
    endloop
  endfacet
  facet normal -0.5141027441932232 -0.8577286100002712 -2.1955703605785387e-19
    outer loop
      vertex 4.282234698066662 6.246749170457163 1.5
      vertex 4.210687226302098 6.289633074696102 1.5
      vertex 4.210687226302098 6.289633074696102 -1.5
    endloop
  endfacet
  facet normal -0.5956993044924344 -0.8032075314806442 0
    outer loop
      vertex 4.282234698066662 6.246749170457163 -1.5
      vertex 4.349234291539099 6.197058885358326 1.5
      vertex 4.282234698066662 6.246749170457163 1.5
    endloop
  endfacet
  facet normal -0.9415440651830208 0.3368898533922203 0
    outer loop
      vertex 4.623399285372377 5.293258024333707 -1.5
      vertex 4.595297602634593 5.214719082489673 1.5
      vertex 4.623399285372377 5.293258024333707 1.5
    endloop
  endfacet
  facet normal -0.9700312531945441 0.2429801799032638 0
    outer loop
      vertex 4.643667488342746 5.374173226286291 -1.5
      vertex 4.623399285372377 5.293258024333707 1.5
      vertex 4.643667488342746 5.374173226286291 1.5
    endloop
  endfacet
  facet normal -0.9891765099647801 0.14673047445536733 0
    outer loop
      vertex 4.6559070176713675 5.456685430719873 -1.5
      vertex 4.643667488342746 5.374173226286291 1.5
      vertex 4.6559070176713675 5.456685430719873 1.5
    endloop
  endfacet
  facet normal -0.9987954562051725 0.049067674327417876 0
    outer loop
      vertex 4.66 5.54 -1.5
      vertex 4.6559070176713675 5.456685430719873 1.5
      vertex 4.66 5.54 1.5
    endloop
  endfacet
  facet normal -0.9987954562051725 -0.049067674327417876 0
    outer loop
      vertex 4.6559070176713675 5.623314569280127 -1.5
      vertex 4.66 5.54 1.5
      vertex 4.6559070176713675 5.623314569280127 1.5
    endloop
  endfacet
  facet normal -0.9039892931234427 -0.4275550934302834 0
    outer loop
      vertex 4.559633074696102 5.940687226302098 -1.5
      vertex 4.595297602634593 5.865280917510327 1.5
      vertex 4.559633074696102 5.940687226302098 1.5
    endloop
  endfacet
  facet normal -0.8577286100002759 -0.5141027441932153 0
    outer loop
      vertex 4.516749170457164 6.012234698066662 -1.5
      vertex 4.559633074696102 5.940687226302098 1.5
      vertex 4.516749170457164 6.012234698066662 1.5
    endloop
  endfacet
  facet normal -0.8032075314806442 -0.5956993044924344 0
    outer loop
      vertex 4.467058885358327 6.079234291539098 -1.5
      vertex 4.516749170457164 6.012234698066662 1.5
      vertex 4.467058885358327 6.079234291539098 1.5
    endloop
  endfacet
  facet normal -0.9700312531945441 -0.2429801799032638 0
    outer loop
      vertex 4.623399285372377 5.786741975666293 -1.5
      vertex 4.643667488342746 5.705826773713709 1.5
      vertex 4.623399285372377 5.786741975666293 1.5
    endloop
  endfacet
  facet normal -0.9891765099647801 -0.14673047445536733 0
    outer loop
      vertex 4.643667488342746 5.705826773713709 -1.5
      vertex 4.6559070176713675 5.623314569280127 1.5
      vertex 4.643667488342746 5.705826773713709 1.5
    endloop
  endfacet
  facet normal -0.9415440651830208 -0.3368898533922203 0
    outer loop
      vertex 4.595297602634593 5.865280917510327 -1.5
      vertex 4.623399285372377 5.786741975666293 1.5
      vertex 4.595297602634593 5.865280917510327 1.5
    endloop
  endfacet
  facet normal -0.6715589548470188 -0.7409511253549588 0
    outer loop
      vertex 4.349234291539099 6.197058885358326 -1.5
      vertex 4.411040764008566 6.141040764008565 1.5
      vertex 4.349234291539099 6.197058885358326 1.5
    endloop
  endfacet
  facet normal -0.7409511253549588 -0.6715589548470188 0
    outer loop
      vertex 4.411040764008566 6.141040764008565 -1.5
      vertex 4.467058885358327 6.079234291539098 1.5
      vertex 4.411040764008566 6.141040764008565 1.5
    endloop
  endfacet
  facet normal 0.3368898533922236 0.9415440651830195 0
    outer loop
      vertex 3.563258024333707 4.726600714627622 -0.5776499999999998
      vertex 3.484719082489674 4.754702397365406 1.5
      vertex 3.563258024333707 4.726600714627622 1.5
    endloop
  endfacet
  facet normal 0.24298017990326254 0.9700312531945444 0
    outer loop
      vertex 3.644173226286291 4.706332511657254 -0.5776499999999998
      vertex 3.563258024333707 4.726600714627622 1.5
      vertex 3.644173226286291 4.706332511657254 1.5
    endloop
  endfacet
  facet normal 0.14673047445535692 0.9891765099647816 0
    outer loop
      vertex 3.7266854307198733 4.694092982328633 -0.5776499999999998
      vertex 3.644173226286291 4.706332511657254 1.5
      vertex 3.7266854307198733 4.694092982328633 1.5
    endloop
  endfacet
  facet normal 0.049067674327417876 0.9987954562051724 0
    outer loop
      vertex 3.81 4.69 -0.5776499999999998
      vertex 3.7266854307198733 4.694092982328633 1.5
      vertex 3.81 4.69 1.5
    endloop
  endfacet
  facet normal -0.049067674327417876 0.9987954562051724 0
    outer loop
      vertex 3.8933145692801268 4.694092982328633 -0.5776499999999998
      vertex 3.81 4.69 1.5
      vertex 3.8933145692801268 4.694092982328633 1.5
    endloop
  endfacet
  facet normal -0.14673047445535692 0.9891765099647816 0
    outer loop
      vertex 3.975826773713709 4.706332511657254 -0.5776499999999998
      vertex 3.8933145692801268 4.694092982328633 1.5
      vertex 3.975826773713709 4.706332511657254 1.5
    endloop
  endfacet
  facet normal -0.24298017990326254 0.9700312531945444 0
    outer loop
      vertex 4.056741975666293 4.726600714627622 -0.5776499999999998
      vertex 3.975826773713709 4.706332511657254 1.5
      vertex 4.056741975666293 4.726600714627622 1.5
    endloop
  endfacet
  facet normal -0.3368898533922236 0.9415440651830195 0
    outer loop
      vertex 4.135280917510326 4.754702397365406 -0.5776499999999998
      vertex 4.056741975666293 4.726600714627622 1.5
      vertex 4.135280917510326 4.754702397365406 1.5
    endloop
  endfacet
endsolid OpenSCAD_Model
